skill_id	lvl_active_learning	lvl_active_listening	lvl_administration_and_management	lvl_administrative	lvl_arm_hand_steadiness	lvl_auditory_attention	lvl_biology	lvl_building_and_construction	lvl_category_flexibility	lvl_chemistry	lvl_communications_and_media	lvl_complex_problem_solving	lvl_computers_and_electronics	lvl_control_precision	lvl_coordination	lvl_critical_thinking	lvl_customer_and_personal_service	lvl_deductive_reasoning	lvl_depth_perception	lvl_design	lvl_dynamic_flexibility	lvl_dynamic_strength	lvl_economics_and_accounting	lvl_education_and_training	lvl_engineering_and_technology	lvl_english_language	lvl_equipment_maintenance	lvl_equipment_selection	lvl_explosive_strength	lvl_extent_flexibility	lvl_far_vision	lvl_fine_arts	lvl_finger_dexterity	lvl_flexibility_of_closure	lvl_fluency_of_ideas	lvl_food_production	lvl_foreign_language	lvl_geography	lvl_glare_sensitivity	lvl_gross_body_coordination	lvl_gross_body_equilibrium	lvl_hearing_sensitivity	lvl_history_and_archeology	lvl_inductive_reasoning	lvl_information_ordering	lvl_installation	lvl_instructing	lvl_judgment_and_decision_making	lvl_law_and_government	lvl_learning_strategies	lvl_management_of_financial_resources	lvl_management_of_material_resources	lvl_management_of_personnel_resources	lvl_manual_dexterity	lvl_mathematical_reasoning	lvl_mathematics	lvl_mechanical	lvl_medicine_and_dentistry	lvl_memorization	lvl_monitoring	lvl_multilimb_coordination	lvl_near_vision	lvl_negotiation	lvl_night_vision	lvl_number_facility	lvl_operation_and_control	lvl_operations_analysis	lvl_operations_monitoring	lvl_oral_comprehension	lvl_oral_expression	lvl_originality	lvl_perceptual_speed	lvl_peripheral_vision	lvl_personnel_and_human_resources	lvl_persuasion	lvl_philosophy_and_theology	lvl_physics	lvl_problem_sensitivity	lvl_production_and_processing	lvl_programming	lvl_psychology	lvl_public_safety_and_security	lvl_quality_control_analysis	lvl_rate_control	lvl_reaction_time	lvl_reading_comprehension	lvl_repairing	lvl_response_orientation	lvl_sales_and_marketing	lvl_science	lvl_selective_attention	lvl_service_orientation	lvl_social_perceptiveness	lvl_sociology_and_anthropology	lvl_sound_localization	lvl_spatial_orientation	lvl_speaking	lvl_speech_clarity	lvl_speech_recognition	lvl_speed_of_closure	lvl_speed_of_limb_movement	lvl_stamina	lvl_static_strength	lvl_systems_analysis	lvl_systems_evaluation	lvl_technology_design	lvl_telecommunications	lvl_therapy_and_counseling	lvl_time_management	lvl_time_sharing	lvl_transportation	lvl_troubleshooting	lvl_trunk_strength	lvl_visual_color_discrimination	lvl_visualization	lvl_wrist_finger_speed	lvl_writing	lvl_written_comprehension	lvl_written_expression
11-1011.00	4.50	4.75										4.88			4.88	4.75											0.00	0.25																		0.00	3.88	5.38		3.75	5.25	4.75	5.25			3.50				5.25			4.75			1.38	3.88	1.50							4.75					1.00			1.12			4.62	0.00			0.75		3.38	4.25				4.75							5.12	5.00	0.88			4.75			0.50					4.38		
11-1011.03	3.88	4.00										4.12			3.88	4.12											0.00	0.25																		0.00	3.38	4.00		3.75	3.12	2.62	4.00			3.12				4.00			3.25			1.00	3.12	1.88							4.00					1.12			1.50			4.25	0.00			1.88		3.25	3.88				4.12							4.00	4.00	1.12			3.88			0.00					4.25		
11-1021.00	3.75	4.12										3.88			4.00	3.88											0.00	0.00																		0.00	3.25	3.88		3.12	3.38	3.25	4.00			2.75				4.12			3.62			1.75	2.38	2.12							3.75					0.62			2.12			4.00	0.00			0.62		3.12	4.00				4.12							3.12	3.25	0.62			3.88			1.00					3.88		
11-2011.00	4.12	4.12										3.88			4.12	4.12											0.00	0.12																		0.00	3.00	4.00		3.25	3.62	2.62	3.88			3.25				4.25			3.75			0.00	3.12	0.62							3.88					0.75			1.00			4.00	0.00			0.62		3.25	4.00				4.12							3.12	3.75	0.75			3.88			0.00					3.88		
11-2021.00	4.12	4.12										3.88			3.75	4.25											0.00	0.00																		0.00	3.50	4.00		3.50	3.75	2.75	3.88			3.12				4.25			3.88			0.00	3.62	1.25							4.38					1.25			1.38			4.25	0.00			1.50		3.25	4.00				4.12							3.75	3.75	0.88			3.75			0.00					3.88		
11-2022.00	3.88	4.00										3.88			4.00	4.00											0.00	0.00																		0.00	3.88	4.00		3.62	3.62	3.12	4.00			3.12				4.62			4.00			0.75	2.62	1.50							4.00					0.75			1.00			4.00	0.00			0.62		3.88	4.00				4.00							3.88	3.88	0.50			4.00			0.00					4.00		
11-2033.00	3.62	4.00										3.75			3.75	3.88											0.00	0.00																		0.00	2.38	3.88		2.75	3.62	2.38	3.00			2.75				3.88			3.62			0.25	1.88	1.00							3.50					1.00			0.38			3.88	0.00			0.25		3.50	4.12				3.88							2.75	3.25	0.88			3.38			0.00					4.00		
11-3012.00	3.38	4.00										3.12			3.62	3.88											0.00	0.25																		0.00	3.25	3.12		3.25	2.88	2.88	3.75			2.12				3.62			3.25			1.00	2.50	2.25							3.12					0.62			2.12			4.00	0.00			0.00		3.25	3.75				3.88							3.12	3.12	0.75			4.00			1.25					3.75		
11-3013.00	3.12	3.75										3.38			3.75	3.75											2.25	1.88																		0.12	3.25	3.38		3.25	3.25	3.00	3.62			2.75				3.88			3.50			2.25	1.38	2.50							3.38					1.12			2.88			3.88	1.88			0.75		2.88	3.62				3.75							3.12	3.25	0.88			3.75			2.25					3.75		
11-3013.01	3.62	4.00										4.00			4.12	4.12											0.88	1.50																		0.00	3.12	3.75		3.50	3.62	3.12	3.75			2.38				4.62			3.12			2.12	2.00	1.75							3.50					0.88			2.38			4.00	1.00			0.38		3.25	3.75				4.00							3.12	3.25	0.75			3.75			1.50					3.88		
11-3021.00	3.88	4.00										3.88			3.88	4.00											0.62	2.00																		0.00	3.88	3.75		3.50	3.38	3.12	3.75			3.12				4.38			3.25			1.62	3.38	2.88							3.50					2.62			3.00			4.00	0.75			1.38		3.12	3.75				3.88							3.50	3.88	2.00			3.75			2.50					4.00		
11-3031.00	4.00	4.38										3.88			3.75	4.25											0.00	0.38																		0.00	3.38	3.88		3.38	3.62	2.12	4.00			3.62				4.12			3.75			0.12	1.12	1.38							3.75					1.62			1.50			4.38	0.00			0.25		3.62	3.75				4.12							3.25	3.25	0.88			3.75			0.38					3.62		
11-3031.01	4.25	4.25										4.38			3.62	4.75											0.00	0.00																		0.00	3.12	4.62		3.38	5.00	3.00	3.75			4.25				4.50			3.12			0.12	3.12	1.12							3.75					1.00			1.38			4.25	0.00			0.25		2.75	3.62				4.25							4.25	4.25	0.62			4.00			0.00					4.12		
11-3031.03	3.88	4.12										3.88			3.12	4.00											0.00	0.00																		0.00	2.88	4.25		3.12	3.00	2.12	3.38			3.62				4.00			3.50			0.00	1.62	1.50							3.50					1.12			0.75			4.25	0.00			0.00		3.00	3.38				4.12							3.75	3.75	1.38			3.88			0.00					3.88		
11-3051.00	4.00	4.00										3.88			4.00	4.00											1.38	2.00																		0.00	3.62	4.38		4.00	4.00	4.00	4.25			3.75				4.88			3.75			3.12	2.88	3.50							3.62					0.75			3.88			4.00	1.62			1.12		3.12	3.88				4.00							3.88	3.75	1.12			4.12			2.25					4.00		
11-3051.01	4.12	4.12										4.12			3.88	4.12											1.50	1.38																		0.00	3.62	4.12		3.38	3.00	2.75	3.50			3.25				4.50			3.12			3.00	3.00	3.50							3.50					1.25			4.12			4.12	1.12			2.25		3.25	3.75				4.12							3.88	4.00	1.62			3.75			2.75					4.00		
11-3051.02	3.25	3.62										3.62			3.62	3.88											2.75	2.62																		0.00	3.50	3.62		3.38	3.75	3.25	3.88			3.75				4.38			3.38			2.88	2.38	3.50							3.38					1.25			2.88			4.25	3.00			2.50		3.00	3.62				4.00							3.62	3.75	1.88			3.88			3.12					3.75		
11-3051.03	3.62	3.88										3.75			4.00	3.88											0.75	0.38																		0.00	3.62	3.88		3.50	3.12	3.00	3.62			3.25				3.88			3.25			3.38	2.00	3.50							3.38					1.62			3.12			4.00	0.12			3.50		3.25	3.75				4.00							3.50	3.38	1.50			3.75			2.00					3.50		
11-3051.04	3.38	3.88										3.75			4.00	4.00											2.75	2.00																		0.00	3.50	3.88		3.12	3.62	3.62	4.12			3.25				4.62			2.88			3.00	2.12	3.88							3.25					0.88			3.25			4.25	2.75			2.50		2.75	3.62				4.00							3.75	3.75	0.75			3.75			3.00					3.75		
11-3051.06	3.62	4.00										3.75			3.75	4.00											2.62	1.88																		0.38	3.88	3.88		3.75	3.38	3.38	3.75			3.50				3.75			3.62			3.25	2.00	3.62							3.50					1.38			3.38			4.12	2.75			3.25		3.38	3.62				4.12							3.38	3.50	1.38			3.75			3.00					3.88		
11-3061.00	3.75	4.00										3.25			3.88	4.00											0.00	0.00																		0.00	3.88	3.75		3.75	3.62	3.88	4.00			3.12				4.00			4.00			0.00	2.75	1.88							4.12					1.25			1.75			4.00	0.00			0.00		3.88	4.00				4.00							3.88	3.75	1.38			4.00			1.12					4.00		
11-3071.00	3.62	3.88										3.62			3.88	3.62											0.12	0.12																		0.12	3.38	3.50		3.25	3.12	3.00	3.38			2.88				3.75			3.62			1.62	1.88	2.50							3.62					1.12			2.25			3.75	0.00			0.00		3.12	3.38				3.75							3.50	3.50	1.12			3.75			1.12					3.62		
11-3071.04	3.75	4.00										4.00			4.00	4.00											0.00	0.00																		0.00	3.25	4.00		3.25	3.00	3.75	3.88			3.00				4.12			3.75			0.00	2.38	1.88							3.62					0.88			1.62			4.00	0.00			0.38		3.12	3.88				4.00							3.75	3.88	1.38			4.00			0.88					4.00		
11-3111.00	4.00	4.12										3.25			3.50	4.00											0.00	0.00																		0.00	3.12	4.00		3.12	3.75	1.75	3.75			3.12				3.62			3.25			0.00	2.88	0.50							3.38					0.88			0.88			4.12	0.00			0.00		3.12	3.88				4.12							3.75	3.88	0.62			3.75			0.00					4.12		
11-3121.00	4.12	4.12										4.00			4.00	4.25											0.00	0.00																		0.00	4.00	4.25		3.88	4.00	2.62	4.75			3.00				4.12			4.00			0.25	2.25	0.50							3.88					1.38			1.00			4.38	0.00			0.50		3.88	4.12				4.12							3.25	4.00	0.50			4.12			0.00					4.00		
11-3131.00	4.25	4.00										4.00			3.75	4.00											0.00	0.00																		0.00	4.75	3.88		5.25	3.62	3.00	4.00			2.88				4.00			3.00			0.00	3.25	0.88							3.75					0.75			1.88			4.00	0.00			0.38		3.75	3.75				4.50							3.75	3.88	0.75			3.88			0.00					4.12		
11-9013.00	3.62	4.00										3.50			3.75	4.00											2.12	2.38																		0.00	3.12	3.75		3.25	3.38	3.12	3.50			3.00				3.75			3.62			3.00	1.88	3.25							3.75					1.25			3.00			4.25	2.50			2.50		3.12	3.62				4.12							3.25	3.25	1.12			3.75			2.50					3.62		
11-9021.00	4.00	4.12										4.12			4.50	4.38											1.00	0.88																		0.00	3.25	4.38		3.25	4.12	3.75	4.12			3.88				4.50			3.88			1.62	3.38	2.88							3.88					0.62			3.12			4.25	1.38			2.00		2.88	3.88				4.12							3.88	3.88	1.00			4.12			2.38					3.88		
11-9031.00	3.88	4.00										3.50			4.00	4.00											0.00	0.00																		0.00	3.88	3.88		3.88	3.25	3.12	4.00			2.88				4.12			3.62			0.62	1.00	1.50							3.50					0.62			1.75			4.12	0.00			0.75		4.00	3.88				4.00							3.12	3.38	0.75			3.88			0.88					4.00		
11-9032.00	4.12	4.62										4.50			4.50	4.62											0.00	0.12																		0.00	4.12	4.75		5.00	4.00	3.88	4.75			3.38				4.88			4.00			0.38	2.88	1.25							4.12					0.75			3.12			4.75	0.00			1.25		4.25	4.75				4.75							4.00	4.50	1.00			4.25			0.62					4.88		
11-9033.00	4.00	4.25										4.00			4.00	4.25											0.00	0.00																		0.00	4.00	4.00		4.00	3.12	3.50	4.00			3.12				4.25			3.75			0.00	0.88	1.38							3.75					0.50			0.50			4.62	0.00			0.50		3.88	4.00				4.25							3.75	3.75	0.75			4.00			0.00					4.25		
11-9041.00	3.88	4.00										4.25			4.12	4.25											0.12	0.00																		0.00	3.75	4.25		3.12	3.25	3.00	3.88			4.25				4.00			3.88			1.12	2.25	2.62							3.75					1.12			3.12			4.38	0.00			2.75		3.25	3.62				4.00							3.62	3.25	1.75			4.00			2.00					4.12		
11-9041.01	3.75	3.62										3.88			3.38	4.12											1.38	2.12																		0.38	3.25	3.88		3.25	1.88	1.88	3.38			3.12				3.88			3.38			1.75	2.25	3.00							3.38					1.38			3.00			4.25	1.25			3.00		2.88	3.12				3.50							3.50	3.50	1.62			3.50			1.62					3.88		
11-9051.00	3.75	3.50										3.00			3.88	3.75											1.00	0.88																		0.00	3.00	3.00		3.12	3.00	3.00	3.88			2.88				3.88			3.50			1.75	2.12	2.25							3.12					0.50			2.50			3.88	1.00			0.62		3.75	3.88				4.00							3.00	3.12	0.25			3.88			1.88					3.12		
11-9071.00	3.62	3.75										3.12			4.12	4.00											0.00	0.00																		0.00	3.62	3.62		3.38	2.75	2.38	4.00			3.12				4.00			3.50			0.50	2.12	2.00							3.62					0.88			2.12			3.88	0.00			0.62		3.75	4.00				3.88							3.00	3.00	0.62			3.75			0.88					3.88		
11-9072.00	3.62	4.00										2.88			3.88	3.75											0.00	0.00																		0.00	3.62	3.50		3.75	3.00	2.75	3.38			2.38				3.50			3.25			1.38	1.50	2.00							3.62					0.50			1.62			3.88	0.00			0.50		3.75	3.75				4.12							3.00	3.12	0.62			3.75			0.88					4.00		
11-9081.00	3.88	4.00										3.25			3.75	3.88											0.75	0.75																		0.00	3.75	3.75		3.62	3.50	3.62	4.00			2.88				3.75			4.00			2.00	1.00	2.12							4.00					0.88			2.38			3.88	0.75			0.00		4.12	3.88				4.00							3.00	3.50	1.00			3.88			1.50					4.00		
11-9111.00	3.88	4.12										3.50			4.12	4.12											0.00	0.00																		0.00	3.88	4.00		3.88	3.62	3.62	4.12			3.00				4.12			3.50			0.00	3.88	1.88							4.00					1.38			1.62			4.12	0.00			2.50		3.75	4.00				4.00							3.38	3.88	1.12			4.00			0.62					4.00		
11-9121.00	4.75	4.75										4.25			4.00	4.38											0.00	0.25																		0.00	3.88	4.12		3.88	3.62	3.00	4.62			4.00				4.12			3.12			1.50	3.88	2.12							3.75					1.62			2.00			5.00	0.00			4.88		2.88	3.88				4.25							3.88	3.88	2.88			4.12			1.12					5.00		
11-9121.01	4.00	4.00										3.62			4.12	4.00											0.00	0.12																		0.00	3.00	3.62		3.38	2.25	2.75	3.50			3.00				3.75			3.38			0.12	1.12	1.25							3.25					0.88			1.12			4.25	0.00			3.00		3.75	3.75				4.00							2.88	3.38	0.75			3.62			0.38					4.00		
11-9121.02	3.75	4.00										4.12			3.25	4.00											0.00	0.00																		0.00	3.25	3.88		3.25	2.62	2.62	3.25			3.75				3.75			3.00			2.00	2.62	3.00							3.50					1.50			2.88			4.12	0.00			3.25		3.00	3.62				4.00							4.00	3.88	1.62			3.88			1.88					4.00		
11-9131.00	3.12	3.38										3.12			3.50	3.88											0.00	0.00																		0.00	3.25	3.12		3.25	2.75	2.75	3.50			2.50				3.62			3.25			1.25	2.12	2.25							3.50					0.88			1.88			3.88	0.00			0.50		3.12	3.50				4.00							3.00	3.00	1.12			3.88			1.50					3.75		
11-9141.00	3.12	4.00										3.12			3.75	3.88											0.00	0.12																		0.00	3.12	3.38		3.12	3.00	2.88	3.12			3.00				3.12			3.75			0.50	1.88	0.88							3.50					0.50			2.00			4.00	0.00			0.50		3.00	3.38				4.00							2.12	2.12	0.25			3.50			0.62					4.00		
11-9151.00	3.88	4.25										4.12			4.00	4.12											0.00	0.00																		0.00	3.88	4.12		3.75	3.12	2.38	4.38			3.12				4.00			3.75			1.62	3.38	2.25							3.75					0.88			1.62			4.12	0.00			2.00		4.00	4.62				4.12							3.75	3.88	1.12			4.00			0.75					4.00		
11-9161.00	4.25	4.12										5.38			5.00	4.38											0.00	0.00																		0.00	4.12	4.25		4.00	2.75	2.88	3.75			3.00				4.62			3.50			1.38	3.25	2.00							4.00					0.50			2.25			4.12	0.00			1.50		5.25	4.12				4.25							4.12	4.12	0.50			3.88			0.50					4.25		
11-9171.00	3.00	3.88										3.00			3.50	3.62											0.00	0.12																		0.00	3.00	3.12		3.00	2.75	2.62	3.50			2.62				3.38			3.25			1.88	0.62	2.00							3.50					0.62			2.12			3.88	0.00			0.50		4.00	3.75				3.75							2.38	2.75	0.75			3.62			0.88					3.62		
11-9179.01	3.50	3.62										3.12			3.62	3.75											0.50	1.12																		0.00	3.50	3.12		3.75	3.00	3.00	3.38			2.38				3.75			3.12			0.62	1.12	1.50							3.50					0.38			2.12			3.88	0.12			1.25		3.50	3.75				4.00							3.00	3.12	1.62			3.38			1.12					3.62		
11-9179.02	3.88	3.50										3.12			4.00	4.00											0.00	0.50																		0.00	3.25	3.25		3.62	3.75	3.50	3.88			2.88				4.12			3.38			1.62	0.88	2.00							3.75					0.75			2.12			3.75	0.00			0.12		3.62	4.00				4.00							2.88	3.12	1.38			4.00			1.62					3.62		
11-9199.01	3.75	4.00										3.25			3.50	4.00											0.00	0.00																		0.00	3.00	4.00		3.50	2.12	2.00	3.50			2.62				4.12			3.00			0.00	3.12	0.88							3.00					0.88			0.38			4.12	0.00			1.88		3.00	3.62				4.12							3.88	3.75	0.75			3.75			0.00					4.12		
11-9199.02	3.88	4.12										3.50			3.75	4.25											0.00	0.12																		0.00	3.75	3.88		3.50	1.50	1.38	2.88			2.25				4.62			3.12			0.62	1.38	1.50							3.75					0.88			1.88			4.12	0.00			0.50		2.88	3.62				4.12							3.38	3.38	0.75			3.12			0.38					4.12		
11-9199.08	3.75	4.00										3.88			3.62	4.00											0.00	0.00																		0.00	3.88	4.00		3.25	2.12	2.38	4.00			2.75				4.00			3.38			1.75	2.25	2.88							3.88					0.75			2.38			4.00	0.00			0.00		3.75	3.75				4.00							4.00	3.88	1.12			3.88			1.25					3.88		
11-9199.09	3.62	4.00										3.75			3.88	4.00											2.25	2.25																		0.00	3.62	3.62		3.12	3.62	3.12	4.00			3.25				4.12			3.88			2.50	2.25	3.25							3.75					1.25			3.00			4.00	2.12			1.12		3.12	4.00				4.00							3.25	3.12	1.25			3.25			2.50					4.00		
11-9199.10	4.00	3.75										3.25			3.88	4.25											0.38	0.38																		0.00	3.25	3.50		2.88	3.50	3.50	3.38			3.50				3.88			3.75			1.38	1.62	1.88							3.75					1.25			2.50			4.25	0.38			1.12		3.12	3.62				3.75							3.12	3.38	1.00			3.62			1.38					3.88		
11-9199.11	3.88	4.00										4.12			4.12	4.25											0.00	0.38																		0.00	3.12	4.00		3.00	3.75	3.12	3.12			3.88				4.12			3.75			1.75	3.00	2.62							3.50					0.75			2.88			4.50	0.00			3.25		3.00	3.12				4.12							3.75	3.75	1.62			3.50			1.00					4.12		
13-1011.00	3.50	4.00										3.38			3.75	3.75											0.00	0.00																		0.00	2.88	3.75		2.75	1.62	0.75	3.12			2.00				3.00			4.00			0.25	1.25	0.25							4.12					0.50			0.00			4.00	0.00			0.62		3.38	3.50				4.00							2.50	2.50	0.38			3.38			0.00					3.88		
13-1021.00	3.12	3.38										3.00			3.12	3.75											0.00	0.00																		0.00	2.88	3.38		3.00	2.88	3.12	3.00			3.00				3.12			3.62			1.75	1.75	2.12							3.75					0.75			2.38			3.50	0.25			1.38		2.62	3.12				3.88							2.88	2.62	1.00			3.00			1.25					3.12		
13-1022.00	3.88	3.88										3.12			3.38	4.00											0.00	0.00																		0.00	3.12	3.75		3.25	3.38	3.12	3.12			3.38				4.00			4.00			0.38	2.00	1.00							4.00					0.88			1.75			3.88	0.00			0.88		3.12	3.50				3.88							3.00	3.38	0.62			3.12			0.00					3.38		
13-1023.00	3.88	4.00										4.00			3.00	3.88											0.00	0.00																		0.00	3.25	3.88		3.12	3.62	3.50	3.12			3.12				3.88			4.12			0.00	2.38	1.00							4.00					0.62			2.25			4.12	0.00			0.12		3.25	3.62				4.00							2.88	3.25	0.75			3.50			0.62					4.00		
13-1031.00	3.50	4.25										3.38			3.12	4.25											0.00	0.38																		0.00	2.88	3.75		2.75	1.88	1.38	2.75			2.88				3.88			3.25			0.25	0.88	1.25							3.00					1.50			2.50			4.50	0.00			0.50		3.00	3.38				4.00							2.62	3.12	0.75			3.00			0.88					3.88		
13-1032.00	3.00	3.88										2.88			2.88	3.75											0.75	0.62																		0.00	2.00	3.12		1.50	1.62	0.88	2.12			2.75				2.88			2.88			2.00	1.38	2.25							2.88					0.50			2.25			3.62	0.88			0.25		3.00	3.00				3.75							2.12	2.38	0.50			3.00			1.50					3.25		
13-1041.00	3.12	3.88										2.88			3.12	3.62											0.00	0.00																		0.00	2.88	3.25		2.75	1.38	1.25	2.38			1.88				3.62			3.12			1.50	0.38	1.75							3.12					0.75			1.25			3.75	0.00			0.00		3.12	3.38				3.62							2.75	2.62	0.50			3.12			0.88					3.62		
13-1041.01	4.12	4.00										4.12			3.00	4.25											0.12	0.00																		0.00	3.12	3.88		3.25	0.75	0.62	2.62			3.12				4.38			3.00			2.62	2.50	3.38							2.88					1.12			3.38			4.75	0.00			3.25		2.88	3.38				4.25							3.38	3.75	0.88			3.00			2.00					4.12		
13-1041.03	4.00	4.62										3.62			3.25	4.50											0.00	0.12																		0.00	3.38	3.75		3.38	0.38	0.38	2.00			2.75				3.88			3.62			0.12	1.88	1.25							4.00					1.50			1.25			4.75	0.00			0.75		3.38	4.12				4.25							3.25	3.50	0.88			3.00			0.00					4.38		
13-1041.04	3.38	4.12										3.38			3.38	4.12											0.00	0.00																		0.00	3.25	4.00		3.12	1.50	1.88	2.88			3.12				4.12			3.25			2.50	1.25	3.00							3.50					1.25			3.25			4.25	0.00			1.25		3.12	3.25				4.12							3.38	3.38	0.75			3.12			1.12					4.00		
13-1041.06	3.88	4.00										3.00			3.50	4.00											0.00	1.00																		0.00	3.12	3.75		3.12	1.00	1.38	2.75			2.62				3.50			2.75			2.00	0.62	2.00							2.75					0.50			2.00			4.50	0.00			3.75		3.12	3.88				4.00							2.75	2.25	0.62			3.00			0.50					4.00		
13-1041.07	3.88	4.00										3.88			3.88	4.25											0.00	0.00																		0.00	3.00	4.12		3.00	1.88	1.38	3.00			2.88				3.75			3.25			0.00	2.62	1.75							3.75					1.38			2.00			4.75	0.00			1.12		3.00	3.25				4.12							4.00	3.88	1.00			3.38			0.00					4.12		
13-1041.08	3.62	4.00										3.12			3.12	3.88											0.00	0.00																		0.00	3.00	3.00		3.00	2.62	2.50	3.00			3.00				3.62			3.12			0.00	0.75	1.38							3.00					1.38			0.25			4.00	0.00			0.00		3.00	3.00				4.00							3.00	3.00	0.88			3.12			0.00					3.88		
13-1051.00	3.88	4.00										3.62			3.12	4.12											0.00	0.12																		0.00	2.75	3.75		3.00	3.62	3.00	2.50			4.12				3.25			3.25			0.00	2.50	0.75							3.50					0.88			0.38			4.12	0.00			0.38		2.88	3.00				4.00							3.50	3.12	0.75			3.00			0.00					4.00		
13-1071.00	3.38	4.00										3.12			3.50	4.00											0.00	0.00																		0.00	3.12	3.50		3.25	1.25	1.25	2.88			2.00				3.75			3.00			0.12	0.25	0.50							3.00					0.62			0.75			4.00	0.00			0.12		3.25	3.88				4.00							2.75	2.88	0.75			3.00			0.00					4.00		
13-1074.00	2.38	3.12										2.75			3.38	3.25											0.00	0.25																		0.00	2.88	2.75		2.12	1.88	1.62	3.38			2.12				2.62			3.00			2.38	0.50	2.38							2.88					0.50			1.38			2.88	0.00			0.38		2.62	3.00				3.38							2.00	1.62	0.00			3.38			1.12					2.75		
13-1075.00	3.88	4.50										3.75			3.62	4.12											0.00	0.00																		0.00	2.88	4.00		3.12	1.62	1.50	2.88			2.62				3.88			4.38			0.12	0.88	0.50							4.38					0.25			0.25			4.25	0.00			0.00		3.62	4.00				4.75							3.25	3.25	0.38			3.12			0.00					4.50		
13-1081.00	3.50	4.12										3.88			4.25	4.12											0.00	0.00																		0.00	3.00	4.00		3.50	2.25	2.62	3.75			3.38				4.62			3.50			0.12	4.00	1.62							3.62					1.75			2.25			4.12	0.00			0.88		3.38	3.62				4.00							3.88	3.88	0.75			3.75			0.00					3.75		
13-1081.01	4.12	4.12										4.00			3.50	4.50											0.12	1.25																		0.00	3.25	4.25		3.50	3.25	3.00	3.62			4.12				3.88			3.00			1.12	4.12	2.75							3.12					2.75			2.88			4.50	0.12			2.75		3.00	3.38				4.00							4.75	4.62	2.62			3.75			2.00					4.12		
13-1081.02	3.75	4.00										4.00			3.12	4.12											0.00	0.00																		0.00	2.88	4.00		3.00	2.50	2.25	2.88			3.75				4.00			2.88			0.00	2.62	2.00							2.88					1.75			2.25			4.00	0.00			0.75		2.88	3.00				3.38							4.00	3.88	1.75			3.38			0.50					4.00		
13-1111.00	3.88	4.12										4.00			4.00	4.12											0.00	0.12																		0.00	3.50	4.12		3.75	1.50	2.25	3.12			3.25				4.12			3.12			0.50	3.88	1.12							3.88					1.25			0.88			4.12	0.00			1.75		3.25	4.00				4.00							3.88	3.88	1.38			3.25			0.25					4.00		
13-1121.00	3.12	4.00										3.50			4.00	3.88											0.62	0.88																		0.00	3.12	3.38		2.88	3.12	2.88	3.38			2.50				3.75			3.62			1.75	2.62	1.62							3.50					0.38			1.62			4.00	0.75			0.25		3.88	3.75				4.00							3.12	3.38	0.75			3.75			0.75					3.62		
13-1131.00	3.50	4.12										3.25			3.88	4.00											0.00	0.12																		0.00	3.00	3.75		3.00	3.12	2.25	2.88			3.00				3.50			3.88			0.62	1.25	0.75							4.38					0.50			0.62			4.00	0.00			0.38		3.25	3.88				4.38							3.00	3.12	0.75			3.62			0.00					4.12		
13-1141.00	3.75	4.00										3.50			3.12	3.88											0.00	0.00																		0.00	3.00	3.75		3.38	2.00	1.50	2.88			3.12				3.50			3.12			0.00	2.88	0.50							3.38					1.00			0.50			4.00	0.00			1.38		3.00	3.62				4.00							3.62	3.62	0.50			3.00			0.00					3.88		
13-1151.00	3.88	4.00										3.25			3.88	4.00											0.00	0.12																		0.00	4.12	4.00		5.00	2.88	2.25	3.38			2.50				4.12			3.12			0.12	3.50	1.12							3.38					0.75			1.00			4.00	0.00			1.12		3.75	4.00				4.25							3.12	3.62	1.25			3.75			0.00					4.12		
13-1161.00	4.00	4.00										3.75			3.12	4.00											0.00	0.00																		0.00	3.00	4.12		3.00	1.62	1.38	2.88			3.38				3.62			2.75			0.00	3.12	1.38							3.25					2.00			0.88			4.62	0.00			2.25		2.88	3.38				4.00							3.88	3.88	0.75			3.12			0.00					4.12		
13-1161.01	3.88	4.00										4.12			3.62	3.88											0.00	0.00																		0.00	3.12	3.75		3.00	2.00	1.88	3.00			2.88				3.75			3.12			0.00	2.25	1.88							3.62					2.12			1.50			4.12	0.00			0.25		3.00	3.25				3.75							3.75	3.75	2.25			3.50			0.25					3.75		
13-1199.04	4.38	4.12										4.88			4.00	4.62											0.00	0.12																		0.00	3.62	4.25		3.88	3.12	2.25	3.25			2.88				3.88			3.12			0.12	3.12	1.88							3.50					1.25			2.38			4.25	0.00			0.00		3.25	3.62				4.12							4.25	4.25	0.75			3.62			0.25					4.38		
13-1199.05	3.38	4.00										3.62			3.50	4.00											0.00	0.12																		0.12	3.00	3.62		3.12	2.00	1.75	2.88			2.88				3.50			3.00			0.25	2.12	2.00							3.25					0.62			2.12			4.12	0.00			1.75		3.00	3.25				4.12							3.25	3.62	1.12			3.00			0.75					4.12		
13-1199.06	3.12	3.62										3.00			2.88	3.88											0.00	0.75																		0.12	2.62	3.25		2.50	3.38	2.88	2.50			3.12				3.62			3.12			0.25	1.50	1.38							3.12					1.75			1.12			3.75	0.25			0.25		3.25	2.75				3.38							2.38	3.00	1.12			2.62			0.12					3.25		
13-1199.07	3.62	3.88										3.88			3.88	4.00											0.62	1.62																		1.38	3.38	3.88		3.25	2.88	2.88	3.12			2.62				3.88			3.12			1.75	3.25	2.25							3.75					1.62			3.00			3.88	0.75			0.50		3.50	3.50				3.88							3.62	3.62	1.88			3.38			1.88					3.75		
13-2011.00	3.50	3.88										3.50			3.25	4.12											0.00	0.50																		0.12	3.00	3.62		3.00	2.50	1.50	3.00			3.75				3.88			2.88			0.50	0.88	1.38							3.25					1.75			1.12			4.25	0.00			0.38		3.38	3.38				3.88							3.12	3.25	0.88			3.12			0.00					3.62		
13-2022.00	3.00	3.62										2.75			3.00	3.50											0.25	0.00																		0.00	2.50	3.25		2.88	1.62	1.75	2.50			3.25				2.88			2.62			0.25	0.62	1.38							3.12					1.12			2.00			3.88	0.25			0.62		3.00	3.00				3.38							2.38	2.62	0.25			3.00			1.12					3.50		
13-2023.00	3.25	3.62										3.00			2.88	3.50											0.12	0.25																		0.00	2.88	2.88		2.50	1.25	1.12	2.38			2.50				2.88			2.88			1.25	1.00	1.38							2.88					1.00			1.75			3.75	0.25			0.38		2.88	2.88				3.50							2.75	2.25	0.50			2.62			1.00					3.25		
13-2031.00	3.12	4.00										3.62			2.88	3.88											0.00	0.00																		0.00	2.62	3.75		2.62	3.88	2.12	2.62			3.88				3.12			2.75			0.00	2.50	0.88							2.88					0.88			0.25			4.00	0.00			0.25		2.75	3.00				3.38							3.62	3.00	0.88			3.00			0.00					3.88		
13-2041.00	3.62	4.00										3.00			2.50	4.00											0.00	0.00																		0.00	2.38	3.75		2.50	1.88	0.88	1.88			4.12				3.00			2.75			0.25	2.38	1.00							2.50					1.00			0.75			4.00	0.00			0.38		3.00	2.88				4.00							3.00	3.12	0.00			3.00			0.00					3.88		
13-2052.00	3.25	4.00										3.75			3.00	4.12											0.00	0.00																		0.00	3.00	3.88		3.00	2.88	1.50	2.12			3.75				3.75			3.00			0.00	2.38	0.62							3.50					0.62			0.88			4.00	0.00			0.38		3.88	3.62				4.00							3.62	3.50	0.50			3.00			0.00					4.00		
13-2053.00	3.38	4.00										3.12			2.88	3.88											0.00	0.00																		0.00	2.62	3.50		3.00	1.12	1.00	2.25			2.88				3.00			2.88			0.00	1.75	0.88							2.75					0.75			0.12			3.75	0.00			0.38		3.00	3.00				3.62							3.00	3.00	0.62			2.88			0.00					3.75		
13-2061.00	4.12	4.12										4.00			3.62	4.50											0.00	0.00																		0.00	3.75	4.12		3.88	0.75	0.62	3.75			3.88				4.25			3.00			0.25	3.00	1.25							3.12					1.00			1.88			4.25	0.00			0.25		3.00	3.62				4.12							3.88	4.00	0.38			3.75			0.00					4.00		
13-2071.00	3.50	4.00										3.25			3.12	3.88											0.00	0.00																		0.00	3.00	3.25		3.12	0.75	0.25	2.62			3.00				3.00			3.25			0.00	1.00	0.00							3.50					0.75			0.25			3.88	0.00			0.00		3.50	3.62				4.00							3.00	2.75	1.00			3.12			0.00					3.75		
13-2072.00	3.12	4.00										3.12			3.00	4.00											0.00	0.00																		0.00	2.75	3.88		2.62	1.25	1.12	2.88			3.12				3.00			3.00			0.38	1.38	0.88							3.00					0.88			0.62			4.00	0.00			0.00		3.50	3.00				4.00							2.38	2.25	0.88			3.25			0.00					3.88		
13-2081.00	3.75	4.00										3.00			3.00	3.75											0.00	0.00																		0.12	3.12	3.25		3.00	1.12	0.75	2.00			3.25				3.12			3.12			0.38	1.00	0.88							2.88					0.75			1.12			4.12	0.00			0.00		3.00	3.00				4.00							2.25	2.50	0.50			2.88			0.00					3.25		
13-2082.00	3.00	4.00										3.00			2.88	3.62											0.00	0.00																		0.00	2.88	3.12		2.88	0.75	0.50	1.75			3.00				3.00			2.50			0.00	1.00	0.12							2.62					0.50			0.75			4.00	0.00			0.00		3.00	2.75				3.50							2.75	2.00	0.50			3.00			0.00					3.00		
13-2099.01	3.88	4.00										4.12			3.00	4.75											0.00	0.00																		0.00	3.25	4.25		3.00	3.00	1.88	2.62			5.00				3.12			2.88			0.12	1.88	1.25							3.38					2.62			1.38			4.75	0.00			1.38		2.88	3.00				4.00							3.75	3.88	1.38			3.00			0.12					4.00		
13-2099.04	3.75	4.25										3.88			3.62	4.25											0.00	0.00																		0.00	3.00	4.00		3.00	1.88	1.88	3.12			2.88				3.25			3.12			0.50	0.38	1.62							3.38					1.00			0.00			4.00	0.00			0.00		3.00	3.38				4.00							3.12	2.88	0.38			3.25			0.00					4.12		
15-1211.00	4.00	4.00										4.00			3.25	4.00											1.00	2.38																		0.75	3.62	4.12		3.00	2.00	1.75	3.00			3.38				4.00			2.50			2.50	3.75	3.12							3.00					4.00			3.50			4.50	1.25			1.88		3.00	3.12				4.00							4.00	4.12	3.12			3.38			3.88					4.00		
15-1211.01	4.75	4.12										4.12			3.75	4.12											0.00	1.50																		0.50	3.88	4.00		4.00	2.12	2.00	3.00			3.00				4.00			3.00			0.75	2.88	2.62							3.62					3.12			3.00			4.88	0.00			2.00		3.50	3.62				4.00							4.00	4.25	2.88			3.25			2.12					4.00		
15-1212.00	3.88	3.88										3.62			3.00	4.12											0.88	1.00																		0.50	3.12	3.62		3.12	1.12	1.00	2.88			2.38				3.88			2.75			0.88	2.50	3.12							2.88					2.25			3.12			4.12	0.75			1.62		2.75	2.75				3.75							3.38	3.38	2.12			3.12			1.88					3.75		
15-1221.00	4.88	4.12										4.38			3.75	4.25											0.25	1.75																		0.00	3.38	4.62		3.50	2.88	2.62	3.62			4.38				4.00			2.62			1.75	3.88	2.75							3.50					4.50			2.62			4.50	0.25			3.38		2.88	3.12				4.12							4.38	4.88	4.12			3.88			3.00					4.12		
15-1231.00	3.38	3.62										3.25			2.75	3.75											2.75	2.75																		3.12	3.25	3.38		3.25	0.75	1.62	2.25			2.62				3.62			2.00			2.12	1.88	3.12							2.62					1.75			3.12			3.88	3.00			1.50		2.88	2.88				3.50							3.38	3.25	1.88			2.62			3.12					3.50		
15-1232.00	3.25	4.00										3.25			2.88	3.88											2.00	1.75																		2.12	3.62	3.00		3.12	0.62	1.00	2.38			2.00				3.00			2.38			2.88	2.62	2.88							2.38					2.00			3.00			4.00	2.00			1.25		3.12	2.75				4.00							3.00	3.00	1.62			3.00			2.88					3.12		
15-1241.00	3.88	3.88										4.12			3.62	4.12											2.00	2.75																		1.50	3.75	4.00		3.12	2.62	2.38	3.00			3.50				3.38			3.12			2.38	3.25	3.00							3.25					3.62			3.62			4.12	1.88			1.88		3.12	3.00				3.88							3.88	3.88	3.38			3.12			3.62					3.75		
15-1241.01	3.75	3.88										3.38			3.38	3.75											2.62	2.25																		1.75	3.00	3.12		2.88	2.12	2.38	2.88			3.00				3.12			2.75			2.12	2.25	3.00							3.12					2.00			3.00			3.88	2.25			1.38		3.00	3.12				3.62							3.25	3.25	2.75			3.00			3.00					3.75		
15-1242.00	4.12	3.88										4.12			3.12	4.00											0.00	0.88																		0.50	3.75	4.00		3.25	1.38	1.62	3.00			3.50				3.88			2.00			0.88	3.25	2.88							2.75					3.88			2.50			4.25	0.12			1.75		3.00	3.00				3.88							3.88	4.00	2.38			2.88			2.50					3.88		
15-1243.00	3.62	3.75										4.00			3.12	3.88											0.12	0.75																		0.75	3.62	3.88		3.00	1.25	1.25	2.75			3.12				3.62			2.88			1.38	3.38	2.12							3.00					4.12			1.88			4.12	0.12			1.75		3.00	3.00				3.88							3.75	3.75	3.00			3.00			2.12					3.88		
15-1243.01	3.25	3.62										3.50			3.38	3.88											0.25	0.88																		0.00	3.38	3.62		2.75	1.38	1.62	2.00			3.25				3.12			2.62			1.62	3.38	2.25							3.12					3.75			2.25			4.00	0.25			1.25		2.62	3.00				3.62							3.50	3.50	2.75			2.75			1.00					3.38		
15-1244.00	3.75	3.88										4.00			3.00	3.88											3.50	3.25																		2.12	3.62	3.88		3.62	1.88	2.75	3.00			3.38				3.88			2.88			3.62	3.25	3.75							3.00					3.88			3.75			4.00	3.12			2.50		3.00	3.00				3.88							3.88	4.12	3.00			3.75			4.00					3.75		
15-1251.00	3.25	4.00										3.88			2.88	3.88											0.00	0.00																		0.38	3.12	3.25		2.62	1.50	1.25	2.75			3.12				3.12			2.12			0.25	3.75	2.12							2.75					4.88			3.50			3.50	0.00			2.75		2.88	3.00				3.38							3.25	3.62	2.38			3.12			1.62					3.25		
15-1252.00	3.62	3.88										3.50			3.12	4.12											0.25	1.75																		1.00	3.12	3.75		3.12	1.00	1.00	2.62			3.25				3.50			2.88			1.75	3.12	2.38							3.12					4.12			2.75			4.25	0.25			1.88		3.00	3.38				3.62							3.88	4.12	3.62			3.25			2.38					3.62		
15-1253.00	3.12	4.00										3.12			3.00	3.88											0.00	1.12																		1.75	2.88	3.62		3.00	0.62	0.62	2.00			2.75				3.75			2.12			1.38	3.38	2.62							2.62					3.75			3.62			4.12	0.12			3.12		2.75	2.88				4.00							3.00	3.50	2.62			3.00			3.00					3.88		
15-1254.00	3.62	3.50										3.62			3.00	3.88											0.00	2.00																		0.50	3.25	3.38		3.12	1.25	1.50	2.25			2.88				3.38			2.75			0.62	4.00	2.12							3.12					4.25			2.75			4.00	0.00			2.25		2.88	2.75				3.25							3.38	3.25	2.38			2.88			2.62					3.50		
15-1255.01	3.62	3.88										3.88			3.50	3.88											0.00	0.12																		0.12	3.25	3.62		3.00	1.38	1.50	3.00			3.12				3.62			3.00			0.00	3.00	2.50							3.12					3.88			1.88			4.00	0.00			0.50		2.75	3.12				3.88							3.25	3.62	3.00			3.50			0.12					3.88		
15-1299.01	3.75	3.88										3.88			3.25	4.12											0.12	1.38																		1.00	3.62	3.38		3.00	1.75	1.38	2.12			2.12				3.50			2.75			1.12	3.50	2.25							2.62					2.88			3.38			4.12	0.12			2.38		2.88	3.00				3.50							3.38	3.38	2.25			3.12			3.00					3.38		
15-1299.02	3.12	3.38										3.25			3.00	3.75											0.00	0.38																		0.00	2.88	3.12		2.75	0.75	0.75	2.75			3.25				3.00			2.00			0.88	1.25	1.88							2.50					3.12			0.62			4.00	0.00			1.50		2.62	2.62				3.38							2.62	2.38	1.38			2.75			0.25					3.25		
15-1299.03	3.25	3.88										3.62			3.00	3.75											0.00	0.00																		0.00	3.00	3.38		3.00	1.62	1.88	2.88			2.25				3.12			2.88			0.00	2.25	1.88							2.88					1.88			1.00			3.88	0.00			0.50		3.00	3.12				3.25							3.38	3.25	1.75			3.38			0.00					3.88		
15-1299.05	3.62	4.12										3.75			3.25	4.12											0.75	1.75																		1.62	3.50	3.50		3.12	1.75	1.75	2.62			2.62				3.88			3.00			1.50	1.88	3.12							3.25					3.38			3.12			4.38	1.25			1.75		2.88	3.25				4.12							3.62	3.75	2.25			2.75			2.50					4.12		
15-1299.08	4.12	4.00										4.00			3.12	4.00											1.12	1.50																		0.62	3.12	4.00		3.12	2.38	2.12	3.00			3.12				3.88			3.00			1.38	4.38	3.00							3.00					4.25			3.62			4.00	1.00			3.12		3.00	3.00				4.00							4.00	4.12	2.75			3.00			2.50					4.00		
15-1299.09	3.88	4.00										4.00			4.12	4.25											0.00	0.00																		0.00	3.25	3.75		3.25	3.62	3.62	4.00			3.12				4.50			3.75			0.12	2.50	1.75							3.62					1.62			1.88			4.00	0.00			1.50		3.12	3.88				4.00							3.75	3.75	1.88			3.88			0.62					4.00		
15-2011.00	4.00	4.12										4.62			3.00	4.75											0.00	0.00																		0.00	3.38	4.62		3.38	2.75	1.88	2.88			5.00				3.75			3.25			0.00	3.25	1.12							3.62					2.50			1.50			4.75	0.00			2.12		3.00	3.00				4.12							4.62	4.62	1.00			3.50			0.00					4.00		
15-2021.00	5.12	4.00										4.88			3.00	5.00											0.00	0.00																		0.00	3.88	4.00		3.88	0.62	0.62	2.12			6.00				3.00			1.88			0.00	2.62	0.38							2.88					2.75			0.50			5.00	0.00			4.50		1.75	3.00				4.00							3.75	3.62	0.62			3.00			0.00					4.62		
15-2031.00	4.12	4.00										4.50			3.12	4.12											0.00	0.00																		0.00	3.00	4.38		3.00	1.38	1.25	2.62			4.88				3.12			2.38			0.12	4.25	1.25							3.12					2.75			1.38			4.25	0.00			3.25		2.88	2.88				4.00							3.88	4.25	1.12			3.00			0.25					4.00		
15-2041.00	3.88	4.00										4.12			3.00	4.50											0.00	0.00																		0.00	3.12	3.88		3.00	1.00	0.75	2.38			5.38				3.00			2.00			0.00	3.50	1.00							2.62					3.12			1.12			4.88	0.00			3.88		2.12	3.00				4.25							3.12	3.12	0.62			3.00			0.00					4.25		
15-2041.01	4.88	4.25										4.50			3.00	4.88											0.00	0.62																		0.00	4.00	4.38		3.88	1.25	1.00	3.12			5.12				3.62			2.50			0.12	3.38	0.75							2.88					4.00			1.25			5.12	0.00			4.62		2.75	2.88				4.50							3.88	3.75	1.00			3.50			0.00					4.88		
15-2051.01	4.12	4.00										3.75			3.00	4.25											0.00	0.00																		0.00	3.00	4.00		3.00	1.75	1.25	2.00			3.88				3.25			2.88			0.38	1.62	1.12							3.00					2.50			1.50			4.25	0.00			0.75		2.88	2.88				4.00							3.75	3.75	0.88			3.00			0.00					4.00		
15-2051.02	4.00	3.88										3.62			3.38	4.25											0.00	1.50																		0.00	3.75	3.62		3.25	1.25	1.50	3.38			3.88				4.12			2.38			1.25	3.38	2.00							2.62					3.62			2.50			4.25	0.00			2.25		2.62	3.50				4.00							3.38	3.38	1.38			3.50			0.62					4.00		
15-2099.01	3.88	3.62										3.38			3.00	3.75											0.38	0.25																		0.00	3.25	3.50		2.88	1.00	1.00	2.38			3.88				3.50			2.75			0.25	2.12	2.50							2.88					3.00			2.25			4.25	0.38			3.38		2.88	3.00				3.62							3.50	3.50	2.00			3.00			0.38					3.75		
17-1011.00	4.12	4.25										4.25			4.00	4.50											0.00	0.25																		0.00	2.88	4.50		3.12	3.38	3.00	3.50			4.12				4.38			3.50			1.75	4.38	2.00							3.50					1.25			3.25			4.75	0.00			3.00		3.38	3.25				4.00							3.62	3.75	2.00			3.62			1.50					4.12		
17-1012.00	3.88	4.12										4.00			3.75	3.88											0.00	0.00																		0.00	3.00	3.75		3.00	3.00	3.00	3.25			3.50				3.62			3.12			1.62	3.75	1.75							3.50					0.50			2.62			4.00	0.00			2.75		3.38	3.62				4.00							3.38	3.88	1.00			3.75			1.00					4.00		
17-1021.00	3.38	3.50										3.12			3.00	3.75											0.50	1.00																		0.00	3.00	3.12		3.00	0.75	0.62	2.12			3.12				3.12			2.12			0.38	0.75	1.75							2.12					1.12			2.12			4.12	0.38			1.50		2.75	2.88				3.12							2.88	2.75	0.75			3.12			1.38					3.62		
17-1022.00	3.38	3.88										3.25			3.62	4.00											1.62	2.12																		0.00	3.50	3.12		3.50	1.38	1.62	3.50			4.12				3.38			2.50			2.88	1.50	2.75							2.75					0.75			2.62			4.12	1.38			2.75		2.88	3.00				3.88							3.00	2.88	0.62			3.50			1.62					4.00		
17-1022.01	4.12	4.00										3.88			3.00	4.12											1.50	1.88																		0.00	3.00	3.75		3.25	1.50	1.50	3.12			4.88				3.88			1.88			2.75	1.75	2.75							2.12					2.50			3.00			4.38	1.50			3.50		2.50	2.88				3.88							3.25	3.25	1.38			3.12			1.62					4.12		
17-2011.00	3.88	4.12										4.25			3.50	4.62											0.00	0.38																		0.00	3.25	3.88		3.75	1.38	1.00	3.00			4.75				3.88			3.00			0.62	5.00	3.00							3.12					1.75			3.88			5.00	0.00			5.12		2.75	3.12				4.25							4.00	3.88	3.75			3.50			2.50					4.50		
17-2021.00	3.88	4.12										4.12			3.12	4.00											1.25	1.75																		0.00	3.00	4.00		3.00	2.25	2.12	3.00			4.12				3.75			3.00			2.38	3.25	3.12							2.88					1.88			2.62			4.62	1.12			3.38		3.00	3.12				4.00							4.00	4.00	3.00			3.38			2.25					4.00		
17-2031.00	4.62	4.12										4.50			3.38	4.62											2.38	2.88																		2.25	4.00	4.62		3.88	2.00	2.50	3.12			4.50				4.12			3.00			2.12	4.00	3.12							3.12					3.38			3.62			5.00	2.62			4.62		3.00	3.25				4.25							3.88	4.00	3.75			3.25			3.00					4.25		
17-2041.00	4.75	4.00										4.38			3.62	5.00											0.00	2.12																		0.00	3.00	4.62		3.50	2.62	2.75	3.38			4.75				3.88			2.88			1.88	4.62	3.75							3.00					2.75			3.88			4.38	0.00			5.12		3.00	3.25				4.00							4.12	4.12	2.88			3.75			3.62					4.00		
17-2051.00	4.62	4.00										4.12			3.75	4.62											0.88	0.25																		0.00	3.00	4.00		3.62	3.38	3.00	3.50			4.75				3.88			3.00			0.50	4.50	2.12							3.25					1.88			2.50			5.00	1.62			4.00		3.00	3.50				3.88							4.12	4.00	2.50			4.00			0.62					3.88		
17-2051.01	3.88	4.00										4.38			3.75	4.00											0.00	0.00																		0.00	3.00	4.25		3.00	3.75	3.00	3.88			4.62				3.75			3.12			1.25	3.88	2.00							3.62					2.12			2.62			4.38	0.00			3.25		3.00	3.00				4.12							3.75	3.88	2.75			3.88			2.00					4.12		
17-2051.02	4.00	4.00										4.75			3.62	4.12											0.00	1.00																		0.00	3.62	4.12		3.75	2.75	2.75	3.62			4.50				4.00			3.00			2.00	3.88	3.00							3.12					2.50			3.38			4.38	0.00			4.12		2.88	3.00				4.00							4.12	4.12	3.25			3.88			2.25					4.00		
17-2061.00	4.12	3.88										4.12			3.12	4.12											2.12	2.75																		1.12	3.50	3.88		3.12	1.25	1.50	2.62			3.38				3.25			2.12			0.75	4.00	3.00							2.75					2.75			3.00			4.50	2.12			3.25		2.75	2.75				4.00							3.50	4.00	2.75			3.00			3.12					4.12		
17-2071.00	3.88	4.12										4.00			3.25	4.12											1.75	2.12																		0.00	3.00	3.38		3.00	2.62	2.50	3.00			4.12				3.88			2.88			0.38	3.25	3.12							3.00					1.38			3.12			4.38	2.00			3.62		2.75	3.00				4.25							3.38	3.62	2.00			3.12			2.75					4.25		
17-2072.00	4.00	4.00										4.12			3.12	4.12											3.00	3.12																		0.75	3.25	3.88		3.00	2.25	2.75	2.88			4.12				3.75			3.00			3.00	3.50	3.38							3.00					2.88			3.88			4.12	3.00			3.25		2.88	3.00				4.00							3.88	4.00	3.25			2.88			3.12					4.00		
17-2072.01	3.50	3.62										3.62			3.38	3.88											2.25	2.62																		2.25	3.50	3.38		3.25	1.62	1.88	2.75			3.38				3.75			2.75			2.25	3.00	2.88							3.38					2.62			3.00			4.00	2.25			1.88		2.88	3.12				3.62							3.50	3.50	3.12			2.88			3.00					3.62		
17-2081.00	4.12	3.88										4.12			3.88	4.00											0.00	0.00																		0.00	3.00	4.12		3.00	2.38	2.12	3.00			4.00				4.25			3.00			1.75	2.50	2.88							3.25					0.88			2.62			4.75	0.00			4.00		2.88	3.00				4.25							3.88	4.12	0.75			3.75			1.00					4.25		
17-2111.00	3.62	4.00										3.75			3.38	3.88											0.00	0.00																		0.00	3.62	3.62		3.50	1.62	1.50	2.88			3.00				3.62			3.00			2.38	1.38	2.62							3.50					1.38			2.88			4.00	0.00			2.38		3.12	3.50				3.62							3.38	3.50	2.00			3.25			1.75					3.88		
17-2111.02	4.12	4.00										4.00			3.12	4.25											0.00	1.75																		0.00	3.25	4.12		3.38	2.75	2.88	3.00			3.25				3.25			3.00			1.38	4.00	2.88							3.50					0.88			3.38			4.00	0.00			3.75		3.00	3.00				4.00							4.00	4.12	3.00			3.50			2.75					4.00		
17-2112.00	3.88	4.12										4.12			3.12	4.12											0.00	0.38																		0.00	3.00	4.00		3.00	2.00	2.62	2.88			3.88				4.25			2.38			2.25	2.50	2.75							2.62					1.12			2.38			4.50	0.00			1.75		2.75	3.00				4.12							3.75	3.88	1.88			3.00			1.75					4.12		
17-2112.01	4.25	4.38										4.00			3.12	4.38											0.00	1.38																		0.00	3.75	4.38		3.25	1.75	1.75	3.00			4.00				4.00			3.00			0.75	3.88	2.12							3.00					2.38			3.00			4.75	0.00			3.38		3.00	3.50				4.38							3.88	4.00	3.88			3.12			2.00					4.38		
17-2112.02	3.62	4.00										4.00			3.12	4.12											0.62	0.12																		0.00	3.12	3.62		3.12	1.00	2.00	2.88			3.62				4.00			2.75			2.12	4.00	3.25							2.88					1.00			3.12			4.50	0.25			4.38		2.88	3.00				4.00							3.62	3.38	1.25			3.12			2.25					4.12		
17-2112.03	4.50	4.12										4.25			3.62	4.00											3.12	3.62																		3.00	3.75	4.62		3.88	3.62	3.50	3.88			4.50				4.62			3.12			3.25	3.88	3.88							3.62					2.50			3.88			4.75	3.00			3.75		2.88	3.50				4.12							4.62	4.50	4.00			3.88			3.62					4.38		
17-2121.00	4.00	3.88										4.38			3.88	4.38											2.62	2.62																		1.00	3.25	4.00		3.25	2.88	3.12	3.75			4.25				3.75			2.88			3.12	2.62	3.62							3.00					1.62			3.62			4.50	2.38			4.12		2.62	3.25				4.00							3.62	3.88	2.50			3.75			3.00					4.00		
17-2131.00	4.50	4.12										4.00			3.25	4.25											0.88	1.88																		0.00	3.88	3.88		3.62	2.62	2.75	3.12			4.00				3.88			3.12			2.00	4.00	3.12							3.12					1.75			3.62			4.75	1.00			4.75		3.00	3.12				4.12							3.75	3.50	2.88			3.12			2.00					4.38		
17-2141.00	4.25	4.00										4.50			3.38	4.12											1.88	2.50																		2.12	3.50	4.12		3.38	2.62	2.75	3.12			4.50				4.12			3.12			2.62	4.38	3.62							3.12					2.25			4.00			4.75	1.75			4.50		2.88	3.00				3.88							3.88	3.88	3.50			3.38			3.25					4.00		
17-2141.01	4.00	4.12										3.88			3.00	4.25											2.12	2.75																		0.75	3.12	4.00		3.12	1.38	2.62	3.00			4.12				4.00			2.75			2.88	3.12	3.50							2.88					2.38			3.12			4.75	2.75			4.00		2.62	3.00				4.00							4.12	4.12	3.12			2.88			3.00					4.12		
17-2141.02	4.50	4.00										4.25			3.62	4.75											0.00	1.75																		0.00	3.62	4.25		3.00	2.12	2.00	3.00			4.88				3.75			3.00			2.12	3.88	3.00							3.25					2.88			3.62			4.75	0.00			4.12		2.75	3.00				3.88							3.88	4.12	3.88			3.25			2.50					4.12		
17-2151.00	4.12	4.00										4.38			3.75	4.50											0.00	2.50																		0.00	3.50	4.62		3.38	3.75	3.25	3.62			4.62				4.50			3.25			2.00	4.12	3.38							3.38					3.00			3.50			4.75	0.00			4.00		2.62	3.25				4.12							4.00	4.25	2.88			3.88			1.88					4.25		
17-2161.00	4.00	4.25										4.25			3.75	4.88											0.62	0.88																		0.00	3.25	4.12		3.12	1.88	2.12	3.00			4.38				4.12			3.00			2.25	4.38	4.00							3.00					1.12			3.75			5.00	0.62			4.38		3.00	3.00				3.88							4.00	4.00	2.88			3.88			3.12					4.75		
17-2171.00	3.88	4.00										4.12			3.75	4.38											0.25	1.00																		0.88	3.00	3.88		3.00	2.50	2.88	3.50			4.00				3.88			3.38			2.00	1.75	3.12							3.12					1.12			2.62			4.75	0.00			4.00		3.00	3.62				4.00							3.88	3.88	2.25			3.75			2.00					4.25		
17-2199.03	3.88	4.00										4.00			3.38	4.12											0.00	0.25																		0.00	3.00	4.00		3.00	2.25	2.38	3.00			4.12				3.88			3.00			1.88	3.88	2.75							3.00					1.25			2.50			4.75	0.00			4.38		3.00	3.50				4.00							4.00	3.75	2.12			3.38			1.62					4.12		
17-2199.05	4.00	4.00										4.25			3.00	4.00											0.75	2.50																		0.75	3.12	4.12		3.12	1.88	1.88	2.88			4.00				3.88			2.88			3.00	3.62	3.50							3.00					2.38			3.75			4.12	0.75			3.25		2.88	2.88				3.88							4.00	4.00	3.62			3.38			2.50					4.00		
17-2199.06	3.88	4.25										4.25			3.12	4.12											1.62	2.38																		0.62	3.50	3.75		3.38	2.25	2.38	2.88			3.88				3.75			3.25			2.75	3.00	3.38							3.00					2.50			3.50			4.75	1.75			3.88		3.00	3.38				4.00							4.00	3.88	2.62			3.62			2.38					4.00		
17-2199.07	5.00	4.12										4.00			3.12	4.75											2.25	3.50																		0.25	3.50	4.00		3.25	1.38	2.00	2.50			4.88				3.62			2.62			3.00	3.88	3.50							2.75					2.75			4.00			5.00	3.00			4.00		2.62	2.75				4.00							4.00	3.75	3.88			3.00			3.25					4.75		
17-2199.08	4.50	4.00										4.12			3.75	4.62											3.75	4.12																		3.25	3.50	4.12		3.75	2.62	2.25	3.62			4.62				3.88			2.88			3.38	4.00	3.75							3.38					3.88			4.25			4.88	3.75			3.75		2.25	3.50				3.88							4.00	4.12	4.12			4.00			3.88					3.88		
17-2199.09	4.88	3.88										4.12			3.38	4.88											2.25	3.38																		0.00	3.38	4.00		3.50	2.25	2.25	3.12			4.75				4.00			3.00			2.00	4.00	3.00							3.38					2.88			3.75			5.00	2.12			4.75		3.00	3.25				4.25							3.75	3.75	3.88			3.62			2.62					4.62		
17-2199.10	3.75	3.75										4.00			3.50	4.50											0.25	0.38																		0.00	3.38	4.00		2.88	1.75	2.12	3.00			4.50				4.00			2.88			2.12	3.62	2.75							3.38					1.88			3.00			4.62	0.00			3.75		2.75	3.00				3.50							3.75	3.62	2.62			3.25			1.75					3.75		
17-2199.11	3.88	4.00										4.00			3.38	4.00											1.75	1.88																		0.00	3.00	3.25		3.00	2.00	1.88	2.50			4.00				3.62			3.00			2.25	2.50	3.00							3.00					2.00			3.12			4.12	1.62			3.88		2.88	3.25				4.00							3.12	3.25	2.50			3.12			2.25					4.00		
17-3011.00	3.50	3.50										3.75			3.12	3.62											0.38	0.75																		0.38	3.38	3.12		2.88	1.75	1.38	3.00			3.50				3.12			2.62			0.62	2.25	2.00							2.75					1.75			2.25			3.75	0.38			2.12		2.88	2.88				3.25							3.50	3.12	2.12			3.12			1.62					3.50		
17-3012.00	3.12	3.50										3.25			3.00	3.62											0.38	0.75																		0.38	3.25	3.12		2.62	1.25	1.25	2.75			3.50				3.00			2.88			0.75	2.38	2.00							2.88					1.62			2.75			3.88	0.25			1.25		2.62	3.00				3.25							3.00	2.75	1.75			3.12			1.88					3.50		
17-3013.00	3.62	3.50										3.12			3.00	3.25											0.00	0.38																		0.00	3.12	3.00		2.88	1.12	1.25	2.38			3.88				3.12			2.25			0.50	3.12	2.25							2.25					2.25			3.12			3.88	0.00			1.75		2.38	3.00				3.75							2.88	3.00	2.75			3.00			1.88					3.12		
17-3021.00	3.00	3.88										3.38			2.88	4.00											3.38	2.38																		1.88	3.00	3.25		2.88	1.62	1.62	2.75			3.00				3.12			2.62			2.88	2.75	3.50							2.88					1.62			3.62			3.75	3.00			3.75		2.75	3.00				3.12							3.12	3.12	1.38			3.25			3.12					3.12		
17-3022.00	3.00	4.00										3.25			3.00	3.62											0.00	0.25																		0.00	2.38	3.12		2.62	1.62	2.00	2.25			3.38				3.38			2.75			2.00	3.00	2.38							2.38					1.00			2.00			4.12	0.00			2.62		2.62	2.88				3.50							3.00	2.75	0.75			2.88			0.88					3.50		
17-3023.00	3.25	3.50										3.25			2.88	3.75											2.88	2.62																		1.88	2.88	3.12		2.62	1.88	1.88	2.38			2.88				3.12			2.25			2.50	1.25	3.25							2.25					1.25			3.00			4.00	3.50			1.25		2.88	2.62				3.50							2.88	2.88	1.62			2.75			3.50					3.25		
17-3024.00	3.25	3.38										3.12			3.00	3.75											3.62	3.12																		3.38	3.12	3.12		3.00	1.00	1.62	2.88			3.00				4.00			1.75			4.00	2.25	4.00							1.88					2.62			3.75			4.00	3.88			3.00		2.25	2.88				3.12							3.12	3.12	1.50			3.00			4.00					3.12		
17-3024.01	3.62	3.62										3.62			3.12	4.00											3.88	3.25																		3.25	3.12	3.12		3.12	1.00	1.25	2.38			3.75				3.25			2.25			3.62	2.25	3.88							2.62					2.75			3.88			4.00	4.00			3.25		3.00	2.75				3.25							3.12	3.25	2.88			2.88			4.00					3.12		
17-3025.00	3.88	4.00										3.38			3.00	4.00											2.00	2.25																		0.00	2.88	3.62		3.00	2.12	2.75	3.00			3.75				3.75			2.75			2.75	3.00	3.12							2.88					2.00			3.38			4.00	2.25			3.75		2.88	3.00				4.00							3.00	3.00	1.88			3.12			2.62					3.88		
17-3026.00	3.62	3.88										3.88			3.25	3.88											2.00	1.62																		0.00	3.12	4.00		3.00	1.50	2.12	2.75			3.75				3.88			2.88			0.88	3.25	2.50							3.25					1.62			3.00			4.00	3.00			3.12		2.75	3.12				3.75							3.75	3.75	3.12			3.38			1.25					3.75		
17-3026.01	3.75	3.75										3.62			3.25	3.88											3.25	2.75																		0.00	3.25	3.25		3.38	1.25	2.12	2.00			3.75				3.75			2.12			3.12	1.62	3.38							2.50					1.88			3.50			4.62	3.25			4.00		2.25	2.62				3.50							3.50	2.88	2.00			2.88			3.50					4.12		
17-3027.00	3.25	3.88										3.50			3.12	3.88											2.88	2.75																		0.50	3.00	3.38		3.00	1.25	1.25	2.75			3.38				3.12			2.50			3.00	3.00	3.25							3.00					1.38			3.25			4.25	2.88			3.25		2.75	3.12				3.75							3.25	3.25	2.38			3.12			3.25					3.62		
17-3027.01	3.12	3.38										3.25			3.00	3.38											3.00	2.88																		2.38	2.62	3.25		2.62	1.50	2.00	2.25			3.38				3.38			2.25			2.88	2.25	3.00							2.62					1.88			3.25			4.00	3.12			3.00		2.12	2.50				3.38							2.88	2.88	1.75			2.62			3.12					3.25		
17-3029.01	3.62	3.38										3.00			2.88	3.62											2.75	2.38																		0.00	3.00	3.00		3.25	0.50	1.12	3.00			3.12				3.62			2.25			3.00	0.88	3.12							2.50					0.62			4.00			3.88	2.00			3.00		2.50	3.00				3.12							3.12	3.00	0.88			2.88			2.88					3.12		
17-3029.08	3.38	3.50										3.25			3.00	3.62											3.00	3.00																		3.25	2.75	3.12		2.88	1.50	1.75	2.38			3.00				3.25			2.00			3.00	1.75	3.12							2.00					2.00			3.50			3.75	3.00			2.38		2.50	2.75				3.12							3.00	3.12	2.00			3.00			3.62					3.12		
17-3031.00	3.12	3.50										3.12			3.12	3.25											0.00	0.62																		0.00	2.88	2.75		2.75	0.88	1.25	2.25			3.50				3.12			2.38			2.50	1.75	2.12							2.62					1.25			2.00			3.75	0.12			0.88		2.88	2.88				3.12							2.50	2.62	1.00			2.88			1.00					3.50		
19-1011.00	4.00	4.00										4.12			3.12	4.25											0.12	0.25																		0.00	3.25	4.50		3.25	1.62	2.00	3.12			3.88				3.88			3.00			1.88	2.75	2.75							3.12					1.12			2.75			4.88	0.00			4.00		3.00	3.25				4.12							3.75	3.88	1.12			3.25			1.00					4.25		
19-1012.00	4.12	4.12										3.88			3.12	4.50											0.00	1.12																		0.00	3.25	3.88		3.38	1.38	1.50	2.75			3.50				3.88			3.00			2.12	2.50	3.12							3.38					0.62			3.88			4.62	0.00			3.88		3.00	3.12				4.00							3.75	3.75	1.12			3.50			1.75					4.12		
19-1013.00	4.50	4.12										4.25			3.00	4.38											0.00	0.00																		0.00	3.12	4.25		3.88	1.62	2.00	2.62			3.88				4.12			2.75			2.25	3.75	2.88							3.12					2.00			3.00			5.00	0.00			4.88		2.88	3.00				4.62							3.88	3.88	1.50			2.88			1.00					4.38		
19-1021.00	5.25	4.38										4.25			3.12	5.12											1.12	2.38																		0.12	4.38	4.25		4.38	1.62	2.00	3.00			4.75				4.25			2.25			2.12	3.62	2.75							3.00					2.75			3.25			5.25	1.12			5.12		2.62	3.12				4.62							4.00	4.00	2.88			3.50			1.38					5.12		
19-1022.00	4.50	4.12										4.00			3.50	4.62											0.00	0.88																		0.00	3.62	3.88		3.75	2.12	2.12	3.50			3.88				3.88			2.88			2.62	2.75	2.75							2.88					1.88			2.88			5.12	0.00			5.00		3.12	3.12				4.00							3.62	3.62	1.38			3.88			1.62					4.88		
19-1023.00	3.75	4.00										3.88			3.25	4.00											0.00	0.00																		0.00	3.12	4.12		3.12	2.12	2.00	3.00			3.12				3.75			3.12			2.12	1.50	2.62							3.25					1.12			2.00			4.75	0.00			3.88		3.00	3.38				4.00							3.62	3.12	1.25			3.75			0.88					4.12		
19-1029.01	4.25	4.38										4.25			3.50	4.38											0.00	0.62																		0.00	3.25	4.25		3.62	1.75	2.00	3.12			4.12				4.12			3.00			0.62	2.12	2.50							3.50					1.75			2.38			4.88	0.00			4.12		3.00	3.50				4.25							3.62	3.75	2.12			3.25			1.88					4.75		
19-1029.02	4.62	4.62										4.12			3.62	4.88											0.00	1.50																		0.00	4.12	4.62		4.50	2.62	3.00	3.25			4.38				4.38			3.00			2.50	3.25	2.88							3.00					2.50			2.88			5.62	0.00			5.00		2.25	3.38				4.75							3.75	3.88	2.00			3.88			1.50					5.00		
19-1029.03	4.12	4.00										4.00			3.25	4.38											0.00	0.12																		0.00	3.75	4.00		3.88	2.12	2.12	3.12			4.00				3.88			3.00			0.88	1.50	2.75							3.12					1.12			2.62			5.00	0.00			4.38		2.88	3.75				4.12							3.62	3.12	1.12			3.50			1.12					4.88		
19-1029.04	4.75	4.12										4.00			3.00	4.88											0.00	0.00																		0.00	3.88	4.00		3.75	2.00	1.88	3.12			4.25				4.00			2.50			0.88	1.38	1.62							3.00					3.75			2.75			5.12	0.00			5.00		2.75	3.00				4.75							3.00	3.00	0.62			3.62			0.62					5.00		
19-1031.00	3.38	3.75										3.75			3.38	3.75											0.25	0.50																		0.25	3.12	3.50		2.88	2.12	2.50	2.88			3.12				3.25			2.75			1.75	2.12	2.00							3.12					1.25			1.62			3.88	0.25			3.50		3.00	3.25				3.75							3.12	3.25	1.12			3.25			1.62					3.88		
19-1031.02	3.62	4.12										4.12			3.62	4.00											0.50	0.62																		0.00	3.00	3.88		3.00	1.75	2.25	3.00			3.25				4.25			3.62			2.62	3.12	2.38							3.00					0.62			2.62			4.12	0.62			3.38		3.38	3.00				4.00							3.62	3.38	0.88			3.00			1.25					4.00		
19-1031.03	3.25	4.00										3.25			3.12	3.88											0.50	0.25																		0.00	3.25	3.25		3.38	1.50	2.00	3.00			1.75				3.12			2.62			2.00	2.88	2.00							2.88					0.50			2.00			4.12	0.12			1.88		3.38	3.50				4.25							2.25	2.50	1.25			2.88			1.62					4.00		
19-1032.00	3.88	4.00										4.12			3.88	4.00											1.00	1.62																		0.00	3.00	4.12		2.88	2.50	2.88	3.50			3.62				4.00			3.75			3.00	2.88	3.00							3.38					0.75			2.25			4.00	0.88			3.00		3.12	3.25				4.00							4.00	3.75	1.88			3.75			1.50					4.12		
19-1041.00	4.75	4.75										4.50			4.12	4.62											0.00	0.25																		0.00	3.88	4.38		3.88	1.88	1.75	3.50			4.12				4.25			2.88			0.00	3.50	0.62							3.62					0.75			0.62			5.12	0.00			5.00		3.62	4.12				4.75							4.12	4.12	0.38			3.75			0.00					4.62		
19-1042.00	5.00	4.25										4.62			3.00	4.75											0.00	0.75																		0.00	4.00	4.25		3.88	1.50	1.75	3.25			4.12				4.12			2.88			1.12	3.62	2.62							3.00					1.62			2.75			5.25	0.00			5.00		3.00	3.25				4.38							4.00	4.12	0.75			3.62			0.75					4.88		
19-2011.00	4.88	4.12										4.00			3.12	4.12											0.38	0.75																		0.00	3.62	3.88		4.00	2.50	2.00	3.00			5.00				3.62			2.62			1.00	3.12	2.00							3.12					2.00			1.00			5.12	0.12			5.12		3.00	3.12				4.75							3.00	3.00	2.00			3.00			0.38					5.00		
19-2012.00	5.50	4.75										4.88			3.38	4.88											0.00	1.50																		0.12	4.62	4.50		5.00	2.12	2.25	3.12			5.50				4.00			2.75			0.62	3.62	2.38							3.50					3.88			3.25			5.88	0.00			5.75		3.00	3.12				4.75							4.00	3.88	3.38			3.62			2.00					5.00		
19-2021.00	4.12	4.25										4.00			3.12	4.12											0.00	0.00																		0.00	3.50	3.88		3.38	1.25	1.25	2.88			4.00				3.50			2.75			0.12	2.75	1.88							2.88					1.75			0.75			4.88	0.00			4.88		2.88	3.25				4.38							3.62	3.00	1.38			3.00			0.00					4.00		
19-2031.00	4.25	4.00										4.12			3.00	4.25											2.50	2.50																		0.00	3.50	3.50		3.00	1.50	2.25	3.00			4.50				3.88			2.00			2.12	2.88	2.88							2.38					1.88			3.38			5.00	2.00			5.12		2.38	2.75				4.12							3.25	3.38	1.00			3.12			2.62					4.62		
19-2032.00	4.00	4.12										4.12			3.00	4.25											0.50	0.62																		0.00	3.12	3.88		3.38	1.75	2.12	3.00			3.88				4.00			2.62			1.88	3.88	2.75							3.12					1.00			3.00			4.75	0.38			4.88		2.75	3.00				4.12							3.12	3.25	1.62			3.12			1.75					4.38		
19-2041.00	4.00	4.25										4.00			3.50	4.25											0.00	0.00																		0.00	3.75	3.75		3.62	2.25	2.12	3.12			4.12				4.00			3.00			2.00	2.88	3.00							3.00					2.38			2.62			4.75	0.00			4.50		3.12	3.50				4.12							3.62	3.50	1.50			3.75			2.00					4.62		
19-2041.01	3.88	3.88										4.12			3.00	4.00											0.00	0.00																		0.00	3.25	3.62		3.12	1.75	1.75	2.88			3.25				3.75			3.00			0.00	2.12	1.00							3.62					1.25			0.12			4.25	0.00			2.75		3.12	3.62				4.25							3.88	3.62	1.12			3.38			0.00					4.12		
19-2041.02	4.00	4.12										4.00			3.88	4.12											0.00	0.50																		0.00	3.00	4.00		3.25	2.25	2.50	2.88			3.38				3.88			3.12			2.25	2.75	2.75							3.12					1.88			2.38			4.25	0.00			3.88		3.25	3.12				4.12							3.88	3.75	1.62			3.38			0.75					4.25		
19-2041.03	4.00	4.00										4.00			3.00	4.25											0.00	0.00																		0.25	3.62	4.62		3.50	2.00	2.12	3.00			4.00				3.88			2.62			0.00	2.88	1.12							3.12					2.00			1.88			4.75	0.00			4.12		2.88	3.25				4.00							4.12	3.88	1.62			3.12			0.00					4.62		
19-2042.00	3.75	4.25										4.12			3.25	4.25											0.00	1.12																		0.00	3.00	4.00		3.12	1.12	0.75	2.62			4.12				3.38			2.62			1.75	3.12	1.88							2.88					1.62			2.00			4.88	0.00			4.62		2.50	3.12				4.38							3.50	3.38	0.75			2.88			0.62					4.62		
19-2043.00	4.38	4.00										4.12			3.12	4.50											2.00	1.62																		1.88	3.12	3.75		3.38	1.50	1.75	2.88			4.38				4.00			3.00			1.88	2.62	2.38							3.25					2.62			2.88			4.62	1.38			4.38		2.88	3.00				4.12							3.75	3.62	1.00			3.25			2.00					4.12		
19-2099.01	4.00	4.00										4.12			3.00	4.38											0.00	0.50																		0.00	3.38	4.12		3.12	1.38	1.75	3.00			4.12				3.88			2.62			1.62	3.62	2.50							2.88					2.75			1.75			4.75	0.00			4.00		2.88	3.00				4.25							3.88	3.88	2.38			3.12			0.75					4.62		
19-3011.00	4.12	4.00										4.12			3.00	4.75											0.00	0.00																		0.00	3.12	4.12		3.75	1.00	0.75	2.38			4.25				3.62			2.50			0.00	2.75	0.62							3.50					1.88			0.25			4.75	0.00			1.75		3.00	3.00				4.38							3.88	3.62	0.38			3.00			0.00					4.38		
19-3011.01	4.00	4.25										3.88			3.00	4.25											0.00	0.00																		0.00	3.50	4.00		3.75	3.25	2.12	2.62			4.75				3.75			2.75			0.00	2.12	0.00							3.25					1.75			1.25			4.75	0.00			2.62		2.88	3.12				4.12							3.75	3.75	1.38			3.00			0.00					4.38		
19-3022.00	4.25	4.38										3.88			3.25	4.88											0.00	0.00																		0.00	3.12	3.88		3.50	1.00	1.12	3.00			4.62				3.50			2.75			0.00	2.75	1.00							3.00					2.88			1.62			4.62	0.00			3.00		3.12	3.38				4.25							3.25	3.50	1.12			3.62			0.00					4.50		
19-3032.00	4.12	4.62										4.12			4.00	4.50											0.00	0.00																		0.00	3.88	4.00		4.00	2.38	2.12	4.00			3.88				4.25			3.25			0.00	3.50	1.75							3.88					2.88			2.00			4.75	0.00			3.88		3.50	4.12				4.62							4.25	4.50	1.12			3.75			0.00					4.88		
19-3033.00	3.88	4.88										3.75			3.12	4.38											0.00	0.00																		0.00	3.75	3.75		3.50	0.88	0.88	3.00			2.12				3.88			3.12			0.00	0.75	0.88							3.75					0.75			0.00			4.38	0.00			2.00		3.88	5.00				4.25							3.12	3.25	0.62			3.25			0.00					4.25		
19-3034.00	3.88	4.50										4.00			3.62	4.12											0.00	0.00																		0.00	3.50	4.00		3.88	0.00	0.00	2.88			2.38				4.00			3.38			0.00	1.12	0.88							3.50					0.75			0.38			4.75	0.00			1.75		3.88	5.00				4.25							3.38	3.50	0.62			3.62			0.00					4.12		
19-3039.02	4.38	4.62										4.62			3.38	4.62											0.00	0.00																		0.00	3.88	4.38		4.25	1.50	1.38	2.88			3.38				4.12			2.88			0.12	1.25	1.75							3.50					1.38			2.00			5.38	0.00			3.88		4.00	4.88				4.75							3.38	3.75	0.62			3.25			1.12					4.75		
19-3039.03	4.38	4.50										4.12			4.00	4.38											0.00	0.00																		0.00	3.88	4.25		3.88	1.38	1.38	3.25			2.88				3.88			3.50			0.00	0.75	1.25							3.88					1.00			0.38			4.75	0.00			2.88		4.00	4.88				4.00							2.75	2.50	0.75			3.50			0.00					4.38		
19-3041.00	4.25	4.62										3.88			3.12	4.38											0.00	0.00																		0.00	3.75	3.75		4.25	0.75	1.38	3.00			3.38				3.88			2.88			0.00	2.50	0.38							3.00					0.75			0.12			4.75	0.00			3.38		3.00	4.38				4.62							3.50	3.12	0.62			2.88			0.00					4.75		
19-3051.00	4.12	4.38										4.12			3.75	4.25											0.00	0.00																		0.00	2.88	4.25		2.88	2.75	2.25	3.12			3.50				3.62			3.38			0.50	3.75	1.12							3.75					1.38			1.25			4.38	0.00			2.75		3.00	3.75				4.25							4.12	4.00	1.12			3.75			0.00					4.12		
19-3091.00	4.25	4.38										3.88			3.25	4.75											0.00	0.12																		0.00	3.62	3.62		3.88	1.75	2.00	3.00			3.00				3.62			2.75			0.50	0.88	1.00							3.00					0.75			0.88			5.00	0.00			3.00		2.38	3.38				4.75							3.00	3.00	0.62			3.00			0.00					5.00		
19-3092.00	4.12	4.12										3.62			3.00	4.00											0.12	0.00																		0.00	3.50	3.62		3.62	1.12	1.50	2.50			3.12				3.38			2.75			0.12	2.75	0.75							2.75					1.12			0.38			4.75	0.00			3.62		2.88	3.00				4.38							3.62	3.12	0.75			3.12			0.00					4.88		
19-3093.00	4.00	4.00										3.25			3.00	4.38											0.00	0.00																		0.00	3.25	3.25		3.62	0.75	0.88	2.50			1.25				3.12			2.38			0.00	1.62	0.38							2.88					0.50			0.62			4.88	0.00			2.50		2.25	3.12				4.12							2.00	2.00	0.50			2.62			0.00					4.88		
19-3094.00	4.12	4.62										3.75			3.00	4.75											0.00	0.00																		0.00	3.50	3.88		3.75	0.62	0.75	2.00			3.12				3.50			3.00			0.00	2.38	0.38							3.00					0.75			0.50			4.88	0.00			3.00		2.88	3.75				4.75							3.50	3.38	0.62			2.88			0.00					4.62		
19-3099.01	4.12	4.12										4.12			3.75	4.25											0.00	0.50																		0.00	2.88	4.12		3.00	2.00	2.25	2.75			4.12				3.50			3.00			0.88	3.50	1.75							3.38					2.12			0.62			4.25	0.00			2.25		3.00	3.00				4.12							4.00	4.12	1.00			3.50			0.00					4.12		
19-4012.00	3.12	3.25										3.00			3.00	3.50											1.62	1.50																		0.00	3.00	3.00		3.00	1.62	1.62	3.00			3.00				3.12			2.38			2.88	0.25	3.00							2.50					0.50			1.25			3.50	1.88			3.00		2.75	2.88				3.00							2.75	2.50	0.50			3.00			2.12					3.38		
19-4012.01	3.75	3.88										3.25			3.00	3.62											2.38	2.12																		1.38	2.88	3.50		3.00	0.75	1.00	2.12			3.25				3.50			2.62			3.00	2.88	3.00							3.00					1.88			2.88			4.00	2.12			2.62		3.12	3.00				3.50							3.25	3.25	0.75			2.88			2.38					3.50		
19-4013.00	3.12	3.12										3.00			3.12	3.38											1.62	1.12																		0.00	3.00	3.00		3.00	0.50	1.62	2.62			3.12				3.12			2.00			2.00	0.38	2.88							1.75					0.38			3.00			3.88	1.38			3.25		2.12	2.88				3.38							2.12	2.25	0.38			3.00			1.62					3.38		
19-4021.00	3.88	3.75										3.50			2.62	4.00											1.75	1.50																		0.00	2.50	3.50		2.75	1.00	2.00	2.12			3.62				3.75			1.38			2.75	1.62	3.00							2.12					1.75			3.12			4.62	0.88			3.62		2.12	2.75				3.75							3.00	2.88	1.38			2.88			2.62					3.75		
19-4031.00	3.25	3.88										3.12			3.00	4.12											3.00	2.75																		0.00	3.12	3.25		3.25	1.00	1.88	2.50			3.12				3.88			2.62			3.00	2.62	3.25							2.25					0.62			3.38			4.12	2.75			4.12		2.75	2.88				3.38							3.00	3.12	1.62			3.00			3.00					4.00		
19-4042.00	3.12	4.00										3.50			3.00	3.75											1.25	1.38																		0.00	3.12	3.25		3.12	1.38	1.75	3.00			3.12				3.75			2.88			3.00	2.75	2.88							3.00					1.12			2.88			4.12	1.25			3.38		3.00	3.12				4.00							3.12	3.12	0.62			3.12			2.25					4.00		
19-4043.00	3.12	3.50										3.25			3.00	3.25											1.62	2.00																		0.00	2.62	3.00		2.38	1.25	1.38	2.38			3.00				3.25			2.38			2.38	0.88	2.62							3.00					1.25			2.38			4.00	1.88			2.25		2.50	2.62				3.25							2.50	2.25	1.12			3.12			2.00					3.50		
19-4051.00	2.88	3.75										3.12			3.12	3.38											3.12	2.50																		0.62	3.12	3.25		2.88	1.00	1.25	2.62			3.00				3.50			2.62			3.50	1.25	4.12							2.88					1.62			3.62			3.62	3.00			2.88		2.75	3.25				3.50							2.88	3.12	1.12			3.12			3.25					3.38		
19-4051.02	3.12	3.88										3.12			3.00	4.00											1.25	0.50																		0.00	3.00	3.38		3.25	1.12	1.12	2.75			3.12				4.00			2.75			2.88	0.25	3.62							2.75					0.62			3.12			4.00	0.75			3.12		2.75	2.88				3.38							3.00	2.88	0.62			3.12			2.75					3.62		
19-4061.00	3.62	4.12										3.12			3.00	3.88											0.00	0.50																		0.00	2.88	3.12		3.12	1.50	2.00	2.38			3.88				3.12			2.38			0.62	2.00	1.88							2.50					2.75			2.88			4.75	0.00			3.38		2.50	2.88				3.75							2.88	3.00	1.25			2.88			1.38					3.88		
19-4071.00	3.00	3.75										3.00			3.25	3.38											1.88	1.88																		0.25	3.00	3.38		3.00	1.38	1.75	3.12			2.75				3.62			2.38			2.88	1.12	2.88							3.12					1.62			2.75			3.75	1.88			2.25		2.88	3.12				3.50							3.00	3.00	1.12			3.25			2.00					3.12		
19-4092.00	3.88	4.12										3.62			3.12	4.12											1.00	1.88																		0.00	3.38	3.62		3.25	0.38	0.62	3.00			2.88				3.25			2.25			2.50	1.12	2.62							2.75					0.75			2.50			4.12	0.88			3.50		3.00	3.25				4.12							3.00	2.88	0.38			3.00			1.75					4.12		
19-4099.01	3.12	3.75										3.25			2.75	3.62											1.62	1.12																		0.50	3.00	3.12		2.88	0.75	1.38	2.00			3.25				3.88			2.62			3.00	1.88	3.25							2.50					0.75			4.00			3.88	1.38			2.88		2.88	3.00				3.62							3.00	3.00	1.12			3.00			3.00					3.38		
19-4099.03	3.50	3.75										3.38			3.38	3.88											2.00	2.38																		0.12	3.25	3.62		3.00	1.38	1.88	2.50			3.88				3.62			2.50			2.25	1.88	3.12							2.88					3.25			2.88			4.12	1.50			2.75		2.62	2.75				3.62							3.12	3.00	1.62			2.75			2.38					3.75		
19-5011.00	3.88	4.00										3.62			3.12	4.00											0.50	1.12																		0.00	3.38	3.75		3.62	1.75	1.88	3.00			3.25				4.00			2.88			2.00	3.00	3.50							3.62					1.12			3.38			4.00	0.38			3.00		3.00	3.75				4.00							3.62	3.75	1.00			3.00			2.12					4.00		
19-5012.00	3.12	4.00										3.25			3.00	4.00											0.00	0.00																		0.00	3.00	3.25		3.00	1.38	1.75	2.12			2.75				3.75			3.00			2.25	2.50	3.00							3.12					1.00			2.88			3.88	0.25			2.62		3.00	3.12				3.75							3.00	3.00	1.00			3.00			1.62					3.88		
21-1011.00	4.00	4.38										3.50			3.88	4.12											0.00	0.00																		0.00	3.25	3.88		3.75	1.00	1.00	3.00			2.00				4.00			3.25			0.88	1.50	1.75							3.75					1.00			1.25			4.25	0.00			1.38		4.00	5.00				4.25							3.25	3.25	1.00			3.12			0.50					4.00		
21-1012.00	4.00	4.12										3.75			3.75	4.00											0.00	0.00																		0.00	3.62	3.88		3.75	0.50	0.62	3.00			2.12				3.88			3.12			0.00	0.50	0.62							3.75					0.62			0.75			4.25	0.00			0.50		4.00	4.88				4.00							3.00	3.25	0.50			3.38			0.25					4.00		
21-1013.00	4.25	5.00										4.12			3.50	4.25											0.00	0.00																		0.00	3.62	4.25		3.75	0.38	0.25	3.00			1.75				4.00			3.75			0.12	3.00	0.50							3.75					0.25			0.25			4.25	0.00			2.88		4.25	5.75				4.25							3.75	3.88	0.50			3.12			0.00					4.25		
21-1014.00	4.00	5.00										4.00			3.50	4.38											0.00	0.00																		0.00	3.12	4.00		3.88	0.62	0.50	3.00			2.00				4.00			3.75			0.00	2.62	0.62							3.88					0.62			0.50			4.75	0.00			3.62		4.00	5.75				4.25							3.50	3.88	0.50			3.12			0.00					4.12		
21-1015.00	3.25	4.12										3.62			3.75	3.88											0.00	0.00																		0.00	3.00	3.62		3.75	0.62	0.50	3.00			2.00				4.12			3.12			0.12	3.00	0.75							3.75					0.50			0.25			4.00	0.00			2.00		4.00	4.88				4.00							3.62	3.50	0.62			3.12			0.00					4.00		
21-1021.00	3.75	4.75										3.50			3.88	4.25											0.00	0.00																		0.00	3.25	4.00		3.12	0.38	0.38	3.00			1.88				3.88			4.00			1.62	3.00	2.00							3.88					0.50			1.00			4.12	0.00			2.00		4.12	4.62				4.12							3.00	3.12	0.62			3.88			0.62					4.12		
21-1022.00	4.00	4.75										3.88			4.00	4.00											0.00	0.00																		0.00	3.00	3.88		3.62	0.75	0.88	3.12			2.00				3.88			3.25			0.88	3.00	0.88							3.75					0.75			0.88			4.25	0.00			2.62		4.38	5.12				4.25							2.50	3.62	0.75			3.25			0.00					4.12		
21-1023.00	3.88	4.00										4.00			4.00	4.00											0.00	0.00																		0.00	3.75	3.88		3.88	1.00	1.00	3.00			2.00				4.00			3.75			0.62	2.62	2.00							4.00					1.00			1.00			4.12	0.00			2.75		4.12	5.12				4.00							3.25	3.12	1.00			3.88			0.00					4.00		
21-1091.00	3.62	4.00										3.00			3.25	4.00											0.00	0.00																		0.00	3.25	3.12		4.12	2.12	2.12	3.00			2.25				3.75			3.12			0.75	3.00	1.62							3.25					0.50			0.38			4.00	0.00			2.75		3.25	3.88				4.25							3.12	3.00	1.00			3.25			0.00					4.00		
21-1092.00	3.25	4.00										3.38			3.75	4.00											0.00	0.00																		0.00	3.00	3.75		2.62	1.00	0.88	2.50			1.25				3.88			3.12			1.38	1.62	1.75							3.75					0.75			1.38			4.12	0.00			0.75		3.50	4.38				4.00							3.00	3.00	0.62			3.38			0.62					3.88		
21-1093.00	3.25	4.00										3.12			3.38	4.00											0.00	0.00																		0.00	3.12	3.25		3.00	1.25	1.38	2.38			2.00				3.75			3.00			1.62	1.38	1.38							3.38					0.88			1.25			4.00	0.00			1.50		4.00	4.12				4.12							3.12	3.00	0.88			3.12			0.25					3.88		
21-1094.00	3.62	4.00										3.50			3.62	3.75											0.00	0.00																		0.00	3.62	3.38		3.75	1.62	1.75	3.00			2.12				3.75			3.00			1.75	0.75	1.88							3.75					0.75			1.38			4.00	0.00			0.50		3.88	4.25				4.00							3.25	3.25	1.00			3.38			1.12					3.88		
21-2011.00	3.88	4.62										3.62			3.75	3.88											0.00	0.00																		0.00	4.00	4.00		3.88	2.62	2.62	3.75			2.12				4.00			3.88			0.38	0.75	0.75							4.00					0.50			0.00			4.75	0.00			0.38		4.25	5.00				4.75							2.88	3.38	0.62			3.88			0.00					4.12		
21-2021.00	3.88	4.00										3.75			3.88	4.00											0.00	0.00																		0.00	3.25	3.12		3.88	3.00	2.75	3.50			2.50				3.75			3.00			0.12	2.75	1.62							3.75					1.00			1.38			4.00	0.00			0.38		3.75	4.50				4.00							3.00	2.88	1.12			3.50			0.50					3.88		
23-1011.00	4.12	5.00										4.25			3.38	5.00											0.00	0.00																		0.00	3.12	4.38		3.12	2.12	2.00	3.00			2.12				3.75			4.38			0.00	2.25	0.38							5.00					0.50			0.00			4.88	0.00			0.50		3.50	4.00				4.88							3.50	3.25	0.50			4.00			0.00					4.88		
23-1012.00	4.12	4.25										3.62			3.00	4.62											0.00	0.00																		0.00	2.75	3.62		3.00	0.00	0.25	0.88			1.75				3.25			2.88			0.00	0.38	0.25							3.25					0.62			0.88			4.88	0.00			0.00		2.88	3.12				4.25							2.38	2.38	0.75			3.25			0.00					4.38		
23-1021.00	4.12	5.50										4.00			2.88	5.12											0.00	0.00																		0.00	2.88	4.88		2.88	1.00	0.62	2.50			2.38				4.00			3.50			0.00	1.75	0.50							3.62					0.50			0.12			4.75	0.00			0.75		2.88	4.00				4.75							2.75	2.88	0.88			3.38			0.00					4.88		
23-1022.00	4.00	4.75										3.75			3.12	4.75											0.00	0.00																		0.00	3.00	3.75		2.88	0.50	0.25	1.75			2.12				3.38			4.88			0.25	0.50	0.38							4.25					0.75			0.00			4.38	0.00			0.25		3.00	3.75				4.88							2.62	2.50	0.25			2.75			0.00					4.50		
23-1023.00	4.62	5.88										5.00			3.25	5.75											0.00	0.00																		0.00	3.12	4.75		2.88	0.75	0.75	3.12			2.12				4.12			3.88			0.00	2.38	0.25							3.62					0.38			0.00			4.75	0.00			1.38		2.88	4.00				4.88							3.25	3.00	0.75			4.00			0.00					4.88		
23-2011.00	3.12	4.00										3.00			3.00	3.62											0.00	0.00																		0.00	2.25	3.00		2.25	0.00	0.00	1.88			1.75				3.00			2.62			0.00	0.50	0.75							2.88					0.88			0.00			4.00	0.00			0.50		3.00	3.00				4.00							2.00	2.00	0.62			2.88			0.00					3.88		
23-2093.00	3.12	3.62										3.00			3.00	3.62											0.00	0.00																		0.00	2.00	2.75		2.12	0.62	0.62	2.50			2.25				3.00			2.25			0.00	1.00	0.75							2.38					0.25			0.25			3.88	0.00			0.25		2.88	2.75				3.50							2.12	1.62	0.00			3.25			0.00					3.62		
25-1011.00	4.38	4.12										3.75			3.00	4.38											0.00	0.00																		0.00	4.62	4.00		4.75	0.75	0.88	2.50			3.25				4.00			2.75			0.12	2.12	0.50							2.88					1.25			0.62			5.00	0.00			1.38		3.00	3.38				4.88							3.25	3.25	0.62			3.50			0.00					5.00		
25-1021.00	4.12	4.38										4.00			3.12	4.50											0.38	0.50																		0.00	4.75	3.88		4.38	1.00	1.62	3.00			3.50				4.00			2.88			0.75	2.62	1.25							3.00					3.12			1.62			5.00	0.00			2.62		3.25	3.75				4.88							3.62	3.38	1.88			3.62			0.38					4.88		
25-1022.00	4.12	4.00										3.62			3.00	4.12											0.00	0.00																		0.00	4.25	3.38		4.25	0.62	0.75	2.12			4.88				4.00			2.62			0.00	1.75	0.25							2.75					0.88			0.50			4.88	0.00			2.25		3.00	3.25				4.38							2.88	3.12	0.62			3.25			0.00					4.75		
25-1031.00	4.50	4.38										4.25			3.12	4.38											0.00	0.38																		0.00	4.88	4.12		4.38	1.12	2.00	3.00			3.75				4.12			3.00			0.50	3.12	1.25							3.00					1.00			1.25			5.00	0.00			2.62		3.25	3.62				4.88							3.25	3.50	0.88			3.50			0.38					5.00		
25-1032.00	4.12	4.12										3.38			3.00	4.12											0.00	0.38																		0.00	4.62	4.00		4.25	1.25	1.25	2.75			4.50				4.12			3.00			0.62	2.88	1.88							2.88					1.62			1.50			4.88	0.00			3.62		2.88	3.50				4.88							3.38	3.38	1.88			3.00			0.50					4.75		
25-1041.00	4.50	4.62										3.88			3.25	4.12											0.00	0.00																		0.00	4.75	4.00		4.62	1.25	1.75	2.88			3.25				4.25			2.62			1.12	1.50	1.38							2.88					0.88			1.88			5.00	0.00			3.62		3.00	3.38				5.00							3.25	3.38	0.75			3.50			0.88					5.00		
25-1042.00	4.50	4.38										3.75			2.88	4.12											0.62	0.38																		0.00	4.38	4.12		4.38	1.50	1.75	2.75			3.25				3.88			2.88			0.12	2.38	1.00							2.88					0.50			1.38			5.12	0.88			4.00		3.12	3.38				4.75							3.25	3.25	0.38			3.50			0.88					4.75		
25-1043.00	4.25	4.75										4.00			3.00	4.25											0.00	0.00																		0.00	4.88	3.50		4.12	1.75	1.75	3.00			3.12				3.88			2.88			1.38	2.62	1.50							2.88					1.12			1.25			5.00	0.00			3.38		3.00	3.75				4.75							3.00	3.12	1.00			3.25			0.62					4.88		
25-1051.00	4.25	4.62										3.88			3.12	4.25											0.00	0.00																		0.00	4.25	4.00		4.25	1.38	2.12	2.88			4.00				4.12			3.00			0.00	2.88	1.00							3.00					1.00			0.75			5.12	0.00			4.12		3.25	3.62				4.75							3.62	3.25	0.75			3.62			0.12					4.75		
25-1052.00	4.00	4.00										4.00			3.00	4.00											0.12	0.88																		0.00	4.62	3.75		4.00	1.75	1.75	3.00			3.75				4.00			2.38			0.25	3.00	1.88							3.00					1.12			2.12			5.00	0.00			4.25		3.00	3.38				5.00							3.25	3.12	1.25			3.62			1.12					4.88		
25-1053.00	4.25	4.25										3.88			3.25	4.25											0.00	0.00																		0.00	4.38	3.88		4.25	1.50	2.00	2.88			3.25				4.00			2.88			0.00	2.88	0.88							3.00					0.38			1.38			5.00	0.00			4.50		3.12	3.62				4.50							3.12	3.12	0.38			3.50			0.50					4.75		
25-1054.00	4.38	4.62										4.00			3.12	4.88											1.25	1.00																		0.00	4.38	3.88		4.38	1.38	2.00	3.12			4.00				4.00			2.50			0.62	2.75	1.62							3.00					1.12			2.12			5.00	1.38			4.62		3.00	3.12				5.00							3.12	3.00	1.00			3.12			1.50					5.00		
25-1061.00	4.75	4.75										3.75			3.25	4.50											0.00	0.00																		0.00	4.75	4.00		5.00	0.62	1.00	3.25			3.00				4.25			2.88			0.00	2.12	0.25							3.00					0.62			0.38			5.00	0.00			3.88		3.12	3.75				4.88							3.12	3.38	0.62			3.62			0.00					5.00		
25-1062.00	4.00	4.25										3.62			3.00	4.12											0.00	0.00																		0.00	3.88	3.62		4.00	1.62	1.62	3.12			2.12				3.88			2.38			0.00	2.75	0.38							3.12					1.00			0.62			4.88	0.00			2.75		3.00	3.50				4.75							3.00	3.00	1.00			3.75			0.00					4.88		
25-1063.00	4.12	4.12										3.62			3.00	4.12											0.00	0.00																		0.00	4.25	3.88		4.00	1.12	0.88	2.62			3.75				3.62			2.12			0.00	2.75	1.12							2.50					1.38			0.25			4.38	0.00			2.88		2.75	3.50				4.25							3.12	3.12	0.75			3.00			0.00					4.12		
25-1064.00	4.12	4.00										3.75			3.38	4.00											0.00	0.00																		0.00	4.75	3.75		3.88	1.38	1.25	3.00			3.00				3.88			3.00			0.00	2.50	0.50							3.12					1.38			0.38			4.75	0.00			3.50		3.00	3.25				4.88							3.00	3.00	1.12			3.25			0.00					4.88		
25-1065.00	4.00	4.00										4.00			3.00	4.12											0.00	0.00																		0.00	4.25	3.75		4.00	0.88	1.00	2.88			2.12				3.62			2.88			0.00	2.88	0.25							3.12					0.25			0.50			4.88	0.00			2.25		3.12	3.50				5.00							3.00	3.00	0.25			3.12			0.00					4.88		
25-1066.00	4.62	4.88										3.88			3.00	4.25											0.00	0.00																		0.00	4.25	4.12		5.00	0.75	1.00	3.00			3.25				3.88			2.50			0.00	2.25	0.38							2.88					1.00			0.50			5.00	0.00			4.12		3.00	4.50				5.00							3.12	3.25	0.75			3.50			0.00					5.00		
25-1067.00	4.38	4.12										3.75			2.88	4.12											0.00	0.00																		0.00	4.62	4.00		4.88	0.75	0.88	2.62			3.25				3.88			2.75			0.00	2.50	0.38							2.88					0.50			0.50			4.88	0.00			3.75		3.00	3.88				4.75							3.25	3.25	0.38			3.62			0.00					4.75		
25-1071.00	4.00	4.62										4.00			3.50	4.12											0.75	0.62																		0.00	4.38	3.88		4.12	1.12	1.25	2.88			3.00				3.88			3.00			0.62	2.75	1.38							3.12					0.50			1.38			5.00	0.75			3.50		3.00	3.62				4.88							2.88	2.88	0.50			3.88			0.75					5.00		
25-1072.00	4.00	4.62										4.00			4.00	4.25											0.00	0.38																		0.00	5.00	3.88		4.25	1.62	1.75	3.00			2.88				4.12			3.00			0.62	2.50	2.00							3.12					1.12			1.88			5.00	0.00			2.75		3.25	4.00				4.75							3.25	3.25	1.12			3.75			1.00					4.88		
25-1081.00	4.25	4.62										4.00			3.00	4.00											0.00	0.00																		0.00	4.25	4.00		4.50	1.25	1.88	3.00			2.25				4.00			2.88			0.00	2.62	0.25							2.88					0.50			0.25			4.88	0.00			2.00		2.88	3.62				4.88							3.25	3.25	0.75			3.50			0.00					4.88		
25-1082.00	4.38	4.62										3.75			3.25	4.12											0.00	0.00																		0.00	4.12	3.75		4.38	1.25	1.38	2.88			2.25				4.12			2.62			0.00	1.62	0.50							2.75					0.75			0.75			5.00	0.00			2.12		2.88	3.62				4.75							3.38	3.38	0.75			3.50			0.00					4.75		
25-1111.00	4.00	4.75										3.75			3.00	4.12											0.00	0.00																		0.00	4.12	3.62		4.00	0.50	0.62	2.88			2.00				4.00			2.75			0.00	2.25	0.50							3.00					0.50			0.12			4.88	0.00			1.50		3.00	3.75				4.88							3.12	2.88	0.38			3.25			0.00					4.50		
25-1112.00	4.75	4.88										3.75			3.00	4.88											0.00	0.00																		0.00	4.38	4.12		4.50	0.25	0.62	2.75			2.25				3.75			3.12			0.00	1.25	0.50							3.75					0.75			0.50			5.12	0.00			0.75		3.00	3.12				5.00							3.12	3.50	0.75			3.12			0.00					5.00		
25-1113.00	4.88	4.12										3.88			3.75	4.25											0.00	0.00																		0.00	4.88	4.00		4.88	0.88	1.50	2.88			2.62				3.88			3.00			0.00	2.88	0.50							3.00					1.00			0.50			4.88	0.00			2.62		3.62	3.88				4.88							3.12	3.38	0.88			3.62			0.00					4.75		
25-1121.00	4.25	4.12										3.38			3.12	3.88											0.00	0.25																		0.25	4.75	3.62		4.25	1.50	2.00	2.88			2.12				3.88			2.75			0.25	2.62	0.50							3.00					0.38			0.75			4.62	0.50			1.12		2.88	3.75				4.75							3.00	3.00	0.62			3.75			0.00					4.12		
25-1122.00	4.25	4.12										3.50			3.00	4.12											0.00	0.00																		0.00	4.62	3.88		4.50	1.50	1.12	3.00			2.75				3.88			3.00			0.00	2.12	0.75							3.00					0.62			0.38			4.75	0.00			1.88		3.00	3.62				4.88							3.12	3.00	0.75			3.38			0.00					4.62		
25-1123.00	4.00	4.25										3.50			3.12	4.00											0.00	0.00																		0.00	4.38	3.75		5.00	0.00	0.50	3.00			1.88				4.00			3.00			0.00	2.00	0.25							3.00					0.62			0.25			5.00	0.00			0.88		3.12	3.75				4.75							3.00	3.00	0.50			3.25			0.00					4.88		
25-1124.00	4.00	4.62										3.62			3.00	3.88											0.00	0.00																		0.00	4.12	3.75		4.00	0.12	0.62	2.75			1.62				3.88			2.75			0.00	2.38	0.50							2.75					0.88			0.75			4.88	0.00			1.38		3.00	3.62				4.75							2.88	3.00	0.88			3.25			0.00					4.75		
25-1125.00	4.00	4.12										3.75			3.12	3.88											0.00	0.00																		0.00	4.25	3.75		4.25	0.88	0.75	3.00			2.00				4.00			2.88			0.00	2.50	0.38							3.00					0.25			0.25			4.75	0.00			1.75		3.12	3.88				4.75							3.00	3.00	0.25			3.75			0.00					4.75		
25-1126.00	4.38	4.38										3.75			3.00	4.25											0.00	0.00																		0.00	4.38	3.62		4.62	0.25	0.88	2.75			2.12				3.88			2.50			0.00	1.88	0.50							3.12					0.75			0.38			4.88	0.00			1.38		3.00	3.38				4.75							3.12	3.25	0.62			3.00			0.00					5.00		
25-1192.00	4.12	4.25										3.25			3.00	4.00											0.00	0.00																		0.00	4.25	3.62		4.25	0.88	1.38	2.62			2.88				4.00			2.50			0.00	2.25	0.62							2.88					0.75			1.38			4.62	0.00			2.25		3.00	3.25				4.75							3.12	3.25	0.75			3.12			0.38					4.12		
25-1193.00	4.00	4.00										3.38			3.25	4.00											0.00	0.00																		0.00	4.25	3.88		4.00	1.38	1.25	2.88			2.62				4.00			3.00			0.00	2.62	1.12							3.12					0.38			1.12			4.25	0.00			2.75		3.00	3.88				4.12							3.12	3.12	1.00			3.38			0.75					4.12		
25-1194.00	4.00	4.00										3.12			3.00	3.75											1.38	2.12																		0.25	4.00	3.00		4.00	1.50	1.88	2.88			2.25				4.00			3.00			1.88	2.62	2.50							3.00					0.62			2.38			3.88	1.25			1.00		3.00	3.25				4.00							2.62	2.88	1.12			3.00			1.88					4.00		
25-2011.00	3.00	3.12										3.00			3.62	3.12											0.00	0.38																		0.00	3.25	3.00		4.00	0.62	1.25	2.88			1.88				3.50			2.88			0.00	1.38	1.00							3.00					0.00			1.75			3.25	0.00			0.62		3.00	3.62				3.12							2.00	2.12	0.62			3.00			0.75					3.00		
25-2012.00	3.12	4.00										3.12			3.38	3.75											0.00	0.00																		0.00	3.25	3.12		3.88	0.25	0.88	3.00			2.25				4.00			3.12			0.00	0.88	1.25							3.12					0.50			1.00			3.75	0.00			0.50		3.12	4.00				3.25							3.00	3.00	0.88			3.25			0.62					3.25		
25-2021.00	3.88	4.00										3.12			3.75	3.88											0.00	0.50																		0.00	4.00	3.62		4.50	0.12	0.88	2.75			2.88				4.00			3.00			0.25	1.88	1.00							3.00					0.75			1.00			3.88	0.00			2.00		3.50	4.00				4.00							3.00	3.00	1.00			3.38			0.00					3.75		
25-2022.00	4.00	3.88										3.25			3.75	3.88											0.00	0.00																		0.00	4.00	3.00		4.00	0.88	1.00	3.00			2.88				3.88			3.00			0.00	0.25	1.12							3.00					0.25			1.00			4.00	0.00			1.25		3.25	4.00				4.00							3.00	3.00	0.75			3.75			0.00					3.88		
25-2023.00	3.50	4.00										3.00			3.12	3.88											0.25	0.62																		0.00	4.00	3.00		4.00	1.12	2.00	2.62			2.38				3.75			2.75			1.62	2.62	1.75							3.00					0.75			1.88			4.12	0.38			1.38		3.12	3.88				4.00							3.00	3.12	0.88			3.00			1.38					3.62		
25-2031.00	3.88	4.00										3.12			3.00	4.00											0.00	0.00																		0.00	4.00	3.75		4.25	0.88	1.75	3.00			3.00				4.00			2.88			0.00	1.25	0.75							3.00					0.75			1.50			4.00	0.00			1.88		3.38	4.00				4.12							3.00	3.00	0.62			3.12			0.12					3.75		
25-2032.00	4.00	4.00										3.50			3.50	4.00											1.12	1.00																		0.00	4.25	3.12		4.12	1.00	2.00	2.62			3.12				4.00			3.00			2.00	0.88	2.00							3.50					0.75			1.75			4.12	1.12			0.88		3.38	3.75				4.12							3.00	3.00	0.88			3.50			1.50					3.88		
25-2051.00	3.75	4.12										3.38			3.50	3.88											0.00	0.25																		0.00	3.25	3.38		4.00	0.38	1.12	2.75			2.12				4.00			2.88			0.00	1.25	1.25							3.12					1.00			1.25			4.12	0.00			1.50		3.50	4.00				4.25							3.25	3.25	0.75			3.00			0.50					4.00		
25-2056.00	3.62	3.88										3.38			3.25	3.75											0.00	0.50																		0.00	3.62	3.25		4.62	0.88	1.38	2.62			2.62				3.88			2.50			0.75	1.00	1.00							3.00					0.75			2.12			4.00	0.00			1.00		3.25	4.25				3.88							2.38	2.62	1.25			3.00			0.62					3.88		
25-2057.00	4.00	4.00										3.25			3.88	3.88											0.00	0.00																		0.00	4.00	3.12		4.12	0.12	0.12	2.88			2.62				3.88			3.00			0.12	0.38	0.38							3.12					0.38			0.25			4.00	0.00			0.88		3.25	4.00				4.00							3.00	3.00	0.62			3.75			0.00					4.00		
25-2058.00	3.88	4.00										3.25			3.88	3.88											0.00	0.00																		0.00	4.00	3.75		4.75	0.75	1.50	2.38			2.50				4.00			3.00			0.00	1.75	1.25							3.00					0.50			1.12			4.00	0.00			1.62		3.88	4.00				4.00							3.00	3.00	0.88			3.38			0.00					4.00		
25-2059.01	3.88	4.12										3.38			3.88	3.88											0.00	0.25																		0.00	3.62	3.88		4.00	0.50	1.38	2.88			2.00				3.88			3.12			0.50	2.00	2.00							3.62					0.25			1.75			4.00	0.00			0.88		3.75	4.12				4.00							3.00	3.25	1.12			3.25			0.88					3.88		
25-3011.00	3.25	3.75										3.00			3.38	3.50											0.00	0.00																		0.00	4.00	3.00		3.88	0.12	0.12	2.88			2.50				3.88			3.12			0.00	0.62	1.12							3.00					0.62			0.12			3.88	0.00			0.62		3.12	3.75				4.00							2.88	2.88	1.12			3.25			0.00					3.88		
25-3021.00	3.12	3.25										2.88			3.00	3.12											0.00	0.00																		0.00	3.25	3.00		3.50	0.25	0.50	2.25			1.62				3.12			2.00			0.75	1.50	1.38							2.88					0.75			1.25			3.75	0.00			0.38		3.00	3.25				3.62							2.12	2.12	0.75			2.75			0.62					3.12		
25-3031.00	2.88	3.75										2.75			2.75	3.25											0.00	0.12																		0.00	3.12	2.75		3.00	0.00	0.50	2.25			1.38				3.38			2.62			0.12	0.75	0.75							2.88					0.38			0.50			3.75	0.00			0.50		3.00	3.62				3.50							2.12	1.75	0.88			2.88			0.00					3.38		
25-3041.00	3.50	4.00										3.12			3.00	3.75											0.00	0.00																		0.00	3.88	3.25		3.88	0.00	0.38	2.62			2.50				3.50			2.88			0.00	0.88	0.50							3.12					0.50			0.25			4.00	0.00			0.62		3.12	3.12				3.88							2.75	2.75	0.50			3.38			0.00					3.75		
25-4011.00	3.38	4.00										3.12			2.88	3.88											0.00	0.00																		0.00	2.88	3.25		3.00	1.62	2.00	2.88			2.00				3.12			2.50			0.00	2.12	1.38							2.75					0.62			2.00			4.12	0.00			1.38		3.12	2.88				3.88							3.00	2.88	0.88			2.88			0.62					4.12		
25-4012.00	4.12	4.25										3.62			3.75	4.38											0.00	0.12																		0.12	3.38	3.88		3.50	3.62	3.75	3.62			3.00				4.00			3.38			0.38	2.38	1.25							3.62					1.00			2.50			4.62	0.00			1.25		3.00	3.38				4.12							3.38	3.75	0.88			3.62			0.50					4.62		
25-4013.00	3.12	3.88										3.00			3.12	3.38											0.38	1.00																		0.50	3.12	3.12		3.00	1.12	1.62	2.12			2.50				3.25			2.50			1.38	0.50	2.00							2.50					0.62			2.75			4.12	0.88			2.25		2.75	3.00				3.50							2.75	2.75	1.38			2.88			1.00					3.75		
25-4022.00	3.00	3.88										2.62			2.75	3.75											0.12	0.38																		0.25	3.12	3.00		3.12	2.75	2.38	2.75			1.75				3.38			2.50			0.38	1.50	1.25							2.62					1.38			0.38			4.00	0.00			0.25		3.25	3.12				3.50							2.25	2.38	1.12			2.88			0.38					3.75		
25-4031.00	2.88	3.12										2.00			3.00	3.25											0.62	0.12																		0.00	2.88	2.50		2.88	1.00	1.38	2.62			2.12				2.88			1.50			0.88	1.00	1.00							2.00					0.75			0.50			3.88	0.12			0.25		3.25	2.88				3.00							2.00	1.88	0.50			2.62			0.75					3.00		
25-9021.00	4.50	4.12										4.00			3.88	3.88											0.00	0.25																		0.00	3.88	4.00		4.12	2.75	2.50	2.88			3.50				4.00			3.25			2.25	2.50	2.12							3.88					0.88			1.25			4.75	0.00			2.75		3.88	4.00				4.25							3.88	4.00	1.50			3.25			0.50					4.25		
25-9031.00	4.12	4.38										3.88			3.88	4.12											0.00	0.12																		0.00	4.25	4.12		4.75	2.38	2.50	3.38			2.88				4.25			3.38			0.00	1.50	1.25							3.38					0.62			1.50			4.62	0.00			0.62		3.62	4.00				4.38							3.75	3.88	0.75			3.88			0.50					4.50		
25-9042.00	2.88	3.62										3.00			3.12	3.00											0.00	0.00																		0.00	3.00	2.88		3.50	0.88	1.50	2.25			2.50				3.38			2.88			0.25	0.62	1.38							3.00					0.62			1.25			3.62	0.00			0.88		3.38	3.38				3.25							2.00	2.00	1.00			3.12			1.25					3.50		
25-9043.00	2.75	3.38										2.25			3.00	3.50											0.12	0.62																		0.00	3.00	2.50		3.62	0.25	0.38	1.75			1.25				3.25			2.62			0.62	0.62	0.88							3.00					0.75			0.75			3.50	0.00			0.50		3.12	3.38				3.25							1.62	1.88	0.88			2.38			0.00					3.12		
25-9044.00	3.12	4.00										3.12			3.00	3.38											0.00	0.00																		0.00	3.50	3.00		3.50	0.38	0.88	2.25			2.00				3.25			2.25			0.00	2.00	1.25							2.62					1.00			1.50			4.25	0.00			1.62		3.12	3.12				3.50							2.38	2.12	1.12			3.00			0.88					3.38		
27-1011.00	3.88	4.00										3.75			3.88	4.00											0.12	0.12																		0.00	3.38	3.88		3.38	2.75	2.62	3.25			2.62				3.62			3.25			0.00	3.50	1.00							3.75					0.75			2.00			3.75	0.12			0.25		3.12	3.38				4.00							3.00	3.38	0.50			3.62			0.12					4.00		
27-1012.00	2.62	3.00										2.75			2.12	3.12											1.38	2.00																		0.00	0.88	3.00		2.12	2.00	2.00	2.00			2.12				3.00			2.00			2.00	2.12	2.00							3.00					0.38			2.38			3.00	1.38			0.00		2.88	3.00				3.00							1.88	2.00	0.50			2.00			1.38					2.75		
27-1013.00	3.38	3.25										2.88			2.25	3.25											0.00	1.62																		0.00	0.88	3.00		2.38	1.75	1.38	1.25			1.38				2.88			1.75			1.88	2.75	2.00							2.00					0.62			2.50			3.12	0.00			0.00		2.50	2.75				2.88							2.00	2.12	1.25			2.75			1.38					2.75		
27-1014.00	3.38	3.88										3.25			3.62	3.75											0.00	1.12																		0.00	3.00	3.12		3.00	1.88	1.88	2.50			2.38				3.25			3.00			2.00	1.75	1.88							3.00					1.62			0.88			4.00	0.00			0.12		2.88	2.88				3.50							3.00	2.75	1.75			3.00			0.12					3.00		
27-1021.00	4.00	4.00										3.88			3.62	4.00											0.00	1.88																		0.00	2.88	3.75		2.88	1.75	2.12	2.88			3.50				3.75			2.75			1.50	3.88	2.50							3.62					1.50			2.88			4.12	0.00			2.75		2.38	3.25				4.00							3.50	3.75	3.62			3.12			0.88					3.88		
27-1022.00	3.25	3.88										3.25			3.75	4.00											0.00	0.50																		0.00	3.00	3.62		3.12	2.75	2.62	3.25			2.25				3.62			3.12			0.00	3.25	1.75							3.62					0.50			2.25			3.75	0.00			0.38		2.88	3.75				3.88							3.00	3.50	1.00			3.75			0.88					3.50		
27-1023.00	2.88	3.12										2.62			2.88	3.38											0.00	0.62																		0.00	2.25	2.75		2.12	1.75	2.25	2.25			2.12				2.88			2.50			0.38	2.75	0.38							2.88					0.38			1.38			3.00	0.00			0.25		3.00	3.00				3.38							1.88	1.50	0.50			2.88			0.00					2.75		
27-1024.00	3.25	3.25										3.12			3.12	3.88											0.00	0.12																		0.00	3.00	3.00		3.00	1.12	1.12	2.50			2.12				3.12			3.12			0.12	2.75	1.75							3.12					1.38			1.12			3.75	0.00			0.12		3.00	3.00				3.75							2.75	2.75	1.88			3.00			0.00					3.00		
27-1025.00	3.12	4.00										3.75			3.75	4.00											0.00	0.00																		0.00	3.00	3.25		2.75	2.88	2.75	3.00			3.12				3.12			3.62			0.88	3.00	1.88							3.62					1.00			1.88			4.00	0.00			0.12		3.88	3.25				4.00							3.12	2.88	1.00			3.00			0.88					3.88		
27-1026.00	3.00	3.12										2.88			3.12	3.38											0.00	0.50																		0.12	2.38	3.00		2.00	0.75	1.50	2.38			1.38				2.88			2.25			1.00	2.00	1.00							3.00					0.50			1.75			3.12	0.00			0.25		2.88	2.88				3.25							2.38	2.38	0.75			2.88			0.75					2.88		
27-1027.00	3.12	3.88										3.88			3.50	3.75											0.50	1.38																		0.62	3.00	3.12		2.75	2.75	2.75	3.38			3.38				3.50			3.00			1.25	3.75	1.88							3.25					0.88			2.25			4.00	0.38			0.88		3.12	3.12				3.62							3.00	2.88	1.62			3.62			1.00					3.12		
27-2011.00	2.62	3.62										2.62			3.00	3.00											0.00	0.00																		0.00	2.62	3.00		2.50	0.00	0.00	2.38			0.00				3.00			2.62			0.00	1.38	0.25							2.75					0.00			0.00			3.88	0.00			0.50		2.25	3.75				4.00							1.62	1.62	0.38			3.00			0.00					3.38		
27-2012.00	3.50	4.38										3.50			4.50	4.12											0.00	1.12																		0.00	3.25	3.62		3.50	3.62	3.25	4.00			2.62				4.25			3.38			1.75	2.00	2.12							3.50					0.88			2.50			4.00	0.00			0.12		2.88	3.88				4.25							3.50	3.25	1.62			4.12			1.00					4.25		
27-2012.03	3.88	4.00										4.00			4.25	4.12											0.00	0.00																		0.00	3.38	4.12		3.12	2.88	3.00	3.75			2.12				3.88			3.25			2.00	3.12	2.38							3.50					0.75			1.38			4.00	0.00			0.38		3.00	3.88				4.00							3.62	3.75	1.00			3.88			0.38					3.88		
27-2012.04	3.12	4.00										3.25			3.38	4.00											0.00	0.00																		0.00	3.00	3.50		2.62	1.75	1.38	3.00			1.88				3.62			3.75			0.00	2.00	0.50							3.25					0.62			0.62			4.00	0.00			0.50		3.00	3.75				4.00							2.88	2.62	0.50			3.00			0.25					3.25		
27-2012.05	3.62	4.00										3.62			4.00	4.00											2.00	2.75																		0.00	3.62	3.62		3.50	1.50	2.00	3.50			2.25				4.62			3.00			3.00	1.88	3.25							3.25					1.12			3.12			4.00	1.50			0.12		2.88	3.62				4.00							3.75	3.25	1.62			3.75			2.00					3.50		
27-2021.00	3.00	3.25										2.88			3.75	3.12											0.88	0.00																		0.00	3.00	2.88		3.00	1.00	1.12	2.50			1.50				3.00			2.38			1.38	2.00	1.88							2.50					0.00			1.38			3.00	0.00			1.00		2.75	3.00				3.00							2.12	2.38	0.88			3.00			1.00					2.88		
27-2022.00	4.00	4.00										3.88			4.12	4.00											0.00	1.38																		0.00	4.75	4.12		4.00	2.38	2.62	4.38			2.00				4.75			4.00			1.25	2.88	2.00							4.12					0.38			2.50			4.00	0.00			1.12		3.88	4.00				4.00							3.88	4.12	1.50			4.00			1.00					4.00		
27-2023.00	3.00	3.00										2.75			3.00	3.50											0.12	0.12																		0.00	2.75	3.00		2.88	0.00	0.00	2.00			2.12				3.12			2.75			0.12	1.00	0.75							2.62					0.00			1.00			3.12	0.00			0.75		2.75	2.75				3.12							2.00	1.88	0.50			2.88			0.38					2.50		
27-2031.00	2.88	3.00										2.12			3.75	2.62											0.00	0.00																		0.00	2.75	2.25		2.75	0.00	0.00	2.00			0.38				3.00			2.12			0.00	0.62	0.38							2.62					0.00			0.00			2.88	0.00			0.00		2.62	3.00				3.00							1.75	1.38	0.12			2.50			0.00					2.50		
27-2032.00	3.25	3.88										3.00			4.00	3.38											0.00	0.00																		0.00	4.00	3.00		3.50	0.62	0.88	3.38			0.88				3.75			3.00			0.00	2.75	0.50							3.12					0.12			0.25			3.38	0.00			0.12		3.25	3.88				3.88							2.62	2.75	0.75			3.38			0.00					3.00		
27-2041.00	3.38	3.62										3.12			3.75	3.75											0.00	1.00																		0.00	3.00	3.12		3.00	2.38	1.50	3.12			1.62				3.62			3.12			0.62	2.12	0.38							3.25					1.12			1.12			3.50	0.00			0.38		2.62	3.62				3.62							3.00	3.00	1.25			3.12			0.38					3.50		
27-2042.00	2.50	3.25										2.62			3.12	2.62											0.25	0.50																		0.25	3.00	2.75		2.75	0.38	0.62	2.25			1.25				2.88			2.50			0.62	1.50	1.50							2.38					0.38			1.00			2.88	0.25			0.25		2.62	3.12				3.38							2.62	2.38	1.00			2.50			0.62					2.75		
27-3011.00	3.12	4.00										3.00			3.38	4.00											0.38	0.38																		0.00	2.00	3.00		2.12	0.50	0.50	2.00			0.88				3.12			2.75			2.00	1.00	2.00							2.88					0.12			1.38			4.00	0.25			0.00		3.00	3.75				4.12							2.00	2.00	0.12			3.12			0.50					4.00		
27-3023.00	3.38	3.75										3.12			3.38	3.50											0.00	0.00																		0.00	2.38	3.00		2.25	1.00	1.12	2.75			1.50				3.12			2.62			1.38	0.75	1.38							3.25					0.75			1.12			3.62	0.00			0.00		3.12	3.62				3.88							2.25	2.12	1.25			3.38			0.00					4.25		
27-3031.00	3.75	4.12										3.50			4.00	4.12											0.00	0.00																		0.00	3.00	4.00		3.12	1.75	1.50	2.75			2.00				3.50			3.38			0.00	2.88	0.62							4.12					0.50			0.50			4.00	0.00			0.50		3.12	4.12				4.25							3.12	3.38	1.38			3.88			0.00					4.00		
27-3041.00	3.88	4.00										3.12			3.38	4.00											0.00	0.00																		0.00	3.12	3.38		3.00	0.75	0.50	3.38			2.38				3.38			3.50			0.25	1.50	1.50							3.38					0.75			3.25			5.12	0.00			0.00		2.75	3.50				4.00							3.12	2.75	0.62			4.00			0.00					5.00		
27-3042.00	3.62	3.88										3.00			3.00	3.88											0.00	0.00																		0.00	2.75	3.00		2.25	0.38	0.62	2.12			0.62				3.00			2.38			0.00	2.50	0.50							2.88					0.38			1.88			4.88	0.00			0.25		1.88	2.75				3.75							2.12	1.25	0.38			3.00			0.12					5.00		
27-3043.00	3.25	3.75										3.00			3.12	4.00											0.00	0.00																		0.00	2.38	3.00		2.88	0.25	0.25	2.62			0.50				3.00			3.00			0.00	0.62	0.00							3.50					0.75			0.88			4.12	0.00			0.12		3.38	3.12				3.75							2.12	2.12	1.12			3.38			0.00					5.12		
27-3043.05	3.75	3.75										3.25			3.00	3.75											0.00	0.00																		0.00	2.12	3.25		2.75	0.62	0.50	1.00			0.75				3.00			2.50			0.00	1.38	0.25							3.12					0.75			0.75			4.75	0.00			0.12		2.12	3.50				3.88							2.12	2.12	0.62			2.75			0.00					5.75		
27-3091.00	3.00	4.25										3.00			3.00	3.88											0.00	0.00																		0.00	3.00	3.00		3.12	0.38	0.38	2.50			1.25				3.75			2.25			0.00	0.75	1.38							2.38					0.12			1.25			4.00	0.00			0.12		3.12	3.62				4.00							2.12	2.12	1.00			3.00			0.25					4.00		
27-3092.00	2.38	3.88										2.00			1.75	2.75											0.50	0.25																		0.00	0.50	2.00		1.88	0.00	0.00	0.50			0.62				3.00			0.88			1.38	0.12	1.62							0.88					0.12			1.88			3.62	0.38			0.00		1.75	2.25				3.12							0.88	0.75	0.00			2.62			0.75					3.25		
27-4011.00	3.00	3.25										3.00			3.12	3.75											2.38	2.25																		2.12	3.00	2.88		3.00	1.00	1.75	2.75			2.00				3.38			2.50			3.00	1.62	3.12							2.50					1.25			3.00			3.62	2.50			0.00		3.12	3.00				3.12							2.88	2.75	1.75			3.00			2.88					3.12		
27-4012.00	3.12	3.62										3.25			3.00	3.38											2.88	3.00																		2.00	2.88	3.12		3.00	1.25	1.50	2.88			2.88				3.62			2.12			3.00	2.00	3.62							2.38					1.88			3.25			3.62	2.62			1.00		2.25	3.00				3.25							3.00	2.88	2.25			3.12			3.12					3.12		
27-4014.00	3.12	3.50										3.12			3.12	3.75											2.75	2.50																		0.62	2.88	3.00		2.50	0.88	1.75	2.38			2.00				3.38			2.62			3.25	0.38	3.12							3.00					0.88			3.00			3.62	2.38			0.75		3.12	3.00				3.12							3.12	3.12	1.75			3.00			2.75					3.00		
27-4021.00	3.12	3.62										3.00			3.00	3.25											1.00	2.25																		0.38	2.88	3.00		2.88	0.88	1.12	2.88			1.75				3.12			2.88			2.00	2.88	2.25							3.00					0.62			2.50			3.12	0.75			1.50		3.12	3.00				3.25							2.38	2.38	1.62			3.00			1.75					2.88		
27-4031.00	3.00	3.25										3.12			3.75	3.50											2.00	2.88																		0.12	2.75	3.12		2.88	0.75	1.62	2.75			1.88				3.12			2.38			2.88	2.12	3.00							2.88					0.50			3.00			3.25	1.88			0.00		2.88	3.12				3.12							2.12	2.12	2.00			3.12			2.12					2.88		
27-4032.00	3.25	3.75										3.12			3.00	3.50											0.50	1.25																		0.00	2.62	3.12		2.75	0.88	0.75	1.88			1.75				3.00			2.62			1.25	2.00	2.12							3.00					0.62			2.38			3.75	0.50			0.00		2.62	2.88				3.25							2.88	2.75	1.38			3.00			1.25					3.12		
29-1011.00	3.88	4.12										3.62			3.38	4.12											0.00	0.00																		0.00	3.12	3.62		3.12	1.50	1.75	2.88			2.50				3.38			2.50			1.75	2.25	1.62							3.25					0.50			1.88			4.50	0.00			3.75		3.75	3.88				3.88							3.12	3.25	0.75			3.25			0.62					3.88		
29-1021.00	4.50	4.00										4.12			4.00	4.38											0.88	2.12																		0.38	3.88	4.12		3.75	3.00	3.00	3.75			3.00				4.00			3.12			2.88	2.38	2.62							3.88					0.75			2.75			5.00	0.62			3.75		3.75	3.75				4.00							3.00	3.00	2.12			4.00			1.50					4.00		
29-1022.00	4.50	4.00										4.38			3.50	4.75											1.38	1.88																		0.00	3.50	4.12		3.38	1.50	1.50	3.12			2.75				3.88			2.75			3.00	3.38	2.38							3.25					0.50			2.62			5.25	1.25			3.88		3.88	3.88				4.12							3.25	3.50	1.88			3.25			1.50					3.88		
29-1023.00	4.00	4.00										4.00			3.88	4.00											0.00	1.38																		0.00	3.62	3.88		3.50	2.00	2.25	3.25			2.62				4.00			3.00			2.00	3.62	2.75							3.25					0.50			2.25			4.12	0.00			3.50		3.25	3.88				4.00							3.00	2.88	2.00			4.00			1.25					4.00		
29-1024.00	3.25	4.00										3.88			3.00	4.00											1.12	1.62																		0.25	3.12	3.38		3.00	2.00	2.12	3.00			2.62				3.75			2.75			2.25	3.25	2.88							3.00					0.88			3.00			3.88	1.12			3.00		3.25	3.50				4.00							2.75	2.75	1.88			3.25			2.12					3.50		
29-1031.00	4.12	4.00										4.12			3.88	4.12											0.00	0.00																		0.00	3.88	4.00		4.12	3.38	2.88	3.50			3.00				4.12			3.62			0.00	3.38	1.75							4.00					1.00			3.00			4.88	0.00			3.62		4.12	4.25				4.12							3.50	3.62	1.25			3.50			0.62					4.25		
29-1041.00	3.88	4.25										3.88			3.50	4.25											0.00	0.00																		0.00	3.25	3.88		3.12	2.12	2.12	3.12			3.00				3.50			3.00			2.25	2.12	2.12							3.38					1.12			2.88			4.88	0.00			3.88		3.75	3.88				4.00							3.12	3.12	0.88			3.25			1.88					4.00		
29-1051.00	4.12	4.38										3.50			3.75	4.38											0.00	0.38																		0.00	3.75	3.88		3.38	2.25	2.62	3.38			3.25				4.50			2.88			0.62	2.75	2.00							3.12					0.62			2.50			4.75	0.00			3.75		3.75	4.00				4.25							3.00	3.25	1.00			3.62			0.88					4.00		
29-1071.00	4.12	4.12										4.00			4.00	4.62											0.00	0.25																		0.00	4.00	4.12		3.38	1.25	1.50	3.00			3.00				4.00			3.12			0.00	2.75	2.00							3.50					1.12			2.25			4.75	0.00			3.88		4.12	4.12				4.00							3.12	3.75	1.12			3.75			1.12					4.00		
29-1071.01	3.62	3.88										3.38			3.50	3.75											1.75	2.25																		0.62	3.25	3.62		3.25	1.25	2.00	2.88			2.88				3.88			2.88			3.38	1.12	3.50							2.88					0.62			2.88			4.25	1.88			2.88		3.50	3.62				3.75							2.88	3.12	1.38			3.12			2.50					3.50		
29-1081.00	4.88	4.62										4.12			3.75	4.25											0.00	1.88																		0.00	3.50	4.00		3.50	2.50	2.50	3.00			3.00				4.00			3.00			2.12	2.62	2.25							3.12					0.50			2.62			5.25	0.00			3.75		3.62	4.12				4.12							3.12	3.12	2.38			3.50			1.88					4.25		
29-1122.00	3.88	4.00										3.75			3.88	4.00											0.00	0.25																		0.00	4.00	3.88		3.88	1.62	2.00	3.00			2.00				4.00			2.88			1.00	3.00	2.12							3.12					1.00			1.75			4.00	0.00			2.75		4.00	4.00				4.00							3.12	3.12	1.38			3.88			1.00					4.00		
29-1122.01	3.88	4.00										3.50			3.12	3.88											0.00	0.25																		0.00	3.75	3.38		3.88	0.12	0.75	2.88			1.88				4.00			3.00			2.00	0.75	2.25							3.12					0.50			1.38			4.00	0.00			1.38		3.50	4.00				4.00							3.12	3.12	1.62			3.12			0.62					4.00		
29-1123.00	3.25	4.12										3.38			3.75	3.88											0.62	0.88																		0.25	3.62	3.88		3.12	1.12	1.50	3.12			2.62				3.88			3.00			1.75	2.75	2.12							3.12					0.88			1.88			4.38	0.62			2.75		4.00	4.00				4.12							3.12	3.00	1.62			3.75			1.75					4.00		
29-1124.00	3.00	3.88										3.00			3.12	3.75											2.75	2.62																		0.00	3.38	3.12		3.00	1.00	1.38	2.88			2.88				3.38			2.50			3.50	2.62	3.38							2.75					1.12			3.38			3.88	2.12			3.00		3.25	3.62				3.50							2.75	2.75	1.00			3.25			2.75					3.25		
29-1125.00	3.25	4.00										3.50			3.88	4.00											0.00	0.38																		0.00	3.75	3.12		3.50	1.62	1.88	3.00			2.00				3.88			3.12			1.25	3.00	1.50							3.75					0.62			1.38			4.00	0.00			1.75		4.25	4.12				4.00							2.88	3.00	1.12			3.12			0.50					4.00		
29-1126.00	3.62	3.88										3.12			3.00	4.00											2.38	2.25																		0.00	3.00	3.50		3.00	1.38	1.62	3.00			2.88				3.88			2.88			3.00	2.12	3.00							2.88					0.50			3.00			4.00	2.12			3.50		3.62	3.75				4.00							2.88	3.00	1.38			3.12			2.12					3.50		
29-1127.00	4.25	4.12										3.88			3.75	4.12											0.00	0.62																		0.00	4.00	3.88		4.12	0.00	0.12	2.62			2.38				4.12			2.88			0.75	3.12	1.88							3.00					0.88			2.25			5.00	0.00			3.00		3.75	4.25				4.25							3.25	3.62	1.88			3.25			0.62					4.38		
29-1128.00	3.88	4.00										3.50			3.62	4.00											0.25	1.25																		0.25	3.75	3.88		3.75	1.00	1.12	3.00			3.00				4.00			3.00			1.75	2.12	2.38							3.62					1.12			2.00			4.50	0.25			3.00		4.00	3.88				4.12							3.12	3.12	1.75			3.12			1.25					4.00		
29-1129.01	3.88	4.00										3.75			3.25	4.00											0.00	1.00																		0.00	3.00	3.88		3.88	0.88	1.38	3.12			2.12				4.00			3.00			0.00	2.12	1.12							3.25					0.88			0.88			4.00	0.00			1.75		4.12	4.88				4.12							3.12	3.25	1.00			3.38			0.12					4.00		
29-1129.02	3.75	4.00										3.38			3.38	4.00											0.00	0.75																		0.00	3.62	3.75		3.75	1.00	1.62	2.88			1.62				4.00			3.25			0.00	1.25	1.88							3.25					0.38			1.38			4.00	0.00			0.88		3.88	4.50				3.88							3.12	3.25	1.25			3.12			1.12					3.75		
29-1131.00	4.38	4.25										3.75			3.50	4.25											0.12	1.12																		0.00	3.62	4.12		3.00	2.00	2.00	3.00			3.12				3.75			2.88			1.50	2.75	2.38							3.00					0.25			2.12			4.88	0.00			4.12		3.62	3.88				4.25							3.12	3.25	1.00			3.50			1.00					4.12		
29-1141.00	4.12	4.25										3.38			4.00	4.12											0.00	0.88																		0.00	3.75	3.75		3.62	1.38	1.75	2.88			3.12				4.00			2.88			2.12	1.75	2.88							2.88					0.62			3.00			4.25	0.12			2.88		4.00	4.38				4.25							2.88	3.00	1.12			3.12			1.38					3.88		
29-1141.01	4.25	4.12										3.50			3.88	4.00											0.00	1.25																		0.00	4.12	3.88		3.75	1.50	1.75	3.00			3.00				4.25			3.00			2.88	2.25	3.12							3.25					0.50			2.62			4.88	0.00			3.00		4.25	4.75				4.00							3.00	3.38	1.38			3.38			1.62					4.00		
29-1141.02	4.00	4.12										3.50			3.88	4.00											0.00	0.00																		0.00	3.25	4.00		3.75	1.88	2.00	3.00			2.62				4.00			3.88			0.00	0.62	1.75							3.75					0.75			0.38			4.25	0.00			2.75		3.88	4.88				4.00							3.25	3.12	0.75			3.88			0.00					4.00		
29-1141.03	4.00	4.00										3.38			4.00	4.12											0.00	0.62																		0.25	3.75	4.00		3.62	1.75	1.88	3.00			2.88				4.00			3.12			2.62	2.75	3.12							3.62					0.88			2.62			4.00	0.00			3.12		4.00	4.12				4.00							2.75	2.88	1.00			3.62			2.00					4.00		
29-1141.04	4.25	4.12										4.12			4.00	4.25											0.00	0.00																		0.00	4.12	4.25		4.00	1.12	1.75	3.00			3.00				4.00			3.00			1.50	3.62	2.75							3.88					0.12			2.38			4.38	0.00			3.75		4.00	4.25				4.12							3.25	3.25	0.50			4.00			0.88					4.00		
29-1151.00	4.00	4.00										4.25			3.88	4.00											2.12	2.75																		0.00	3.75	4.12		3.50	1.75	2.12	2.88			3.25				4.00			3.12			2.88	3.00	3.25							3.12					0.38			3.12			4.25	2.12			3.88		4.00	3.88				4.00							3.12	3.12	1.00			3.38			2.50					3.50		
29-1161.00	4.12	4.12										3.75			3.75	4.38											0.00	0.25																		0.00	3.75	3.88		3.38	0.88	1.38	2.88			2.62				4.12			2.62			1.00	2.25	2.12							2.88					0.62			2.00			4.12	0.00			3.25		4.12	4.12				4.12							3.00	3.25	0.88			3.25			0.62					4.00		
29-1171.00	4.12	4.88										4.12			3.88	4.12											0.00	0.75																		0.00	3.88	4.12		3.88	1.25	1.25	3.12			3.12				4.12			3.12			1.38	3.38	2.62							3.88					0.50			2.50			4.88	0.00			3.88		4.00	4.62				4.00							3.25	3.12	1.00			3.88			1.12					4.00		
29-1181.00	4.38	4.50										3.88			3.50	4.25											2.00	2.62																		0.25	3.88	4.00		3.88	1.62	1.75	3.00			3.00				4.12			2.75			2.12	3.00	3.00							3.00					1.00			3.12			5.00	2.12			3.25		3.75	4.50				4.38							3.12	3.25	1.50			3.00			2.62					4.25		
29-1211.00	4.12	4.25										4.00			3.75	4.38											0.00	0.50																		0.00	3.75	4.25		3.38	2.25	2.25	3.50			3.38				4.38			2.88			3.12	2.75	3.62							3.38					0.12			2.62			4.88	0.00			3.88		3.75	3.75				4.00							3.25	3.25	1.00			4.00			2.25					4.00		
29-1213.00	3.88	4.12										3.88			3.88	4.25											0.00	0.50																		0.00	3.88	4.00		3.25	1.88	1.25	3.00			2.50				3.88			3.12			0.38	1.62	1.38							3.62					1.12			1.50			4.88	0.00			3.75		4.00	4.00				4.00							3.12	3.12	1.00			3.12			0.38					4.00		
29-1214.00	4.38	4.62										4.38			4.12	4.75											0.00	0.00																		0.00	4.12	4.50		4.00	1.62	1.62	3.12			3.00				4.25			3.38			2.25	1.00	2.50							4.00					1.25			1.88			5.12	0.00			3.00		4.25	4.75				4.25							3.50	3.50	0.62			3.12			0.75					4.12		
29-1215.00	4.00	4.88										4.25			3.88	4.50											0.00	0.38																		0.00	4.00	4.75		3.25	1.00	1.25	3.50			2.88				4.00			3.00			0.25	2.75	2.12							3.62					0.38			2.00			5.00	0.00			4.00		3.88	3.88				4.38							2.88	2.88	0.38			3.88			0.62					4.12		
29-1216.00	4.00	4.25										4.00			3.50	4.75											0.12	0.75																		0.25	3.62	4.25		3.62	1.12	1.25	3.12			2.88				4.00			3.12			0.62	3.25	1.88							3.62					0.88			2.25			5.00	0.38			4.00		4.00	4.00				4.12							3.25	3.62	0.88			3.38			0.88					4.12		
29-1217.00	4.62	4.50										4.62			3.75	4.88											0.00	0.62																		0.00	4.62	4.50		4.25	1.75	2.00	3.38			3.25				4.62			2.88			0.50	1.88	2.00							3.75					0.88			2.25			5.50	0.00			4.12		3.62	4.62				4.38							3.38	3.62	1.00			3.88			1.38					4.38		
29-1218.00	4.25	4.75										4.00			3.88	5.00											0.00	0.00																		0.00	3.75	4.25		3.75	1.88	2.25	3.38			3.00				4.00			3.12			1.25	3.38	2.00							3.12					0.62			1.00			5.25	0.00			4.25		3.75	4.00				4.12							3.25	3.00	0.50			3.88			0.50					4.00		
29-1221.00	4.12	4.38										4.12			3.50	4.50											0.00	0.00																		0.00	3.88	4.38		3.25	1.12	1.12	3.00			2.88				4.00			3.00			0.00	3.62	1.38							3.25					0.50			1.00			5.00	0.00			4.12		3.88	4.00				4.12							3.00	3.75	0.38			3.50			0.75					4.00		
29-1222.00	4.75	4.38										4.62			3.50	4.62											0.00	0.75																		0.00	4.38	4.75		3.75	2.88	2.88	3.62			3.12				4.00			3.00			1.25	1.62	2.12							3.12					1.75			2.88			5.62	0.00			4.00		3.00	3.50				4.62							3.62	3.62	1.50			3.88			1.25					5.00		
29-1223.00	4.38	5.00										4.25			3.88	4.62											0.00	0.00																		0.00	4.00	4.25		4.00	1.00	0.75	3.00			2.38				4.12			3.88			0.38	3.50	0.75							4.00					0.62			0.62			5.00	0.00			4.12		4.12	5.38				4.38							3.38	3.62	0.62			3.50			0.00					4.38		
29-1224.00	4.25	4.38										4.25			3.50	4.88											0.62	1.00																		0.00	4.12	4.25		3.88	1.50	1.88	3.12			3.00				4.25			2.88			3.00	1.00	3.38							2.88					0.50			3.00			5.12	0.62			3.75		3.62	4.12				4.25							3.38	3.25	0.75			3.62			1.62					4.38		
29-1229.01	4.62	4.00										4.12			3.50	4.12											0.00	0.50																		0.00	3.62	4.50		3.75	1.75	2.12	2.88			3.00				4.12			3.00			0.00	0.50	1.88							3.62					0.75			1.62			4.75	0.00			3.88		3.75	4.12				4.00							3.12	3.75	1.12			3.75			0.50					4.25		
29-1229.02	4.88	4.62										4.25			4.00	4.75											0.00	0.12																		0.00	4.38	4.38		4.00	1.00	0.88	3.12			3.00				4.38			3.00			0.12	1.88	1.12							3.62					0.50			2.00			5.12	0.00			3.50		4.12	4.88				4.38							3.62	3.88	0.75			3.62			0.62					4.38		
29-1229.03	3.88	4.62										4.25			3.88	4.50											0.00	0.50																		0.00	4.00	4.25		3.38	1.88	1.88	3.25			3.00				4.00			3.12			2.38	0.50	3.00							3.25					0.75			2.75			5.00	0.00			3.88		3.88	3.88				4.00							3.25	3.25	0.50			3.75			1.62					4.12		
29-1229.04	4.25	4.50										4.12			4.00	4.62											0.00	0.25																		0.00	4.00	4.25		4.00	1.62	1.88	3.38			3.38				4.38			2.88			1.62	1.88	2.12							3.62					0.88			2.62			5.00	0.00			4.00		4.00	4.50				4.25							3.12	3.38	1.50			4.00			1.25					4.00		
29-1229.05	4.88	4.50										5.00			4.50	5.12											0.00	0.00																		0.00	4.62	5.00		4.75	1.75	1.38	4.25			3.38				4.62			3.12			0.25	3.12	0.88							4.00					0.62			2.12			5.50	0.00			4.62		4.62	4.88				4.88							4.12	4.38	0.62			3.88			0.62					4.88		
29-1229.06	4.38	4.12										4.00			3.88	4.50											0.00	1.12																		0.00	3.88	4.38		3.88	1.75	1.62	3.38			2.88				3.88			3.38			2.50	1.62	3.12							3.88					1.25			2.62			4.62	0.00			3.50		4.00	4.25				4.25							3.62	3.75	1.62			3.62			1.50					3.88		
29-1241.00	4.25	4.75										4.12			4.00	4.88											0.62	1.00																		0.00	4.62	4.00		3.88	2.00	2.12	3.12			3.62				4.00			3.12			2.25	2.12	2.50							3.75					1.00			2.38			5.62	0.50			3.75		4.00	4.12				4.12							3.00	3.50	1.25			4.00			1.50					4.00		
29-1291.00	3.00	4.12										3.12			3.00	3.75											0.00	0.62																		0.00	2.75	3.50		2.88	0.75	0.88	1.88			1.88				3.50			2.00			0.38	0.75	1.00							2.75					0.25			1.62			3.88	0.00			2.00		3.38	3.88				3.88							3.00	3.00	0.38			3.00			0.38					3.50		
29-1292.00	3.00	4.00										2.75			3.00	3.12											1.62	1.12																		0.00	3.00	3.00		3.00	0.62	0.88	2.50			1.62				3.00			2.25			1.88	1.12	2.88							3.00					0.50			2.25			3.38	1.12			2.38		3.00	3.00				3.00							2.12	2.12	0.88			3.00			2.12					3.12		
29-1299.01	3.88	4.50										4.00			3.50	4.12											0.00	0.12																		0.00	3.12	4.25		3.75	1.75	1.75	3.00			2.62				4.00			2.88			0.25	1.00	1.75							3.75					0.75			1.25			5.00	0.00			3.12		4.00	4.62				4.12							3.12	3.50	0.88			3.12			0.50					4.00		
29-1299.02	3.88	4.12										3.75			3.00	4.00											0.00	0.25																		0.00	3.88	3.88		3.88	0.50	0.50	2.50			3.00				3.75			2.62			0.50	2.88	1.88							3.00					0.75			1.00			4.62	0.00			3.75		4.00	4.00				4.00							3.00	3.12	1.25			3.00			0.00					4.00		
29-2011.00	3.62	4.00										3.25			3.00	4.00											3.00	3.12																		0.12	3.75	3.25		3.12	1.38	1.88	3.00			3.25				3.88			2.38			3.38	1.62	3.88							2.88					1.75			3.88			4.25	2.38			4.38		3.00	3.25				3.75							3.00	2.75	0.50			3.38			3.00					3.62		
29-2011.01	3.38	4.00										3.38			3.00	4.00											0.88	0.88																		0.00	3.12	3.25		3.00	1.38	1.25	2.88			3.00				3.38			2.12			2.12	1.25	2.62							2.38					0.50			2.88			4.50	0.62			3.75		2.88	3.00				4.00							3.00	2.88	0.75			3.12			1.12					4.00		
29-2011.02	3.50	3.88										3.12			3.00	3.88											1.88	1.38																		0.00	3.00	3.12		3.00	1.00	1.12	2.62			2.75				3.00			2.00			2.38	0.62	2.75							2.00					1.00			2.62			3.88	1.88			2.88		2.38	3.00				3.38							2.12	2.12	0.38			3.00			2.00					3.38		
29-2011.04	3.12	3.38										3.00			3.00	3.50											2.38	1.75																		0.38	2.88	3.00		2.88	1.38	1.75	2.50			2.50				3.50			2.62			2.50	0.50	3.00							2.75					1.25			2.75			3.75	2.00			2.50		2.88	2.88				3.25							2.50	2.75	1.00			3.12			2.75					3.25		
29-2012.00	3.12	3.12										3.00			3.00	3.38											2.62	2.25																		0.38	3.00	3.00		3.12	1.00	1.25	3.00			2.50				3.12			2.12			2.75	1.88	3.00							2.25					1.00			3.00			3.38	2.00			3.38		3.00	2.88				3.12							2.50	2.25	1.38			3.00			2.75					3.00		
29-2012.01	3.00	3.38										2.88			2.62	3.62											0.88	1.38																		0.00	2.12	2.75		2.50	0.75	1.62	1.50			1.62				3.25			1.62			2.38	0.50	2.38							1.75					0.75			2.38			3.38	0.25			2.75		2.12	2.38				2.88							1.75	1.50	0.88			2.62			2.00					3.00		
29-2031.00	3.38	3.88										3.12			3.00	3.75											2.38	2.12																		0.00	3.25	3.25		3.00	0.75	1.25	2.75			2.50				3.75			2.50			3.00	0.62	3.12							2.25					0.62			2.50			4.12	2.25			2.88		3.25	3.25				3.62							2.75	2.62	0.88			3.00			2.50					3.50		
29-2032.00	3.12	4.00										3.00			3.12	3.50											2.62	2.12																		0.00	3.25	3.12		3.00	0.88	1.00	2.50			2.25				3.25			2.75			3.00	2.00	3.12							3.00					0.25			3.00			3.88	2.25			2.88		3.12	3.12				3.62							2.50	2.12	1.25			3.25			2.75					3.38		
29-2033.00	3.12	3.75										3.00			3.25	3.62											2.12	1.88																		0.00	3.38	2.88		3.00	1.00	1.38	2.75			3.00				3.50			2.38			2.75	1.12	2.88							2.75					0.88			3.12			4.00	2.00			3.50		3.25	3.62				3.75							2.50	2.25	0.75			3.00			2.25					3.38		
29-2034.00	2.75	3.75										2.50			3.12	3.50											1.38	1.62																		0.00	3.12	2.62		2.75	0.50	0.88	2.62			2.00				3.25			2.25			2.88	0.62	2.62							2.25					1.00			2.75			3.62	1.12			1.50		3.25	3.12				3.38							2.25	2.38	0.88			2.88			2.25					3.00		
29-2035.00	3.12	3.88										3.00			3.00	3.62											1.00	2.00																		0.00	3.00	3.00		3.00	0.50	1.75	2.12			2.62				3.75			2.62			3.12	0.25	3.38							3.00					0.75			2.75			4.00	1.00			2.75		2.88	3.12				3.88							3.00	3.00	0.62			2.88			2.62					3.12		
29-2036.00	4.25	4.25										3.88			3.38	4.25											0.00	0.62																		0.00	3.62	3.75		3.62	1.25	1.25	3.00			3.88				3.62			2.50			1.25	1.62	2.50							3.12					1.62			2.50			4.75	0.00			3.50		3.50	3.62				4.12							3.25	3.12	1.25			3.50			1.75					4.38		
29-2051.00	3.12	3.12										3.00			3.12	3.12											0.00	0.00																		0.00	3.00	3.00		3.12	2.00	2.00	2.88			3.00				3.88			2.62			2.12	2.25	2.75							3.00					0.50			2.88			3.25	0.00			1.75		3.50	3.12				3.25							2.88	2.88	1.00			3.00			1.75					3.12		
29-2052.00	3.12	3.88										2.88			3.00	3.62											0.00	0.00																		0.00	2.12	3.00		2.88	1.50	2.00	2.00			3.00				3.12			1.75			1.12	0.75	2.00							2.00					0.50			2.12			3.62	0.00			1.50		3.12	3.12				3.25							2.00	2.00	0.75			3.00			0.75					3.00		
29-2053.00	3.00	4.00										3.00			3.25	3.75											0.12	0.12																		0.00	3.38	3.00		3.25	0.38	0.50	2.88			1.75				4.00			3.00			1.12	1.00	1.88							3.12					0.50			1.75			3.88	0.00			1.88		3.50	4.25				3.88							3.00	2.75	0.75			2.88			1.12					3.12		
29-2055.00	3.00	3.88										3.00			3.50	3.12											2.88	2.38																		0.00	3.00	3.00		3.12	1.88	2.38	2.50			2.75				3.50			2.25			2.75	1.88	3.00							2.50					0.12			3.00			3.75	2.25			2.12		3.12	3.00				3.00							2.75	2.62	1.12			3.00			2.25					3.00		
29-2056.00	3.00	3.88										3.12			3.00	4.00											2.25	2.00																		0.00	2.88	3.12		3.00	1.50	2.00	2.88			2.62				3.50			2.88			2.50	1.50	2.75							2.88					0.75			2.75			3.75	1.88			2.88		3.00	3.00				3.75							2.75	2.75	1.00			2.88			2.25					3.00		
29-2057.00	3.12	3.75										2.38			3.00	3.12											2.00	2.50																		0.00	2.62	2.88		2.62	0.12	0.38	2.00			2.50				3.00			1.75			1.50	0.38	2.00							1.75					0.50			2.12			3.62	1.25			1.88		3.12	3.00				3.62							2.00	2.00	0.00			2.62			1.75					3.00		
29-2061.00	3.25	4.00										3.00			4.00	4.00											0.00	0.12																		0.00	3.12	3.25		3.12	0.62	1.12	2.88			2.88				4.00			3.00			2.00	1.50	2.50							2.88					0.25			1.75			4.12	0.00			2.62		4.00	4.25				4.00							2.88	2.88	1.00			3.25			1.00					3.12		
29-2081.00	3.00	4.00										3.00			3.12	3.88											0.75	1.38																		0.00	3.00	2.88		3.00	1.25	1.50	2.75			2.88				3.00			3.12			2.00	1.88	2.38							3.00					0.75			2.25			3.88	1.25			0.88		3.50	3.00				4.00							2.25	2.38	1.25			2.88			1.75					3.25		
29-2091.00	4.25	4.12										3.75			3.25	4.12											1.38	2.25																		0.00	3.25	3.62		3.25	0.75	1.88	2.75			3.25				3.75			2.75			2.38	3.38	2.88							3.12					0.38			3.00			4.38	1.62			3.25		3.88	4.12				4.12							3.00	3.12	3.12			3.00			2.00					4.25		
29-2092.00	3.12	3.88										3.00			3.00	3.62											2.00	2.00																		0.00	3.25	3.12		3.00	1.12	1.62	2.25			2.62				3.00			2.75			0.75	0.62	2.62							3.25					0.62			2.88			3.38	2.25			0.88		3.75	3.25				3.62							2.88	3.00	1.38			3.00			2.12					3.00		
29-2099.01	3.25	4.00										3.00			2.88	4.00											2.12	1.38																		0.00	3.12	3.25		3.12	1.00	1.50	2.12			2.38				3.62			2.00			3.00	0.12	3.00							1.75					0.75			3.00			4.12	2.25			2.50		3.12	3.12				3.88							3.12	3.12	0.50			3.00			2.62					3.38		
29-2099.05	3.00	4.00										2.88			3.12	3.62											0.75	1.25																		0.00	3.00	3.12		3.00	0.50	0.75	2.62			2.62				3.12			2.12			1.88	0.25	2.25							2.75					0.88			1.88			3.88	0.38			2.75		3.12	3.25				4.00							2.38	2.00	0.38			3.12			1.50					3.50		
29-2099.08	3.50	4.00										3.12			3.38	3.75											0.00	0.00																		0.00	3.38	3.25		3.00	1.88	1.62	2.62			2.00				3.00			3.12			0.00	0.38	1.25							3.62					0.88			0.25			3.88	0.00			1.25		3.88	4.00				4.00							2.88	3.00	0.75			3.25			0.00					3.75		
29-9091.00	4.00	4.00										3.38			3.00	4.12											0.38	0.75																		0.00	3.75	3.75		3.88	1.12	1.50	2.62			2.12				4.12			2.50			1.75	2.25	2.25							3.25					0.25			2.62			3.88	0.00			1.88		3.62	4.00				4.00							3.00	3.00	1.75			3.00			1.38					3.88		
29-9092.00	3.88	4.00										3.75			3.00	4.12											0.00	0.00																		0.00	3.25	4.00		3.25	0.62	0.12	2.88			2.75				3.00			3.00			0.00	0.38	1.50							3.00					0.50			0.25			4.75	0.00			3.12		3.12	4.00				3.88							3.00	3.12	0.62			3.12			0.00					4.25		
29-9093.00	3.12	3.88										3.12			3.25	3.50											0.00	1.12																		0.38	2.88	3.12		3.12	1.25	1.75	2.12			2.62				3.50			2.62			2.75	0.88	3.38							2.62					0.88			2.62			4.00	0.00			2.62		3.25	3.38				3.88							2.75	2.75	1.12			2.75			1.75					3.38		
29-9099.01	3.62	4.38										3.25			3.75	4.00											0.00	0.62																		0.00	3.50	4.00		3.38	1.00	1.50	2.38			2.50				4.62			2.62			0.88	0.50	1.88							3.00					0.75			1.62			4.25	0.00			2.88		3.75	4.88				4.00							2.62	3.00	0.75			2.88			1.00					3.62		
31-1121.00	3.00	3.62										3.00			3.00	3.25											0.00	0.00																		0.00	3.00	3.00		3.00	1.25	1.38	2.25			2.00				3.12			2.75			0.38	0.25	2.12							2.88					0.00			1.25			3.25	0.00			0.88		3.38	3.25				3.00							2.00	2.00	0.25			3.00			1.00					2.88		
31-1122.00	2.75	3.00										2.38			2.88	3.12											0.00	0.00																		0.00	2.50	2.62		2.75	0.50	1.00	2.00			1.75				3.12			2.12			1.50	0.25	1.88							2.38					0.25			1.88			3.00	0.00			0.75		3.88	3.12				3.00							1.62	1.75	0.38			2.75			1.12					2.88		
31-1131.00	2.75	3.00										2.25			3.00	3.12											0.00	0.38																		0.00	2.62	2.50		2.12	0.38	0.62	1.88			1.88				3.00			1.75			0.88	0.12	1.88							1.75					0.00			1.88			3.00	0.00			0.88		3.88	3.25				3.00							1.38	2.00	0.62			2.25			0.88					2.75		
31-1132.00	1.88	2.50										1.62			2.62	2.12											0.12	0.25																		0.00	2.25	1.62		2.00	0.00	0.25	1.62			0.88				2.00			1.62			1.25	0.12	1.38							1.50					0.00			1.25			2.00	0.00			0.25		2.62	2.50				2.12							1.25	1.00	0.25			2.12			1.62					2.25		
31-1133.00	3.00	3.12										3.00			3.62	3.38											0.00	0.00																		0.00	2.88	3.00		3.12	1.00	1.00	2.38			1.88				3.75			2.88			1.50	0.38	2.12							3.00					0.12			1.62			3.25	0.00			0.75		3.25	4.12				3.00							2.00	2.00	0.75			2.88			1.00					3.00		
31-2011.00	3.25	3.88										3.00			3.12	3.38											0.62	0.38																		0.12	3.25	3.00		3.25	0.75	1.50	2.62			2.12				3.12			3.00			1.75	0.75	2.25							3.00					0.38			1.50			3.88	0.25			1.25		3.25	3.88				3.50							2.88	2.88	0.88			2.88			1.88					3.38		
31-2012.00	3.00	3.62										2.88			3.00	3.38											0.75	0.38																		0.00	3.00	2.88		3.00	0.50	0.88	2.38			1.75				3.12			2.25			1.12	1.62	2.12							2.88					0.12			1.62			3.38	0.75			0.75		3.75	3.50				3.50							2.12	2.12	0.62			2.88			1.12					3.00		
31-2021.00	3.12	4.00										3.00			3.12	3.88											0.88	1.62																		0.00	3.38	3.00		3.12	0.88	0.88	2.62			2.00				3.88			2.12			1.88	1.62	2.62							3.12					1.00			2.75			3.88	1.00			2.12		3.75	3.75				3.88							2.88	2.75	1.25			3.00			2.12					3.12		
31-2022.00	3.00	3.00										2.62			3.00	3.12											0.50	0.25																		0.00	2.88	2.12		2.88	0.38	0.50	2.12			1.88				3.12			2.12			1.25	0.75	2.00							2.25					0.38			1.88			3.00	0.00			1.38		3.00	3.38				3.00							2.12	2.12	1.12			2.38			1.62					3.00		
31-9011.00	3.00	3.25										2.75			1.88	3.25											0.00	0.00																		0.00	2.25	2.88		2.88	0.50	0.88	0.88			1.50				3.00			1.75			0.00	1.25	0.50							1.62					0.00			1.00			3.12	0.00			1.00		3.12	3.25				3.62							2.12	2.38	1.12			2.38			0.38					2.88		
31-9091.00	3.12	3.38										2.88			2.75	3.12											1.25	1.75																		0.00	3.00	2.62		2.50	0.88	1.88	2.00			2.00				3.00			2.38			2.00	0.88	2.62							2.62					0.38			2.25			3.25	1.38			1.75		3.12	3.00				3.12							2.00	2.00	1.00			2.62			1.88					3.00		
31-9092.00	3.38	3.88										2.88			3.12	3.62											0.50	1.00																		0.00	3.00	3.00		3.12	1.12	1.38	2.25			2.62				3.50			2.38			1.25	0.75	2.25							2.88					0.62			1.75			4.00	0.75			2.25		3.25	3.88				4.00							2.38	2.38	0.62			2.88			1.38					3.25		
31-9093.00	3.00	3.00										2.50			2.88	2.88											2.62	2.00																		2.12	2.25	2.75		2.62	0.88	2.00	1.62			2.25				3.00			1.38			2.62	0.38	3.00							1.62					0.75			3.12			2.88	2.38			1.00		2.50	2.62				2.75							2.12	2.00	0.50			2.75			2.62					2.75		
31-9094.00	2.88	4.12										2.50			2.12	3.12											0.00	0.00																		0.00	1.62	2.62		2.12	0.00	0.12	1.12			1.00				2.88			1.25			0.12	0.88	0.75							1.38					0.50			1.12			4.00	0.00			0.62		2.00	2.75				3.12							1.38	1.38	0.12			2.75			0.00					3.62		
31-9095.00	2.50	3.00										2.38			2.75	2.88											0.50	0.38																		0.00	2.00	2.25		2.25	0.88	1.38	1.62			2.38				2.62			1.62			1.00	0.50	1.62							1.75					0.50			1.75			3.25	0.12			0.50		3.12	2.88				2.88							1.50	1.12	0.62			2.25			0.88					2.50		
31-9096.00	3.00	3.25										2.25			3.00	3.12											0.75	0.75																		0.00	2.88	2.75		2.12	1.75	2.00	2.00			2.62				3.12			2.25			1.88	1.62	2.12							2.25					0.38			2.00			3.12	0.62			2.38		3.12	3.00				3.00							2.00	2.00	0.88			2.38			1.75					3.25		
31-9097.00	3.00	3.50										2.38			3.00	3.25											0.75	1.00																		0.00	3.00	2.62		3.00	0.75	1.12	2.38			2.12				3.00			1.75			1.25	0.25	1.75							2.50					0.62			2.25			3.25	0.62			2.12		3.25	3.25				3.75							2.00	1.88	0.62			3.00			1.62					3.00		
31-9099.01	3.12	4.00										3.12			3.00	3.62											0.38	0.25																		0.00	3.00	3.12		3.50	0.62	1.00	2.00			1.88				3.62			2.50			0.38	0.75	1.75							2.62					0.38			0.50			4.00	0.12			1.62		3.38	3.88				3.88							2.62	3.12	1.00			2.88			0.25					3.25		
31-9099.02	3.25	3.38										3.00			3.00	3.12											2.88	2.12																		0.00	3.00	2.88		2.50	0.50	1.00	2.00			2.00				3.12			2.00			3.00	0.25	3.00							2.25					0.25			3.00			4.00	2.50			1.25		3.00	3.12				3.25							2.38	2.12	0.62			2.88			2.75					3.00		
33-1011.00	3.25	4.00										3.25			4.00	4.00											0.00	0.00																		0.00	3.38	3.25		3.12	1.25	1.88	4.00			2.00				4.25			3.12			1.62	1.62	2.00							3.62					0.50			1.88			4.00	0.00			0.50		3.00	4.00				4.00							3.12	3.12	0.62			3.88			1.00					3.62		
33-1012.00	4.00	4.00										4.00			4.00	4.00											0.75	0.88																		0.00	3.88	3.88		4.00	2.75	2.75	4.00			2.50				4.00			3.12			2.00	2.12	2.25							4.00					0.50			2.12			4.00	0.75			0.50		3.50	4.00				4.00							3.25	3.25	0.62			3.88			1.38					4.00		
33-1021.00	3.12	3.75										3.38			3.75	3.75											2.00	1.88																		0.38	3.38	3.38		3.50	1.75	2.38	3.50			2.62				3.62			3.25			2.25	1.38	2.75							3.38					0.88			2.25			3.75	1.75			1.12		3.50	3.50				3.62							2.88	2.88	1.12			3.75			2.12					3.38		
33-1091.00	3.00	3.75										3.38			3.88	3.88											1.12	1.00																		0.00	3.25	3.12		3.50	2.62	2.38	3.75			1.75				3.88			2.88			1.88	1.50	1.88							3.25					0.88			2.12			4.00	1.25			0.25		3.00	3.50				3.88							2.75	2.75	0.50			3.38			1.75					3.75		
33-2011.00	3.38	3.38										3.00			3.75	3.75											2.75	2.75																		0.50	2.88	3.38		3.00	1.38	1.88	2.38			2.88				3.50			2.50			3.00	0.62	3.12							2.88					0.50			2.75			3.25	2.25			1.88		3.38	3.62				3.38							2.50	2.75	1.25			2.75			2.62					3.25		
33-2021.00	3.12	3.62										3.25			3.62	3.75											0.25	0.25																		0.00	3.12	3.00		3.12	1.75	2.00	2.50			2.75				3.38			2.75			1.88	1.75	2.62							3.25					1.00			2.38			3.62	0.38			1.50		3.38	3.12				3.88							3.00	2.75	1.12			3.12			1.75					3.62		
33-2022.00	3.25	3.25										3.25			3.75	3.88											1.38	1.38																		0.00	3.00	3.25		3.12	1.12	1.75	3.38			2.38				3.38			2.88			2.38	1.00	2.62							3.12					0.62			2.25			3.38	1.12			1.75		3.00	2.88				3.38							3.12	3.12	0.88			3.38			2.12					3.00		
33-3011.00	2.12	3.12										2.38			2.88	3.12											0.00	0.00																		0.00	2.12	3.00		2.00	0.25	0.38	2.12			0.75				3.25			2.75			0.75	0.25	1.50							2.88					0.25			1.12			2.88	0.00			0.00		2.50	3.38				3.00							1.38	0.75	0.38			2.38			0.38					2.25		
33-3012.00	3.12	3.50										2.88			3.50	3.62											1.00	1.00																		0.00	2.88	3.00		3.00	0.75	0.88	2.50			2.00				3.75			3.00			2.12	0.50	2.25							3.00					0.62			2.12			3.62	0.88			0.38		3.00	3.75				3.50							2.62	2.12	0.75			3.00			1.62					3.00		
33-3021.00	3.38	4.38										3.62			3.38	4.12											0.00	0.75																		0.00	3.12	3.75		2.88	1.12	1.38	2.50			2.00				3.62			2.88			2.25	0.88	2.12							3.00					1.12			2.00			4.12	0.00			1.50		3.12	3.88				4.12							2.50	3.00	0.88			3.12			1.38					3.62		
33-3021.02	3.00	3.88										3.00			3.00	3.88											0.00	0.00																		0.00	3.00	3.00		3.00	0.62	0.62	2.50			2.00				3.00			3.00			2.62	0.50	2.62							3.00					0.25			1.88			4.00	0.00			1.00		3.00	3.00				3.88							2.62	2.12	0.62			3.00			0.62					3.25		
33-3021.06	4.00	4.12										3.62			3.50	4.38											0.00	0.00																		0.00	3.12	3.75		3.00	0.50	0.50	2.12			2.88				3.38			3.00			0.00	2.12	1.38							3.12					1.38			0.12			4.88	0.00			1.75		2.88	3.12				4.12							2.88	3.00	0.75			3.00			0.00					4.00		
33-3031.00	3.50	3.75										3.25			3.38	4.00											1.88	1.25																		0.00	3.12	3.25		3.00	0.75	0.62	2.88			2.88				3.50			2.88			2.88	2.50	2.62							3.38					0.50			2.75			4.12	1.88			2.75		3.12	3.50				3.62							3.25	3.25	0.75			3.00			1.88					3.38		
33-3041.00	2.38	3.00										2.38			2.75	3.00											1.62	1.12																		0.00	2.75	2.25		2.38	0.38	0.38	2.38			1.75				3.00			2.12			2.25	0.38	2.12							2.12					0.75			2.00			2.88	1.00			0.00		2.88	2.88				3.00							2.12	1.75	0.38			2.62			2.00					2.38		
33-3051.00	3.38	3.75										2.88			3.62	3.88											0.25	0.50																		0.00	3.25	3.62		3.00	1.25	1.25	2.62			2.12				3.50			3.38			2.00	0.25	2.12							3.75					0.75			1.00			3.88	0.00			0.62		3.50	4.00				4.00							2.62	2.50	0.75			3.00			1.12					3.50		
33-3051.04	3.12	4.00										3.00			3.38	3.88											0.00	0.00																		0.00	3.00	3.50		2.88	0.75	1.12	2.75			2.12				3.75			3.00			2.12	0.62	2.25							3.12					0.50			1.88			3.88	0.00			1.12		3.00	3.38				4.00							2.38	2.50	0.50			3.25			0.88					3.75		
33-3052.00	3.00	3.25										3.00			3.25	3.38											0.00	0.00																		0.00	3.00	3.12		3.25	1.12	1.12	2.88			2.00				3.50			3.12			2.25	1.75	2.25							3.38					0.75			1.62			3.25	0.00			0.12		3.00	3.25				3.88							2.75	2.25	0.62			3.12			1.50					3.00		
33-9011.00	2.88	3.25										2.88			3.00	3.50											0.00	0.00																		0.00	2.62	2.88		2.75	0.62	0.75	2.00			1.00				3.00			2.62			1.62	0.50	1.75							3.00					0.12			1.00			3.00	0.00			0.12		3.00	3.00				3.12							2.00	2.00	0.12			3.00			0.38					3.00		
33-9021.00	3.38	4.12										3.00			2.88	4.12											0.00	0.38																		0.00	2.25	3.38		2.12	1.12	1.00	2.00			2.12				3.50			2.88			1.38	1.50	0.88							3.00					1.00			1.25			4.00	0.00			0.62		2.88	3.50				3.88							2.88	2.88	0.62			3.00			0.38					3.62		
33-9031.00	3.12	3.25										2.50			3.00	3.75											0.00	0.00																		0.00	3.00	3.12		2.88	0.62	0.62	2.50			1.75				3.88			2.38			1.62	0.50	2.12							2.38					0.38			1.88			3.50	0.25			0.25		2.38	2.88				3.62							2.25	2.38	0.62			3.00			0.75					3.12		
33-9032.00	2.75	3.00										2.38			3.00	3.00											0.12	0.00																		0.00	2.25	2.50		2.25	0.50	0.50	2.00			1.25				3.12			2.38			2.00	0.62	2.25							3.00					0.25			1.25			3.00	0.00			0.62		2.62	3.12				3.00							1.25	1.38	0.25			2.12			1.25					2.75		
33-9091.00	1.62	2.75										1.88			2.50	2.50											0.00	0.00																		0.00	1.50	2.50		0.88	0.38	0.50	1.00			0.62				2.62			1.38			0.00	0.25	0.62							1.75					0.00			0.25			2.00	0.00			0.00		2.62	2.50				2.50							0.88	0.75	0.00			1.62			0.38					1.75		
33-9092.00	2.75	3.12										2.62			2.88	3.00											0.25	0.50																		0.00	2.50	3.00		3.00	0.12	0.38	2.00			0.62				3.50			2.00			0.50	0.25	1.25							2.50					0.00			1.50			2.88	0.25			0.62		3.12	3.25				3.00							1.12	1.38	0.00			1.88			0.75					2.62		
33-9093.00	3.00	3.50										2.75			3.38	3.50											1.50	1.62																		0.00	2.88	2.88		2.75	1.00	1.12	2.38			1.62				3.12			2.50			2.50	1.38	2.88							3.00					0.88			2.50			3.00	1.25			1.00		2.75	3.00				3.00							2.00	2.38	0.00			2.12			1.88					2.62		
33-9099.02	3.00	3.25										2.88			3.12	3.62											0.00	0.38																		0.00	3.00	3.00		2.75	1.62	1.50	2.88			2.75				3.50			2.62			1.38	0.75	2.38							2.88					1.00			2.25			3.62	0.00			0.25		2.75	3.12				3.50							2.75	3.00	0.88			2.75			1.88					3.25		
35-1011.00	3.75	3.50										3.50			4.12	3.88											1.12	1.88																		0.00	3.50	3.12		3.25	3.25	3.38	3.88			3.00				4.12			3.75			2.38	2.62	2.62							3.62					0.50			3.12			3.50	1.00			1.00		3.38	3.75				3.88							3.00	3.12	0.75			3.88			1.75					3.12		
35-1012.00	3.12	3.00										3.00			4.00	3.75											0.62	0.38																		0.00	3.12	3.00		3.12	2.88	3.00	3.88			3.00				4.00			3.12			1.75	1.12	2.25							3.12					0.25			2.75			3.62	0.62			0.00		3.62	3.62				4.00							3.00	3.12	0.50			3.62			1.38					3.12		
35-2011.00	2.25	2.38										2.12			2.12	2.38											0.00	0.00																		0.00	2.00	2.12		1.62	0.62	0.38	1.50			1.62				2.25			2.12			1.50	0.38	1.75							2.12					0.00			1.25			2.62	0.00			0.00		2.12	2.62				2.12							1.25	1.12	0.25			2.12			0.00					2.00		
35-2012.00	2.88	3.00										2.88			3.12	2.88											0.25	0.62																		0.00	2.75	2.88		2.75	1.88	2.62	3.00			2.75				3.00			2.00			2.00	1.62	2.38							2.50					0.00			2.50			2.88	0.00			0.00		3.00	2.88				2.88							2.00	2.12	0.75			3.00			1.12					2.62		
35-2013.00	3.00	2.88										2.88			3.00	3.12											0.00	0.88																		0.00	1.38	3.00		2.38	2.38	2.88	2.88			2.00				3.00			2.25			2.00	2.00	2.38							2.88					0.38			1.88			3.00	0.25			0.50		3.50	3.00				2.88							2.00	2.00	0.75			3.00			1.25					2.75		
35-2014.00	2.75	2.75										2.00			2.62	3.12											0.00	0.88																		0.00	2.00	2.38		2.12	1.62	1.75	2.38			2.38				3.12			2.12			2.00	0.62	2.25							1.75					0.00			2.25			2.50	0.00			0.38		2.12	2.62				2.75							1.88	2.12	0.00			3.00			0.50					2.12		
35-2015.00	2.38	2.38										2.25			3.00	2.88											0.00	0.38																		0.00	2.25	2.00		2.00	1.00	1.62	2.00			2.00				2.62			2.00			1.12	0.00	1.62							2.12					0.00			1.62			2.38	0.00			0.00		2.75	2.50				2.50							1.12	1.75	0.12			3.12			1.38					2.12		
35-2021.00	1.88	2.38										2.00			2.12	2.00											0.00	0.12																		0.00	2.00	2.00		2.00	0.50	0.50	1.50			1.75				1.88			1.62			0.88	0.00	1.88							1.75					0.00			1.75			2.00	0.00			0.00		2.00	2.12				2.12							1.50	1.38	0.00			2.12			1.00					1.75		
35-3011.00	3.00	3.12										2.62			3.00	2.88											0.12	0.25																		0.00	3.00	2.88		2.88	2.00	2.12	2.50			2.12				3.00			2.88			0.88	0.00	2.00							3.00					0.25			1.88			3.00	0.00			0.00		3.12	3.00				3.00							2.00	2.12	0.50			2.50			1.25					3.00		
35-3023.00	1.62	2.25										1.62			2.75	2.50											0.00	0.00																		0.00	2.00	1.88		2.00	0.50	1.12	1.75			1.88				2.25			1.62			0.62	0.00	1.62							2.00					0.12			1.00			2.12	0.00			0.00		2.75	2.00				2.00							1.62	1.62	0.25			1.88			0.50					1.75		
35-3023.01	2.62	2.62										2.25			2.75	2.75											1.62	1.12																		0.00	2.50	2.25		2.00	1.12	1.12	1.88			2.00				2.50			2.50			2.25	0.25	2.38							2.50					0.00			1.88			2.75	1.50			0.00		2.88	2.62				2.62							1.38	1.25	0.50			2.38			1.62					2.38		
35-3031.00	2.25	2.50										2.00			2.62	2.88											0.00	0.00																		0.00	1.88	2.00		2.00	0.62	0.75	1.62			1.88				2.62			2.00			0.38	0.00	1.12							2.38					0.12			1.38			2.12	0.00			0.00		3.00	2.50				2.62							1.50	1.38	0.00			2.12			0.75					2.00		
35-3041.00	2.12	2.38										2.12			2.62	2.38											0.25	0.12																		0.00	1.88	2.12		2.12	1.00	1.00	2.00			1.50				2.25			1.38			1.12	0.62	1.38							2.00					0.12			2.00			2.12	0.00			0.00		2.12	2.62				2.50							1.25	1.12	0.75			2.12			1.12					2.12		
35-9011.00	2.12	2.00										2.00			2.88	2.25											0.00	0.00																		0.00	1.88	2.12		2.00	1.38	1.12	2.12			1.25				2.12			1.75			0.88	0.25	1.50							1.88					0.12			1.50			2.00	0.00			0.00		2.12	2.00				2.12							1.12	1.12	0.12			2.12			1.12					1.25		
35-9021.00	1.75	2.00										1.75			2.00	2.00											2.00	1.00																		0.00	1.00	2.00		1.25	0.50	0.50	1.50			0.50				2.00			1.50			2.00	0.00	2.00							1.62					0.00			2.00			1.88	1.75			0.00		2.00	2.00				2.00							0.88	0.88	0.00			2.00			2.00					1.50		
35-9031.00	2.00	2.88										1.62			2.88	2.62											0.00	0.00																		0.00	2.00	2.00		2.00	0.12	0.12	2.00			1.62				2.38			2.50			0.25	0.00	0.75							2.62					0.00			1.00			2.12	0.00			0.00		3.00	2.88				2.88							1.75	1.38	0.00			2.12			0.25					2.00		
37-1011.00	2.88	3.12										2.88			3.50	3.25											1.75	1.12																		0.00	3.12	2.88		3.00	2.50	3.00	3.88			2.12				3.88			3.00			1.75	1.50	2.00							3.12					0.00			2.62			3.25	1.38			0.00		3.12	3.38				3.38							2.12	2.38	0.38			3.75			1.88					3.00		
37-1012.00	3.00	3.88										3.00			3.75	3.75											2.12	1.62																		0.38	3.00	3.00		3.00	2.25	2.88	3.88			2.88				3.75			3.00			2.88	2.12	3.00							3.00					0.75			2.88			3.62	1.88			1.00		3.12	3.62				4.00							2.88	2.88	1.00			3.88			2.12					3.00		
37-2011.00	2.12	2.25										2.12			2.25	2.12											2.00	1.50																		0.00	1.38	2.12		1.50	0.50	0.62	1.75			0.62				2.25			1.88			1.50	0.12	2.00							2.00					0.25			1.50			2.25	1.62			0.00		2.25	2.12				2.12							1.38	1.25	0.25			2.12			2.12					2.25		
37-2012.00	1.62	2.12										2.12			2.62	2.12											0.00	0.25																		0.00	2.12	2.12		1.50	0.62	0.88	2.00			1.00				2.00			2.12			0.62	0.25	1.38							2.12					0.00			1.75			2.12	0.00			0.00		2.62	2.12				2.12							1.00	1.00	0.00			2.25			0.88					2.00		
37-2021.00	2.88	3.00										3.00			3.00	3.38											1.88	1.88																		0.00	2.88	2.88		2.75	2.00	2.00	2.88			2.62				3.00			2.88			2.62	1.25	2.75							3.00					0.00			2.38			3.00	1.88			1.75		3.00	2.88				3.00							2.62	2.00	0.62			3.00			2.00					3.00		
37-3011.00	2.00	2.25										2.12			2.38	1.88											1.88	1.75																		0.25	1.75	2.25		1.88	0.12	0.50	1.75			0.75				1.88			1.38			2.62	0.25	2.25							1.62					0.00			2.00			1.88	2.00			0.88		2.12	2.00				1.88							1.62	1.62	0.62			2.00			2.00					1.25		
37-3012.00	2.38	3.00										2.88			2.75	2.88											2.25	1.88																		0.00	2.12	2.88		2.00	1.12	1.25	2.25			2.00				2.75			1.75			3.00	0.38	2.88							2.38					0.00			2.25			2.88	1.88			1.38		2.25	2.50				3.00							2.00	2.00	0.38			2.88			2.12					2.25		
37-3013.00	2.12	2.62										2.75			3.12	3.00											2.38	2.12																		0.38	3.00	2.50		2.00	1.00	1.00	2.62			1.38				3.00			2.00			3.12	0.38	3.00							2.12					0.00			2.62			2.50	2.00			0.88		2.50	2.50				2.75							2.00	1.62	0.62			3.00			2.25					2.50		
39-1013.00	3.00	3.50										3.00			3.12	3.88											1.25	1.12																		0.38	3.38	3.00		2.75	1.25	1.12	3.50			2.38				3.62			3.12			1.38	0.88	2.00							3.12					1.25			1.50			3.62	1.12			0.38		3.50	3.50				3.62							2.62	2.88	0.75			3.38			1.25					3.25		
39-1022.00	3.00	3.88										3.00			3.62	3.88											0.00	0.00																		0.00	3.00	3.00		3.12	1.88	2.00	3.88			2.12				3.62			3.00			1.00	1.25	2.12							3.00					0.25			2.50			3.75	0.00			0.50		3.00	3.88				3.75							2.88	2.88	0.62			3.75			1.00					3.12		
39-2011.00	3.12	3.00										2.75			3.00	3.38											0.00	0.12																		0.00	3.12	2.88		3.88	1.50	1.75	2.50			1.62				3.50			2.25			1.75	1.00	1.50							2.88					0.12			2.12			3.12	0.00			1.38		3.00	3.00				3.00							2.62	2.62	0.75			2.75			1.25					2.75		
39-2021.00	2.12	3.00										2.25			2.50	2.88											0.50	0.62																		0.12	2.00	2.12		2.00	0.75	0.88	1.75			1.88				2.88			1.62			0.75	0.00	1.38							1.75					0.25			1.50			2.88	0.25			0.50		2.88	2.25				2.75							1.75	1.62	0.62			2.00			1.25					2.50		
39-3011.00	2.38	3.00										2.00			2.75	2.88											0.12	0.00																		0.00	2.62	2.38		2.00	0.50	0.25	1.75			2.00				3.00			2.25			0.25	0.00	0.88							2.38					0.00			1.00			2.62	0.00			0.00		2.88	2.75				2.88							0.88	1.12	0.12			2.50			0.38					2.25		
39-3012.00	2.50	3.12										2.25			3.00	2.88											0.00	0.00																		0.00	2.25	2.50		2.12	1.12	0.88	2.62			2.75				3.12			2.00			0.75	0.12	1.75							2.50					0.38			1.62			3.12	0.00			0.25		2.62	2.88				2.88							1.75	1.00	0.00			2.12			0.75					2.75		
39-3021.00	2.12	3.00										2.25			2.62	2.75											2.62	2.00																		0.50	1.88	2.25		2.00	0.00	0.50	1.62			0.50				2.88			2.00			2.75	1.62	3.00							2.00					0.62			2.62			3.00	2.25			0.00		2.50	2.25				2.88							1.25	1.12	0.25			2.62			2.75					2.75		
39-3031.00	2.12	2.75										2.12			2.38	2.62											0.00	0.00																		0.00	1.12	2.12		1.25	0.00	0.00	2.00			1.38				2.62			2.25			0.62	0.38	1.75							2.50					0.38			1.62			2.25	0.00			0.00		3.00	3.00				2.50							1.38	1.38	0.00			2.00			0.88					2.12		
39-3091.00	2.00	2.50										2.12			2.62	2.75											0.88	0.12																		0.00	2.00	2.12		2.00	0.00	0.50	2.00			1.75				2.38			2.12			2.00	0.25	2.25							2.50					0.25			1.38			2.00	0.88			0.00		2.75	2.38				2.75							1.12	1.12	0.62			2.12			1.38					2.00		
39-3092.00	2.25	3.12										2.38			3.12	2.88											0.00	0.12																		0.00	2.00	2.38		1.62	1.38	1.38	2.12			1.00				3.00			2.38			1.25	2.12	1.25							2.38					0.00			1.50			3.12	0.00			0.00		2.75	3.00				3.00							1.62	1.75	0.62			2.25			0.75					2.38		
39-3093.00	2.00	2.88										2.00			2.38	2.75											0.00	0.25																		0.00	1.62	2.25		0.38	0.00	0.50	1.38			0.38				2.38			2.00			0.50	0.25	0.62							2.25					0.00			0.25			2.38	0.00			0.00		2.62	2.62				2.75							0.00	0.38	0.00			2.12			0.00					2.12		
39-4011.00	3.00	3.75										3.00			3.00	3.12											1.00	1.00																		0.00	2.62	3.00		2.75	1.12	1.25	2.75			2.00				3.12			2.62			2.25	1.88	2.12							2.12					0.25			1.88			3.38	1.00			2.25		3.00	3.88				3.75							2.12	2.12	1.00			3.12			1.62					3.00		
39-4021.00	1.88	3.12										2.00			3.00	2.62											1.00	0.50																		0.00	1.50	2.38		1.50	0.62	0.62	1.12			1.12				3.00			1.50			1.88	0.62	1.75							2.00					0.25			1.50			2.75	0.25			0.25		3.12	3.25				3.00							1.62	0.88	0.25			2.38			1.12					2.12		
39-4031.00	3.00	4.00										3.12			4.00	3.62											0.00	0.38																		0.00	3.00	3.00		2.88	2.62	2.50	3.50			2.75				3.38			3.50			2.62	2.38	2.75							3.50					0.38			2.50			3.88	0.00			1.38		4.00	4.38				4.00							3.00	3.25	0.75			3.50			0.75					3.88		
39-5011.00	2.50	3.00										2.12			2.38	2.75											1.00	1.25																		0.00	0.75	2.12		1.62	1.12	1.12	1.75			1.12				2.75			1.50			1.50	1.25	1.50							2.00					0.00			1.62			2.12	0.88			0.25		3.00	2.88				2.75							0.88	0.75	0.50			2.75			1.12					2.00		
39-5012.00	3.00	3.00										2.88			2.50	3.50											0.38	1.12																		0.00	3.00	2.50		3.00	0.75	1.12	2.25			2.00				3.00			2.38			0.50	1.88	1.62							2.75					0.38			1.00			3.00	0.00			1.00		3.25	3.12				3.00							2.12	2.25	1.00			2.62			0.62					2.88		
39-5091.00	3.00	3.25										2.62			3.00	3.38											0.00	1.25																		0.00	2.75	3.00		2.62	3.00	2.75	2.12			2.12				3.25			2.25			0.12	2.38	1.25							2.75					0.38			2.38			3.38	0.00			0.50		3.00	3.00				3.12							2.12	2.12	1.00			2.75			0.62					2.88		
39-5092.00	2.25	2.75										2.00			2.25	2.50											0.00	0.62																		0.00	2.00	2.12		1.88	0.38	0.50	1.88			1.25				2.12			2.12			0.12	0.50	0.88							2.12					0.00			1.38			2.12	0.00			0.00		2.62	2.62				2.62							1.75	1.75	0.88			2.12			0.38					1.88		
39-5093.00	2.00	2.62										1.88			2.62	2.12											0.00	0.38																		0.00	2.00	2.12		1.75	0.50	0.38	1.62			1.12				2.38			1.62			0.38	0.25	1.62							1.62					0.00			0.62			2.25	0.00			0.00		2.75	2.62				2.50							0.75	0.75	0.38			2.25			0.62					2.00		
39-5094.00	3.12	3.25										2.62			2.75	3.00											0.00	1.00																		0.00	2.62	2.88		2.88	0.75	1.00	1.88			1.12				3.12			2.38			1.25	1.75	1.62							2.50					0.38			1.38			3.12	0.00			0.38		3.50	3.00				3.12							2.00	1.88	0.50			2.75			0.50					2.62		
39-6011.00	2.12	3.12										2.12			2.75	2.75											0.75	0.50																		0.00	2.50	2.25		2.00	1.00	1.00	2.25			1.88				2.25			2.12			2.12	0.25	2.12							2.12					0.25			1.62			2.62	0.75			0.00		3.00	2.38				2.62							2.00	2.12	0.25			2.25			1.75					2.12		
39-6012.00	2.75	3.88										2.88			3.00	3.50											0.00	0.00																		0.00	2.00	3.00		2.12	0.88	0.88	2.00			2.00				2.75			2.88			0.00	0.25	0.38							3.00					0.25			0.38			3.00	0.00			0.00		4.00	3.00				3.38							2.00	2.00	0.88			2.88			0.25					3.00		
39-7011.00	2.38	3.12										2.12			3.00	3.12											0.00	0.00																		0.00	2.25	2.12		2.62	0.00	0.38	1.62			1.12				3.00			2.00			0.12	0.88	0.88							2.12					0.00			0.25			3.00	0.00			0.00		2.88	3.00				3.25							1.00	1.00	0.62			2.12			0.00					2.25		
39-7012.00	3.00	4.00										3.12			3.62	3.75											0.00	0.50																		0.00	3.00	3.00		3.00	2.38	2.38	2.75			2.50				3.12			3.38			2.00	1.62	2.12							3.38					1.00			1.50			3.75	0.12			0.00		3.88	3.25				3.25							2.62	2.62	1.00			3.00			0.50					3.25		
39-9011.00	3.00	3.00										2.88			3.00	3.00											0.00	0.00																		0.00	2.88	3.00		3.12	0.00	0.25	2.12			1.88				3.12			2.62			0.00	0.12	1.50							2.88					0.00			1.88			3.00	0.00			0.12		3.25	3.25				3.00							2.12	2.25	0.88			2.88			1.12					2.88		
39-9011.01	3.00	3.00										3.00			3.12	3.12											0.00	0.00																		0.00	3.00	3.00		3.12	1.38	1.62	2.12			0.75				3.50			3.00			1.25	1.00	1.25							3.12					0.00			1.12			3.00	0.00			0.62		3.50	3.75				3.00							2.00	2.50	1.00			3.00			0.38					2.88		
39-9031.00	3.00	3.00										2.75			3.00	3.00											0.62	0.88																		0.00	3.75	3.00		3.62	0.00	0.38	2.00			0.88				3.62			2.00			0.75	1.88	1.25							2.88					0.12			1.38			3.12	0.12			0.75		3.25	3.00				3.00							2.00	2.38	1.00			3.00			1.38					3.00		
39-9032.00	3.12	4.00										3.00			4.00	3.62											0.00	0.38																		0.00	3.38	3.00		3.12	2.12	2.38	3.38			2.00				3.38			2.88			0.75	1.88	1.75							3.12					0.38			1.50			3.25	0.00			0.62		3.75	4.00				4.00							2.75	2.75	1.00			3.12			0.88					3.12		
39-9041.00	3.00	3.88										3.00			3.38	4.00											0.00	0.00																		0.00	3.00	3.12		2.88	2.00	2.12	3.00			2.00				3.62			3.00			1.00	1.75	2.00							3.00					0.50			1.25			3.38	0.00			0.38		3.12	3.50				3.88							2.88	2.75	0.88			3.25			0.88					3.00		
41-1011.00	3.38	3.62										3.50			3.62	3.88											0.00	0.00																		0.00	3.62	3.00		3.50	2.75	2.75	3.62			3.00				3.88			3.62			0.88	2.12	1.50							3.62					1.00			2.00			3.88	0.00			0.00		3.75	3.75				3.88							2.88	3.00	0.88			3.62			0.38					3.62		
41-1012.00	3.62	4.00										3.62			4.00	3.88											0.00	0.00																		0.00	4.00	3.88		3.62	3.00	3.00	4.00			3.00				4.25			3.75			0.88	2.12	1.00							3.88					0.62			2.00			4.12	0.00			0.00		3.12	4.00				4.00							3.12	3.50	0.50			4.00			0.12					4.00		
41-2011.00	2.00	2.88										2.00			2.62	2.75											0.00	0.00																		0.00	2.00	2.00		1.88	0.62	0.50	2.00			2.12				2.38			2.00			0.50	0.00	1.25							2.00					0.00			0.38			2.62	0.00			0.12		2.88	2.75				2.62							1.75	1.50	0.00			2.50			0.38					2.12		
41-2012.00	2.12	3.00										2.25			2.38	2.88											1.00	1.00																		0.00	2.12	2.12		2.12	1.12	1.00	2.12			2.50				2.50			2.12			1.75	0.25	2.12							2.25					0.38			2.00			3.00	1.62			0.00		2.88	2.12				2.75							1.62	1.50	0.00			1.75			1.75					2.62		
41-2021.00	2.25	3.12										2.38			3.00	2.88											0.62	0.75																		0.00	2.62	2.25		2.00	1.75	1.88	2.25			2.25				2.88			2.88			2.00	0.00	2.25							2.88					0.50			1.00			3.12	0.62			0.00		3.25	2.88				3.00							1.88	1.88	0.75			2.38			1.00					3.00		
41-2022.00	3.12	3.88										2.88			3.00	3.25											1.75	2.00																		0.00	2.50	2.88		2.12	0.50	1.62	2.00			2.50				3.00			3.00			2.00	0.25	2.12							3.25					0.38			2.12			3.12	1.75			0.00		3.12	2.88				3.38							2.00	2.00	0.50			2.75			1.75					2.75		
41-2031.00	2.88	3.75										2.50			3.00	3.12											0.00	0.00																		0.00	2.75	2.75		2.25	1.25	1.00	2.12			2.00				3.12			3.75			1.38	0.62	1.50							4.00					0.25			1.25			3.12	0.00			0.00		3.88	3.12				3.12							1.88	2.00	1.00			2.88			0.88					3.00		
41-3011.00	3.62	4.00										3.12			3.25	3.75											0.00	0.00																		0.00	2.75	3.25		2.62	1.88	1.75	2.38			2.75				3.38			3.88			2.00	2.00	2.00							4.00					1.12			0.75			3.88	0.00			0.00		3.75	3.62				4.00							2.88	2.75	1.12			3.00			0.00					3.38		
41-3021.00	3.38	4.00										3.12			3.00	3.88											0.00	0.00																		0.00	2.88	3.25		2.75	0.25	0.12	1.88			3.00				3.00			3.38			1.00	1.50	1.25							3.88					0.75			0.12			4.00	0.00			0.12		3.50	3.00				4.00							3.00	3.00	0.75			3.00			0.00					3.62		
41-3031.00	3.75	3.88										3.50			3.12	3.75											0.12	0.38																		0.12	3.25	3.50		2.88	2.75	1.38	2.62			3.25				3.75			3.25			0.12	1.62	0.88							3.62					1.50			0.88			3.75	0.00			0.38		3.62	3.25				3.75							3.38	3.62	0.88			2.88			0.12					3.50		
41-3041.00	3.12	4.00										2.88			2.88	3.75											0.00	0.12																		0.00	2.62	3.00		2.25	2.00	0.75	1.62			2.50				2.88			3.25			0.62	1.25	0.75							3.50					0.75			0.25			3.75	0.00			0.25		4.00	3.12				3.12							2.00	2.00	0.88			2.88			0.00					3.00		
41-4011.00	3.75	4.12										3.12			3.38	3.75											0.00	0.62																		0.00	3.12	3.38		3.00	2.62	2.50	2.50			2.88				3.12			4.00			1.25	2.50	1.62							4.00					1.00			1.12			4.12	0.00			0.62		3.38	3.75				4.00							3.00	2.62	1.62			3.00			0.00					3.62		
41-4011.07	3.00	3.75										3.12			3.12	3.62											0.00	0.38																		0.00	3.00	3.00		2.75	1.75	0.88	2.00			3.00				3.12			3.62			1.12	1.75	1.50							3.88					0.50			2.00			3.62	0.00			0.50		3.75	3.12				4.00							2.75	3.00	1.38			2.88			0.75					3.00		
41-4012.00	3.25	4.00										3.00			3.12	3.75											0.00	0.00																		0.00	2.75	3.00		2.12	1.00	1.00	1.75			2.25				3.25			3.88			1.00	1.25	0.75							4.00					0.50			0.38			3.75	0.00			0.00		3.12	3.50				4.00							2.12	2.12	0.75			3.00			0.00					3.25		
41-9011.00	3.00	3.62										2.38			3.25	3.00											0.00	0.00																		0.00	3.00	2.62		2.75	0.62	0.88	2.38			1.88				3.12			2.88			0.88	2.00	2.00							3.88					0.12			1.88			3.25	0.00			0.00		3.12	3.25				3.88							2.00	2.12	0.88			2.88			1.62					3.00		
41-9012.00	1.62	2.62										1.75			2.00	1.88											0.00	0.00																		0.00	0.38	1.88		0.12	0.00	0.00	0.75			0.25				1.75			1.75			0.00	0.38	0.00							1.75					0.00			0.12			2.00	0.00			0.00		1.62	2.62				2.12							0.75	0.12	0.50			2.00			0.00					2.00		
41-9021.00	3.75	4.00										2.88			2.88	3.88											0.00	0.00																		0.00	2.25	4.00		2.00	2.00	0.88	2.75			3.00				3.38			4.00			1.00	1.00	0.75							4.00					0.50			2.25			4.12	0.00			0.12		3.25	3.12				4.00							2.25	2.38	0.38			3.00			0.62					3.50		
41-9022.00	3.25	4.00										3.00			3.62	4.00											0.00	0.00																		0.00	3.00	3.75		2.38	2.12	1.38	2.75			3.25				3.00			3.88			1.50	1.25	1.50							4.12					0.62			2.00			4.00	0.00			0.12		3.75	3.75				4.00							2.75	3.00	0.62			3.12			0.88					3.50		
41-9031.00	4.12	4.12										4.00			3.62	4.00											0.00	1.00																		0.00	3.75	4.00		3.38	2.38	2.38	3.00			3.62				3.50			4.00			1.00	2.75	1.75							4.25					1.38			1.75			4.88	0.00			2.00		3.88	3.88				4.25							3.88	3.75	2.88			3.12			1.50					4.00		
41-9041.00	1.62	3.88										2.00			2.25	3.12											0.00	0.00																		0.00	1.25	2.12		0.75	0.25	0.25	1.12			0.50				2.12			2.62			0.12	0.38	0.25							3.62					0.25			0.12			3.25	0.00			0.00		3.12	3.00				3.75							0.88	0.88	0.25			2.12			0.00					2.50		
41-9091.00	2.62	3.12										2.25			3.12	3.12											0.00	0.00																		0.00	2.12	2.88		2.00	0.88	1.25	1.38			1.12				2.88			3.38			0.62	1.12	0.38							4.00					0.62			0.12			2.75	0.00			0.00		3.12	3.12				3.38							1.75	2.00	0.75			2.88			0.00					2.75		
43-1011.00	3.75	3.88										3.25			3.75	3.88											0.00	0.00																		0.00	3.62	3.12		3.75	2.62	2.62	3.75			2.75				4.00			3.62			0.25	2.50	2.00							3.50					1.00			2.75			3.75	0.00			0.00		3.50	3.88				4.00							3.00	3.00	0.62			3.75			1.38					3.75		
43-2011.00	2.25	3.00										2.12			2.62	2.75											0.00	0.00																		0.00	1.88	2.12		1.88	0.00	0.00	1.38			1.25				2.50			2.12			0.75	0.50	1.38							2.25					0.38			0.75			2.88	0.00			0.00		2.88	3.00				2.88							1.62	0.88	0.00			2.25			0.50					2.38		
43-2021.00	2.00	3.62										2.50			2.25	2.88											0.00	0.00																		0.00	1.88	1.88		2.00	0.38	0.38	1.75			0.88				2.25			1.75			0.25	0.12	0.88							1.75					0.38			0.12			2.88	0.00			0.00		3.12	2.88				3.38							1.62	1.12	0.25			2.00			0.00					2.25		
43-3011.00	2.75	3.62										2.88			2.88	3.50											0.00	0.00																		0.00	2.38	2.75		2.12	0.75	0.50	2.00			2.62				2.88			3.12			0.00	0.25	1.00							3.62					0.38			0.88			3.62	0.00			0.00		2.75	3.00				3.62							2.38	2.00	0.00			2.88			0.50					3.12		
43-3021.00	2.62	3.38										2.62			2.62	3.25											0.50	0.50																		0.00	2.38	2.75		2.62	0.88	0.88	2.12			2.88				2.62			2.25			1.00	0.38	1.38							2.12					1.12			1.12			3.38	0.88			0.12		2.75	2.62				3.12							2.12	2.25	0.38			2.75			1.00					2.88		
43-3031.00	3.12	3.75										2.88			2.75	3.25											0.00	0.00																		0.00	2.00	2.88		1.88	1.75	0.88	2.00			3.38				2.88			2.38			0.12	0.38	0.62							2.12					0.38			0.12			3.75	0.00			0.12		2.88	2.75				3.12							2.12	2.12	0.12			2.88			0.00					3.12		
43-3041.00	2.25	3.12										2.25			2.75	3.25											0.00	0.00																		0.00	2.75	2.38		2.12	1.00	0.75	2.25			2.88				3.00			2.62			1.38	0.12	1.50							2.25					0.38			1.75			3.00	0.00			0.00		3.00	3.00				3.00							1.38	1.25	0.00			2.75			0.50					3.00		
43-3051.00	2.88	3.38										3.00			2.12	3.12											0.00	0.00																		0.00	2.12	2.88		2.62	0.25	0.00	2.00			3.12				3.00			2.00			0.00	0.38	1.00							2.00					1.00			0.75			3.75	0.00			0.00		2.75	2.88				3.12							2.25	1.88	0.38			3.00			0.00					3.12		
43-3061.00	3.62	4.00										3.12			2.88	3.75											0.00	0.00																		0.00	2.25	3.12		2.38	2.62	2.12	2.75			2.38				3.00			3.50			0.00	1.25	0.25							2.38					0.62			0.88			4.00	0.00			0.00		3.00	3.00				3.88							2.38	2.00	0.50			3.00			0.00					3.25		
43-3071.00	3.00	3.62										2.88			2.75	3.25											0.00	0.00																		0.00	2.88	2.88		2.50	1.00	0.88	2.25			2.75				3.12			2.12			1.38	0.25	2.00							2.38					0.38			1.50			3.25	0.00			0.00		3.00	3.00				3.00							2.12	2.25	0.50			2.88			0.62					3.00		
43-4011.00	3.00	3.88										2.88			2.88	3.62											0.00	0.00																		0.00	2.00	2.88		2.75	1.25	1.00	2.12			3.50				3.00			2.50			0.25	0.75	1.12							2.12					1.75			0.12			3.75	0.00			0.00		3.12	3.00				3.62							2.12	2.25	0.00			3.12			0.00					3.50		
43-4021.00	2.75	3.88										2.75			2.88	3.75											0.00	0.00																		0.00	2.00	3.00		2.38	0.38	0.50	2.25			2.50				2.75			2.75			0.12	0.25	0.38							2.88					0.38			0.50			4.00	0.00			0.25		3.00	2.88				3.50							2.12	2.12	0.25			2.88			0.00					4.12		
43-4031.00	2.62	3.62										2.62			3.00	3.38											0.25	0.50																		0.00	2.38	2.62		2.62	1.25	1.00	2.62			2.12				2.88			2.25			0.75	0.38	1.12							2.12					0.88			1.12			3.62	0.25			0.12		3.00	2.75				3.62							2.25	2.25	0.75			3.00			0.50					3.50		
43-4041.00	2.62	3.62										2.25			2.75	3.38											0.00	0.00																		0.00	2.50	3.25		2.25	1.38	1.25	2.38			2.50				3.00			2.50			0.12	0.25	0.00							2.75					0.88			0.38			3.50	0.00			0.12		3.00	3.00				3.50							1.75	1.62	0.00			2.75			0.00					3.12		
43-4051.00	2.88	4.00										3.00			3.00	3.50											0.00	0.00																		0.00	2.88	3.00		2.88	0.50	0.50	2.12			2.25				3.00			3.00			0.00	0.62	1.00							3.00					0.62			0.12			3.12	0.00			0.00		3.62	3.00				3.75							2.12	2.12	0.88			3.00			0.00					3.00		
43-4061.00	3.25	4.12										3.00			3.00	3.62											0.00	0.00																		0.00	2.38	3.25		2.25	0.12	0.00	1.88			2.25				3.12			2.88			0.00	0.00	0.50							2.88					0.25			0.00			4.00	0.00			0.25		3.62	3.88				4.25							2.38	2.25	0.25			3.00			0.00					3.88		
43-4071.00	2.50	3.00										2.38			2.38	3.00											0.00	0.12																		0.00	2.00	2.00		2.25	1.00	1.25	1.75			2.12				2.75			2.00			1.38	0.88	0.88							2.12					0.75			1.50			3.25	0.00			0.00		2.88	2.50				3.00							1.88	1.75	0.38			2.75			0.12					3.00		
43-4081.00	2.25	3.25										2.75			3.12	3.50											0.00	0.00																		0.00	2.88	2.88		2.62	0.88	0.75	3.00			2.12				3.00			2.88			0.12	0.00	1.50							2.88					0.88			1.38			3.50	0.00			0.00		3.62	3.25				3.00							2.12	2.25	0.88			3.00			0.50					2.88		
43-4111.00	3.00	4.00										3.12			3.00	3.25											0.00	0.00																		0.00	2.88	2.75		2.88	0.88	0.88	2.88			2.12				3.12			3.12			0.00	1.62	1.12							3.12					1.12			0.12			3.62	0.00			0.00		3.25	3.25				4.00							2.25	2.25	0.38			3.25			0.00					3.38		
43-4121.00	2.12	3.00										2.12			2.88	2.88											0.25	0.00																		0.00	2.50	2.25		2.12	1.12	1.62	2.12			2.12				2.75			2.12			0.00	0.25	1.00							2.12					0.50			1.25			3.25	0.25			0.00		3.00	2.75				3.00							1.88	1.75	0.38			2.50			0.25					3.00		
43-4131.00	3.50	4.00										3.00			3.00	4.00											0.00	0.00																		0.00	3.00	3.75		2.75	1.25	0.25	2.25			3.12				3.00			3.00			0.00	2.12	1.62							3.12					1.12			1.00			4.00	0.00			0.25		3.25	3.12				4.00							2.75	2.62	0.75			3.12			0.62					3.88		
43-4141.00	2.62	4.00										2.62			2.88	3.50											0.00	0.00																		0.00	2.00	3.00		2.12	0.50	0.12	1.75			3.00				3.00			2.00			0.25	0.38	0.75							2.88					0.75			0.62			3.62	0.00			0.00		3.38	3.00				3.88							2.00	2.00	0.25			2.50			0.00					3.00		
43-4151.00	3.00	3.62										2.62			3.00	3.50											0.00	0.00																		0.00	2.00	2.75		2.12	1.12	1.25	1.62			2.75				3.00			2.88			0.75	0.75	0.88							3.00					0.38			2.25			3.50	0.00			0.00		3.25	3.00				3.50							2.00	2.12	0.25			2.75			0.50					3.00		
43-4161.00	3.12	4.00										2.75			3.00	3.62											0.00	0.00																		0.00	2.88	3.00		2.88	0.75	0.75	2.62			2.00				3.50			2.50			0.25	1.25	1.12							2.75					0.75			0.38			4.00	0.00			0.12		3.00	3.38				3.75							2.12	2.12	0.75			2.88			0.00					3.62		
43-4171.00	2.12	3.12										2.62			2.88	3.00											0.00	0.00																		0.00	2.00	2.12		1.88	0.50	0.38	2.00			1.88				2.75			2.38			0.00	0.25	0.88							2.50					0.50			1.38			3.12	0.00			0.00		3.25	2.88				3.00							2.00	2.00	0.00			2.62			0.38					3.00		
43-4181.00	3.00	4.00										3.00			3.00	3.62											0.00	0.00																		0.00	2.75	3.00		2.62	0.38	0.50	2.00			2.50				2.88			2.88			0.50	1.00	1.62							3.00					0.88			1.12			3.12	0.00			0.00		3.75	3.12				3.25							2.25	2.25	0.50			3.00			0.50					3.00		
43-5011.00	2.75	3.00										2.88			3.00	3.62											0.62	0.75																		0.25	2.50	2.75		1.88	0.38	1.38	2.25			2.50				3.12			3.12			1.25	1.38	1.62							2.88					0.38			2.00			3.12	0.50			0.00		3.00	3.00				3.00							2.12	2.12	0.38			3.00			1.38					3.00		
43-5011.01	3.12	3.38										3.12			3.38	3.38											0.75	0.75																		0.00	2.88	3.00		2.88	2.00	2.00	2.62			3.12				3.12			3.38			0.75	0.75	2.12							3.25					0.75			0.88			3.25	0.62			0.00		3.12	3.25				3.25							3.12	3.00	0.75			3.12			0.88					3.12		
43-5021.00	2.25	2.88										2.38			2.38	2.62											1.00	0.12																		0.00	1.62	2.00		1.88	0.75	0.62	1.38			2.12				2.12			1.75			2.25	0.38	2.12							1.75					0.00			1.38			2.88	0.12			0.12		2.62	2.38				2.62							1.88	1.62	0.38			2.75			1.50					2.75		
43-5031.00	3.00	4.00										3.12			3.75	3.88											0.62	0.75																		0.12	3.00	3.12		2.88	1.00	1.12	2.62			1.75				3.25			3.00			1.00	1.62	2.12							3.12					1.00			2.00			3.75	0.62			0.38		3.38	4.00				4.00							2.62	2.25	0.75			3.00			1.88					3.00		
43-5032.00	2.88	3.88										3.00			3.62	3.75											0.00	0.00																		0.00	2.50	2.88		2.75	1.00	1.38	2.75			2.00				3.25			2.75			0.38	0.75	1.75							2.88					0.38			1.88			3.25	0.00			0.12		2.88	3.00				3.88							2.75	2.75	0.75			3.12			0.62					2.88		
43-5041.00	2.12	3.00										2.62			2.12	2.75											1.12	1.12																		0.25	2.38	2.50		2.50	1.00	1.00	1.88			2.12				2.88			2.12			2.38	0.62	2.38							2.12					0.88			2.12			2.88	1.00			0.12		2.75	2.12				3.00							1.88	1.75	0.62			2.62			1.88					2.75		
43-5051.00	2.00	3.12										2.50			2.25	3.25											0.00	0.00																		0.00	2.00	2.12		2.00	1.62	1.25	2.00			2.50				2.50			2.00			1.00	0.50	1.62							2.50					0.62			2.00			3.12	0.00			0.00		3.00	2.38				3.00							1.88	1.25	0.50			2.62			1.50					3.00		
43-5052.00	2.00	3.00										2.12			2.62	2.75											0.00	0.00																		0.00	0.12	2.12		1.12	0.12	0.50	0.00			1.12				2.25			2.00			2.12	1.00	2.12							2.12					0.00			0.88			2.88	0.00			0.00		2.12	2.75				2.75							1.25	1.12	0.00			2.38			0.12					2.12		
43-5053.00	2.00	2.75										2.00			2.88	2.62											0.62	0.12																		0.00	2.38	2.12		2.12	0.00	0.00	1.88			1.38				2.75			1.38			2.38	0.62	2.62							1.50					0.62			1.88			2.75	0.38			0.00		1.88	2.38				2.62							1.62	1.25	0.00			2.50			1.62					1.88		
43-5061.00	2.75	3.62										3.12			3.00	3.62											0.00	0.12																		0.00	2.12	2.88		2.12	2.12	2.38	2.38			2.62				3.50			2.75			0.50	1.25	1.88							2.75					1.00			1.88			3.75	0.00			0.12		2.50	2.88				3.12							3.00	2.12	1.00			3.50			1.25					3.00		
43-5071.00	2.12	3.00										2.25			2.88	3.00											0.00	0.25																		0.00	2.25	2.75		2.25	1.12	1.12	2.12			2.25				3.00			2.12			2.00	0.62	2.12							2.12					0.62			2.00			3.12	0.00			0.00		2.25	2.50				3.00							2.25	1.62	0.88			2.38			1.25					2.75		
43-5111.00	2.75	3.00										2.75			3.00	3.00											1.25	1.25																		0.00	2.38	2.88		2.50	1.12	1.00	2.75			2.75				3.12			2.12			1.75	0.50	2.25							2.25					1.12			2.75			3.00	1.25			0.75		3.00	2.88				3.00							2.12	2.12	0.50			2.88			1.38					3.00		
43-6011.00	3.12	4.00										3.00			3.00	3.75											0.00	0.12																		0.00	2.88	2.88		3.00	1.25	1.25	2.38			2.25				3.62			2.62			0.38	0.88	1.25							2.88					1.25			1.88			4.00	0.12			0.38		3.75	3.12				3.88							2.50	2.62	0.75			3.00			0.00					3.75		
43-6012.00	2.88	4.00										2.88			2.88	3.00											0.00	0.00																		0.00	2.00	2.75		2.12	0.38	0.00	1.88			2.12				3.00			2.12			0.00	0.25	1.12							2.12					0.38			1.75			4.00	0.00			0.00		3.00	3.00				3.25							2.00	1.88	0.50			3.00			0.25					3.88		
43-6013.00	2.25	3.50										2.75			2.75	3.00											0.00	0.00																		0.00	2.12	2.25		2.12	0.38	0.62	2.12			2.00				2.88			1.75			0.25	0.75	0.75							2.00					0.38			0.12			3.12	0.00			0.12		3.25	3.00				3.62							2.00	2.00	0.25			2.88			0.00					3.00		
43-6014.00	3.00	3.75										2.62			2.88	3.62											0.00	0.00																		0.00	2.38	2.62		1.88	1.25	1.50	2.62			1.62				3.25			2.12			0.25	1.12	1.00							2.12					0.75			1.38			3.88	0.00			0.00		3.12	3.00				3.62							2.12	1.75	0.50			3.00			0.00					3.50		
43-9021.00	2.12	3.00										2.50			2.12	2.88											0.00	0.50																		0.00	2.38	2.38		2.12	0.88	0.88	2.25			2.00				2.25			2.12			0.00	0.25	1.88							2.12					1.00			1.00			3.38	0.00			0.00		2.12	2.50				3.00							2.12	2.00	0.38			2.88			0.00					3.00		
43-9022.00	2.00	3.12										2.00			2.12	2.50											0.62	0.12																		0.00	1.25	1.88		1.50	0.75	0.88	1.75			2.50				2.38			1.75			0.88	0.75	1.00							1.62					0.88			1.75			3.50	0.00			0.00		2.50	2.50				2.88							1.25	0.88	0.88			2.88			0.62					3.25		
43-9031.00	3.00	3.75										3.62			3.38	3.88											1.00	1.62																		0.00	3.62	3.00		3.00	1.75	1.62	2.88			2.12				3.50			2.75			1.38	2.88	1.88							2.88					2.62			2.38			4.00	1.25			0.00		3.00	3.00				3.62							2.88	2.75	1.75			3.50			1.25					3.62		
43-9041.00	2.75	3.50										2.88			2.75	3.38											0.00	0.00																		0.00	2.25	2.88		2.38	0.75	0.62	2.00			2.38				2.88			2.88			0.38	0.62	1.25							2.75					0.88			0.75			3.50	0.00			0.12		3.25	2.88				3.25							2.38	2.12	0.12			3.00			0.12					3.12		
43-9051.00	2.12	2.75										1.88			2.88	2.88											1.00	0.88																		0.00	1.88	2.62		2.00	0.88	0.75	1.62			2.00				2.88			1.12			2.88	0.12	2.50							1.50					0.50			2.12			2.62	0.88			0.12		1.88	2.62				2.75							1.88	1.38	0.25			2.62			1.38					2.75		
43-9061.00	2.75	3.50										2.25			3.00	3.00											0.00	0.00																		0.00	2.75	2.25		2.25	0.88	1.38	2.00			2.12				2.88			2.12			0.38	0.25	2.00							2.12					0.38			1.00			3.50	0.00			0.00		2.88	3.00				3.00							1.88	1.75	0.38			2.75			0.50					3.12		
43-9071.00	2.62	2.88										2.50			2.62	2.62											2.50	1.75																		0.25	2.12	2.50		2.00	1.88	2.00	2.12			2.00				3.00			2.12			2.62	0.75	2.88							2.12					0.88			2.62			2.88	1.88			0.00		2.75	2.25				3.00							2.12	2.00	0.75			2.62			2.50					2.75		
43-9081.00	2.38	3.12										2.38			2.12	3.00											0.00	0.00																		0.00	1.25	2.25		1.38	0.00	0.00	0.88			1.00				2.75			1.00			0.00	0.38	0.00							1.50					0.25			1.88			4.25	0.00			0.12		0.88	1.88				3.12							1.00	1.12	0.00			2.50			0.00					4.00		
43-9111.00	3.75	3.62										3.38			2.75	3.88											0.00	0.00																		0.00	2.88	3.00		3.00	0.50	0.38	2.00			4.88				3.00			2.62			0.00	1.38	0.75							2.62					3.50			1.75			4.00	0.00			2.50		2.75	2.88				3.75							2.50	2.62	1.00			3.00			0.00					3.75		
45-1011.00	3.38	3.50										3.12			3.75	3.75											2.38	2.50																		0.12	3.38	3.25		3.38	2.88	2.75	3.62			3.12				4.00			3.12			3.00	0.88	3.12							3.25					0.75			3.12			3.62	2.00			1.75		2.75	3.50				3.75							2.75	2.75	1.38			3.50			2.50					3.50		
45-2011.00	3.38	3.62										3.25			3.00	4.00											0.00	0.12																		0.00	2.88	3.38		3.00	0.75	1.00	2.25			2.75				4.12			2.75			2.38	1.38	3.38							2.88					0.50			3.88			4.00	0.00			2.75		2.88	2.75				3.88							3.25	3.25	0.75			2.88			1.50					3.62		
45-2021.00	2.75	3.00										2.88			2.25	3.25											0.00	0.50																		0.00	1.62	3.00		2.00	1.62	1.75	1.75			2.12				3.00			1.50			2.62	1.25	2.75							2.38					0.50			2.75			2.88	0.00			2.88		2.12	2.38				2.75							2.25	1.88	0.25			2.75			1.62					2.75		
45-2041.00	1.50	2.25										1.62			2.50	2.25											0.00	0.00																		0.00	0.88	1.88		0.88	0.12	0.12	0.62			0.88				2.12			1.12			0.62	0.00	1.00							1.50					0.00			1.00			1.62	0.00			0.25		1.25	1.75				2.25							1.25	0.88	0.00			1.88			0.50					1.38		
45-2091.00	1.88	2.88										2.38			2.50	2.75											3.00	2.00																		0.38	2.00	2.12		1.00	0.50	0.75	2.25			1.12				2.25			1.38			3.75	0.12	3.62							1.75					0.00			2.75			1.88	3.00			0.62		1.62	2.12				2.62							1.38	1.25	0.50			2.12			3.00					1.75		
45-2092.00	2.50	2.62										2.50			2.38	2.62											2.62	2.38																		1.00	2.00	2.25		2.12	1.25	1.25	2.00			1.88				2.38			2.00			2.62	1.00	2.62							2.25					0.75			2.25			2.62	2.50			0.50		2.25	2.38				2.88							2.38	2.25	0.75			2.50			2.25					2.50		
45-2093.00	2.38	3.00										2.25			3.00	3.00											2.62	2.12																		0.00	2.50	3.00		2.12	0.75	1.38	2.12			1.75				3.25			2.00			3.00	0.38	3.00							2.00					0.00			2.75			2.75	2.62			1.38		2.00	2.12				2.88							2.12	2.12	0.38			2.88			2.50					2.75		
45-3031.00	2.38	2.50										2.12			2.75	2.88											1.88	1.75																		0.38	2.12	2.25		2.75	1.50	2.00	2.25			1.88				2.12			1.50			2.00	0.25	2.00							2.00					0.25			1.62			2.50	2.25			1.00		1.88	2.62				2.38							1.62	1.50	0.75			2.38			2.12					2.12		
45-4011.00	2.75	2.88										2.50			3.25	3.00											2.00	2.00																		0.00	2.25	2.88		2.50	0.50	0.88	1.75			1.88				2.88			1.75			2.62	0.25	2.75							2.12					0.38			2.00			2.88	2.00			1.62		2.38	2.75				3.00							2.38	1.88	0.38			2.75			2.00					2.38		
45-4021.00	2.00	2.38										2.50			2.88	3.00											2.50	2.38																		0.00	1.50	2.62		0.75	1.00	1.00	1.50			1.50				2.75			1.75			2.88	1.38	2.50							2.12					0.00			2.50			1.75	2.25			1.25		1.25	1.88				2.38							0.12	1.12	0.00			2.12			2.50					1.25		
45-4022.00	2.12	2.25										2.12			2.75	2.75											3.00	2.00																		0.12	2.25	2.50		2.00	1.00	1.00	2.25			1.88				3.00			2.12			4.00	0.50	3.88							2.12					0.00			3.00			2.25	3.00			0.50		2.12	2.25				2.25							2.00	2.12	0.25			2.75			3.00					2.38		
45-4023.00	2.75	2.88										2.75			3.00	3.00											1.00	1.00																		0.00	2.50	3.00		2.12	0.88	1.50	1.88			2.75				3.00			2.62			2.25	0.62	2.62							2.75					0.50			2.50			2.88	0.75			0.75		2.50	2.75				2.88							2.25	2.12	0.38			2.88			1.38					3.00		
47-1011.00	3.12	3.62										3.25			3.88	3.38											2.00	2.62																		0.00	3.00	3.12		3.00	2.00	2.25	3.88			3.00				3.38			3.00			3.00	2.62	2.88							3.12					0.25			3.12			3.62	2.00			0.75		3.00	3.38				3.75							3.00	3.12	0.75			3.50			2.00					3.12		
47-1011.03	3.25	3.62										3.25			3.75	3.62											2.12	2.25																		1.75	3.25	3.38		3.00	3.00	2.88	3.88			3.00				3.75			3.62			3.00	1.88	3.00							3.38					0.50			3.12			3.75	2.38			1.25		3.12	3.50				3.62							3.00	3.12	1.62			3.75			2.62					3.25		
47-2011.00	3.00	3.00										3.12			2.88	3.00											3.25	3.00																		2.00	2.12	3.00		2.75	0.62	1.12	2.00			2.12				3.00			2.00			3.88	2.62	3.12							2.00					0.12			3.12			3.00	3.25			1.38		2.00	2.62				3.00							2.00	2.00	0.62			3.00			3.25					2.88		
47-2021.00	2.12	2.75										2.25			3.12	3.00											2.00	2.00																		0.12	2.12	2.12		2.12	1.00	1.75	2.12			3.38				2.88			2.12			2.12	1.62	2.25							2.25					0.00			2.88			2.38	1.88			1.25		2.12	2.25				2.50							2.12	2.12	0.75			2.62			2.00					2.12		
47-2022.00	2.75	3.00										2.88			3.75	3.25											1.88	2.00																		0.00	2.38	2.75		2.62	1.00	1.62	2.50			3.00				3.00			2.62			2.62	1.25	2.12							2.62					0.00			2.50			2.38	2.12			0.62		2.38	2.38				2.50							2.12	2.25	1.12			3.00			2.12					2.38		
47-2031.00	2.88	3.12										2.88			3.88	3.62											2.00	2.62																		1.75	3.00	2.88		2.38	1.62	2.12	2.50			3.50				3.50			2.50			2.62	1.62	2.75							2.38					0.50			3.12			3.12	2.38			0.75		2.50	2.75				3.00							2.25	2.38	0.88			2.88			2.12					2.62		
47-2041.00	2.12	2.12										2.75			3.12	2.88											1.62	2.00																		0.62	2.62	2.50		2.62	0.88	1.50	1.88			3.38				2.88			1.75			2.12	1.50	2.12							1.88					0.00			2.62			2.25	1.62			0.00		2.88	2.25				2.25							1.88	1.88	1.00			2.38			1.88					1.75		
47-2042.00	2.50	3.00										2.50			3.12	2.88											0.00	0.88																		0.00	2.50	2.25		1.88	0.12	0.25	1.75			2.12				3.12			2.25			2.12	1.38	2.12							2.50					0.00			1.50			2.38	0.00			0.38		2.38	2.25				2.62							1.25	1.25	0.38			2.38			0.88					2.25		
47-2043.00	2.25	2.75										2.50			3.00	2.38											2.00	1.75																		0.00	2.12	2.25		1.88	0.38	0.75	1.62			1.50				2.75			1.62			2.75	0.38	2.50							1.75					0.00			2.38			2.38	2.00			0.12		2.25	2.00				2.25							1.38	1.25	0.38			2.62			2.00					1.88		
47-2044.00	2.50	3.00										2.75			3.00	3.12											1.88	2.00																		0.62	2.75	2.50		2.00	0.50	1.50	1.88			3.12				2.75			2.12			2.12	1.50	2.25							2.00					0.00			2.38			2.75	1.88			0.12		2.38	2.25				2.88							2.00	2.00	0.75			2.88			1.88					2.00		
47-2051.00	1.75	2.25										2.62			3.25	2.38											1.25	1.62																		0.38	2.00	2.12		2.00	0.88	1.12	2.12			2.75				2.88			1.50			2.75	0.38	2.38							1.62					0.12			2.75			1.88	1.12			0.25		1.62	1.88				2.00							1.62	1.62	0.75			2.75			1.75					1.88		
47-2053.00	2.12	2.00										2.38			3.12	2.38											1.75	2.00																		0.25	2.00	2.25		2.12	0.62	1.00	1.88			2.25				2.62			1.62			2.50	1.00	2.00							1.75					0.00			2.38			1.75	1.75			0.62		1.88	2.00				2.00							1.75	1.50	0.38			2.50			1.88					1.62		
47-2061.00	2.12	3.00										2.62			3.25	2.62											2.12	2.12																		1.25	2.00	2.12		2.00	0.50	0.88	1.75			1.38				2.50			2.00			3.00	0.75	2.88							2.00					0.00			2.12			2.62	2.00			0.50		1.88	2.12				2.88							1.00	1.12	0.62			2.38			2.00					2.00		
47-2071.00	2.12	2.75										2.50			3.12	2.88											3.00	2.12																		0.88	2.00	2.50		2.12	0.50	0.62	1.62			2.00				2.88			1.62			3.12	0.62	3.12							1.75					0.00			2.88			2.12	3.00			0.12		1.88	1.75				2.25							1.88	1.88	0.75			2.12			2.88					1.62		
47-2072.00	2.00	2.75										2.25			3.12	3.00											3.12	1.88																		0.00	2.12	2.50		1.62	0.50	0.75	1.38			1.38				2.88			1.62			3.75	0.12	3.62							1.62					0.00			2.88			2.25	2.88			0.38		1.75	2.00				2.38							1.25	1.25	0.50			2.75			3.00					1.88		
47-2073.00	2.62	3.00										2.62			2.88	3.00											3.25	2.12																		0.62	2.38	2.62		2.12	0.88	1.00	2.12			1.62				3.00			2.12			4.12	1.25	3.25							2.12					0.25			2.75			2.50	3.00			0.62		2.25	2.38				2.50							2.00	1.75	1.00			2.88			3.00					1.88		
47-2081.00	2.00	2.38										2.50			3.12	2.62											1.38	1.88																		1.12	2.12	2.50		1.88	0.62	0.75	2.00			2.12				2.62			1.50			2.38	1.50	2.25							1.62					0.00			2.25			2.75	1.12			0.12		1.62	2.25				2.25							1.88	1.50	0.75			2.62			1.88					1.88		
47-2082.00	2.00	2.62										2.25			2.38	2.38											0.75	0.88																		1.00	1.88	2.38		2.00	0.00	0.88	2.00			0.62				2.62			1.75			2.00	1.12	2.12							2.00					0.00			1.88			2.12	0.88			0.25		2.12	2.12				2.12							1.38	1.25	0.12			2.62			1.38					2.00		
47-2111.00	3.25	3.12										3.00			3.75	3.75											3.00	2.88																		3.75	3.00	3.12		3.25	2.38	2.38	3.25			3.25				3.50			2.38			3.00	2.75	3.25							3.25					0.00			3.88			3.25	3.75			2.00		3.00	3.12				3.12							3.12	3.00	2.00			3.12			4.00					3.12		
47-2121.00	2.12	2.75										2.50			3.00	3.00											1.12	1.75																		1.38	2.12	2.25		2.12	0.88	0.88	2.00			2.25				2.88			1.50			2.88	1.38	2.62							2.12					0.00			2.25			2.88	1.12			0.62		2.25	2.75				2.88							1.75	1.88	0.75			2.75			1.88					2.12		
47-2131.00	2.12	2.25										2.12			2.75	2.75											1.88	1.88																		0.38	2.12	2.38		2.00	1.00	1.00	2.12			1.88				2.75			2.00			3.00	1.12	2.88							2.12					0.00			2.62			2.25	1.88			0.00		2.12	2.25				2.25							1.75	1.75	1.00			2.38			2.00					2.12		
47-2132.00	2.62	2.88										2.38			3.00	3.00											0.38	1.00																		1.38	2.00	2.50		2.12	0.38	1.12	2.00			2.00				2.75			1.75			2.12	1.38	2.50							1.75					0.00			2.00			2.75	0.38			0.38		2.00	2.38				2.62							1.75	1.62	0.50			2.75			1.88					2.00		
47-2141.00	1.88	3.00										1.75			2.88	3.00											0.38	0.88																		0.00	1.25	2.00		1.50	0.75	1.00	2.12			2.00				2.62			1.88			2.00	0.62	2.00							2.00					0.00			2.00			2.75	0.62			0.50		2.00	2.62				2.00							1.62	1.25	0.38			2.75			1.25					2.00		
47-2142.00	1.75	2.50										2.50			2.88	2.38											0.00	0.62																		0.12	2.00	2.25		1.75	0.25	0.50	1.75			1.38				2.50			1.62			2.00	0.62	2.38							1.88					0.00			1.88			2.38	0.00			0.38		2.00	2.12				2.38							1.12	1.12	0.25			2.38			1.38					2.00		
47-2151.00	2.00	3.00										2.00			3.00	2.88											2.00	2.00																		3.00	2.00	2.38		2.12	0.62	0.50	2.00			2.00				2.88			1.88			3.00	0.00	3.00							2.00					0.00			3.00			2.75	2.88			0.00		1.88	2.50				2.88							2.00	1.75	0.62			2.88			3.00					2.00		
47-2152.00	2.62	2.75										2.88			3.00	3.50											2.75	2.38																		3.00	2.50	3.12		2.38	1.62	1.50	2.50			2.50				2.88			1.75			2.88	1.38	3.00							1.88					0.62			2.88			2.75	3.12			1.12		2.25	2.50				2.62							2.88	2.75	0.88			2.88			3.12					2.50		
47-2152.04	3.12	3.25										3.00			2.88	3.50											3.25	3.00																		4.12	3.25	2.88		2.88	1.12	1.38	2.38			2.75				3.25			2.88			2.88	1.12	3.38							2.88					0.75			3.62			3.25	3.12			1.12		3.00	2.88				3.12							2.75	3.12	1.88			3.00			3.25					3.12		
47-2161.00	2.12	2.25										2.25			2.75	2.62											0.62	1.62																		0.88	2.12	2.50		2.00	1.25	1.88	2.12			1.88				2.62			2.12			2.25	1.25	2.50							2.12					0.00			2.88			2.25	0.88			0.25		2.25	2.12				2.12							1.62	1.88	0.88			2.75			1.88					2.25		
47-2171.00	1.88	2.38										2.38			3.25	2.88											1.12	1.75																		0.12	2.12	2.75		2.00	0.62	0.75	1.88			2.25				2.25			1.62			2.88	1.00	2.38							1.62					0.00			2.38			2.12	0.88			0.25		1.62	2.12				2.00							2.00	1.75	0.88			2.50			1.75					1.62		
47-2181.00	2.38	2.75										2.75			3.88	2.88											1.12	1.12																		0.88	2.12	2.50		2.00	1.00	1.00	2.00			2.12				2.75			1.75			2.88	1.25	2.62							1.88					0.00			2.12			2.62	1.25			0.25		2.25	2.50				2.50							1.50	1.25	0.75			2.75			1.75					2.00		
47-2211.00	2.38	2.88										2.62			3.12	3.00											2.88	2.25																		2.38	2.75	2.88		2.38	0.75	1.12	2.62			3.12				2.88			1.88			2.88	1.88	2.75							1.88					0.38			3.12			2.75	2.88			0.88		2.00	2.00				2.88							2.00	2.00	1.12			3.00			2.88					2.00		
47-2221.00	3.00	3.00										2.88			3.38	3.12											1.50	2.25																		1.12	2.88	2.75		3.00	1.00	1.62	2.38			2.12				3.00			2.00			3.00	2.00	3.00							2.12					0.00			3.00			3.00	1.62			0.25		2.25	2.75				2.38							2.12	2.00	1.25			2.88			1.88					2.38		
47-2231.00	3.00	3.00										3.00			3.00	3.50											2.88	2.75																		3.38	2.88	2.88		2.00	1.25	1.75	2.12			2.75				3.00			2.12			2.88	1.75	2.88							2.25					0.62			3.25			3.00	2.62			1.62		2.12	2.25				3.00							2.88	2.88	1.38			3.00			3.12					2.88		
47-3011.00	2.12	2.25										2.38			3.12	2.38											2.00	1.88																		0.25	2.38	2.38		2.12	0.62	1.50	1.75			2.00				2.62			1.50			2.38	0.88	2.50							1.62					0.00			2.38			2.12	2.00			0.25		1.75	2.25				2.00							1.75	1.62	0.88			2.50			2.25					1.75		
47-3012.00	2.12	3.00										2.12			3.12	2.75											2.12	2.12																		1.50	2.12	2.12		2.00	0.88	1.00	2.00			2.25				2.38			2.00			2.12	0.62	2.12							2.00					0.00			2.62			2.25	2.12			0.00		2.12	2.25				2.38							1.25	1.38	1.00			2.25			2.12					2.38		
47-3013.00	2.25	2.88										2.25			2.88	3.00											2.62	2.25																		2.62	1.88	2.25		2.12	0.62	1.12	1.62			1.75				2.25			1.38			2.75	0.75	2.88							1.75					0.25			2.88			2.62	2.75			1.00		2.12	2.12				2.38							1.38	1.38	0.38			2.12			3.00					2.12		
47-3014.00	2.00	2.25										2.12			2.62	2.25											2.12	1.62																		0.12	2.00	2.12		2.12	0.00	0.12	2.00			0.25				2.38			1.75			2.00	0.00	2.38							1.75					0.00			2.38			1.75	2.12			0.12		2.25	2.25				2.00							1.12	1.12	0.00			2.50			2.38					1.75		
47-3015.00	1.88	2.38										2.00			3.00	2.38											1.75	2.00																		1.50	2.12	2.12		1.88	0.75	1.25	1.38			1.38				2.25			1.62			2.00	0.25	1.88							1.62					0.00			2.00			2.00	2.62			0.12		1.75	2.12				2.25							1.00	0.88	0.62			2.12			2.00					1.50		
47-3016.00	2.12	2.50										2.62			3.75	2.25											2.38	2.25																		1.00	2.12	2.38		2.25	1.12	1.38	2.25			1.75				2.50			1.75			2.12	0.00	2.00							1.75					0.38			2.62			2.25	2.00			0.00		2.12	2.12				2.00							2.00	1.75	0.88			2.50			2.25					2.12		
47-4011.00	3.12	3.88										3.00			3.00	3.88											0.00	0.00																		0.00	3.00	3.38		3.00	0.62	1.00	3.00			3.38				3.00			3.00			1.75	1.88	2.88							3.00					0.62			3.12			4.00	0.00			2.25		2.75	3.00				3.88							3.00	3.00	0.75			3.25			1.75					3.12		
47-4011.01	3.25	3.88										3.38			3.00	3.88											0.62	1.75																		0.50	3.00	3.75		3.00	1.50	1.88	2.50			3.38				3.25			2.88			2.50	3.00	3.00							3.00					0.75			2.88			3.88	0.38			2.88		2.88	2.88				3.62							3.38	3.75	1.75			3.00			2.12					3.88		
47-4021.00	3.00	3.00										3.12			3.00	3.25											4.00	3.25																		3.38	2.12	3.00		2.25	0.62	0.88	2.00			2.00				3.00			1.75			3.25	1.25	3.50							2.25					0.38			3.62			3.12	4.00			1.88		2.50	2.38				2.88							3.00	2.75	1.25			3.00			4.00					2.75		
47-4031.00	1.88	2.25										2.50			3.12	2.88											1.88	2.00																		0.12	2.12	2.88		2.00	1.12	1.50	2.25			2.62				2.88			1.75			2.88	1.00	2.75							2.00					0.00			2.75			2.12	1.88			0.12		2.25	2.12				2.12							1.75	1.75	0.62			2.88			1.88					2.00		
47-4041.00	3.00	3.00										3.00			3.00	3.62											2.62	2.12																		0.88	2.88	3.00		2.25	1.00	1.75	2.50			2.12				3.12			2.75			3.00	1.12	3.00							2.75					0.25			2.75			3.00	2.12			1.75		2.75	2.75				2.88							2.12	2.00	0.50			3.00			2.75					2.88		
47-4051.00	2.12	2.88										2.75			3.50	2.75											2.25	1.50																		0.50	2.12	2.62		1.75	0.62	0.62	1.88			1.88				2.75			2.12			3.12	0.12	3.00							2.38					0.12			2.88			2.75	2.25			0.00		2.25	2.62				2.75							1.88	1.75	0.62			2.50			2.75					1.88		
47-4061.00	2.38	2.75										2.38			3.12	3.00											3.00	2.25																		0.50	2.62	2.75		2.25	0.75	1.00	2.12			2.00				2.88			1.75			3.12	0.75	3.25							1.88					0.00			3.00			2.25	3.00			0.25		1.88	2.00				2.25							2.12	2.00	0.75			2.75			3.00					2.12		
47-4071.00	2.62	2.88										3.00			2.75	3.00											2.88	1.88																		1.50	2.38	2.75		2.38	1.62	1.88	2.12			2.38				2.88			2.00			3.00	0.75	3.00							2.38					0.00			2.62			2.88	3.12			0.38		2.25	2.62				2.50							2.25	2.12	1.00			2.88			3.00					2.62		
47-4091.00	2.50	3.00										2.75			3.75	3.00											2.12	2.00																		0.50	2.62	2.62		2.38	0.88	1.00	2.75			2.00				2.88			2.62			2.88	1.75	2.62							2.75					0.00			2.62			2.75	2.00			0.12		2.75	2.75				2.75							2.12	2.12	1.00			2.88			2.50					2.62		
47-4099.03	2.88	3.00										2.38			3.00	3.25											2.62	2.12																		2.88	2.62	3.00		2.38	2.00	2.00	2.50			2.75				3.25			2.25			3.00	1.88	2.88							2.75					0.88			2.88			3.00	2.88			0.88		3.00	2.38				3.00							2.75	2.50	1.38			2.88			3.00					3.00		
47-5011.00	2.62	3.00										2.88			3.38	3.12											3.38	2.38																		0.12	2.88	2.62		2.88	1.12	1.62	3.38			2.50				3.50			2.12			3.62	0.38	3.88							2.00					0.00			3.62			2.88	3.62			0.25		1.88	2.75				3.00							2.00	2.25	0.12			2.75			3.25					2.62		
47-5012.00	3.00	2.88										3.12			3.38	3.25											3.12	2.25																		0.38	3.38	3.00		3.12	0.38	1.12	3.25			1.88				3.25			2.75			3.62	1.00	3.50							2.88					0.00			3.25			3.00	3.25			0.38		2.25	2.75				2.88							2.12	1.88	0.50			3.38			3.00					3.00		
47-5013.00	3.00	3.00										3.00			3.00	3.25											3.25	2.50																		2.12	2.50	2.62		2.38	1.12	1.75	2.50			2.38				3.38			2.38			3.50	0.88	3.62							2.62					0.88			3.12			3.00	3.12			0.38		2.50	2.75				3.00							2.38	2.50	0.50			2.88			3.12					3.00		
47-5022.00	2.88	3.00										2.88			3.12	3.00											3.12	2.88																		0.62	2.25	2.75		2.25	0.75	0.88	2.88			2.25				3.00			2.25			3.62	1.62	3.25							2.75					0.00			2.75			3.00	3.12			0.00		2.25	2.62				2.75							2.12	2.12	1.12			2.88			3.00					2.38		
47-5023.00	2.25	3.00										2.75			3.00	3.00											3.25	2.50																		1.00	2.75	2.62		2.00	1.00	1.25	2.12			1.75				3.12			2.12			4.00	1.38	4.00							2.12					0.00			3.00			2.50	3.00			0.75		2.25	2.12				2.88							2.12	2.12	1.12			2.25			3.00					2.38		
47-5032.00	3.12	3.38										3.25			3.50	3.50											2.25	2.38																		0.88	3.38	3.25		2.88	1.00	1.88	3.25			2.88				3.62			2.62			3.12	1.88	3.25							2.62					0.00			2.50			3.62	2.25			1.38		2.38	2.75				3.12							2.62	2.75	1.12			3.25			2.88					2.88		
47-5041.00	2.50	2.88										3.00			3.00	3.12											3.38	2.25																		1.12	2.38	3.00		2.50	0.38	0.38	2.75			1.38				3.00			2.12			3.62	1.25	3.88							2.25					0.00			2.50			2.25	3.00			0.62		2.12	2.25				2.25							2.25	2.12	0.75			2.75			3.00					2.00		
47-5043.00	2.88	2.88										2.38			3.50	3.00											3.00	2.25																		1.50	2.62	2.38		2.50	1.12	1.12	2.25			1.75				3.12			2.12			3.12	0.25	3.25							2.12					0.00			3.00			2.25	2.88			0.75		2.12	2.25				2.25							2.00	2.12	0.12			3.00			3.00					2.25		
47-5044.00	2.00	2.88										2.50			3.00	2.75											3.12	2.38																		0.38	2.25	2.25		1.50	0.62	0.88	2.00			1.25				2.62			2.12			3.25	1.00	3.25							2.12					0.00			2.62			2.62	3.00			0.00		2.25	2.38				2.88							0.75	0.62	0.00			2.12			3.12					2.00		
47-5051.00	2.12	2.62										2.50			2.75	2.62											2.00	1.75																		0.00	1.75	2.25		2.00	0.62	0.62	1.62			1.50				2.50			1.62			3.00	0.25	2.88							2.00					0.00			2.50			2.38	1.75			0.12		2.12	2.25				2.62							0.75	0.75	0.00			2.38			2.25					2.12		
47-5071.00	2.12	2.50										2.12			3.00	2.25											2.75	2.12																		0.12	2.00	2.12		2.00	0.75	1.00	1.88			1.50				2.50			1.75			2.75	0.25	2.88							1.50					0.00			2.75			2.12	2.75			0.00		1.88	2.25				2.00							2.00	2.00	0.50			2.25			2.62					1.88		
47-5081.00	2.62	2.62										2.62			3.25	2.88											3.12	2.75																		0.38	2.25	2.62		2.25	0.88	1.50	2.00			2.25				3.12			1.88			3.00	0.00	3.38							2.00					0.00			2.62			2.50	3.12			0.50		2.00	2.38				2.38							1.88	1.62	1.00			2.25			3.00					2.25		
49-1011.00	3.75	3.75										3.62			3.75	3.88											3.12	2.75																		0.88	3.50	3.75		3.75	3.62	3.75	4.00			3.12				4.00			3.38			3.00	2.50	3.38							3.50					1.12			3.62			4.00	3.12			1.38		3.00	3.75				3.88							3.75	3.00	1.25			3.88			3.75					3.50		
49-2011.00	3.00	3.00										3.12			2.88	3.12											2.88	3.00																		2.50	2.88	2.62		2.62	0.88	1.25	2.12			1.75				3.00			2.12			2.88	2.00	3.00							2.75					1.25			3.00			3.12	3.12			1.62		2.88	3.00				3.00							2.62	2.38	1.88			3.00			3.25					3.00		
49-2021.00	2.88	3.12										2.88			3.25	3.12											2.88	2.88																		3.88	2.88	3.12		2.50	0.88	1.12	2.38			2.88				3.12			2.25			3.00	0.38	3.00							2.38					1.25			3.62			3.12	3.38			1.00		2.38	2.50				3.00							3.00	2.88	1.12			3.12			3.62					3.00		
49-2022.00	3.00	3.38										3.25			3.00	3.75											3.25	3.12																		3.25	3.00	3.00		2.88	0.75	0.88	2.38			2.25				3.25			2.25			3.25	1.75	3.25							2.62					1.62			3.62			3.62	3.25			2.00		3.00	2.75				3.12							3.00	3.12	1.38			3.00			3.75					3.12		
49-2091.00	3.12	3.25										3.50			3.12	3.75											4.00	3.00																		2.88	2.88	3.25		2.62	0.62	1.12	2.62			2.12				3.25			2.25			2.50	2.12	3.62							2.75					0.88			3.62			3.50	4.00			2.88		2.62	3.00				3.00							3.12	3.12	1.12			3.25			4.00					3.12		
49-2092.00	3.12	3.00										3.00			2.88	3.38											3.75	3.00																		2.88	2.88	3.00		2.75	1.75	1.75	2.25			2.75				3.12			1.75			3.00	1.25	3.38							2.38					0.88			3.62			3.00	4.00			2.12		2.75	2.75				3.00							2.88	2.75	1.25			2.88			3.88					2.75		
49-2093.00	2.38	3.00										3.00			3.00	3.00											3.00	2.25																		2.38	2.50	2.88		2.25	1.12	1.00	2.25			2.25				3.00			2.12			2.50	1.62	3.12							2.75					0.75			3.25			3.12	3.12			2.25		2.25	3.00				3.00							2.25	2.38	1.38			3.12			3.25					3.00		
49-2094.00	3.00	3.62										3.88			3.00	3.75											3.75	3.25																		2.75	2.88	3.00		3.00	1.62	1.62	2.62			2.88				3.12			2.62			3.50	2.12	3.88							2.88					2.12			3.88			4.00	3.88			2.75		2.88	3.00				3.12							3.25	3.00	2.38			3.00			3.88					3.00		
49-2095.00	3.00	3.12										3.00			3.00	3.38											4.00	2.25																		0.75	2.88	3.00		2.25	1.50	1.62	2.75			2.38				3.00			2.25			3.12	2.25	3.25							2.12					1.12			3.25			3.50	4.00			2.38		2.75	2.75				2.88							3.00	3.00	1.00			3.00			4.00					3.00		
49-2096.00	2.38	3.00										3.00			3.00	3.12											2.88	2.75																		3.00	2.38	2.88		2.25	1.25	1.12	2.12			2.25				2.88			2.50			3.00	1.75	3.00							2.38					1.12			3.00			3.12	3.62			1.50		2.88	2.88				3.00							2.25	2.38	1.38			3.00			3.62					2.88		
49-2097.00	3.00	3.25										3.12			2.62	3.50											3.00	2.88																		3.25	2.75	2.88		2.75	1.38	1.75	2.38			2.25				2.88			2.00			2.62	1.50	3.00							2.38					1.25			3.50			3.25	3.38			1.38		3.00	2.50				3.12							2.88	2.75	1.00			2.88			3.50					2.75		
49-2098.00	3.00	3.12										3.00			2.88	3.50											2.62	2.00																		3.12	2.62	3.00		2.38	0.75	1.00	2.00			2.12				3.12			1.88			2.75	1.75	2.88							1.88					0.88			3.12			3.25	2.75			1.25		2.88	2.88				3.00							2.50	2.50	0.88			2.88			3.25					2.88		
49-3011.00	3.25	3.38										3.50			3.25	4.12											5.38	3.00																		2.75	2.88	3.50		2.75	0.75	2.12	2.25			2.88				3.25			2.00			3.62	2.25	3.88							2.88					0.75			3.88			4.12	4.38			2.62		2.62	3.00				3.25							3.38	3.50	1.38			3.00			4.38					3.00		
49-3021.00	2.25	3.00										3.00			2.88	3.00											2.75	2.50																		1.75	2.62	2.75		2.12	1.38	1.75	2.25			2.00				2.88			2.12			3.00	1.62	2.88							2.25					0.75			3.00			2.88	3.25			0.25		2.75	2.88				2.75							2.25	2.25	1.00			2.75			3.00					2.12		
49-3022.00	2.38	2.75										2.50			2.50	2.75											1.75	2.38																		2.75	2.25	2.38		2.12	0.50	1.00	1.88			1.75				2.62			2.00			2.62	1.12	2.62							2.12					0.12			2.75			2.50	2.00			0.50		2.62	2.62				2.62							1.88	1.88	0.62			3.00			1.88					2.38		
49-3023.00	2.62	2.75										3.00			2.88	3.50											3.50	2.75																		3.12	2.75	3.12		2.62	1.12	1.25	2.00			2.12				2.75			2.12			2.88	0.50	3.25							2.50					0.75			3.00			2.62	3.75			0.88		2.88	2.62				2.75							2.88	2.88	1.00			2.75			3.75					2.38		
49-3031.00	2.88	3.00										3.00			2.88	3.38											3.38	3.00																		1.88	2.75	3.00		2.62	0.88	0.88	2.00			2.00				3.00			2.00			3.12	1.12	3.25							2.25					1.12			3.25			2.88	3.88			1.25		2.12	2.75				3.00							2.50	2.38	0.88			2.88			3.75					2.75		
49-3041.00	3.12	3.00										3.00			2.50	3.62											4.12	3.00																		2.50	2.25	3.00		2.75	1.50	1.12	2.12			2.75				3.00			1.50			3.12	0.75	3.12							2.25					0.62			3.38			2.88	4.12			1.38		2.25	2.38				3.00							2.62	2.62	1.12			2.88			3.88					2.62		
49-3042.00	3.00	3.12										3.25			3.12	3.38											3.88	3.25																		2.75	3.00	3.12		2.75	1.50	2.25	2.88			2.62				3.12			2.12			3.38	1.38	3.50							2.50					0.62			3.75			3.38	4.00			1.50		2.62	2.75				3.00							2.75	2.38	1.62			3.00			4.00					2.88		
49-3043.00	2.75	3.00										2.62			2.62	3.38											3.25	2.38																		2.50	2.25	2.75		2.25	0.88	1.00	2.25			2.12				2.75			2.12			3.00	1.12	3.00							2.12					0.00			3.25			2.75	4.00			1.00		2.12	2.25				2.38							2.25	2.38	1.00			3.00			3.75					2.75		
49-3051.00	2.25	3.00										2.88			2.25	3.12											3.50	2.62																		0.75	1.88	2.75		2.00	0.75	1.38	1.75			2.00				3.00			1.50			3.38	0.50	3.38							1.62					0.62			3.00			2.75	4.00			1.75		2.12	2.62				2.62							2.25	2.25	0.88			2.38			3.75					2.50		
49-3052.00	3.12	3.00										3.00			3.00	3.12											3.38	2.25																		1.62	2.62	3.00		2.25	0.62	1.25	1.88			2.12				3.00			2.00			3.00	1.38	3.00							2.50					0.25			3.00			3.00	3.75			1.25		3.00	2.62				3.00							2.25	2.25	1.00			3.00			3.88					2.88		
49-3053.00	2.75	2.75										2.75			2.88	3.00											3.62	2.75																		0.75	2.25	2.75		2.12	1.12	1.12	1.75			2.00				2.75			1.62			3.00	0.50	3.00							2.12					0.38			3.00			2.62	3.62			1.12		2.50	2.38				2.50							2.12	2.00	0.75			2.62			3.62					2.50		
49-3091.00	2.50	3.00										3.00			2.50	3.12											2.88	2.62																		1.75	2.75	2.75		2.38	1.12	1.25	2.12			2.00				2.88			2.62			2.00	0.75	2.25							2.62					0.12			3.12			3.00	3.12			0.38		3.00	3.12				3.00							2.12	2.12	1.50			2.88			3.00					2.50		
49-3092.00	3.00	3.00										3.00			2.88	3.50											3.25	2.88																		1.38	2.50	3.00		2.00	0.88	0.88	1.62			2.00				3.00			2.50			3.00	0.62	3.00							2.50					0.50			3.12			3.00	4.00			0.62		3.00	2.88				3.00							2.62	2.75	0.75			2.88			3.88					2.75		
49-3093.00	2.00	2.50										2.25			2.12	2.38											2.00	1.62																		1.00	2.25	2.12		2.25	0.75	1.62	2.25			1.88				2.25			2.12			2.88	0.00	2.75							2.00					0.00			2.38			2.00	2.75			0.00		2.62	2.25				2.25							2.00	2.00	0.50			2.62			2.62					2.12		
49-9011.00	2.25	3.00										2.88			2.88	3.00											2.88	2.50																		2.75	2.62	2.62		2.12	1.00	1.50	2.25			2.50				3.00			2.25			2.75	1.12	2.88							2.75					0.00			3.25			2.88	2.75			0.00		2.88	2.88				3.00							2.00	2.12	1.50			2.88			3.00					2.88		
49-9012.00	3.00	2.88										3.00			3.00	3.12											3.25	2.50																		2.12	2.38	3.00		2.38	0.88	0.88	1.50			1.50				3.00			1.88			3.00	0.75	3.00							1.75					0.75			3.25			3.12	3.25			1.12		2.38	2.75				3.00							2.12	2.12	0.88			2.50			3.12					2.88		
49-9021.00	3.00	2.88										3.25			3.12	3.62											3.25	3.25																		3.88	2.75	3.38		2.88	1.62	2.25	2.88			2.75				3.00			2.38			3.25	1.12	3.75							2.62					0.75			3.25			3.00	3.75			1.25		2.88	2.75				2.62							3.12	3.25	1.25			2.75			3.50					2.62		
49-9031.00	2.25	3.12										3.00			2.75	3.25											3.12	2.88																		2.38	2.50	3.00		2.12	1.25	1.75	2.12			2.00				2.88			2.12			3.00	1.62	3.25							2.12					0.62			3.62			2.88	3.88			1.25		2.88	2.75				3.00							2.12	2.00	1.00			3.00			3.62					2.75		
49-9041.00	3.12	3.00										3.00			3.00	3.50											4.12	3.12																		3.00	2.75	3.00		2.88	0.88	0.88	2.12			2.50				3.12			1.75			4.00	1.75	4.00							1.75					1.50			3.75			3.00	4.00			1.50		2.25	2.12				3.00							2.88	2.88	1.88			3.00			4.00					2.75		
49-9043.00	2.12	3.00										2.88			3.00	3.00											3.75	2.75																		2.38	2.00	2.50		1.88	0.88	0.88	1.88			1.75				2.75			2.00			3.25	1.62	3.75							2.00					0.75			3.12			3.00	3.62			0.88		2.00	2.12				2.75							2.12	2.00	0.88			2.62			3.38					2.12		
49-9044.00	2.88	3.00										3.00			3.50	3.00											3.75	2.50																		3.38	3.00	3.00		2.75	1.62	1.75	2.75			2.62				3.00			2.62			3.62	1.00	3.75							2.62					0.75			3.25			3.00	3.75			0.75		2.62	2.75				3.00							2.75	2.75	1.38			3.12			3.62					2.62		
49-9045.00	2.12	2.88										2.12			2.75	3.00											2.75	1.88																		0.38	2.38	2.62		2.12	0.62	0.88	1.88			1.75				2.75			1.88			3.00	1.25	3.25							1.75					0.00			2.75			2.62	2.75			0.00		2.00	2.38				2.75							1.62	1.38	0.75			2.50			2.88					2.25		
49-9051.00	3.00	3.25										3.00			3.25	3.00											3.00	2.12																		2.38	2.62	3.00		2.75	0.38	0.62	3.00			1.88				3.00			2.12			3.25	1.62	3.25							2.75					0.25			3.12			3.00	3.25			1.00		2.50	2.62				2.88							3.00	3.00	1.12			2.88			3.38					2.75		
49-9052.00	2.62	3.00										3.00			3.00	3.12											2.75	2.00																		1.88	2.12	3.00		2.00	0.75	0.75	1.88			1.75				2.88			2.12			3.00	1.00	3.00							2.25					0.62			3.00			3.00	2.75			1.12		2.88	2.88				2.75							2.38	2.38	0.88			2.75			3.12					2.88		
49-9061.00	3.12	3.12										3.12			2.25	3.38											3.62	3.12																		1.38	0.88	3.00		2.25	1.75	1.88	1.62			2.50				2.88			2.00			1.75	1.75	3.00							2.12					1.25			3.38			3.50	3.88			1.88		2.25	2.50				3.00							2.12	2.12	2.25			3.00			3.62					3.00		
49-9062.00	3.00	3.00										3.00			2.62	3.75											4.00	3.00																		2.25	2.88	3.00		2.75	1.62	1.75	2.38			3.00				3.00			2.38			3.00	1.88	3.88							2.75					1.38			3.62			3.62	4.00			2.00		2.88	2.88				3.00							3.00	2.62	2.00			2.88			4.00					3.00		
49-9063.00	2.88	3.00										3.00			2.12	3.62											2.88	2.88																		0.88	2.25	3.12		2.38	1.62	1.88	1.75			1.88				2.88			1.88			2.88	1.50	3.00							2.50					0.25			3.62			3.00	3.38			0.88		2.75	2.62				3.00							2.62	2.88	1.12			3.00			3.25					2.88		
49-9064.00	2.25	3.00										2.88			2.12	3.00											3.12	2.25																		0.62	1.62	3.00		1.62	1.50	1.50	1.88			2.00				2.25			1.62			2.12	1.00	2.50							2.12					0.00			3.00			2.88	3.50			1.25		2.75	2.50				2.75							1.88	2.00	1.12			2.25			3.12					2.25		
49-9071.00	3.12	3.00										3.00			3.00	3.12											3.88	3.00																		3.12	2.38	2.88		2.38	1.25	1.50	2.25			2.25				3.12			2.38			3.12	2.12	3.12							2.25					0.50			3.25			3.12	3.88			1.12		2.25	2.62				3.00							2.25	2.25	1.88			2.88			3.75					2.88		
49-9081.00	3.12	3.12										3.00			3.25	3.12											3.75	2.88																		1.12	2.88	3.00		3.00	1.00	2.25	2.50			2.75				3.12			1.88			3.12	1.00	3.25							1.75					0.62			3.12			3.25	3.88			2.00		2.12	2.75				3.00							3.12	3.00	1.50			2.88			4.00					2.75		
49-9091.00	2.12	2.88										2.75			2.62	2.88											3.00	2.12																		1.62	1.62	2.62		1.75	1.25	1.25	1.62			2.00				3.00			1.50			3.00	0.50	3.00							1.75					0.38			2.88			2.88	3.00			0.62		2.62	2.50				2.62							2.75	2.25	0.00			2.75			3.00					2.50		
49-9092.00	3.12	3.62										3.12			3.12	3.75											3.00	2.88																		2.38	3.12	3.25		3.00	0.88	1.38	3.00			2.12				3.25			2.62			3.12	1.75	3.62							2.62					0.00			3.25			3.50	3.25			2.25		2.38	3.00				3.38							2.75	2.50	0.88			3.12			3.12					3.00		
49-9094.00	2.75	3.00										2.50			2.50	3.12											2.75	2.12																		2.50	2.00	2.38		2.12	1.38	1.62	1.88			2.12				2.50			2.12			3.00	0.25	2.25							2.25					0.62			3.00			3.00	3.12			0.00		2.25	2.12				3.00							2.38	2.12	0.88			2.88			3.00					2.50		
49-9095.00	3.00	2.88										3.25			3.62	3.25											2.62	2.62																		2.38	3.12	3.00		3.12	2.12	2.38	3.12			2.88				3.38			2.75			3.25	2.00	3.12							3.00					0.00			3.62			3.12	3.38			0.88		2.75	2.75				2.88							2.62	2.88	1.50			3.12			3.25					2.88		
49-9096.00	2.25	3.00										3.00			3.12	3.00											2.50	2.75																		1.75	2.12	3.00		1.12	0.38	0.38	2.88			1.00				3.12			2.12			3.25	2.12	3.12							2.12					0.00			3.00			2.38	2.62			0.50		2.25	2.50				2.75							2.12	2.12	0.62			2.88			2.88					2.38		
49-9097.00	3.00	3.00										3.00			2.75	3.38											3.88	2.75																		2.62	2.75	2.88		2.75	0.75	0.88	2.12			2.25				3.12			2.12			3.00	0.25	3.75							2.12					0.88			3.88			2.88	3.88			0.88		2.12	2.12				2.50							2.25	2.25	0.62			3.00			4.00					3.00		
49-9098.00	2.50	2.75										2.12			2.88	2.75											3.25	2.38																		2.25	2.00	2.62		2.12	0.38	0.62	1.50			1.62				2.62			1.50			3.00	0.75	3.00							1.75					0.38			3.00			2.12	3.25			0.12		2.00	2.00				2.38							2.12	1.88	0.62			2.50			3.12					2.00		
49-9099.01	3.00	3.00										2.88			3.12	3.12											3.25	2.88																		3.12	2.62	3.00		2.25	1.38	1.75	2.25			3.12				3.62			2.12			3.75	1.62	4.00							2.25					1.12			3.25			3.12	3.62			2.00		2.38	2.25				3.00							3.00	3.00	1.50			3.00			3.75					3.00		
51-1011.00	3.12	4.00										3.62			3.88	3.75											2.12	2.25																		0.12	3.12	3.25		3.12	2.62	2.62	3.75			2.88				3.88			3.12			2.75	2.75	3.38							3.12					0.38			3.12			3.75	2.12			0.62		2.88	3.88				3.75							3.00	3.00	1.25			3.88			2.50					3.62		
51-2011.00	3.00	3.12										2.88			2.88	3.12											3.00	2.88																		3.00	2.88	3.00		2.88	1.38	1.62	2.38			2.75				3.12			2.25			2.88	1.38	3.00							2.25					1.00			3.75			3.12	3.12			1.50		2.38	2.25				3.00							2.88	2.62	1.88			3.00			2.88					3.00		
51-2021.00	1.88	2.88										1.88			2.88	2.88											0.62	0.62																		0.12	2.12	2.50		1.88	0.50	0.50	1.00			1.12				3.00			1.12			3.12	0.62	3.12							1.25					0.00			2.25			2.75	0.38			0.00		1.50	2.25				2.50							1.50	1.25	0.75			2.12			1.88					2.00		
51-2022.00	2.75	2.88										2.50			2.88	3.00											1.50	1.50																		1.62	2.50	2.62		2.00	0.50	0.88	2.00			2.00				2.88			1.88			2.88	0.62	3.00							1.88					0.25			2.50			3.12	1.75			1.50		2.38	2.50				2.75							1.50	1.50	0.75			2.75			2.00					2.62		
51-2023.00	2.12	2.75										2.12			2.00	2.88											2.88	2.00																		1.00	1.50	2.38		1.62	0.62	0.75	1.62			1.88				2.75			1.62			2.25	0.75	3.00							1.62					0.50			3.25			3.00	2.75			2.00		1.75	1.75				2.62							1.88	1.50	1.00			2.62			3.12					2.12		
51-2031.00	2.25	3.00										2.25			2.25	3.00											2.88	2.25																		1.38	2.25	2.50		2.00	0.62	1.12	2.12			2.00				3.00			2.00			2.88	0.75	3.12							2.00					0.75			3.25			3.12	2.88			1.62		2.00	2.12				2.88							2.00	2.00	1.00			2.25			3.00					2.25		
51-2041.00	1.88	3.00										2.12			2.75	2.38											1.12	1.62																		0.25	2.00	2.12		0.75	0.38	0.38	2.00			2.00				2.62			2.00			2.12	1.00	2.50							2.00					0.00			2.50			2.62	0.88			0.75		2.00	2.38				2.62							0.75	0.75	0.62			2.00			2.12					2.12		
51-2051.00	2.75	2.88										2.88			2.62	2.88											1.12	1.50																		0.00	2.75	2.62		2.75	0.88	1.50	2.25			2.12				3.12			2.25			3.00	0.25	3.00							2.50					0.00			2.88			2.75	1.12			1.00		2.12	2.38				2.62							2.00	2.12	0.88			2.62			2.25					2.50		
51-2061.00	2.25	2.62										2.75			2.00	2.88											2.88	2.50																		1.25	2.25	2.62		2.00	0.75	0.62	1.62			1.62				2.62			0.88			2.62	0.88	2.50							1.88					0.50			2.75			2.62	3.12			1.75		2.38	2.38				2.62							1.88	2.00	0.88			2.62			2.62					2.38		
51-2092.00	2.12	3.00										2.62			3.25	2.88											2.00	1.50																		0.00	2.88	2.75		2.12	1.12	1.25	2.50			1.50				3.00			2.25			2.75	0.62	3.00							2.38					0.62			3.00			2.88	2.00			0.00		2.25	3.00				3.00							2.00	2.00	0.50			2.75			2.12					2.88		
51-3011.00	3.00	2.75										2.00			2.88	3.00											0.50	0.62																		0.00	2.00	2.75		2.00	0.88	1.38	1.62			2.12				2.88			1.88			2.00	1.88	2.62							1.75					0.00			2.25			2.75	0.12			0.88		2.25	2.62				2.88							2.00	2.00	0.88			2.75			1.25					2.12		
51-3021.00	2.12	3.00										2.50			2.75	3.00											1.12	0.88																		0.00	2.25	2.38		2.00	2.00	1.75	3.00			2.00				2.88			2.75			2.00	1.00	2.12							2.88					0.12			2.00			3.00	1.00			0.25		2.88	2.88				3.00							2.00	2.00	0.50			3.00			1.88					2.75		
51-3022.00	2.25	2.25										2.12			2.38	2.88											1.25	1.38																		0.00	2.12	2.12		2.25	0.88	1.00	2.25			1.88				2.62			2.12			2.12	0.12	2.38							2.12					0.00			2.12			2.25	1.25			0.00		2.38	2.38				2.62							1.12	1.12	0.25			2.12			2.00					2.12		
51-3023.00	1.50	2.25										1.75			1.88	1.88											0.75	0.50																		0.00	1.62	1.75		1.25	0.50	0.62	1.50			0.75				1.88			1.12			2.12	0.12	2.00							0.88					0.00			2.00			1.75	0.75			0.00		1.75	1.75				1.88							1.12	1.12	0.00			1.88			1.38					1.00		
51-3091.00	2.62	2.88										2.75			3.00	3.00											2.25	2.00																		0.62	2.62	2.62		2.50	0.25	0.50	2.00			0.75				3.00			2.12			3.12	1.50	3.62							2.25					0.25			2.88			2.88	2.00			0.88		2.12	2.12				2.88							1.62	1.50	0.50			2.12			2.25					2.88		
51-3092.00	2.12	3.00										2.62			3.00	2.88											1.25	0.88																		0.00	2.12	2.38		2.00	0.38	0.62	2.12			2.38				3.00			2.00			2.88	1.75	3.00							2.12					0.12			2.12			3.00	0.62			1.75		2.12	2.62				3.00							1.50	1.50	0.50			2.50			2.00					2.88		
51-3093.00	2.38	3.00										2.38			2.75	2.38											1.12	0.50																		0.00	2.12	2.25		2.00	0.75	1.00	2.00			1.88				2.88			1.62			2.88	0.75	3.12							1.62					0.25			2.12			2.75	0.38			1.38		2.12	2.38				2.38							1.38	1.62	0.38			2.25			1.75					2.62		
51-4021.00	2.25	2.62										2.62			3.00	2.75											2.62	2.50																		1.62	2.25	2.75		2.12	0.75	1.25	1.88			2.50				3.25			1.50			3.50	1.38	3.62							1.88					0.50			3.38			2.88	2.88			1.12		1.75	2.38				2.50							2.25	2.25	0.88			2.50			2.75					2.00		
51-4022.00	2.12	3.00										2.75			2.62	2.88											2.25	1.75																		1.00	2.25	2.62		2.25	0.38	0.50	2.25			2.12				3.12			2.12			3.00	1.12	3.00							2.12					0.25			2.88			2.88	2.12			0.62		2.12	2.38				2.88							1.75	1.75	0.88			2.62			2.75					2.75		
51-4023.00	3.00	2.75										2.75			3.00	3.00											3.00	2.38																		2.00	2.88	2.88		2.75	0.88	1.25	2.62			2.50				3.00			1.62			3.88	1.12	4.00							1.75					0.62			3.88			2.88	2.88			0.38		2.00	2.50				2.75							2.75	2.38	0.88			3.00			3.00					2.62		
51-4031.00	2.12	2.88										2.62			2.50	3.00											2.88	1.62																		0.25	2.25	2.62		2.00	0.38	0.38	1.75			2.00				3.00			1.62			3.62	0.88	3.50							2.00					0.00			3.12			3.00	2.62			0.50		1.62	2.00				2.88							1.62	1.88	0.75			2.75			3.00					2.12		
51-4032.00	2.12	3.00										2.62			2.12	3.00											2.50	2.12																		1.62	2.25	2.88		2.12	0.62	0.88	2.12			2.62				3.12			2.00			3.12	1.38	3.75							2.00					0.50			2.88			3.00	2.25			1.12		1.88	2.12				3.00							2.25	1.88	1.00			2.25			2.88					2.75		
51-4033.00	2.25	2.62										2.75			2.50	2.88											2.50	2.12																		0.62	2.12	2.88		2.00	0.75	1.12	1.88			3.00				3.00			1.38			3.62	1.00	3.62							1.62					0.75			3.50			2.88	2.50			0.50		1.75	2.25				2.50							2.25	2.12	0.75			2.25			2.62					2.00		
51-4034.00	2.00	2.88										2.75			2.62	2.75											2.75	2.12																		1.00	2.00	2.25		1.88	0.88	1.00	1.88			2.12				3.00			1.00			3.00	0.88	3.00							1.25					1.00			3.25			2.88	2.25			0.75		1.62	2.00				2.62							2.00	2.00	0.75			2.25			2.75					2.00		
51-4035.00	2.38	2.88										2.38			2.50	3.00											2.38	2.12																		0.88	2.00	2.38		2.12	0.50	0.62	2.00			2.75				3.12			1.38			3.25	1.25	3.88							1.62					0.50			3.00			2.75	2.38			0.38		1.75	2.00				2.50							2.12	1.88	0.75			2.38			2.75					2.25		
51-4041.00	2.88	2.88										3.00			3.00	3.12											2.88	2.62																		2.38	2.75	2.75		2.38	0.75	1.00	2.00			2.75				3.12			2.12			3.38	1.88	3.25							2.12					1.12			3.00			3.00	2.75			0.75		2.12	2.75				3.00							2.12	2.25	1.88			2.62			2.88					2.62		
51-4051.00	2.12	3.00										2.88			2.25	3.00											2.88	2.00																		0.00	2.12	2.75		2.00	0.88	1.75	2.38			2.62				3.12			2.00			3.75	0.75	3.88							2.25					0.00			3.12			2.88	2.25			1.62		2.12	2.38				2.88							2.12	2.12	0.25			2.88			2.75					2.75		
51-4052.00	2.00	3.00										2.12			2.75	3.00											2.62	1.62																		0.00	2.00	3.00		2.00	0.75	1.12	1.75			1.50				3.00			1.88			3.00	0.88	3.12							2.00					0.25			2.75			2.62	2.00			1.00		1.88	2.12				2.75							1.38	1.50	0.38			2.38			2.50					2.12		
51-4061.00	2.62	2.75										2.62			2.50	3.25											2.62	3.00																		0.12	1.62	2.75		2.00	0.88	1.12	1.38			2.88				3.00			1.12			3.50	2.38	3.38							1.50					1.25			3.38			2.88	2.88			0.75		0.62	2.25				2.62							1.38	1.62	1.88			3.00			3.25					2.50		
51-4062.00	2.25	2.88										2.75			2.62	3.00											2.12	1.88																		0.50	2.25	2.50		2.00	0.25	0.38	1.75			2.38				3.12			1.75			3.00	2.38	3.12							1.75					1.25			3.25			3.00	1.88			0.50		1.75	2.50				2.88							2.00	2.12	1.75			2.50			2.00					2.12		
51-4071.00	2.12	2.25										2.12			2.50	2.50											1.38	1.50																		0.00	2.00	2.25		1.50	0.75	0.75	1.88			1.75				2.62			1.50			2.38	0.75	2.38							1.50					0.00			2.12			2.00	1.25			0.25		1.62	2.12				1.88							1.12	1.00	0.38			2.50			2.00					1.75		
51-4072.00	2.25	3.00										2.25			2.00	2.62											2.75	2.00																		1.12	2.12	2.25		2.25	0.62	0.50	2.12			2.12				3.00			2.00			3.75	1.62	3.88							2.00					0.50			3.12			3.00	2.62			0.25		1.62	2.12				2.38							1.12	1.75	0.50			2.38			2.75					2.50		
51-4081.00	2.88	3.00										3.00			2.88	3.12											3.12	2.38																		1.75	2.88	3.00		2.75	1.00	1.00	2.00			2.12				3.00			2.12			3.12	1.88	4.00							2.38					1.12			3.50			3.00	3.00			0.38		2.12	2.38				2.88							2.25	2.12	1.25			2.88			3.00					2.75		
51-4111.00	3.12	3.00										3.00			2.88	3.12											2.88	3.00																		0.75	2.12	3.00		2.12	0.38	0.62	1.62			2.88				3.00			1.25			3.12	3.12	3.00							1.62					0.62			3.75			3.12	2.88			1.25		1.00	2.00				2.75							2.50	2.38	2.88			2.88			2.88					2.50		
51-4121.00	1.75	2.38										2.50			1.88	2.38											1.25	2.00																		1.00	2.12	2.62		2.00	0.88	0.88	1.62			2.12				2.75			1.38			2.50	1.12	2.50							1.50					0.00			3.00			2.12	1.25			1.00		1.50	2.12				2.00							1.75	1.50	0.75			2.25			2.12					1.50		
51-4122.00	2.00	2.88										2.88			2.62	3.00											2.38	2.12																		0.12	2.12	2.75		1.88	0.75	1.00	1.88			1.88				3.00			1.88			3.00	1.12	3.12							1.88					0.12			2.50			3.00	2.25			0.88		1.75	2.38				2.88							1.50	2.12	0.62			2.50			2.25					2.25		
51-4191.00	2.62	2.88										2.62			2.88	3.00											3.12	2.62																		0.25	3.00	2.62		2.75	0.62	1.38	2.25			2.88				3.38			1.62			3.88	1.62	3.75							1.88					0.88			3.25			3.00	2.88			1.12		1.88	2.50				2.62							2.12	1.88	0.00			2.62			2.75					2.62		
51-4192.00	2.62	2.88										2.88			3.00	3.12											2.00	2.00																		0.88	2.50	2.75		2.00	0.50	0.50	2.25			3.12				3.00			1.62			2.75	2.00	2.75							1.75					0.12			2.88			2.88	2.00			0.38		2.00	2.75				2.50							1.88	1.88	0.62			2.50			2.00					2.88		
51-4193.00	2.12	3.00										2.25			2.62	2.75											2.38	2.00																		0.25	2.38	2.12		2.12	0.50	0.88	2.25			1.38				3.00			2.12			3.00	1.62	3.12							2.12					0.00			2.75			2.88	2.12			1.88		2.12	2.25				2.75							1.62	1.62	0.50			2.75			2.25					2.62		
51-4194.00	2.62	2.88										2.75			2.12	2.88											3.38	2.38																		0.25	2.38	2.75		2.38	1.38	1.75	1.88			2.88				2.75			2.00			3.62	1.38	3.62							2.12					0.50			3.25			3.00	3.00			0.12		2.00	2.12				2.38							2.25	2.25	1.12			2.62			2.88					2.25		
51-5111.00	3.00	3.00										2.88			2.88	3.00											1.88	1.75																		0.00	2.50	2.88		2.25	0.50	0.88	2.25			2.00				3.00			2.12			2.12	1.50	3.00							2.38					0.88			2.38			3.00	1.75			0.88		2.62	2.75				3.12							2.25	2.25	1.00			2.75			2.12					2.88		
51-5112.00	2.88	3.00										2.88			3.00	3.12											3.12	2.50																		0.12	2.75	2.88		2.12	0.75	1.88	2.00			2.00				3.25			2.00			3.25	0.75	3.62							2.38					0.62			3.25			3.12	3.12			0.00		2.62	2.75				3.00							2.12	2.12	0.75			3.00			3.12					2.62		
51-5113.00	2.38	2.88										2.88			2.75	3.00											3.12	2.25																		1.50	2.75	2.75		2.88	0.75	0.75	2.50			2.12				3.00			1.88			3.12	0.50	3.12							2.25					0.88			2.88			2.88	2.75			0.12		2.25	2.62				2.75							2.12	2.38	1.00			2.62			2.75					2.62		
51-6011.00	2.12	2.25										2.25			2.25	2.50											1.25	1.12																		0.00	2.12	2.12		2.12	1.00	1.00	2.00			0.88				2.25			2.12			2.12	0.88	2.50							2.12					0.00			2.00			2.12	1.25			0.00		2.38	2.25				2.38							1.62	1.50	0.00			2.38			2.25					2.12		
51-6021.00	1.50	2.00										1.75			1.75	2.25											1.38	1.12																		0.25	0.38	2.12		1.00	0.50	0.50	0.75			0.75				2.12			1.12			2.25	0.50	2.12							1.25					0.00			1.88			1.75	1.00			0.00		1.50	1.75				2.00							0.88	1.25	0.50			2.00			1.75					1.50		
51-6031.00	1.88	2.12										2.12			1.75	2.12											1.25	0.75																		0.00	1.88	2.00		2.00	0.88	0.75	1.50			1.88				2.50			1.50			2.25	0.62	2.12							1.50					0.00			2.62			2.12	1.00			0.00		1.50	1.88				1.88							1.62	1.12	0.00			2.12			2.00					2.00		
51-6041.00	2.25	2.50										2.12			2.12	2.88											0.75	1.62																		0.00	2.12	2.38		0.88	0.75	1.12	1.88			1.25				2.62			1.50			2.00	0.75	2.12							2.12					0.00			2.25			2.25	0.88			0.00		2.25	2.25				2.25							1.25	0.88	0.38			2.38			1.88					2.12		
51-6042.00	1.88	2.88										2.50			2.00	2.50											2.88	2.38																		0.00	1.50	2.25		1.38	0.88	0.88	1.88			1.88				2.88			1.38			3.00	0.88	3.00							2.00					0.38			2.75			2.88	2.00			0.12		1.50	2.00				2.75							1.88	2.00	0.38			2.62			2.75					2.00		
51-6051.00	2.00	2.25										2.12			1.88	2.12											0.00	0.38																		0.00	2.00	2.25		2.00	0.50	1.50	1.75			2.12				2.38			1.62			2.12	1.50	1.88							1.50					0.12			2.00			2.25	0.00			0.00		2.00	1.88				1.88							1.88	1.25	0.38			2.38			1.38					1.75		
51-6052.00	2.62	3.00										2.62			2.50	3.00											1.50	1.88																		0.00	1.88	2.75		1.75	0.75	0.88	2.00			1.62				2.62			2.12			2.38	2.12	2.12							2.00					0.00			2.12			2.62	1.25			0.00		2.75	2.88				2.88							1.25	1.25	1.00			2.88			1.38					2.25		
51-6061.00	2.12	2.88										2.12			2.50	2.75											2.00	1.88																		0.88	2.12	2.25		2.00	0.62	0.75	2.00			2.38				2.75			1.88			3.25	1.12	3.75							1.88					0.50			3.00			2.75	2.12			0.62		1.75	2.25				2.75							2.00	2.00	0.62			2.38			2.25					2.50		
51-6062.00	2.00	2.50										2.62			2.75	2.75											3.25	2.12																		1.25	2.62	2.62		2.00	0.75	1.12	2.12			2.12				3.25			1.62			3.75	1.25	3.75							1.62					0.75			3.12			2.62	3.00			0.00		1.62	1.88				2.12							2.25	2.12	0.75			2.75			3.00					2.25		
51-6063.00	1.50	2.50										2.12			2.25	2.25											2.25	2.00																		1.00	2.00	2.12		1.75	0.50	0.62	1.75			1.12				3.00			0.88			3.00	1.38	3.12							1.38					0.25			2.62			2.38	2.00			0.12		1.62	2.00				2.38							1.25	1.00	0.25			2.25			2.00					2.00		
51-6064.00	2.12	2.50										2.00			2.50	3.00											2.50	2.00																		1.00	2.50	2.38		2.00	0.75	1.00	2.00			2.00				3.00			1.62			3.88	1.38	3.88							1.62					0.00			3.00			2.12	2.75			0.00		2.00	2.00				2.38							2.12	2.12	0.50			2.12			2.62					2.00		
51-6091.00	2.62	3.00										2.75			3.00	3.00											2.50	2.25																		0.00	2.38	2.88		2.12	0.75	1.00	2.12			1.88				3.12			2.12			3.25	1.50	3.88							2.12					0.25			2.75			2.75	2.62			0.62		2.12	2.62				2.88							1.75	2.00	0.62			2.88			2.75					2.62		
51-6092.00	3.00	3.38										3.00			2.88	3.38											0.12	0.62																		0.00	3.00	3.00		3.00	1.62	1.88	2.12			3.00				3.25			2.62			2.50	2.75	2.88							2.62					1.25			3.12			3.25	0.38			0.12		2.75	2.88				3.00							2.75	2.38	1.50			3.00			2.12					2.88		
51-6093.00	2.88	3.00										3.00			2.75	3.12											1.88	2.12																		0.38	2.62	2.88		2.75	1.50	1.75	2.25			2.50				3.00			2.25			2.62	1.75	2.88							2.50					0.00			2.75			3.00	1.88			0.50		2.88	2.50				2.88							2.00	2.00	1.38			3.00			2.00					2.38		
51-7011.00	2.75	2.50										2.75			2.50	3.00											2.88	2.88																		0.62	2.25	2.88		2.25	1.25	1.50	2.38			3.00				3.12			2.00			2.88	2.88	3.12							2.25					0.75			3.38			2.62	2.50			0.38		2.00	2.38				2.50							2.00	2.00	1.50			3.00			2.88					2.38		
51-7021.00	2.75	3.00										2.75			2.75	3.12											2.00	2.25																		0.00	2.62	2.75		2.25	1.25	1.88	2.62			1.75				2.88			2.12			2.62	2.00	3.00							2.00					0.12			2.88			2.75	2.12			0.12		2.62	2.62				2.38							2.00	2.00	0.75			2.88			2.25					2.25		
51-7031.00	2.62	2.88										2.88			2.75	3.00											1.38	1.38																		0.25	2.00	2.75		1.88	0.38	0.75	2.00			2.12				3.00			1.50			3.00	2.88	3.00							2.00					0.00			2.75			2.88	1.25			0.62		2.25	2.38				2.88							2.12	1.75	0.88			2.75			2.00					2.62		
51-7032.00	2.50	3.00										3.00			2.25	3.12											2.38	2.75																		0.12	2.12	2.88		2.00	1.88	2.00	2.00			3.00				3.00			1.50			3.00	3.00	3.00							1.75					0.62			3.12			3.00	2.25			0.88		1.88	2.62				2.50							2.12	2.00	1.50			2.62			2.25					2.12		
51-7041.00	2.00	2.50										2.25			2.50	2.75											2.62	1.88																		0.50	2.12	2.38		1.88	0.50	0.75	1.50			1.50				2.88			1.62			3.00	1.38	3.12							1.62					0.12			2.88			2.62	2.50			0.25		1.62	2.25				2.12							1.75	1.50	0.38			2.38			2.62					1.38		
51-7042.00	2.12	2.75										2.50			2.00	2.88											3.00	2.50																		1.25	1.75	2.12		2.12	0.62	1.12	1.50			2.50				2.88			1.38			3.25	1.62	3.50							1.75					1.12			3.00			2.75	3.00			0.50		1.38	2.00				2.50							0.88	1.62	1.38			2.12			3.00					1.75		
51-8011.00	3.12	3.88										3.25			3.25	4.00											0.12	0.00																		0.00	3.00	3.38		3.00	1.25	1.25	3.00			2.75				4.00			2.75			3.75	0.50	3.88							2.88					1.25			3.25			3.88	0.38			3.00		2.88	3.12				3.25							3.00	2.88	0.50			3.38			3.12					3.00		
51-8012.00	3.00	3.62										3.25			3.25	3.75											1.50	0.75																		0.12	2.88	3.25		2.75	0.62	1.00	3.00			2.88				3.50			2.62			3.12	2.12	3.38							2.62					0.38			2.88			3.62	1.50			1.25		2.88	2.62				3.38							2.88	2.88	0.62			3.00			2.25					3.00		
51-8013.00	3.00	3.12										3.00			3.00	3.75											3.00	2.12																		0.62	2.50	3.12		2.00	1.12	1.12	2.38			1.88				3.12			2.00			4.00	0.88	4.00							2.12					0.88			3.12			3.12	3.12			1.75		2.62	2.88				3.00							2.50	2.25	0.75			2.88			3.12					3.00		
51-8013.03	3.00	3.00										3.00			2.88	3.12											3.12	2.12																		0.12	2.75	3.00		3.00	1.00	1.62	2.25			2.75				3.25			2.12			3.50	1.25	3.88							2.50					0.75			3.00			3.00	2.88			1.62		2.88	2.88				3.00							2.75	2.25	0.88			3.00			2.88					3.00		
51-8013.04	3.00	3.12										3.00			3.00	3.12											3.88	2.88																		2.75	2.62	3.00		2.50	1.00	1.25	2.25			3.12				3.75			2.12			3.62	0.50	3.88							2.50					1.25			3.12			3.62	3.75			2.00		2.25	2.75				3.00							2.88	2.88	1.38			2.88			3.75					3.00		
51-8021.00	3.12	3.12										3.12			3.12	3.12											3.25	2.38																		1.88	2.88	3.00		2.12	0.50	1.12	2.38			2.12				3.12			2.25			3.25	1.12	3.88							2.00					0.38			3.25			3.12	3.50			2.12		2.00	2.25				3.00							3.12	3.12	0.50			3.00			3.25					3.00		
51-8031.00	2.88	3.00										3.00			3.00	3.00											3.12	2.62																		0.12	2.88	3.00		2.75	0.62	1.00	2.00			2.88				3.62			1.88			3.38	0.62	4.12							2.00					0.62			3.12			3.00	3.00			2.00		2.12	2.75				3.00							2.88	3.00	0.50			3.00			3.00					2.88		
51-8091.00	3.00	3.75										3.12			2.75	3.75											2.75	2.00																		0.00	2.62	3.00		2.88	1.12	1.38	2.75			2.88				3.75			2.12			3.88	2.00	4.50							2.12					1.00			3.50			3.75	2.75			2.88		2.12	2.62				3.12							2.50	2.75	0.00			3.00			2.62					3.00		
51-8092.00	3.00	3.00										3.00			3.12	3.25											3.00	2.38																		0.00	2.75	3.00		2.62	1.12	1.25	2.88			2.88				3.50			2.50			3.75	1.12	4.38							2.62					0.75			3.50			3.12	2.88			1.75		2.12	3.00				3.00							2.75	2.50	0.88			3.00			3.12					3.00		
51-8093.00	3.00	3.00										3.00			3.00	3.50											2.88	1.88																		0.00	2.88	3.00		2.88	1.50	1.50	2.50			2.75				3.50			2.50			3.88	1.50	4.62							2.38					1.00			3.38			3.38	2.62			1.75		2.12	2.88				3.00							2.75	2.62	0.50			3.00			2.88					3.00		
51-8099.01	2.75	3.38										3.00			3.12	3.12											3.38	2.25																		0.88	3.00	3.25		2.75	1.38	2.00	2.38			2.88				3.25			2.62			3.50	0.25	3.75							2.50					1.00			3.38			3.75	3.12			2.50		2.75	3.12				3.50							2.88	2.75	0.75			3.00			3.25					3.00		
51-9011.00	2.88	3.12										2.88			3.12	3.12											2.62	2.12																		0.00	2.62	3.00		2.50	0.50	1.12	2.38			2.88				3.12			1.62			3.88	1.75	3.88							1.88					0.62			3.12			3.38	2.25			2.12		2.25	2.62				3.00							2.62	2.50	0.75			2.88			2.75					3.00		
51-9012.00	2.88	3.00										2.88			2.88	3.00											2.62	1.88																		1.75	2.62	2.75		2.88	1.38	1.75	2.38			2.62				3.12			2.00			3.12	1.00	3.75							2.12					0.75			2.75			2.88	2.62			2.00		2.12	2.62				2.88							2.50	2.12	0.88			2.88			2.62					2.88		
51-9021.00	2.62	3.00										2.75			3.00	3.00											3.00	2.38																		0.12	2.88	2.88		2.50	0.75	1.75	2.50			2.38				3.00			1.62			4.00	0.25	4.00							2.50					0.25			3.00			3.00	3.00			1.50		2.00	2.75				2.88							2.50	2.50	0.25			2.88			3.00					2.88		
51-9022.00	2.25	2.75										2.50			2.38	2.62											2.88	2.12																		0.00	2.12	2.38		2.00	1.00	1.12	2.00			1.75				2.75			1.88			3.00	0.75	3.25							2.25					0.25			3.00			2.62	2.75			0.25		2.12	2.25				2.38							2.00	2.12	1.00			2.50			2.88					2.25		
51-9023.00	2.50	2.88										2.38			3.00	2.88											3.00	2.00																		0.12	2.25	2.62		2.38	0.38	0.75	2.00			2.25				3.12			1.75			3.12	0.12	3.25							1.75					0.38			3.00			3.00	3.00			1.75		2.00	2.62				2.75							2.25	2.00	0.38			3.00			2.88					2.62		
51-9031.00	2.00	2.88										2.12			2.25	2.12											0.12	0.12																		0.00	2.00	2.50		1.62	0.25	0.50	2.00			1.12				2.62			2.00			2.00	0.25	2.12							2.00					0.00			2.00			2.62	0.00			0.00		2.12	2.75				2.12							1.25	1.25	0.00			2.62			1.25					2.12		
51-9032.00	2.00	2.75										2.75			3.00	2.88											3.00	2.12																		0.75	2.12	2.62		1.88	0.75	1.12	2.00			2.12				3.12			1.62			3.50	0.62	3.62							1.62					1.00			3.75			2.88	2.75			0.50		1.75	2.50				2.50							2.12	2.00	0.75			2.38			3.00					2.00		
51-9041.00	2.12	2.75										2.75			2.25	2.75											2.62	2.12																		1.50	2.38	2.25		2.00	0.62	0.88	1.75			2.00				3.12			1.50			3.62	1.00	3.75							1.75					0.25			3.12			2.75	2.62			0.75		1.75	2.12				2.38							2.12	1.62	0.88			2.25			2.88					2.38		
51-9051.00	2.38	3.12										2.62			2.50	3.00											1.50	0.88																		0.00	2.12	2.12		1.50	0.25	0.38	2.00			2.00				3.12			1.88			3.25	0.62	3.50							1.50					0.25			2.75			3.00	1.00			1.12		1.75	2.12				3.00							1.25	1.25	0.38			2.12			2.00					2.62		
51-9061.00	2.38	3.12										2.75			2.88	3.25											1.38	1.25																		0.00	2.12	2.75		2.12	0.88	1.00	2.12			2.50				3.12			2.25			2.88	1.62	3.12							2.25					0.62			3.38			3.00	1.12			1.00		2.00	2.25				3.00							2.00	2.12	0.75			2.75			2.25					3.12		
51-9071.00	2.88	2.88										2.50			2.88	3.50											1.38	1.62																		0.00	2.50	3.00		2.38	1.00	1.25	2.38			1.75				3.00			2.25			1.88	0.50	1.75							2.25					0.38			1.88			2.88	1.12			0.38		2.75	2.88				2.75							1.75	1.75	1.25			2.62			1.50					2.75		
51-9071.06	2.62	3.00										2.62			2.38	3.12											1.75	2.50																		0.00	1.75	3.25		2.12	1.88	2.00	2.00			2.88				3.00			1.88			2.25	2.38	2.50							2.88					0.00			3.50			2.88	1.50			0.62		3.00	2.62				3.00							1.50	1.50	1.38			2.38			1.75					2.88		
51-9081.00	3.00	2.88										2.88			2.75	3.38											1.75	2.38																		0.00	2.88	2.75		3.00	1.12	1.62	2.25			2.25				3.00			2.12			2.88	1.50	3.00							2.25					0.38			2.88			3.00	2.00			1.50		2.25	2.50				3.00							2.12	2.12	1.75			3.00			2.25					2.88		
51-9082.00	3.00	3.62										3.00			3.00	3.50											3.00	2.62																		0.88	3.12	3.12		2.88	1.38	2.12	2.12			2.88				3.12			2.12			2.75	2.25	3.00							2.38					0.38			3.75			3.62	3.00			1.62		3.00	3.00				3.12							3.00	2.50	2.38			3.12			3.12					3.00		
51-9083.00	2.50	2.88										2.50			2.50	2.88											2.00	2.50																		0.00	2.25	2.62		2.38	0.88	0.75	2.00			2.25				2.88			1.62			3.12	1.25	2.88							2.00					0.75			3.38			2.88	2.50			0.88		2.62	2.50				2.62							2.00	1.62	1.00			2.75			2.12					2.62		
51-9111.00	2.12	2.75										2.12			3.00	2.25											2.62	1.75																		0.00	2.25	2.12		2.25	0.25	0.25	2.25			2.00				2.88			2.00			2.88	0.00	3.25							2.12					0.12			2.62			2.88	2.25			0.00		2.12	2.62				2.25							2.00	2.00	0.38			2.38			2.62					2.25		
51-9123.00	2.00	2.25										2.00			2.62	2.62											0.88	1.25																		0.00	1.75	2.25		2.00	0.62	0.75	2.12			1.12				2.62			1.88			1.00	0.62	2.25							2.00					0.00			2.12			2.25	0.50			0.00		2.12	2.75				2.50							1.12	1.12	0.50			2.38			1.75					1.88		
51-9124.00	2.25	2.25										2.62			2.75	2.88											2.88	2.62																		0.12	2.00	2.25		2.38	0.62	1.00	2.00			1.88				3.00			1.75			3.00	0.62	3.50							1.75					0.38			3.38			2.62	2.75			0.12		2.00	2.38				2.00							2.00	2.00	0.50			2.38			2.75					2.00		
51-9141.00	2.25	2.88										2.75			2.62	2.88											2.88	2.12																		0.50	2.25	2.88		2.00	0.50	0.88	1.75			1.75				3.00			1.88			2.88	1.62	3.50							2.12					0.75			3.38			3.38	2.62			1.25		2.00	2.75				2.88							1.88	1.38	1.00			2.75			2.75					2.62		
51-9151.00	2.88	3.38										2.75			2.88	3.12											2.50	2.62																		0.62	2.75	2.75		2.88	1.75	1.88	2.12			2.25				3.25			2.62			2.88	1.25	3.12							2.75					1.62			2.75			3.25	2.25			1.00		3.00	3.00				3.00							2.75	2.75	1.50			2.88			2.50					2.88		
51-9161.00	2.88	3.00										3.00			2.75	3.62											3.00	2.75																		1.75	2.88	2.88		2.75	0.75	1.25	1.88			2.88				3.62			1.62			3.88	2.38	3.88							1.75					2.00			3.50			3.38	2.88			1.12		1.75	2.62				3.00							2.75	2.75	1.38			2.88			2.88					2.88		
51-9162.00	3.38	3.00										3.12			3.00	3.50											2.25	2.88																		0.12	2.88	3.00		2.62	0.75	1.12	2.12			3.38				3.50			1.50			3.12	2.88	4.00							2.25					3.62			3.12			3.62	2.12			1.50		1.88	2.62				3.00							3.12	3.00	2.12			3.00			3.00					3.00		
51-9191.00	2.38	2.75										2.50			3.00	2.75											3.12	2.12																		0.12	2.38	2.50		2.12	0.75	1.25	1.75			2.38				3.12			1.62			3.75	0.75	4.00							1.88					0.62			3.50			2.50	2.88			0.50		2.00	2.38				2.62							2.62	1.88	0.25			2.88			3.00					2.25		
51-9192.00	2.12	2.38										2.12			2.12	2.12											1.75	1.25																		0.00	2.00	2.12		2.12	0.25	0.38	2.00			1.12				3.00			2.00			3.00	0.38	2.88							2.00					0.12			2.25			2.25	1.12			0.62		2.00	2.12				2.25							1.50	1.88	0.00			2.50			2.12					2.38		
51-9193.00	3.12	3.00										3.00			2.88	3.25											3.00	2.75																		0.50	2.75	3.00		2.38	1.25	1.62	2.50			2.38				3.38			2.00			3.62	1.50	3.88							2.00					0.75			3.12			3.00	3.00			0.88		2.12	2.38				2.88							2.25	2.38	0.62			3.00			3.12					2.88		
51-9194.00	2.25	3.00										2.25			2.12	3.12											2.12	2.25																		0.00	2.12	2.62		2.00	1.00	0.88	2.00			1.75				2.88			1.75			2.88	1.62	3.00							2.00					0.62			2.88			2.88	1.38			0.25		2.12	2.25				2.62							1.62	1.12	1.50			2.75			2.38					2.25		
51-9195.00	2.38	2.62										2.12			2.38	2.62											1.88	1.88																		0.25	2.12	2.38		1.75	0.75	1.00	2.00			1.50				2.50			1.88			2.62	0.75	2.88							2.00					0.00			2.38			2.62	1.88			0.00		2.00	2.38				2.38							1.38	1.38	0.88			2.62			2.12					2.50		
51-9195.03	2.00	2.75										2.38			2.38	2.88											1.38	1.75																		0.12	2.25	2.25		2.25	0.62	1.00	1.88			1.62				2.62			1.62			2.38	2.12	2.38							1.50					0.50			2.38			2.88	1.12			0.38		1.62	2.50				2.38							1.62	1.62	0.75			2.12			1.50					2.25		
51-9195.04	2.88	3.00										2.75			2.50	3.00											2.38	2.25																		0.00	2.38	2.75		2.38	1.12	1.62	2.12			2.12				3.00			1.88			2.88	1.62	3.00							2.00					0.38			3.00			3.00	2.38			1.25		1.75	2.62				2.75							1.75	1.88	0.88			2.62			2.50					2.62		
51-9195.05	2.12	2.88										2.12			2.50	3.12											0.62	0.75																		0.00	1.75	2.62		1.38	0.75	1.62	1.88			1.75				3.00			1.38			3.12	1.88	3.12							2.00					0.12			2.50			2.88	0.62			0.62		2.00	2.75				2.88							1.88	1.38	0.75			2.38			1.62					2.62		
51-9196.00	2.25	2.75										2.38			2.62	2.88											2.75	2.25																		0.62	2.12	2.25		2.12	0.75	1.00	2.00			2.00				3.00			2.12			3.00	1.75	3.12							2.12					0.00			2.75			2.25	2.25			0.00		2.12	2.50				2.75							2.50	2.25	0.88			2.62			2.62					2.12		
51-9197.00	1.75	2.62										2.00			2.00	2.50											1.12	1.12																		0.12	1.88	2.00		1.88	0.50	0.62	1.50			1.12				2.88			1.25			3.12	0.38	3.38							1.38					0.25			2.12			2.12	1.00			0.00		1.75	2.00				2.25							1.12	0.88	0.62			2.25			2.00					1.75		
51-9198.00	1.88	2.00										2.00			2.38	2.25											1.75	1.50																		0.00	2.00	1.88		1.88	0.62	0.75	1.62			1.75				2.38			1.00			2.50	0.62	2.50							1.38					0.25			2.25			2.25	1.75			0.25		1.50	2.00				2.12							1.12	1.12	0.25			1.88			1.88					1.62		
53-1041.00	2.88	3.00										2.88			3.50	3.50											1.88	1.62																		0.12	3.00	3.00		3.62	0.88	2.00	3.75			2.88				3.88			2.50			2.62	1.50	2.38							2.75					0.62			2.50			3.00	1.88			0.50		2.62	3.25				3.12							2.75	2.62	0.75			3.50			2.00					3.25		
53-1042.00	3.00	3.75										3.00			3.75	3.62											0.88	1.12																		0.00	3.00	3.00		3.25	2.25	2.38	3.75			2.12				3.50			3.00			2.12	1.62	2.75							3.12					0.25			2.38			3.50	0.88			0.50		2.75	3.38				3.75							2.75	2.88	0.62			3.62			1.38					3.12		
53-1042.01	3.12	3.12										2.75			3.25	3.50											0.00	0.38																		0.00	2.88	3.12		3.00	2.38	2.38	3.50			2.75				3.50			3.00			2.62	1.12	2.75							3.25					0.50			2.12			3.50	0.00			0.25		2.88	3.12				3.38							2.75	2.88	0.88			3.62			1.12					3.12		
53-1043.00	3.12	3.88										3.38			3.88	3.62											2.00	0.88																		0.00	3.12	3.25		3.12	1.38	2.25	3.75			2.25				3.75			2.88			2.25	2.50	2.50							3.00					0.25			2.38			3.75	2.00			0.25		3.00	3.50				3.88							3.12	3.00	0.38			3.88			2.00					3.62		
53-2011.00	4.12	4.25										3.62			3.75	4.12											1.25	0.00																		0.00	4.00	4.25		3.12	1.00	1.75	3.12			3.50				4.25			2.62			5.62	2.00	4.88							2.62					0.50			3.00			4.12	0.12			2.75		2.88	3.25				3.75							3.25	3.25	0.62			3.88			3.12					3.25		
53-2012.00	4.00	4.12										3.62			3.50	4.00											1.38	0.88																		0.00	3.38	3.75		3.50	0.75	1.00	3.00			2.88				4.00			2.50			5.25	1.00	4.75							3.00					0.50			2.75			4.12	1.12			2.75		2.88	3.00				3.75							3.00	3.00	0.50			3.00			3.12					3.00		
53-2021.00	3.75	4.00										4.50			4.00	4.12											0.25	0.25																		0.00	3.38	4.12		3.38	0.75	0.88	2.75			3.00				4.25			2.25			2.38	2.88	3.12							2.88					0.75			2.62			4.00	0.12			1.50		3.38	3.25				3.88							3.25	3.25	0.75			3.50			1.88					3.12		
53-2022.00	3.25	4.00										3.25			4.00	3.88											0.00	0.25																		0.00	3.12	3.25		3.12	0.75	1.75	3.00			2.12				4.12			3.00			2.75	2.75	2.88							2.88					0.38			2.38			4.00	0.00			0.75		3.00	3.00				3.88							3.00	3.12	0.88			3.00			1.12					3.25		
53-2031.00	3.00	3.25										2.62			3.25	3.62											0.00	0.00																		0.00	2.88	2.88		2.25	1.00	1.12	2.25			1.88				3.38			2.75			1.50	0.75	2.12							2.88					0.38			2.12			3.50	0.00			0.50		3.62	3.25				3.75							1.88	1.88	0.75			3.00			1.62					2.88		
53-3011.00	3.00	3.12										2.75			3.00	3.00											1.62	1.00																		0.00	3.00	2.88		2.12	0.50	1.25	1.88			1.62				2.88			2.62			2.88	1.25	2.62							2.62					0.12			1.12			3.12	1.25			0.62		3.12	3.12				3.00							2.00	1.75	0.50			2.62			1.50					2.88		
53-3031.00	2.12	3.00										2.88			2.88	3.38											0.75	0.00																		0.00	1.88	2.75		1.88	0.88	1.12	2.00			1.88				2.62			2.88			2.38	0.12	2.00							3.00					0.00			1.88			3.00	0.25			0.00		3.00	2.88				2.88							1.88	1.88	0.38			2.75			1.38					3.00		
53-3032.00	2.12	3.00										2.50			2.25	2.88											2.75	1.88																		1.00	1.75	2.75		1.75	1.38	1.62	1.75			1.88				3.00			2.00			3.62	0.88	3.12							1.75					0.00			2.50			3.00	2.75			0.00		2.00	2.38				2.88							2.00	1.88	0.38			3.00			2.88					2.62		
53-3033.00	2.00	2.88										2.25			2.00	2.75											2.12	1.00																		0.00	1.62	2.00		1.62	0.50	0.88	1.62			2.12				2.75			1.50			2.88	0.62	2.50							1.75					0.00			1.88			3.00	2.00			0.12		2.00	2.38				2.88							1.88	1.75	0.25			2.62			2.00					2.50		
53-3051.00	2.25	3.25										2.62			2.62	2.75											0.88	0.12																		0.12	2.38	2.50		2.12	0.25	0.38	1.75			1.38				3.12			2.00			2.62	0.12	2.75							2.50					0.00			1.88			3.00	0.88			0.00		2.62	3.00				2.88							1.25	1.25	0.25			2.62			1.88					2.75		
53-3052.00	2.00	2.75										1.62			2.50	2.75											1.00	0.38																		0.00	1.50	2.38		1.75	1.00	0.75	1.50			1.75				2.50			1.62			3.12	0.00	3.00							1.75					0.00			1.75			2.38	0.88			0.00		2.62	2.38				2.25							1.12	1.12	0.75			2.75			1.75					2.12		
53-3053.00	2.38	2.88										2.38			2.88	2.88											1.75	1.00																		0.12	2.38	2.50		2.12	0.50	0.75	1.62			1.50				3.12			2.38			2.38	0.38	2.38							2.38					0.12			1.88			2.75	1.50			0.00		2.75	3.00				2.75							1.38	1.50	0.62			2.62			1.88					2.75		
53-4011.00	3.00	3.25										3.00			3.00	3.12											1.38	0.75																		0.00	2.62	3.00		3.00	0.88	0.88	2.50			2.62				3.75			1.75			4.12	1.12	4.00							1.75					0.00			3.00			3.50	1.38			0.38		1.88	2.62				3.00							2.25	2.12	0.25			2.75			2.62					2.88		
53-4013.00	2.75	3.00										3.12			3.25	3.00											2.62	2.00																		0.88	2.88	2.88		2.50	0.75	0.88	2.38			2.00				3.12			1.75			3.62	0.38	3.62							1.75					0.25			3.00			3.12	3.00			0.50		2.00	2.12				3.12							2.12	2.25	0.25			3.00			3.00					2.50		
53-4022.00	2.50	2.88										2.88			3.12	2.88											1.38	0.75																		0.00	2.50	2.38		2.50	0.75	1.00	2.38			1.75				3.12			2.12			3.25	0.38	3.38							2.38					0.00			2.25			3.00	1.12			0.00		2.25	2.62				2.62							2.00	2.00	0.12			2.62			2.00					2.62		
53-4031.00	3.00	3.12										3.38			3.88	3.62											0.12	0.00																		0.00	3.00	3.00		2.75	0.75	0.88	3.50			2.62				4.00			2.12			3.12	1.62	3.12							3.00					0.50			3.00			3.25	0.00			0.50		2.62	3.00				3.12							3.00	3.00	0.38			3.50			2.12					2.88		
53-4041.00	3.00	3.00										2.88			2.38	3.25											2.12	1.75																		0.00	2.50	2.88		2.62	1.62	1.00	2.00			2.00				3.12			2.12			3.88	0.88	3.75							2.12					0.00			2.00			3.12	2.12			0.00		2.88	2.88				2.75							1.12	2.00	0.00			3.00			2.12					2.50		
53-5011.00	2.88	3.00										2.88			3.00	3.00											3.00	2.50																		0.00	3.00	3.00		2.62	1.12	1.50	2.75			2.12				3.12			2.50			3.50	0.50	3.75							2.62					0.00			3.12			3.12	3.12			1.00		2.88	2.88				3.00							2.25	2.25	1.38			3.00			3.12					2.88		
53-5021.00	3.38	3.38										3.12			3.75	3.25											3.25	2.62																		0.62	3.00	3.50		3.00	2.38	2.88	3.62			2.38				3.38			2.62			4.00	1.12	3.62							2.75					1.12			3.00			3.12	3.00			1.50		2.88	3.00				3.38							3.00	2.62	1.62			3.62			2.75					3.12		
53-5022.00	2.75	2.88										3.00			3.38	3.38											3.00	2.62																		0.00	2.88	3.12		2.50	1.00	1.38	2.75			2.12				3.38			2.38			4.00	0.75	3.62							2.38					0.00			2.88			3.00	2.88			0.50		3.00	3.00				2.88							2.25	2.25	1.00			3.00			2.88					2.75		
53-5031.00	3.12	3.50										3.38			3.00	3.88											3.75	3.00																		2.88	2.88	3.12		2.88	0.75	1.75	3.12			2.38				3.75			2.00			3.88	1.25	3.88							2.00					0.62			3.12			3.38	3.88			2.00		2.75	3.00				3.00							3.12	2.75	0.62			3.00			3.88					3.00		
53-6011.00	2.12	2.75										2.75			3.00	3.00											1.38	0.75																		0.00	2.62	2.62		2.12	0.00	0.12	2.12			1.88				3.00			2.12			3.00	0.12	3.00							2.25					0.12			2.25			2.38	1.25			0.25		2.62	2.25				2.88							1.00	1.50	0.12			2.62			2.00					2.88		
53-6021.00	1.75	2.75										2.12			2.25	2.75											0.88	0.25																		0.00	2.00	2.38		2.00	0.75	0.75	1.75			2.25				2.38			2.00			2.00	0.25	1.88							1.75					0.00			1.25			1.88	0.25			0.00		2.50	2.38				2.38							1.62	1.75	0.00			2.00			0.88					2.00		
53-6031.00	2.00	2.75										2.25			2.62	2.88											2.50	2.00																		1.38	2.00	2.12		2.00	1.12	1.12	2.00			1.88				2.38			2.12			2.62	0.25	2.12							2.25					0.12			2.25			2.50	2.88			0.38		3.00	2.25				2.50							2.00	2.12	0.62			2.38			2.25					2.38		
53-6041.00	3.12	3.62										3.62			3.00	3.50											1.00	1.25																		0.12	2.88	3.12		2.88	1.12	1.12	2.88			3.12				3.12			2.88			2.75	3.38	2.75							2.88					1.25			2.50			4.00	1.00			2.88		2.88	3.00				3.38							3.50	3.25	1.38			3.12			2.00					3.25		
53-6051.00	2.75	3.50										3.25			3.12	3.50											0.00	0.12																		0.00	2.62	3.25		2.62	1.75	1.88	3.00			2.62				3.38			2.38			2.38	0.38	2.62							2.62					0.75			2.50			3.62	0.00			0.50		2.88	3.00				3.50							2.75	2.88	0.75			3.12			1.75					3.50		
53-6051.01	3.25	3.38										3.62			3.00	4.00											2.88	2.62																		0.00	3.12	3.38		3.00	0.75	0.88	2.88			2.38				3.38			2.88			3.12	2.75	4.00							3.00					0.50			3.75			3.38	2.88			3.50		3.00	3.00				4.00							3.00	3.00	0.75			3.25			3.25					3.25		
53-6051.07	2.00	2.88										2.25			2.75	2.88											2.88	2.00																		0.25	2.00	2.50		1.88	0.25	0.38	2.00			1.75				2.88			1.88			3.00	0.88	3.12							2.12					0.00			3.25			3.12	2.62			2.38		2.00	2.75				2.88							1.50	1.75	0.88			2.88			2.88					2.75		
53-6061.00	2.50	3.25										2.38			3.00	3.25											0.00	0.00																		0.00	2.25	2.25		1.50	0.38	0.38	2.00			1.38				3.25			2.12			1.75	0.38	2.38							2.75					0.38			2.00			2.88	0.00			0.00		3.75	3.12				2.88							1.50	1.75	0.38			2.38			1.62					2.38		
53-7011.00	2.62	3.00										2.75			2.88	2.88											2.62	1.88																		0.00	2.75	2.75		2.00	0.38	1.12	2.50			1.88				3.12			2.12			3.88	1.75	4.00							2.12					0.25			2.62			2.88	2.50			1.50		2.25	2.62				2.88							2.62	2.50	1.00			2.88			2.75					2.75		
53-7021.00	2.38	3.00										2.25			3.00	3.00											2.88	2.00																		0.88	2.25	2.62		2.25	0.62	0.62	2.25			2.12				3.00			2.00			3.50	1.12	3.25							2.00					0.00			2.88			3.00	2.75			0.12		2.00	2.00				2.88							1.12	2.00	0.38			2.88			3.00					2.38		
53-7031.00	2.12	2.38										2.50			3.12	2.75											2.38	2.50																		0.00	2.62	2.62		2.50	1.25	1.38	2.88			1.88				2.88			1.88			3.25	1.00	3.62							2.00					0.00			2.75			2.38	2.38			0.50		1.88	2.38				2.25							1.88	2.00	0.88			2.38			2.62					2.00		
53-7041.00	2.12	2.38										2.38			3.38	2.62											2.50	2.50																		0.12	2.50	2.50		2.50	1.12	1.12	2.50			1.88				2.62			2.12			2.88	1.12	3.00							2.25					0.00			2.50			2.38	2.75			0.50		2.25	2.25				2.25							1.75	1.62	0.00			2.75			2.38					2.25		
53-7051.00	1.88	2.50										2.00			3.00	2.25											2.62	1.50																		0.00	2.00	2.12		1.75	0.88	0.88	1.50			1.88				2.62			1.62			3.00	0.62	2.88							1.75					0.25			1.88			2.50	2.00			0.25		1.75	2.00				2.00							1.75	1.75	0.62			2.25			2.50					2.12		
53-7061.00	1.50	2.00										1.62			1.88	2.00											2.12	1.88																		0.38	1.12	1.75		1.00	0.50	1.00	1.38			0.75				2.25			1.12			2.75	0.25	3.00							1.00					0.12			2.75			1.88	2.00			0.25		1.88	2.00				1.88							1.25	0.88	0.25			2.12			1.88					1.12		
53-7062.00	2.00	2.12										2.00			2.75	2.00											1.50	1.12																		0.00	1.88	2.00		2.00	0.25	0.88	1.88			1.75				2.12			1.75			2.50	0.12	2.50							1.88					0.00			2.00			2.12	1.25			0.00		2.00	2.00				2.00							1.75	1.50	0.25			2.12			2.00					2.12		
53-7062.04	2.25	2.88										2.38			2.12	2.75											2.62	1.88																		0.00	2.00	2.12		2.00	0.62	1.12	2.00			1.50				2.75			1.50			2.75	0.38	2.75							1.50					0.00			2.25			2.88	2.38			0.25		2.25	2.62				2.38							1.50	1.50	0.75			2.50			2.38					2.50		
53-7063.00	2.00	2.62										2.12			2.00	2.62											1.25	0.88																		0.00	1.88	2.25		1.75	0.75	0.88	1.38			1.62				2.88			1.62			2.50	0.38	3.38							1.88					0.00			2.50			2.88	1.25			0.38		1.88	2.12				2.62							0.88	1.38	0.00			2.50			2.00					2.00		
53-7064.00	1.00	2.00										1.75			2.12	2.00											0.38	0.62																		0.00	1.00	1.88		1.12	0.38	0.62	1.25			1.25				2.12			0.62			1.62	0.12	1.50							0.62					0.38			1.88			2.00	0.25			0.00		2.00	1.88				2.00							1.00	1.00	0.12			1.88			0.75					1.88		
53-7065.00	2.12	3.00										2.25			2.62	2.38											0.50	0.38																		0.25	1.88	2.25		2.12	0.88	1.38	2.25			1.75				2.62			1.75			2.00	0.62	1.75							1.88					0.75			1.62			3.00	0.25			0.25		2.50	2.62				2.75							1.88	1.75	0.88			2.50			1.50					2.62		
53-7071.00	2.38	3.00										3.00			2.88	3.00											3.12	2.12																		0.00	2.25	2.75		2.38	0.75	1.25	2.12			2.12				3.00			2.12			3.75	0.00	3.88							2.12					0.50			3.00			3.12	3.00			1.25		2.12	2.38				3.00							2.38	2.12	1.12			2.75			3.12					2.88		
53-7072.00	2.88	3.00										2.88			3.00	3.12											2.75	2.12																		0.12	2.62	3.00		2.25	1.12	1.75	2.25			2.62				3.38			2.12			3.25	1.00	3.75							2.12					0.75			2.75			3.00	2.75			1.38		2.12	2.25				2.88							2.12	2.12	0.88			2.88			2.88					2.75		
53-7073.00	2.12	2.75										2.88			2.38	3.00											3.25	2.12																		0.25	2.00	2.88		1.38	0.38	0.88	2.00			1.62				3.25			1.00			3.88	0.38	3.88							1.25					0.25			2.50			2.88	3.75			0.12		1.25	2.12				3.00							1.38	1.38	0.50			2.75			3.00					2.12		
53-7081.00	1.62	2.50										2.12			2.50	2.62											2.00	0.88																		0.00	1.50	2.12		0.38	0.00	0.00	1.75			0.00				2.00			1.88			2.88	0.12	2.62							2.00					0.00			2.00			2.00	1.88			0.00		1.88	2.12				2.00							0.75	0.75	0.00			2.38			2.00					2.00		
53-7121.00	2.75	3.00										2.88			2.88	2.88											2.00	2.38																		0.00	2.62	2.88		2.38	1.12	1.88	2.75			2.12				3.12			2.12			3.25	0.00	3.38							2.12					0.38			2.88			3.12	2.25			0.75		2.12	2.12				2.88							2.62	2.12	0.75			2.88			2.50					2.75		
11-1011.00			6.50	2.69			1.26	1.55		1.38	3.25		5.19				5.94			1.75			4.98	4.60	3.51	3.91						0.74				0.40	1.97	2.66					1.85						3.58							4.63	1.92	0.65																5.78		2.74	1.28		2.92		3.48	3.35							5.04					2.53													2.51	1.53			2.32								
11-1011.03			5.00	4.42			3.56	3.67		2.70	3.74		3.59				4.44			3.19			3.85	4.85	3.37	4.89						1.04				2.19	1.81	4.15					2.26						3.89							3.89	2.41	0.70																3.78		2.70	2.30		2.41		3.30	2.70							4.33					4.00													1.30	1.78			3.37								
11-1021.00			4.38	3.95			0.39	2.26		1.97	2.31		3.00				4.64			2.59			3.58	3.65	3.27	3.64						0.45				0.65	0.63	0.65					0.67						2.96							4.07	3.44	0.30																3.95		0.52	1.85		4.23		2.67	2.40							3.35					1.55													1.43	1.43			1.66								
11-2011.00			4.41	4.34			0.45	0.64		0.37	5.21		4.17				5.39			2.92			2.94	3.85	1.57	4.85						2.30				0.08	1.04	2.07					1.13						2.09							3.55	0.67	0.48																3.08		2.11	0.49		2.68		2.74	2.19							5.58					2.77													1.91	1.42			1.59								
11-2021.00			4.61	4.10			0.20	0.42		0.43	4.21		4.05				4.85			3.55			3.55	4.15	2.47	5.04						1.32				0.28	1.36	2.55					1.09						2.93							4.40	0.54	0.44																3.55		1.12	0.37		2.92		2.86	2.26							6.05					2.44													2.56	1.10			1.53								
11-2022.00			4.62	3.62			0.33	0.67		0.38	3.05		3.81				5.24			1.24			3.10	4.95	1.80	4.33						0.43				0.33	1.38	2.05					0.57						2.38							3.76	0.90	0.29																4.24		0.76	0.29		2.24		3.14	1.67							5.86					2.05													1.29	1.38			1.85								
11-2033.00			4.42	5.28			0.17	0.26		0.15	3.53		3.20				5.30			1.72			3.35	3.64	0.43	4.68						1.17				0.24	0.98	0.92					1.10						2.39							3.91	0.22	0.17																3.78		2.06	0.22		2.19		2.20	1.05							4.85					2.29													1.09	0.66			0.48								
11-3012.00			4.56	5.18			0.74	2.17		1.33	2.20		4.15				5.17			2.01			3.14	3.05	1.62	3.86						0.21				0.61	0.75	1.10					0.77						2.66							3.54	2.25	1.08																4.12		1.31	1.14		3.02		1.99	3.29							2.00					1.45													2.19	1.39			1.41								
11-3013.00			4.57	3.99			2.01	3.45		3.35	2.28		4.06				5.05			2.50			2.65	4.41	3.49	3.70						0.48				1.26	1.18	2.38					0.90						3.06							3.30	3.97	1.29																3.98		1.74	2.48		2.86		4.13	4.11							2.02					2.32													2.47	2.96			2.35								
11-3013.01			5.20	4.20			1.50	3.40		1.85	3.60		4.70				5.50			3.25			3.15	5.10	3.20	4.60						0.53				0.80	2.10	3.50					1.60						4.60							3.30	2.70	1.60																4.65		2.20	1.90		2.80		4.55	5.95							2.55					3.15													3.63	3.35			2.95								
11-3021.00			4.31	3.69			0.01	0.65		0.58	2.50		6.13				4.72			3.00			2.16	3.95	3.99	3.63						0.74				0.00	0.74	2.49					0.06						2.03							4.67	0.62	0.02																4.09		0.69	1.20		1.42		2.27	1.52							1.77					1.69													2.81	0.78			0.41								
11-3031.00			5.44	4.97			0.00	0.57		0.00	2.63		3.97				5.36			0.69			5.83	4.72	0.49	3.75						0.03				0.15	1.15	1.66					0.42						3.89							4.48	0.63	0.02																4.30		1.32	0.00		1.85		2.66	1.99							4.36					1.27													1.27	0.65			0.50								
11-3031.01			5.83	3.48			0.00	0.04		0.00	2.24		3.76				3.42			0.60			6.00	3.70	0.96	4.83						0.04				0.16	0.88	1.00					0.48						3.04							5.13	0.12	0.21																4.12		1.00	0.08		1.58		2.17	1.32							2.44					1.28													0.60	0.48			0.80								
11-3031.03			4.67	1.96			0.62	0.00		0.30	2.92		3.50				4.55			0.30			5.48	3.10	1.18	4.90						0.39				0.05	0.56	2.21					2.42						3.64							5.46	0.24	0.82																3.08		0.87	0.57		1.39		2.69	0.64							4.07					2.16													1.67	0.61			1.22								
11-3051.00			4.72	3.79			0.86	1.56		2.26	2.13		3.65				3.85			3.08			2.30	4.59	3.91	3.43						0.01				0.44	1.46	1.63					0.31						2.36							3.74	3.78	0.74																3.95		1.28	1.97		5.36		3.02	3.02							2.27					1.49													1.38	1.25			2.32								
11-3051.01			4.19	3.72			2.74	1.44		4.80	2.15		3.97				4.59			2.86			1.61	5.03	4.05	4.50						0.04				1.63	1.09	1.51					0.44						2.88							4.20	2.75	1.38																3.75		1.04	2.99		4.60		2.36	3.56							1.56					1.50													0.99	2.28			2.41								
11-3051.02			4.63	4.59			2.81	4.53		4.56	2.52		4.20				3.10			3.95			3.04	5.36	4.83	3.84						0.24				0.17	1.34	2.45					0.73						3.54							4.63	5.89	1.65																4.36		2.79	4.68		4.64		3.56	4.64							1.35					2.21													2.92	2.76			2.31								
11-3051.03			4.96	4.28			3.27	3.91		4.68	1.89		3.96				4.03			4.04			2.98	4.47	4.79	3.56						0.03				3.30	0.46	2.18					0.44						2.77							4.46	5.41	0.64																3.99		0.75	3.63		5.60		3.19	3.65							2.81					1.67													1.44	1.08			3.26								
11-3051.04			4.97	4.24			1.63	4.13		4.57	2.45		4.07				3.35			3.39			3.78	5.08	4.80	3.93						0.05				0.07	0.61	1.37					0.97						2.75							4.39	5.52	0.98																4.45		1.53	3.99		4.98		3.91	4.25							1.04					1.41													2.14	2.85			2.96								
11-3051.06			4.30	3.77			1.18	4.22		3.36	2.56		4.35				3.04			3.87			2.68	4.59	4.55	3.96						0.03				0.03	0.20	3.14					1.06						3.72							4.20	5.48	1.21																4.12		1.30	4.11		4.32		3.63	4.55							1.24					1.84													2.75	1.80			1.61								
11-3061.00			4.89	5.37			0.68	2.32		1.37	2.95		4.21				5.05			1.95			3.74	3.79	1.89	4.05						0.42				1.05	0.68	2.05					0.89						3.95							4.05	1.58	0.95																4.11		1.53	0.84		2.95		1.79	2.79							3.61					1.79													1.44	0.89			2.58								
11-3071.00			4.91	4.22			0.96	2.11		1.65	2.56		3.93				5.22			2.29			3.60	4.16	2.97	4.00						0.43				1.98	1.74	3.17					1.18						3.44							4.35	2.57	0.93																4.46		1.60	1.19		4.19		3.41	3.98							3.46					2.15													2.34	2.21			4.69								
11-3071.04			5.38	2.38			0.52	1.67		0.90	2.57		4.29				5.05			2.48			4.19	3.95	2.81	4.81						0.24				2.19	2.57	3.71					0.45						3.19							4.38	2.52	0.29																4.48		0.67	0.81		5.00		2.86	3.29							3.67					0.95													2.43	1.81			5.14								
11-3111.00			4.90	4.67			0.14	0.14		0.00	3.24		3.62				5.14			0.90			3.76	4.19	0.33	4.52						0.00				0.00	0.71	0.38					0.33						3.33							4.33	0.00	0.90																5.33		1.52	0.00		0.90		2.33	1.71							2.81					2.19													1.00	1.86			0.14								
11-3121.00			4.95	4.55			0.41	0.36		0.32	3.09		4.00				4.95			1.00			2.95	5.64	0.95	4.73						0.45				0.82	2.00	1.82					1.36						3.45							4.00	0.27	1.14																6.14		2.27	0.18		2.18		4.00	3.45							2.91					3.50													1.18	3.95			0.76								
11-3131.00			4.54	3.82			0.00	0.11		0.00	3.64		3.75				4.57			2.29			2.07	6.75	0.79	5.36						0.82				0.00	0.54	0.43					0.25						1.46							2.71	0.21	0.18																5.21		1.18	0.04		1.64		3.61	0.79							2.96					2.93													0.93	1.75			0.21								
11-9013.00			4.57	3.59			4.49	3.39		3.99	2.54		3.37				3.96			3.33			3.65	4.20	3.44	3.58						0.22				3.78	1.20	2.88					1.10						3.37							4.35	4.00	1.30																3.73		1.31	2.96		4.68		3.04	3.05							3.76					1.48													1.23	1.23			3.31								
11-9021.00			4.95	4.90			1.90	5.75		3.25	2.70		4.40				4.70			4.65			4.15	4.55	4.75	3.90						1.05				0.95	2.15	2.90					1.30						3.60							4.40	4.80	1.35																4.40		1.30	3.65		4.65		3.85	4.40							3.90					2.00													2.95	2.00			2.90								
11-9031.00			4.25	4.58			1.54	1.66		1.62	2.53		3.70				5.88			2.04			3.42	4.24	2.06	3.84						2.26				2.97	1.81	2.87					2.08						2.34							3.34	1.45	2.65																4.09		2.88	1.12		2.67		3.44	3.42							3.42					2.79													0.81	2.83			2.06								
11-9032.00			4.56	5.15			1.28	1.10		1.66	3.86		4.12				4.52			1.14			1.62	6.04	2.16	4.33						1.07				0.75	2.76	3.05					1.86						2.10							4.22	0.95	1.75																4.20		2.62	1.69		1.71		3.97	3.29							2.39					3.48													1.25	3.96			1.31								
11-9033.00			4.31	4.41			0.80	0.47		0.50	3.26		4.13				5.16			1.44			2.79	5.53	1.34	5.22						0.96				0.28	1.07	1.76					1.29						2.89							3.97	0.32	0.77																4.35		3.08	0.82		1.60		3.70	2.48							3.26					2.77													1.59	3.46			1.62								
11-9041.00			4.46	4.22			1.46	3.59		2.92	2.45		4.48				5.21			5.45			2.92	3.54	5.35	4.33						1.82				0.08	1.17	3.08					1.13						3.36							4.91	3.93	1.06																3.78		1.39	3.89		4.13		1.93	3.43							3.08					1.45													2.28	0.56			2.59								
11-9041.01			3.61	3.82			2.70	3.05		4.89	2.25		4.42				3.11			2.51			2.09	3.21	4.72	3.98						0.04				0.90	0.31	2.06					0.09						2.13							4.91	3.86	0.51																2.46		0.22	3.71		3.90		1.29	2.86							1.93					0.48													1.29	0.55			2.31								
11-9051.00			4.14	4.20			0.95	1.18		1.40	2.18		3.70				4.88			1.80			3.29	3.71	1.06	3.02						0.20				4.04	1.19	0.73					0.17						1.66							3.50	2.15	0.99																3.80		0.66	0.39		3.33		2.19	3.23							3.35					1.68													1.49	1.72			1.68								
11-9071.00			5.00	5.03			0.30	1.07		1.05	2.66		4.16				4.83			1.51			4.06	4.26	2.01	4.07						0.26				0.94	1.52	1.02					0.41						2.97							4.32	2.14	0.60																4.55		1.35	0.74		2.35		3.44	3.64							3.29					1.22													1.18	1.68			1.25								
11-9072.00			3.51	4.37			2.67	1.31		2.93	2.40		4.32				4.82			3.09			2.37	5.47	1.88	4.01						1.98				1.68	1.83	3.19					2.85						1.77							3.74	1.63	1.33																3.77		2.02	1.83		2.49		3.22	2.98							3.01					3.86													1.34	2.71			1.31								
11-9081.00			4.72	4.95			0.55	0.18		1.99	3.45		4.79				5.00			1.49			3.40	4.64	2.17	4.28						1.02				2.29	1.40	2.10					0.37						2.83							3.91	1.63	1.25																4.89		2.55	0.71		2.25		3.74	3.56							4.83					2.63													2.52	2.03			2.00								
11-9111.00			5.50	5.43			2.39	1.14		1.68	2.57		4.89				5.52			2.29			3.86	5.46	2.25	4.85						0.43				0.52	1.00	1.43					1.00						3.29							4.36	0.81	3.19																4.96		2.00	0.75		2.85		3.79	3.25							2.93					2.89													2.07	2.54			1.36								
11-9121.00			4.22	4.89			5.07	1.51		4.45	2.73		4.61				4.06			2.45			2.10	3.70	3.33	4.68						0.43				0.78	0.67	2.20					0.71						1.37							4.50	2.53	1.12																3.80		0.61	2.29		3.03		1.79	2.13							2.31					1.15													1.15	0.40			1.31								
11-9121.01			2.84	4.38			3.15	0.00		2.51	2.06		3.47				4.85			0.91			1.14	2.95	1.38	4.07						0.37				0.07	0.44	1.07					0.56						2.14							3.07	0.79	3.07																2.35		1.90	1.25		1.18		2.95	2.28							1.87					2.26													0.84	1.64			1.75								
11-9121.02			4.05	2.32			4.36	4.14		4.64	2.55		4.91				4.18			5.36			3.23	4.36	6.23	4.45						0.23				0.77	1.09	5.09					2.14						3.77							5.45	2.64	0.50																3.05		0.86	4.86		1.91		1.45	3.55							3.77					1.73													2.18	0.68			2.18								
11-9131.00			4.59	4.53			0.44	1.18		0.66	2.86		4.45				4.79			1.72			2.84	4.71	2.21	3.97						0.15				0.19	0.72	2.41					0.82						3.13							4.11	2.76	0.98																3.87		1.31	0.76		4.59		3.41	4.33							3.04					1.54													1.82	2.02			3.65								
11-9141.00			5.05	4.80			1.05	3.65		1.90	2.75		4.10				5.85			1.85			4.55	4.05	2.30	4.10						0.25				0.05	1.25	1.95					0.65						4.20							4.20	2.55	0.50																4.20		1.40	1.30		1.42		3.25	4.35							4.05					1.40													2.55	1.15			1.35								
11-9151.00			4.60	4.49			0.90	1.21		1.31	2.89		3.62				5.94			1.08			3.04	5.25	1.14	4.52						0.79				0.63	1.33	1.64					0.88						2.92							4.06	1.27	1.50																4.36		3.00	0.86		1.97		4.76	3.55							2.95					4.16													1.50	4.48			1.65								
11-9161.00			4.95	4.32			2.41	2.86		2.82	4.05		4.68				5.73			2.43			3.32	5.68	2.73	4.67						0.48				2.00	1.91	4.27					2.32						4.36							3.50	2.41	2.18																4.59		2.23	2.09		2.73		3.59	5.09							3.50					3.36													4.09	3.09			3.82								
11-9171.00			5.02	5.34			3.73	0.41		3.06	2.99		4.22				5.98			1.45			3.61	3.65	1.05	4.32						0.48				0.00	1.05	1.69					0.90						3.45							3.71	2.31	2.30																4.32		3.49	1.13		2.24		4.32	2.93							3.83					3.10													2.17	3.29			2.81								
11-9179.01			4.35	4.58			1.96	1.15		1.23	2.73		3.58				4.81			2.69			2.50	5.73	1.23	4.23						0.69				0.62	1.08	0.77					0.35						1.58							3.36	1.42	1.77																4.00		2.04	1.12		1.54		3.96	2.69							3.88					2.77													1.20	3.23			0.96								
11-9179.02			4.18	4.97			1.01	0.01		1.43	3.03		3.17				5.22			0.92			3.45	4.73	0.81	3.80						0.00				0.24	0.81	0.88					0.01						1.19							4.08	1.39	1.35																4.37		0.59	0.04		1.38		2.91	1.23							3.90					1.17													1.61	2.61			0.95								
11-9199.01			4.65	3.91			4.00	1.13		3.74	2.13		3.61				2.43			2.87			1.36	4.57	2.91	4.83						0.35				0.87	2.00	1.70					0.48						4.09							3.35	1.91	2.65																3.30		0.65	2.00		2.96		2.13	1.74							2.35					1.83													1.04	1.00			0.91								
11-9199.02			4.49	4.98			1.17	1.08		1.03	2.81		4.16				5.22			1.36			2.97	4.81	1.80	5.32						0.08				0.42	0.76	1.98					1.09						4.95							3.73	1.30	1.24																4.35		1.69	0.92		2.11		2.94	3.64							1.99					1.94													2.00	2.27			2.21								
11-9199.08			4.71	4.00			0.68	2.77		1.00	2.82		4.00				4.52			2.68			2.82	5.09	2.50	4.41						0.18				1.32	1.73	2.00					0.50						4.05							4.14	2.18	1.18																4.18		1.36	1.48		1.95		4.32	4.64							2.41					2.82													2.50	2.18			2.18								
11-9199.09			5.05	4.30			1.51	3.07		2.24	2.21		3.80				3.67			3.48			3.37	3.77	4.81	3.36						0.00				0.00	0.63	2.18					1.15						3.41							4.08	5.00	1.60																4.09		0.55	3.90		3.40		2.72	4.41							1.84					1.09													3.76	2.07			3.03								
11-9199.10			4.74	3.72			1.40	4.60		1.92	3.00		3.70				4.25			4.39			3.85	3.29	4.57	4.22						0.36				0.66	1.31	3.95					1.86						3.66							4.10	3.62	0.60																3.01		1.31	2.96		2.85		1.98	3.20							2.99					1.57													2.60	0.74			3.16								
11-9199.11			4.36	3.95			4.36	2.71		4.32	2.18		3.86				5.27			3.18			2.62	2.45	4.32	4.64						0.09				0.41	0.59	4.05					2.14						4.18							4.33	2.00	0.55																2.45		0.59	2.77		1.23		1.55	2.95							3.41					2.45													0.77	0.36			1.95								
13-1011.00			4.04	4.52			0.00	0.09		0.00	3.81		3.94				4.75			0.53			3.43	3.45	0.12	4.05						3.76				0.01	1.52	2.03					1.14						2.37							3.57	0.10	0.00																3.58		0.44	0.00		1.14		2.50	0.84							4.70					2.32													1.86	0.96			1.13								
13-1021.00			4.78	4.22			2.00	2.11		1.55	2.30		4.54				4.68			2.51			4.14	4.02	3.01	4.34						0.39				3.82	0.74	3.17					1.65						3.77							4.62	2.57	0.89																2.68		0.51	1.27		4.08		2.30	3.75							3.96					1.42													2.13	1.20			4.18								
13-1022.00			3.52	3.96			0.18	1.49		1.79	2.75		4.16				4.51			1.16			3.31	1.61	1.54	3.97						0.03				0.46	1.00	0.59					0.27						2.01							4.15	2.69	0.08																1.39		0.42	1.47		2.28		0.95	1.21							4.40					0.81													1.76	0.32			1.74								
13-1023.00			4.95	5.10			1.10	2.35		1.25	2.90		4.05				5.53			2.25			3.80	3.85	2.35	4.95						0.65				1.65	1.00	2.05					0.90						4.55							4.25	2.15	1.00																3.70		1.15	1.35		2.50		2.65	2.80							3.10					1.85													2.05	1.45			2.79								
13-1031.00			3.35	5.13			1.32	1.82		0.90	2.31		3.99				6.25			0.64			3.31	3.01	1.40	4.11						0.24				0.06	0.89	1.44					0.44						3.31							3.75	1.58	2.28																2.17		1.12	1.17		1.71		3.17	1.87							2.01					1.48													1.60	2.43			1.82								
13-1032.00			2.61	3.54			0.00	0.21		0.50	1.69		3.87				5.78			1.41			1.73	3.14	1.61	3.48						0.00				0.02	1.28	1.03					0.01						2.62							2.63	4.28	0.10																1.00		0.00	1.36		1.94		1.31	1.21							1.46					0.03													1.31	0.03			1.99								
13-1041.00			3.36	3.69			1.01	0.81		1.01	1.99		4.08				4.80			0.20			1.14	3.40	0.46	4.04						0.17				0.00	1.35	0.85					0.60						4.09							2.92	1.11	1.66																1.01		1.72	0.85		1.10		2.64	3.41							0.34					2.08													1.67	1.86			1.67								
13-1041.01			3.20	3.10			3.60	2.60		3.45	2.30		4.15				4.10			2.20			1.00	3.90	3.05	4.20						0.10				0.40	1.35	2.80					0.95						4.10							3.75	2.65	0.95																1.65		0.90	2.75		2.00		1.35	3.90							0.85					0.95													0.75	0.35			1.65								
13-1041.03			3.69	3.98			0.26	0.43		0.34	2.86		3.36				4.98			0.61			1.52	4.16	0.40	4.70						0.13				0.31	1.21	0.94					2.33						4.63							3.50	0.47	0.75																4.58		2.93	0.27		1.13		3.47	1.94							1.74					4.35													0.94	2.96			1.03								
13-1041.04			2.88	4.84			2.80	4.34		3.04	2.79		4.46				5.73			3.95			2.47	4.16	4.21	3.92						0.53				0.48	2.70	2.18					1.14						3.73							3.21	3.40	0.65																3.00		1.08	2.73		2.03		2.99	4.57							2.30					1.98													1.10	0.82			2.40								
13-1041.06			4.50	4.70			4.85	1.45		3.25	3.65		4.26				5.74			1.75			3.40	4.85	2.26	4.85						0.70				0.50	1.40	3.00					2.05						4.55							2.95	1.90	5.10																4.15		2.45	2.60		2.25		4.80	4.05							1.50					4.15													2.30	4.20			3.60								
13-1041.07			4.05	4.11			3.85	0.15		3.35	2.80		3.60				2.80			1.45			0.89	3.30	2.55	4.55						0.00				0.65	1.75	1.60					0.50						4.55							3.45	0.85	2.90																2.00		0.40	1.25		3.10		1.47	1.75							1.79					0.80													1.25	0.50			0.90								
13-1041.08			3.90	5.05			0.30	0.45		0.50	2.95		4.45				4.35			0.90			3.90	3.60	1.20	4.20						0.35				0.60	2.20	4.21					0.85						4.25							3.80	0.50	0.40																2.89		0.95	0.20		2.10		1.75	2.60							3.00					1.00													2.35	0.40			4.10								
13-1051.00			4.09	3.64			1.32	4.09		1.50	1.32		4.36				3.59			3.68			4.82	3.05	3.86	3.27						0.09				0.55	0.68	2.24					0.77						2.64							5.73	3.45	0.27																2.59		0.91	3.19		2.91		1.59	1.73							2.86					1.09													1.32	0.45			1.95								
13-1071.00			3.91	5.27			0.09	0.10		0.19	2.55		2.80				3.72			0.36			1.20	4.02	0.45	3.62						0.02				0.11	0.45	0.57					0.20						2.96							2.53	0.11	0.22																5.67		1.90	0.05		0.72		2.63	1.79							1.08					1.08													0.97	1.89			0.64								
13-1074.00			2.67	2.19			1.06	0.60		1.43	2.26		1.91				3.58			0.61			3.10	3.35	1.10	2.21						0.38				4.45	3.75	1.24					0.38						2.47							3.47	2.18	1.78																4.19		0.59	0.39		3.67		1.96	2.30							0.78					0.76													1.18	1.34			1.77								
13-1075.00			3.81	3.50			0.21	0.90		0.45	2.45		3.33				3.70			0.81			2.62	3.95	0.76	4.30						0.43				0.43	1.52	1.10					1.70						4.11							3.45	0.75	0.60																4.90		1.48	0.30		1.90		3.15	2.90							1.29					3.00													1.60	2.35			1.50								
13-1081.00			5.08	4.38			1.17	1.42		1.62	2.54		3.79				5.25			2.33			3.75	4.25	2.75	4.17						0.33				1.04	2.12	4.00					1.17						3.29							4.54	2.00	0.38																3.96		1.25	1.17		4.17		2.33	3.67							4.58					1.92													1.92	1.29			4.88								
13-1081.01			4.35	3.87			1.13	2.70		1.96	2.57		4.91				4.00			4.61			3.82	4.13	5.26	3.87						0.26				1.74	1.61	3.57					0.65						3.17							5.13	2.83	0.50																3.48		0.39	2.39		4.83		2.91	3.13							2.78					1.35													2.55	0.70			4.17								
13-1081.02			4.14	4.36			0.73	0.95		0.91	2.77		4.77				4.27			1.82			2.68	4.05	2.82	4.27						0.23				0.77	1.82	3.64					0.95						3.18							4.95	1.77	0.32																2.68		1.23	1.27		3.68		1.77	2.95							1.59					1.59													2.14	0.86			3.73								
13-1111.00			4.90	4.29			0.81	1.48		1.29	3.71		4.24				5.29			2.70			4.05	5.25	2.19	5.33						0.95				0.80	2.24	2.71					1.90						3.48							4.57	1.60	0.71																4.38		2.33	1.00		3.71		3.62	3.10							4.45					3.90													1.90	2.29			1.90								
13-1121.00			3.28	4.11			0.85	1.25		1.22	3.47		4.05				5.11			2.52			2.71	3.03	1.44	4.66						2.20				1.92	1.87	1.93					1.85						3.04							3.03	1.28	1.30																2.79		2.57	1.16		1.08		3.19	3.30							3.43					1.93													2.18	1.00			2.86								
13-1131.00			4.40	4.37			0.19	0.57		0.19	3.52		3.81				5.48			1.62			3.85	3.30	0.57	4.71						0.95				0.19	1.19	1.52					1.00						2.71							3.86	0.48	0.33																3.67		2.10	0.05		1.10		2.85	1.24							5.11					2.57													1.10	0.81			1.24								
13-1141.00			4.48	4.38			0.76	0.62		0.76	2.85		4.24				4.86			1.24			4.00	3.68	0.81	4.24						0.33				0.29	0.76	1.48					0.38						2.70							4.90	0.57	1.38																5.00		0.48	0.63		1.48		2.19	1.70							1.85					2.00													0.85	1.95			0.90								
13-1151.00			4.05	4.13			0.74	0.65		0.78	3.61		3.70				4.83			2.26			2.22	6.65	1.83	4.74						1.00				0.48	1.22	1.30					1.61						2.09							2.83	1.09	0.83																4.35		2.70	0.65		2.17		3.96	1.91							3.70					3.43													1.26	2.35			0.96								
13-1161.00			4.61	4.43			0.57	0.22		0.26	4.39		4.45				5.57			1.74			3.48	3.48	1.78	5.32						0.68				0.18	1.09	3.48					1.82						2.70							5.13	0.26	0.52																3.22		2.32	0.39		2.04		3.70	1.09							5.30					4.30													1.61	0.30			0.96								
13-1161.01			3.65	4.43			0.00	0.00		0.00	3.52		4.91				3.74			2.65			1.91	3.48	2.13	4.59						0.57				0.04	0.74	2.48					0.65						2.23							4.30	0.22	0.00																2.13		1.26	0.09		1.57		3.09	0.91							5.61					2.96													1.50	0.13			0.43								
13-1199.04			4.45	4.00			0.43	1.48		0.48	3.59		4.35				4.14			2.05			1.73	4.74	2.73	4.82						0.23				0.36	1.05	2.91					1.22						2.96							2.83	0.82	0.50																3.68		0.52	0.35		2.55		2.36	4.32							2.05					1.50													2.74	0.57			2.30								
13-1199.05			4.48	3.48			3.30	3.43		3.00	3.48		3.87				4.43			3.35			3.26	5.17	3.61	4.26						0.87				2.09	1.70	3.48					2.13						3.91							3.61	2.52	0.65																3.35		2.57	2.52		3.26		2.95	2.65							4.26					3.52													1.00	0.87			3.14								
13-1199.06			4.08	4.86			0.16	1.45		0.46	3.54		4.17				4.80			2.76			3.70	3.02	1.90	5.08						1.29				0.00	0.76	1.71					0.36						1.30							3.78	1.96	0.22																3.10		0.34	1.04		3.31		1.54	1.25							5.21					1.06													2.05	0.48			1.23								
13-1199.07			4.35	3.45			0.60	3.40		1.15	3.30		4.90				5.53			4.05			3.10	4.75	3.90	5.15						0.00				0.50	1.40	3.05					1.10						4.10							3.20	2.63	0.40																4.50		1.20	1.95		2.84		4.05	5.50							3.25					2.90													3.15	1.55			2.45								
13-2011.00			4.08	4.51			0.03	0.30		0.19	2.39		3.98				4.42			0.53			5.84	3.43	0.41	4.24						0.10				0.21	0.36	0.78					0.43						3.59							4.92	0.32	0.10																3.00		0.53	0.08		1.14		1.71	0.64							2.13					0.64													0.90	0.44			0.91								
13-2022.00			3.96	4.35			0.52	1.05		0.74	2.61		3.91				4.04			1.59			3.30	2.35	2.10	4.59						2.35				1.09	1.00	2.00					2.57						3.43							3.87	1.96	0.35																2.35		1.30	0.96		2.30		1.61	0.96							4.09					1.35													1.13	0.39			1.74								
13-2023.00			4.00	3.67			0.67	3.96		0.75	2.71		4.21				4.04			2.75			3.42	3.04	1.75	4.58						0.21				0.67	0.71	3.25					1.29						3.54							4.54	1.92	0.08																2.79		0.21	0.67		2.88		1.21	2.67							2.92					0.83													1.50	0.21			2.38								
13-2031.00			4.37	4.00			0.03	0.09		0.33	1.66		4.35				3.80			0.51			5.11	2.65	0.62	4.05						0.03				0.03	0.24	0.87					0.93						2.98							4.52	0.08	0.05																3.00		0.85	0.24		1.68		1.44	1.79							0.49					0.99													0.64	0.47			0.63								
13-2041.00			2.95	4.15			0.10	1.15		0.11	1.60		3.00				2.75			0.65			5.20	2.05	0.90	4.20						0.05				0.05	0.45	1.75					0.90						3.75							4.75	0.20	0.50																1.60		0.50	0.20		2.00		0.70	1.05							2.05					1.10													0.50	0.25			0.50								
13-2052.00			3.96	3.92			0.00	0.00		0.00	2.65		3.65				5.38			0.23			4.50	3.19	1.04	4.42						0.19				0.00	0.12	0.96					0.85						2.81							4.58	0.08	0.08																2.65		0.81	0.00		0.88		3.65	0.38							3.92					1.00													0.92	2.96			0.12								
13-2053.00			2.80	3.59			0.77	1.10		0.70	2.27		3.20				4.67			0.53			2.73	2.07	0.67	3.87						0.27				0.37	0.47	2.31					0.47						2.93							3.97	0.60	1.27																1.73		0.37	0.40		1.77		2.10	1.93							3.80					0.93													0.73	0.63			1.03								
13-2061.00			4.04	3.30			0.00	0.22		0.00	1.78		3.09				2.70			0.48			4.61	2.74	0.48	4.30						0.09				0.00	0.30	0.87					0.48						3.52							4.17	0.22	0.04																2.48		0.43	0.00		0.87		1.50	0.96							0.74					0.65													0.35	0.30			0.87								
13-2071.00			2.84	4.28			0.00	0.00		0.00	2.79		3.44				5.96			0.29			3.20	4.00	0.32	4.28						0.20				0.22	1.48	0.52					0.72						2.76							3.76	0.21	0.04																1.33		1.72	0.16		1.04		3.62	1.20							3.58					2.60													0.96	2.88			0.80								
13-2072.00			3.82	3.42			0.25	1.07		0.12	2.28		3.55				5.60			0.07			4.17	3.35	0.50	3.77						0.02				0.68	0.95	1.14					0.94						3.62							4.20	0.33	0.03																2.68		1.43	0.13		2.38		2.12	1.74							4.40					1.44													0.89	0.80			1.05								
13-2081.00			4.22	5.14			0.04	0.47		0.06	1.73		3.11				5.49			0.63			3.92	3.23	0.08	4.02						0.04				0.33	0.61	1.01					0.66						3.59							3.85	0.08	0.19																1.77		0.66	0.04		0.87		2.23	1.86							0.35					1.15													0.67	0.31			1.01								
13-2082.00			3.10	4.76			0.00	0.05		0.00	2.86		4.67				4.62			0.33			4.43	3.38	0.80	4.24						0.00				0.14	1.14	0.52					0.45						4.10							4.40	0.19	0.30																2.38		0.33	0.10		1.38		1.95	1.75							2.00					0.86													2.35	1.00			0.43								
13-2099.01			2.75	1.50			0.20	0.20		0.20	1.95		5.30				2.05			2.45			5.30	1.95	3.15	3.75						0.10				0.00	0.30	1.05					0.55						1.60							6.05	0.15	0.15																2.00		0.15	0.90		1.25		2.20	0.15							2.15					1.35													0.80	0.15			0.50								
13-2099.04			4.40	4.24			1.36	1.64		1.32	3.44		4.76				4.80			2.16			5.16	4.72	2.16	5.08						0.92				1.00	2.20	3.16					1.60						4.32							4.60	1.36	1.56																3.84		1.20	0.96		3.28		3.24	3.64							3.12					2.72													2.88	2.08			2.44								
15-1211.00			3.96	3.70			0.33	0.31		0.56	2.70		6.00				3.92			2.17			2.71	4.00	2.91	4.13						0.00				0.00	0.01	1.65					0.55						2.15							3.76	1.25	0.36																2.97		0.64	0.52		1.30		0.68	1.71							2.13					0.68													3.02	0.42			0.74								
15-1211.01			4.10	4.71			2.57	0.29		0.48	3.00		5.10				4.24			3.33			1.76	4.90	3.86	4.76						0.57				0.00	0.71	0.95					0.33						2.19							4.14	1.05	4.05																3.50		1.90	0.43		2.38		3.90	3.10							2.76					3.76													2.05	2.38			0.19								
15-1212.00			3.79	3.13			0.08	1.03		0.56	2.61		5.97				4.14			2.76			2.17	4.24	3.88	4.20						0.04				0.06	0.67	1.25					0.30						2.82							3.53	1.34	0.08																3.02		0.50	0.82		2.24		2.44	3.34							0.92					1.58													3.95	0.29			0.86								
15-1221.00			3.76	2.63			2.06	1.19		1.74	2.12		6.11				2.84			4.48			2.13	3.68	4.84	4.47						0.70				0.16	0.57	1.94					1.01						2.38							5.43	2.22	1.03																2.70		1.21	3.53		2.47		2.36	2.73							2.93					1.91													3.89	0.81			0.99								
15-1231.00			3.72	3.71			0.00	1.45		0.45	3.45		6.58				3.78			3.09			1.03	3.42	4.12	3.35						0.09				0.00	0.52	0.95					0.23						1.45							3.08	2.23	0.01																1.93		0.10	0.49		2.68		1.36	2.38							0.54					0.48													4.69	0.34			0.24								
15-1232.00			4.34	5.19			0.14	2.47		1.15	3.77		5.89				5.62			3.26			2.22	4.54	4.14	4.42						0.06				0.01	0.42	1.29					0.39						1.95							2.28	4.42	0.12																3.44		2.01	1.34		3.14		1.53	2.69							2.40					0.70													4.64	0.38			0.36								
15-1241.00			4.10	3.10			0.45	1.70		1.30	2.85		6.05				4.35			3.85			1.65	4.30	5.00	4.05						0.10				0.00	0.80	2.25					0.55						2.74							3.70	2.35	0.20																2.60		0.65	1.35		2.80		1.35	3.25							1.90					1.50													5.00	0.37			1.10								
15-1241.01			4.14	3.29			0.33	2.90		0.86	2.19		4.67				4.57			3.81			2.48	3.38	4.33	3.86						0.48				0.19	0.57	1.43					0.81						2.52							4.19	3.19	0.43																2.05		0.67	2.14		2.57		1.95	3.00							3.24					1.14													5.52	0.76			1.05								
15-1242.00			3.99	3.53			0.25	0.37		0.78	2.73		6.11				4.75			3.51			2.53	4.09	4.31	4.15						0.05				0.06	0.39	1.56					0.55						2.21							4.63	1.32	1.01																3.17		0.24	1.06		2.45		1.66	2.38							1.77					0.41													3.33	0.10			0.84								
15-1243.00			4.10	2.29			0.33	0.19		0.57	2.14		6.00				3.10			4.67			1.81	4.19	5.19	4.00						0.29				0.20	0.75	1.80					0.38						2.67							4.81	0.52	0.43																2.29		0.33	0.90		2.05		1.57	2.24							1.67					0.95													2.24	0.40			0.48								
15-1243.01			3.48	2.26			0.00	0.22		0.00	1.39		5.61				2.61			3.35			2.43	3.00	3.00	3.36						0.26				0.00	0.26	0.91					0.14						1.43							4.55	0.09	0.22																2.61		0.26	0.45		2.17		1.26	0.35							1.91					0.70													2.04	0.00			0.30								
15-1244.00			3.64	3.55			0.32	1.38		0.70	2.63		6.74				4.69			3.46			1.69	3.76	4.53	3.90						0.16				0.35	0.78	1.42					0.30						2.02							3.77	2.54	0.65																2.15		0.77	1.30		2.25		1.18	2.21							1.47					0.83													3.88	0.50			0.85								
15-1251.00			2.63	3.22			0.01	0.01		0.29	2.57		6.16				3.08			3.29			2.13	2.93	4.15	3.78						1.37				0.01	1.20	3.74					0.16						0.80							4.54	0.93	0.65																2.12		0.16	2.07		2.56		1.76	0.72							2.25					1.84													2.07	0.16			0.82								
15-1252.00			2.68	2.33			0.18	0.20		0.35	1.11		6.23				4.12			3.07			2.65	3.74	3.17	3.63						0.00				0.20	0.29	0.48					0.15						1.14							4.55	0.68	0.00																2.55		0.41	0.44		2.10		1.09	1.80							2.05					0.55													2.91	0.16			1.11								
15-1253.00			3.09	3.00			0.35	0.35		0.44	1.74		5.47				2.85			3.68			1.09	3.74	3.94	4.09						0.35				0.09	0.56	1.00					0.18						1.29							4.24	0.53	0.24																2.18		0.58	0.85		1.71		1.91	1.47							0.97					1.56													1.88	0.68			0.50								
15-1254.00			2.92	3.25			0.21	0.00		0.00	3.12		5.75				3.25			3.22			1.75	2.83	2.91	4.00						1.83				0.12	0.58	1.12					0.46						1.46							3.91	0.21	0.08																1.33		1.21	0.62		1.33		1.62	1.17							2.33					1.58													2.12	0.25			0.25								
15-1255.01			3.25	3.00			0.50	0.35		0.00	4.35		5.15				1.65			5.25			1.45	3.05	2.95	3.95						3.05				0.00	0.65	1.65					1.90						1.25							4.80	0.50	0.10																1.40		2.00	2.25		1.35		3.85	0.45							2.10					3.80													1.65	0.25			0.35								
15-1299.01			4.05	3.75			0.35	0.40		0.45	4.20		5.35				4.40			3.80			1.60	3.95	3.55	4.60						1.50				0.30	0.60	1.60					1.00						2.50							3.65	0.85	0.25																2.40		0.50	0.75		1.90		1.90	2.15							4.20					1.75													2.80	0.25			0.90								
15-1299.02			3.67	3.72			2.77	1.17		2.02	2.41		5.63				4.11			4.11			1.50	4.22	3.33	4.52						0.94				0.28	0.65	6.56					2.39						2.86							4.88	1.98	0.52																1.54		0.38	2.46		1.94		1.26	2.48							2.31					1.95													1.68	0.35			2.13								
15-1299.03			4.40	4.80			0.30	0.60		0.55	2.89		4.60				4.50			2.00			2.05	4.95	2.50	4.25						0.35				0.15	1.05	1.50					1.10						3.40							3.65	0.65	0.20																3.20		0.60	0.30		2.45		1.95	2.30							3.60					1.50													1.50	0.70			1.20								
15-1299.05			3.68	3.42			0.11	1.00		0.42	2.06		5.94				3.63			3.42			1.53	3.53	4.56	3.63						0.05				0.32	0.68	0.84					0.37						2.32							3.26	1.21	0.11																1.68		0.58	0.47		1.83		1.53	1.79							0.68					1.05													3.68	0.37			0.63								
15-1299.08			3.91	3.73			0.41	1.57		0.86	2.33		6.32				4.55			3.71			2.18	3.19	4.45	3.38						0.24				0.55	0.64	1.14					0.68						2.33							3.71	2.52	0.59																2.86		0.77	1.90		3.05		1.57	2.32							1.82					0.82													4.41	0.55			1.19								
15-1299.09			4.57	4.14			0.60	2.38		1.19	3.52		5.48				5.48			3.48			3.57	4.24	4.29	4.62						0.33				0.38	1.10	2.25					0.71						2.81							3.95	2.33	0.57																3.86		1.43	1.57		3.29		2.63	2.90							3.43					2.45													3.43	1.90			1.81								
15-2011.00			4.04	2.64			0.43	0.25		0.11	2.07		5.07				2.89			1.11			5.11	3.25	1.46	3.61						0.11				0.14	0.07	1.64					0.64						3.50							6.36	0.18	1.39																3.21		0.93	0.18		1.54		1.86	1.07							3.36					1.46													1.00	0.46			0.71								
15-2021.00			2.55	2.05			1.95	0.00		1.70	2.50		4.95				2.05			1.85			1.65	4.85	3.79	4.00						0.53				0.00	2.05	1.68					1.40						1.05							6.65	0.80	0.58																1.60		1.50	4.25		0.65		1.00	0.65							1.20					0.84													0.95	1.20			0.75								
15-2031.00			3.81	1.55			0.52	0.67		0.90	1.95		5.33				3.14			3.57			3.10	4.43	5.14	4.05						0.10				0.76	0.86	2.33					0.48						1.95							6.43	1.24	0.00																2.81		0.71	1.90		4.48		1.62	1.67							2.52					1.90													1.43	0.33			2.05								
15-2041.00			3.62	2.95			2.86	0.00		1.57	2.14		5.57				2.76			1.38			2.62	3.60	2.43	4.81						0.10				0.62	0.81	1.90					0.43						2.00							6.24	0.67	1.48																2.05		0.76	1.57		2.00		1.86	1.19							2.24					1.33													1.05	0.19			0.24								
15-2041.01			3.04	3.00			4.29	0.67		1.25	2.21		4.88				2.54			1.75			1.58	3.83	2.21	4.61						0.46				0.38	0.58	2.00					0.50						1.79							5.83	0.58	2.96																2.88		0.57	1.25		1.54		3.35	1.54							1.61					2.30													1.21	0.96			0.50								
15-2051.01			4.14	3.64			0.36	0.45		0.27	2.95		5.41				3.76			2.50			3.59	3.32	2.77	4.41						1.00				0.55	0.77	3.45					1.77						2.36							4.67	0.32	0.45																2.23		1.23	0.27		1.57		2.41	1.00							3.14					2.59													1.14	0.32			0.55								
15-2051.02			3.65	3.70			2.90	0.60		0.95	1.70		4.75				4.30			2.10			0.90	4.00	2.20	4.35						0.00				0.00	0.55	1.05					0.10						2.15							3.85	0.70	2.75																2.20		0.45	0.35		1.45		1.65	1.85							1.25					1.05													1.00	0.95			0.35								
15-2099.01			3.29	3.11			5.03	0.05		2.46	1.67		6.00				2.45			3.34			0.73	3.36	2.96	4.68						0.04				0.03	0.31	1.06					0.12						1.05							5.99	1.20	2.59																1.77		0.13	2.15		1.73		2.11	1.26							1.78					0.28													1.32	1.06			0.47								
17-1011.00			4.52	4.05			1.55	6.05		2.30	2.95		4.81				4.81			6.76			3.48	4.24	5.43	4.19						3.48				0.81	1.38	4.05					3.19						4.30							4.14	3.40	0.48																3.62		2.43	3.35		3.43		2.95	4.62							4.14					3.15													2.29	0.90			2.38								
17-1012.00			3.95	3.65			3.75	4.60		2.55	2.80		4.10				4.25			6.15			2.37	3.50	4.90	4.00						2.45				1.30	1.50	4.95					3.00						3.55							3.70	2.50	0.30																3.20		2.05	3.05		1.70		2.50	3.55							3.55					3.25													1.65	0.95			3.15								
17-1021.00			3.33	3.60			0.89	1.33		0.06	2.89		4.92				3.06			4.27			0.87	3.95	2.99	4.11						0.01				0.01	0.56	6.25					1.25						2.52							4.25	1.07	0.00																2.38		0.49	1.49		2.67		0.89	1.46							0.89					0.57													1.75	0.54			2.15								
17-1022.00			4.55	4.05			1.00	4.30		1.10	1.90		5.00				4.35			4.60			2.85	4.74	4.75	3.80						0.00				0.15	0.10	4.95					2.25						4.10							5.50	2.50	0.25																3.60		0.25	2.70		3.55		1.10	3.05							3.90					0.74													2.10	0.70			2.63								
17-1022.01			3.81	3.30			0.48	2.74		1.00	2.27		5.00				3.69			4.22			1.96	4.37	5.04	4.37						0.30				0.04	0.93	5.33					1.93						3.37							5.74	2.63	0.44																2.92		0.74	4.22		2.50		1.63	2.81							2.78					0.89													2.33	0.44			2.52								
17-2011.00			2.94	3.05			0.46	2.20		2.30	1.81		4.62				3.16			5.41			1.55	2.66	6.10	4.35						0.25				0.00	1.16	0.76					0.22						1.72							5.57	4.48	0.00																2.21		0.21	4.84		4.02		0.71	2.09							1.26					0.68													1.56	0.04			2.83								
17-2021.00			4.20	4.16			5.15	4.50		4.75	3.35		6.00				3.85			5.75			3.05	4.45	6.55	5.00						0.40				4.70	2.15	4.55					0.90						3.25							5.90	5.10	0.40																3.42		1.05	5.80		4.20		2.00	3.40							2.50					1.90													2.95	0.40			3.00								
17-2031.00			4.00	2.87			5.26	1.65		4.17	2.22		5.83				2.91			5.22			2.13	4.96	6.09	4.48						0.74				0.87	1.22	1.74					0.59						2.83							5.52	4.04	4.26																3.65		1.09	5.00		3.22		2.78	3.17							2.39					2.50													2.70	1.96			1.30								
17-2041.00			3.96	2.26			2.17	3.22		5.78	1.96		4.65				2.87			5.43			2.70	4.26	6.39	4.13						0.09				1.22	0.70	1.57					0.52						2.86							5.43	3.91	0.17																2.09		0.17	5.13		4.61		1.39	2.83							2.30					0.48													1.26	0.26			1.65								
17-2051.00			4.48	3.29			1.48	5.33		2.90	2.14		4.10				4.62			5.95			3.20	3.38	6.43	4.38						0.00				0.43	1.00	3.43					1.29						3.86							5.10	2.85	0.24																3.48		0.90	4.29		2.00		1.38	3.81							3.81					1.05													1.10	0.33			3.43								
17-2051.01			4.45	3.41			2.00	5.05		2.82	2.95		4.55				4.41			6.14			2.95	4.27	6.45	3.86						0.14				0.27	0.32	3.86					2.23						4.00							5.05	3.14	0.27																2.91		0.91	4.45		3.18		2.32	3.68							3.00					1.68													1.82	0.82			5.14								
17-2051.02			4.48	3.43			4.52	5.04		4.65	2.00		4.09				4.00			6.17			3.30	3.48	6.35	4.61						0.09				0.13	0.78	3.04					0.74						3.91							5.13	4.35	0.35																3.48		0.17	4.70		2.43		1.39	3.30							3.87					0.73													1.38	0.00			2.09								
17-2061.00			3.54	2.66			0.90	0.55		2.34	2.62		6.50				2.69			5.79			2.00	4.41	6.38	4.41						0.24				0.14	1.24	0.97					0.45						2.66							5.72	2.59	0.59																2.66		0.48	4.59		3.48		1.76	2.79							2.61					0.59													4.00	0.57			1.14								
17-2071.00			3.63	3.29			0.37	2.61		2.63	2.18		6.01				3.41			5.36			2.15	3.57	6.04	4.33						0.00				0.46	1.04	2.04					0.69						2.19							5.01	3.76	0.48																2.74		1.00	4.45		3.88		1.51	3.37							2.19					0.92													2.94	0.40			2.04								
17-2072.00			3.54	2.77			0.48	2.02		2.68	1.37		6.05				2.57			6.18			1.66	3.74	6.24	4.01						0.13				0.00	1.02	1.15					0.38						2.57							5.38	4.28	0.39																2.14		0.36	4.49		2.84		1.33	2.40							2.10					0.79													1.83	0.59			0.72								
17-2072.01			4.19	3.64			0.59	1.74		1.38	3.43		6.16				4.68			4.73			1.73	4.44	5.36	4.02						0.17				0.37	0.88	2.19					0.17						1.80							4.32	1.89	0.48																2.25		0.75	3.27		3.72		1.63	2.01							3.71					0.84													3.85	0.68			2.13								
17-2081.00			4.33	3.29			4.86	4.86		5.00	2.43		4.75				4.67			6.10			3.52	4.24	6.24	4.86						0.19				0.43	1.00	4.05					1.00						3.81							5.24	4.38	0.90																3.38		0.43	5.05		2.57		2.05	4.05							3.86					1.48													2.00	0.43			2.43								
17-2111.00			4.34	4.32			3.60	3.70		4.17	2.75		3.77				5.01			4.04			2.75	5.04	4.71	4.43						0.57				1.41	1.85	2.92					1.54						3.95							4.63	4.17	2.33																3.60		1.77	3.83		3.92		3.82	4.29							3.29					2.87													2.26	2.19			2.96								
17-2111.02			4.27	3.50			1.81	5.73		4.46	2.73		4.12				5.04			6.08			2.35	4.58	6.42	4.96						0.38				0.81	1.15	2.46					1.42						3.69							5.19	4.65	0.69																3.23		0.92	5.00		2.54		2.88	4.54							3.85					1.81													2.65	0.65			2.16								
17-2112.00			3.91	3.77			1.11	3.51		3.12	2.02		4.46				3.88			5.18			2.49	4.49	5.02	4.38						0.69				0.64	0.53	1.32					0.64						2.69							4.86	5.05	0.76																3.12		0.64	3.49		4.70		2.33	3.65							2.68					1.07													1.74	0.50			2.15								
17-2112.01			4.00	3.05			3.15	1.75		2.30	2.85		4.00				4.00			4.80			2.20	5.60	4.85	4.32						0.65				0.68	1.40	1.40					1.00						2.80							4.35	3.10	2.50																3.40		1.15	3.35		4.15		4.74	3.15							3.30					3.95													1.50	2.20			2.55								
17-2112.02			4.00	4.30			1.74	1.42		3.30	2.10		4.30				4.55			4.30			2.00	4.60	5.05	4.35						0.00				1.15	0.95	1.53					0.70						2.85							4.85	4.05	1.10																3.20		0.45	3.45		4.55		2.16	2.80							1.80					0.89													2.00	0.15			1.75								
17-2112.03			4.35	3.73			1.60	3.00		3.27	2.58		4.73				2.85			4.92			2.62	4.27	5.35	4.38						0.00				0.65	1.46	1.56					0.50						3.08							5.12	5.15	0.73																3.27		1.23	4.35		4.92		2.80	3.42							2.62					1.20													1.85	1.62			3.08								
17-2121.00			4.05	3.61			2.26	5.22		3.68	2.17		4.63				3.84			5.26			2.79	4.00	5.47	4.67						0.56				0.63	1.83	2.58					0.56						3.06							4.58	5.53	0.89																2.84		0.50	4.63		3.00		1.42	3.89							2.74					1.06													2.28	1.06			4.44								
17-2131.00			4.10	3.29			2.00	2.43		5.80	2.67		4.65				3.75			4.90			2.50	4.30	5.45	4.80						0.62				0.30	2.05	1.67					0.86						2.57							5.35	4.40	1.38																3.20		1.19	5.47		4.85		1.57	2.50							3.10					0.62													1.40	0.57			1.67								
17-2141.00			3.76	3.94			1.60	2.78		3.01	2.29		4.51				3.17			6.04			2.25	3.84	5.65	3.90						0.65				0.00	1.44	1.48					0.48						2.60							4.80	5.15	1.04																2.82		1.50	4.56		4.49		1.94	4.08							2.35					1.26													2.24	1.00			2.36								
17-2141.01			3.91	2.77			0.41	2.41		5.23	2.00		4.68				2.23			4.82			1.91	3.05	6.00	3.64						0.09				0.23	0.86	1.41					0.23						1.18							5.14	4.82	0.32																2.27		0.36	5.27		4.14		0.45	1.91							2.00					0.59													1.45	0.32			2.05								
17-2141.02			4.05	3.24			1.33	1.76		4.14	2.38		5.38				3.40			5.52			2.38	4.10	6.38	4.33						0.10				0.52	2.05	1.76					0.71						3.24							5.52	5.48	0.20																2.81		0.67	5.57		3.67		1.95	3.19							2.57					1.14													2.48	0.19			4.05								
17-2151.00			4.11	4.22			1.84	3.20		3.25	1.74		4.05				2.95			4.60			2.81	3.53	5.64	4.50						0.00				0.00	0.90	4.02					0.94						2.75							5.19	2.69	0.39																2.61		0.08	4.10		3.86		1.56	2.98							2.42					0.39													1.46	0.40			2.63								
17-2161.00			4.14	3.71			3.90	4.40		5.10	2.24		4.90				2.81			4.76			2.38	5.00	6.00	4.75						0.33				0.33	1.10	2.67					1.57						3.70							5.71	4.57	1.05																2.95		0.90	5.33		3.33		2.52	4.67							2.19					1.62													2.00	1.10			2.10								
17-2171.00			4.12	3.76			1.70	1.14		4.41	1.98		4.02				3.08			3.72			3.48	3.13	5.25	3.82						0.00				0.15	1.27	3.02					0.29						3.30							5.02	3.29	0.15																2.43		0.44	4.55		2.00		1.12	2.18							2.33					0.36													1.54	0.15			2.00								
17-2199.03			4.59	3.45			1.91	4.68		3.36	2.64		3.77				4.52			4.57			3.86	3.64	5.50	4.14						0.10				0.23	0.73	2.68					1.00						3.55							4.91	4.50	0.36																3.18		1.05	4.23		1.45		2.55	3.00							3.82					1.55													1.64	0.59			1.82								
17-2199.05			2.84	3.77			0.81	2.41		2.51	2.51		3.87				1.93			5.09			2.43	3.83	5.61	3.24						0.05				0.17	0.41	0.17					0.05						1.28							4.67	4.86	0.13																1.60		0.14	4.65		4.88		1.28	3.30							0.55					0.54													1.89	0.06			1.54								
17-2199.06			4.07	2.75			2.19	0.93		3.83	2.38		6.00				3.23			5.21			2.34	2.08	6.17	4.45						0.27				0.00	0.87	1.38					0.43						2.22							5.65	4.32	1.00																3.01		0.49	5.40		3.79		1.00	2.76							2.21					0.67													3.00	0.45			1.25								
17-2199.07			2.91	2.43			1.30	0.87		3.35	1.96		5.26				2.43			5.35			1.52	2.36	6.52	3.82						0.22				0.00	0.74	1.13					0.39						1.74							5.74	4.09	0.82																1.48		0.13	5.83		3.35		0.70	1.96							2.09					0.09													2.86	0.05			1.14								
17-2199.08			3.50	3.23			1.53	2.43		3.40	2.20		5.69				3.40			5.80			2.30	4.27	6.13	4.27						0.30				1.37	2.10	0.73					0.53						2.20							5.50	5.63	1.07																2.30		0.90	5.07		3.93		1.33	3.20							2.73					0.83													3.40	0.60			1.70								
17-2199.09			3.86	3.29			3.52	1.52		5.76	2.10		4.67				2.33			4.38			2.00	4.71	5.81	4.24						0.10				0.52	1.00	0.52					0.29						1.62							5.52	4.24	2.00																2.57		0.67	5.90		3.90		1.10	2.71							1.86					0.62													1.52	0.29			0.48								
17-2199.10			4.41	4.03			1.59	4.16		2.80	2.54		5.09				4.37			5.73			3.11	4.13	6.32	4.57						0.11				0.05	1.51	3.92					1.02						3.05							5.52	4.16	0.75																2.96		1.13	5.07		3.44		1.95	3.45							3.23					1.43													2.59	1.08			2.71								
17-2199.11			4.11	3.68			0.29	4.86		2.07	1.62		4.29				3.50			5.11			3.32	3.11	5.32	3.39						0.32				0.18	0.57	2.36					0.29						2.54							4.50	4.32	0.11																2.57		0.11	3.96		2.25		1.14	2.86							3.18					0.32													2.54	0.21			1.39								
17-3011.00			3.35	3.08			0.85	5.02		1.47	2.27		4.81				3.25			6.01			1.42	3.48	5.44	3.94						1.33				0.10	1.38	3.58					0.93						2.66							4.12	2.77	0.65																1.49		0.97	2.70		2.38		1.17	3.29							2.38					0.68													1.67	0.53			2.46								
17-3012.00			3.02	3.84			1.48	2.12		1.24	1.45		5.30				2.26			5.65			0.82	4.16	5.37	4.16						0.40				0.29	0.68	3.79					0.61						2.60							4.49	2.77	0.28																2.55		0.30	2.65		2.13		0.79	3.24							0.92					0.32													2.23	0.35			1.80								
17-3013.00			3.08	3.77			0.51	2.53		2.25	2.15		4.90				2.97			6.12			0.93	4.02	5.60	4.10						0.06				0.57	0.45	1.48					0.63						1.35							4.84	5.10	0.11																1.65		0.31	4.72		3.52		0.81	2.91							1.87					0.09													0.94	0.01			1.71								
17-3021.00			3.42	3.90			0.17	0.06		2.45	1.45		3.97				4.14			3.89			1.23	4.17	5.12	3.38						0.00				0.00	0.37	0.40					0.00						1.84							4.84	6.19	0.01																2.10		0.32	4.01		4.18		1.33	2.56							1.20					0.20													2.93	0.57			3.02								
17-3022.00			3.90	4.25			1.81	4.74		2.94	1.79		4.43				4.30			4.92			1.63	3.17	5.07	3.84						0.54				0.00	0.67	3.34					1.25						3.48							4.93	4.11	0.56																2.81		0.37	3.48		2.18		1.74	3.50							1.01					0.75													1.86	0.81			3.37								
17-3023.00			3.08	3.30			0.70	2.34		2.76	2.38		5.24				4.02			4.67			1.29	3.31	5.11	3.88						0.09				0.34	0.94	1.58					0.32						2.38							4.39	4.46	0.44																2.05		0.52	3.82		3.50		1.52	3.09							1.94					0.74													3.36	0.53			1.80								
17-3024.00			1.64	2.39			0.35	1.32		2.17	0.97		4.79				2.54			3.75			0.67	2.84	4.32	3.12						0.09				0.25	0.86	1.26					0.16						1.36							3.86	4.65	0.43																0.81		0.47	3.54		3.13		0.75	2.10							0.65					0.26													2.46	0.28			0.69								
17-3024.01			2.68	2.77			0.95	2.50		2.64	1.18		5.27				2.77			4.18			1.36	3.41	4.95	3.55						0.23				0.32	0.95	0.77					0.19						1.64							4.86	5.00	0.00																1.86		0.50	4.05		3.73		0.91	2.73							1.18					0.59													2.86	0.45			1.64								
17-3025.00			3.24	3.13			3.83	3.59		4.12	1.88		3.21				3.72			3.52			1.30	3.67	4.30	3.83						0.08				0.14	1.26	3.03					1.14						2.83							4.59	4.26	0.69																2.13		0.39	3.65		3.11		1.24	3.58							1.74					0.62													0.80	0.69			2.20								
17-3026.00			2.78	2.56			1.22	2.18		3.87	1.81		4.36				3.04			4.31			1.44	3.05	4.68	3.55						0.04				0.67	0.87	0.77					0.13						2.01							3.90	5.31	0.64																1.79		0.38	4.03		3.96		1.62	3.02							1.42					0.51													1.22	0.43			1.25								
17-3026.01			3.80	3.70			3.20	2.05		4.65	2.20		5.16				3.30			4.30			1.74	4.80	5.20	4.80						0.53				0.15	0.68	0.80					1.00						1.35							4.75	4.25	1.10																2.35		0.25	4.55		3.55		1.25	2.55							1.90					0.30													1.05	0.75			0.80								
17-3027.00			3.04	3.26			0.56	2.08		2.96	1.71		4.02				2.87			4.80			1.46	3.47	4.92	3.69						0.05				0.97	0.87	1.10					0.62						2.48							4.14	5.19	0.66																1.41		0.64	4.11		3.36		1.11	2.54							0.68					0.34													1.48	0.50			1.58								
17-3027.01			3.33	3.44			1.33	1.81		3.85	2.26		4.89				3.70			3.77			1.92	3.81	5.04	4.11						0.33				0.19	1.62	1.96					0.33						2.67							4.59	5.22	0.41																2.70		0.62	4.41		3.04		1.70	2.63							2.07					0.93													2.41	0.70			3.52								
17-3029.01			3.86	3.64			1.36	3.77		3.64	1.95		4.77				4.14			3.77			2.00	4.86	4.91	3.95						0.32				0.45	1.50	1.32					0.82						2.27							4.73	4.36	0.64																3.14		0.86	4.41		3.95		2.18	3.82							3.09					0.95													2.41	1.05			3.05								
17-3029.08			2.95	3.14			0.91	2.32		3.00	2.27		4.68				3.36			3.77			1.09	2.64	4.55	3.45						0.09				0.23	0.91	1.14					0.27						2.05							4.27	4.45	0.33																1.59		0.09	3.77		3.23		1.05	2.41							1.76					0.36													2.59	0.09			1.68								
17-3031.00			2.95	3.55			1.34	2.79		1.26	2.25		5.08				3.29			4.04			1.31	2.62	3.84	3.76						0.49				0.24	0.90	5.52					2.21						2.67							4.28	1.81	0.52																1.55		0.75	2.46		1.73		1.02	2.45							1.37					0.71													1.50	0.66			2.22								
19-1011.00			3.91	3.14			5.87	1.70		5.09	3.14		4.43				4.27			2.00			2.70	4.77	3.13	4.82						0.48				4.61	2.30	2.30					1.13						2.50							5.48	2.35	2.13																3.30		1.22	2.87		3.17		2.65	1.90							3.91					1.22													1.59	1.22			2.52								
19-1012.00			3.86	4.18			4.32	1.36		5.18	2.23		4.00				3.50			3.14			2.41	4.18	4.05	3.86						0.14				4.36	1.55	2.09					0.77						3.41							4.32	2.95	0.91																2.77		0.91	3.41		4.68		2.32	3.29							3.09					1.95													1.67	0.86			2.14								
19-1013.00			4.24	3.81			5.40	2.24		4.80	3.14		4.86				3.90			3.52			2.43	4.95	4.10	4.67						0.75				3.65	1.57	4.76					1.76						3.38							5.14	3.62	0.57																3.57		0.95	4.00		3.00		2.00	2.33							2.67					1.48													2.14	0.76			1.81								
19-1021.00			3.95	2.65			6.45	1.70		5.65	2.40		5.10				1.10			3.10			1.40	4.85	4.10	5.30						0.80				0.40	0.85	0.50					0.65						1.80							5.80	3.40	3.30																2.55		0.95	5.60		1.90		1.80	1.95							1.05					1.05													1.55	1.55			0.90								
19-1022.00			3.73	4.00			6.14	1.27		4.82	3.14		4.64				3.50			2.32			2.09	4.71	3.50	4.45						0.64				2.36	1.23	2.14					1.14						2.77							4.23	2.64	2.68																2.71		1.00	2.55		3.05		1.82	2.82							2.05					1.68													2.50	0.81			1.82								
19-1023.00			3.97	3.77			5.69	1.59		3.11	3.24		3.89				4.92			1.75			1.86	3.81	2.13	4.64						0.25				0.63	0.49	4.39					1.93						3.21							4.03	2.75	0.52																2.79		0.76	1.89		0.85		2.00	2.68							0.57					2.07													1.36	0.69			2.00								
19-1029.01			2.80	3.54			6.21	0.63		4.42	2.71		5.61				1.84			2.61			0.99	4.31	3.58	4.53						1.24				0.59	0.37	1.48					0.82						1.78							5.50	1.37	2.17																3.00		0.22	3.14		1.28		1.28	1.00							1.68					0.72													1.54	0.77			0.60								
19-1029.02			3.69	3.32			6.69	0.73		5.15	2.84		4.27				0.96			2.46			1.88	5.23	2.62	5.24						0.62				0.54	1.38	1.15					0.92						1.96							4.96	2.42	3.19																3.31		1.38	3.12		1.96		2.19	2.38							1.23					1.62													1.73	1.50			0.77								
19-1029.03			3.80	2.44			6.80	0.12		4.56	2.68		4.24				1.12			1.28			1.05	5.28	2.64	5.08						0.08				0.00	1.16	1.72					1.20						1.64							4.64	1.44	2.84																3.28		1.48	2.44		0.76		1.92	1.44							0.44					2.28													0.44	1.48			0.48								
19-1029.04			4.06	4.42			6.16	2.23		4.50	3.54		3.72				3.10			2.97			2.37	5.57	3.48	4.83						0.14				1.23	0.71	3.05					1.55						2.22							4.50	3.51	1.94																3.42		1.00	3.40		2.43		2.86	2.39							2.35					2.12													0.96	1.38			1.33								
19-1031.00			3.91	3.96			4.83	2.83		4.30	2.96		4.17				4.52			4.00			2.30	4.48	4.00	4.52						0.30				3.13	1.35	5.09					2.52						3.87							4.70	3.04	0.48																3.26		1.39	3.87		2.57		2.43	3.09							2.91					2.39													1.78	0.83			1.87								
19-1031.02			3.98	4.03			4.33	3.20		3.33	2.98		3.73				3.91			3.31			2.60	4.14	3.48	4.42						0.43				2.83	0.77	4.33					3.16						3.56							3.74	3.35	0.98																2.98		1.39	1.81		1.41		2.75	3.30							1.91					2.33													1.62	1.32			3.13								
19-1031.03			3.44	3.64			4.08	1.53		2.95	3.69		3.65				5.32			2.60			1.62	5.01	2.22	4.27						1.45				0.99	1.08	4.22					4.05						2.98							2.95	1.94	2.10																3.06		2.33	1.64		1.69		2.89	3.78							2.71					3.75													1.84	2.22			2.33								
19-1032.00			4.42	3.86			4.37	2.08		2.51	3.05		3.43				5.05			1.48			2.20	3.87	2.89	4.14						0.01				1.39	0.96	3.86					2.10						3.87							4.21	2.70	0.85																2.39		1.07	1.45		3.03		1.18	3.62							2.18					1.30													1.68	0.66			2.67								
19-1041.00			4.11	3.53			5.63	0.53		2.74	3.89		4.89				3.42			1.26			2.16	4.84	1.58	4.63						0.21				0.95	1.44	3.42					1.68						2.74							5.32	0.42	4.11																2.84		2.00	1.05		1.42		3.37	3.11							1.63					4.32													1.89	1.53			1.32								
19-1042.00			3.37	2.57			6.35	0.46		4.58	2.49		4.30				1.54			1.12			1.32	3.72	1.73	4.96						0.27				0.02	0.53	0.95					0.06						1.53							4.33	0.69	4.35																1.82		0.51	2.35		1.13		1.84	2.03							1.05					1.49													0.77	1.44			1.70								
19-2011.00			3.35	2.61			1.78	1.61		4.09	2.74		5.74				1.74			2.74			1.82	4.65	4.00	4.83						0.65				0.00	1.35	2.35					1.13						1.48							6.43	2.13	0.22																2.65		1.00	6.57		1.43		1.13	1.22							1.50					1.09													1.65	1.00			1.30								
19-2012.00			3.81	2.82			1.13	1.04		4.30	3.22		5.81				2.59			3.16			1.84	5.05	6.04	4.93						0.16				0.00	0.41	1.06					0.54						1.96							6.59	1.99	0.38																2.66		1.23	6.81		2.36		1.93	1.84							1.42					0.87													1.61	1.50			0.85								
19-2021.00			3.80	3.25			2.35	0.40		4.00	3.53		5.65				4.10			2.25			2.00	4.00	3.85	4.45						0.10				0.11	0.95	5.65					1.45						2.05							6.00	1.15	0.00																2.25		0.25	5.35		1.50		1.80	2.45							1.95					1.35													2.60	0.00			1.05								
19-2031.00			3.49	4.23			2.97	0.63		5.98	2.01		4.31				2.46			2.33			1.35	3.87	3.39	4.12						0.29				0.49	1.68	1.49					0.79						3.23							4.55	2.73	0.66																1.92		1.17	3.72		3.60		2.29	2.72							1.50					1.02													0.57	0.61			2.00								
19-2032.00			4.05	2.95			2.48	1.90		5.67	1.76		4.62				2.60			4.43			2.05	4.24	6.05	3.81						0.14				1.25	1.33	1.20					1.33						1.86							5.71	4.38	1.19																2.52		0.52	5.62		4.29		1.19	1.76							2.19					0.33													1.20	0.57			1.43								
19-2041.00			3.29	4.26			4.24	0.90		3.18	2.47		4.20				4.02			2.69			1.45	3.49	3.44	4.34						0.03				0.57	0.50	3.13					1.02						3.43							3.31	1.81	0.39																1.37		0.45	3.13		1.68		0.78	3.50							1.61					1.37													1.52	0.31			1.64								
19-2041.01			3.39	2.48			3.39	0.96		3.17	3.43		2.96				1.26			1.04			2.35	3.04	3.26	4.39						0.26				0.70	1.48	4.00					2.04						4.13							4.39	1.17	0.48																2.22		1.30	3.04		1.05		1.87	1.09							1.26					3.09													0.57	0.65			2.74								
19-2041.02			4.45	3.38			5.36	3.50		3.73	3.09		3.77				4.59			4.55			3.18	3.95	4.41	4.59						0.18				0.45	1.00	5.09					3.27						3.73							4.36	1.91	0.14																2.95		1.14	3.36		1.91		1.64	3.09							2.95					2.18													0.77	0.45			1.55								
19-2041.03			3.78	3.05			4.26	2.70		4.61	2.91		4.65				2.48			4.17			2.78	3.87	5.09	4.30						0.48				2.13	1.13	4.13					1.52						3.43							5.48	2.43	0.61																1.83		1.17	4.26		3.87		2.48	1.70							2.22					2.96													1.39	0.13			2.95								
19-2042.00			3.69	3.47			3.75	1.66		4.47	2.78		4.72				2.94			2.65			2.22	4.31	3.84	4.50						0.32				0.34	2.41	5.78					3.44						3.29							4.81	2.56	0.53																2.97		1.25	4.22		1.38		1.50	2.59							1.94					1.66													1.59	0.59			2.00								
19-2043.00			3.65	3.13			4.17	1.83		4.30	2.96		4.52				3.65			2.96			1.74	3.87	4.87	4.52						0.26				1.00	1.65	5.70					1.70						2.91							5.78	2.96	0.70																3.43		0.65	5.00		0.83		1.30	1.91							2.59					1.87													1.78	0.48			1.78								
19-2099.01			3.80	3.32			3.72	0.92		2.00	3.12		5.32				3.52			4.20			1.56	4.44	5.21	4.48						0.64				0.40	1.24	6.44					3.00						2.40							5.40	1.76	0.32																2.64		1.04	4.16		3.25		1.40	2.76							2.48					2.76													2.56	0.24			2.40								
19-3011.00			3.79	2.58			0.75	0.33		0.50	3.42		4.75				2.67			1.08			5.50	4.67	1.79	4.88						0.12				0.25	1.42	3.38					3.04						3.04							6.08	0.25	0.50																2.96		2.08	0.75		1.54		2.52	0.62							2.17					3.62													1.17	0.42			1.04								
19-3011.01			2.85	2.30			3.33	0.59		1.63	3.19		5.15				1.30			1.30			5.33	4.31	1.67	4.92						0.00				0.69	0.48	4.15					2.19						3.56							6.26	0.30	0.81																2.15		2.00	2.04		0.81		3.12	1.04							1.04					3.38													0.46	0.30			1.33								
19-3022.00			4.19	4.40			0.60	0.27		0.27	3.35		4.62				4.56			1.42			2.54	4.23	1.16	4.96						0.31				0.23	1.79	3.46					1.54						2.50							4.81	0.42	0.85																3.60		1.85	0.38		2.48		4.27	1.31							3.69					5.12													1.80	0.69			0.92								
19-3032.00			4.73	4.08			0.73	0.15		0.23	3.46		4.19				4.65			0.96			1.65	6.46	1.12	5.15						0.19				0.15	0.69	1.23					0.81						3.76							4.92	0.31	0.40																6.50		2.08	0.15		1.15		5.92	1.23							3.42					4.42													0.85	3.12			0.58								
19-3033.00			3.32	3.36			2.80	0.00		0.84	2.48		3.62				4.28			0.16			1.72	4.92	0.28	5.04						0.46				0.00	1.50	0.84					1.52						3.12							3.08	0.00	3.00																2.48		3.96	0.12		0.52		6.88	2.04							1.80					4.84													1.64	6.92			0.48								
19-3034.00			2.10	4.64			1.44	0.46		0.62	2.46		3.68				5.66			1.20			0.41	5.42	0.74	3.79						0.52				0.50	0.94	1.10					0.56						3.48							4.32	0.81	1.80																1.96		2.54	0.44		1.11		6.38	2.15							0.96					5.10													1.01	6.09			0.84								
19-3039.02			3.76	4.64			4.08	0.40		1.56	2.68		3.96				4.84			0.88			2.28	5.48	1.00	5.28						0.32				0.12	1.96	0.88					0.96						3.00							4.32	0.56	3.88																3.20		2.96	0.80		0.68		6.72	2.68							2.24					5.16													1.56	6.64			0.64								
19-3039.03			3.62	4.25			4.58	0.08		1.25	2.46		4.00				4.96			0.17			1.96	5.92	0.62	5.71						0.04				0.04	1.58	1.29					1.38						3.42							4.71	0.35	4.54																2.78		2.71	0.50		0.58		6.96	2.21							1.58					4.58													0.79	6.25			0.42								
19-3041.00			3.40	3.65			1.32	0.10		0.00	3.95		4.75				3.11			0.70			1.85	5.65	0.26	5.95						1.25				0.35	2.70	3.85					4.55						3.10							4.75	0.10	1.10																3.70		5.20	0.00		1.45		4.10	1.35							1.79					6.70													1.05	2.10			0.65								
19-3051.00			4.24	3.84			2.32	2.68		0.83	3.72		4.24				4.88			3.83			3.20	3.48	1.62	4.88						0.57				0.12	1.58	5.48					3.40						4.68							4.25	0.32	0.42																3.52		2.32	0.48		0.64		2.20	3.20							2.16					4.40													1.33	0.48			3.76								
19-3091.00			3.95	3.65			3.50	0.65		1.95	4.50		4.15				1.85			2.50			2.05	5.40	1.10	5.40						2.10				0.30	5.00	5.10					5.50						3.55							3.20	1.00	1.70																3.50		4.80	0.65		0.95		3.50	2.00							1.40					6.40													1.40	1.75			1.50								
19-3092.00			3.70	3.90			3.40	0.85		1.95	3.60		5.00				2.85			3.05			1.60	5.35	2.45	4.75						0.70				0.50	2.10	6.79					3.60						3.20							4.10	0.85	0.55																3.00		2.70	2.50		1.25		2.70	2.10							1.45					4.95													1.65	0.85			2.35								
19-3093.00			2.67	4.10			1.30	2.27		1.58	3.48		3.64				2.81			2.98			1.08	3.72	1.40	4.59						2.98				0.55	1.29	4.71					5.82						2.52							2.23	1.14	0.71																1.59		3.52	0.94		1.31		1.51	1.94							1.75					4.71													1.37	1.20			1.19								
19-3094.00			4.04	3.58			0.54	0.19		0.42	4.38		4.12				2.00			0.38			2.35	5.65	0.40	5.69						0.42				0.15	3.42	4.58					4.65						5.38							4.73	0.27	0.38																3.50		4.58	0.42		0.54		3.12	1.54							0.73					4.96													1.15	1.38			0.88								
19-3099.01			4.55	3.55			1.35	2.40		1.10	2.80		4.90				4.30			3.85			3.10	3.15	4.05	4.45						0.25				0.50	0.85	5.25					2.60						3.80							4.90	0.60	0.20																3.10		1.80	1.60		1.55		3.15	2.75							2.90					3.65													0.95	0.00			4.95								
19-4012.00			3.39	2.70			3.70	2.96		3.99	1.71		3.07				1.75			2.73			1.14	3.15	3.52	3.19						0.07				4.24	0.89	2.73					0.70						1.94							3.57	3.88	1.60																2.51		1.44	3.20		2.80		0.87	2.80							1.11					0.66													1.35	0.68			2.39								
19-4012.01			3.30	3.57			3.74	2.22		3.83	2.57		4.91				4.83			2.96			2.70	3.87	3.83	3.78						0.39				4.26	1.61	4.09					1.09						2.30							4.39	4.09	0.64																2.52		0.91	2.82		3.48		2.09	2.39							4.26					1.18													2.74	0.96			3.04								
19-4013.00			2.10	3.22			3.80	0.50		4.33	1.03		4.03				2.67			0.67			0.65	3.05	2.14	3.72						0.00				3.73	0.54	0.08					0.17						1.61							3.67	2.00	0.27																1.55		0.04	1.67		4.27		0.35	1.89							0.61					0.04													0.91	0.55			0.69								
19-4021.00			1.60	2.31			5.74	0.45		3.90	1.36		3.80				1.31			0.73			0.61	2.68	1.32	3.75						0.10				0.00	0.25	1.13					0.36						1.48							3.55	1.99	1.18																1.42		0.41	1.67		1.08		0.82	1.78							0.47					0.45													0.55	0.49			1.74								
19-4031.00			1.72	3.23			1.71	0.86		4.81	1.88		3.38				2.19			1.44			0.19	3.27	2.55	3.25						0.11				0.02	0.49	1.28					0.00						1.53							3.62	2.23	0.01																1.31		0.44	1.68		3.08		0.61	1.49							0.81					0.21													0.95	0.06			2.42								
19-4042.00			3.41	3.27			4.55	2.23		4.27	2.59		4.05				4.64			2.64			2.05	3.50	3.64	3.82						0.27				1.18	0.86	3.00					1.50						3.55							4.00	3.05	1.09																2.91		0.59	3.41		2.27		2.05	3.64							2.32					1.59													1.32	0.90			2.73								
19-4043.00			2.93	2.84			1.60	1.84		3.65	2.03		4.52				2.84			2.71			1.17	2.65	4.28	3.91						0.24				0.12	1.10	4.43					2.06						2.21							4.43	3.38	0.34																1.78		0.56	3.94		2.45		0.80	2.41							1.72					0.59													1.43	0.38			2.17								
19-4051.00			2.25	2.89			2.22	2.57		4.29	2.74		4.15				1.36			3.24			0.36	4.30	4.24	3.66						0.00				0.08	0.00	1.38					0.85						2.80							3.75	4.69	1.35																1.37		0.57	4.58		2.54		2.34	4.56							0.38					0.53													2.11	0.99			1.85								
19-4051.02			2.20	2.39			2.32	1.62		3.59	1.75		3.82				2.71			1.73			0.55	3.22	2.40	3.35						0.00				0.06	0.08	0.72					0.38						2.70							4.30	3.04	0.96																1.19		0.51	3.65		1.29		1.63	3.35							0.17					0.77													2.17	0.85			1.65								
19-4061.00			2.65	4.54			1.62	0.00		1.17	1.74		4.17				3.34			0.82			2.39	3.24	0.37	4.71						0.36				0.00	1.02	1.10					1.05						1.82							4.07	0.52	0.89																1.98		1.70	0.31		0.46		2.64	1.40							1.49					2.59													1.08	1.50			0.98								
19-4071.00			3.31	3.01			3.38	2.49		2.89	2.71		3.62				3.97			2.87			1.82	3.43	3.14	3.91						0.35				1.30	0.97	4.12					2.65						3.28							3.80	3.41	1.00																3.04		1.27	2.46		2.45		2.13	3.67							1.88					1.52													2.06	1.46			2.51								
19-4092.00			3.17	3.54			3.31	0.53		3.98	2.34		4.21				3.68			1.48			0.09	4.08	2.24	3.51						0.08				0.00	0.42	1.27					0.61						3.87							3.02	1.76	1.94																1.91		0.60	2.53		2.02		2.34	3.65							0.40					1.66													2.12	1.16			1.74								
19-4099.01			1.93	3.71			2.11	1.19		4.48	2.21		3.44				2.38			1.35			0.74	3.51	2.12	3.49						0.45				2.82	0.70	1.19					0.88						2.32							4.58	3.23	0.91																1.45		0.65	2.00		4.26		0.97	2.75							0.72					0.67													1.44	1.02			1.82								
19-4099.03			3.01	3.59			1.09	1.08		0.68	2.20		5.29				3.90			2.93			1.37	3.65	3.98	3.56						0.41				0.00	0.58	6.15					0.75						1.19							4.48	1.15	0.15																1.94		0.03	1.66		3.39		1.84	1.59							2.43					1.22													1.75	0.22			1.28								
19-5011.00			4.17	3.87			4.35	3.78		4.48	3.17		4.04				5.04			3.70			1.83	5.30	4.17	4.52						0.61				0.70	1.96	2.74					1.48						3.78							4.43	3.87	3.22																3.52		2.26	3.78		3.39		3.70	4.35							2.23					2.48													1.91	2.65			2.43								
19-5012.00			4.05	4.20			3.67	3.62		3.90	3.10		4.19				4.62			3.29			2.57	5.71	4.62	4.71						0.33				1.67	1.81	2.62					1.29						3.86							4.62	3.81	2.71																3.62		1.95	3.81		4.00		3.95	4.45							2.95					2.62													1.76	2.52			3.14								
21-1011.00			4.04	3.84			1.42	0.71		1.29	2.47		3.37				5.83			1.43			1.58	4.87	0.81	4.66						0.56				0.90	2.58	1.77					1.73						3.21							1.74	0.02	2.81																1.32		3.98	0.09		2.39		5.95	3.29							1.59					3.88													2.63	6.52			2.00								
21-1012.00			2.98	4.48			0.55	0.32		0.43	2.98		3.85				4.84			0.55			0.45	4.80	0.91	4.54						0.45				0.24	1.29	0.95					0.97						2.45							2.43	0.57	0.54																1.81		2.74	0.51		0.65		3.84	2.44							2.14					3.62													0.58	4.13			1.05								
21-1013.00			1.98	4.04			1.19	0.00		0.38	2.17		3.03				5.76			0.05			0.76	3.58	0.01	3.94						0.89				0.03	0.71	1.26					1.57						3.21							1.41	0.33	2.28																0.89		4.04	0.22		0.17		6.37	1.96							1.33					4.26													1.12	6.81			1.16								
21-1014.00			3.54	4.39			2.14	0.00		0.46	2.89		3.39				5.93			0.29			2.14	5.04	0.36	4.36						0.79				0.00	2.29	1.57					2.00						2.93							2.32	0.00	2.68																2.86		4.00	0.04		0.89		6.71	2.46							3.04					5.14													2.14	6.96			0.86								
21-1015.00			3.02	4.28			0.45	0.32		0.67	2.94		3.83				5.21			0.87			1.91	4.70	0.88	4.19						0.24				0.79	0.74	1.83					0.81						3.00							2.83	0.50	2.37																3.45		2.29	0.24		1.78		4.85	3.03							2.71					3.90													1.40	5.26			2.58								
21-1021.00			3.43	4.81			1.49	0.34		1.11	2.52		3.54				5.21			0.54			1.77	4.27	0.65	4.12						0.95				0.19	2.64	1.71					1.51						3.09							2.32	0.51	1.84																2.24		2.68	0.55		1.08		5.04	2.70							2.37					3.90													1.17	5.13			1.55								
21-1022.00			3.37	3.37			2.22	0.15		1.00	3.04		2.93				5.81			0.19			1.85	4.44	0.37	4.81						0.74				0.37	1.85	1.59					1.81						3.37							1.85	0.59	2.59																3.04		4.37	0.48		0.74		6.26	2.30							1.59					4.96													1.04	6.56			2.30								
21-1023.00			2.86	3.49			1.20	0.14		0.72	2.59		3.39				4.91			0.24			0.38	4.26	0.27	4.41						0.49				0.29	0.87	1.23					0.93						2.49							1.60	0.34	2.59																2.22		3.32	0.04		0.17		6.24	3.12							0.95					3.66													0.86	6.57			1.25								
21-1091.00			3.82	5.48			2.91	0.11		2.34	3.02		4.22				6.20			1.25			1.68	5.34	1.56	4.88						0.34				0.39	1.59	1.07					0.84						1.95							4.22	0.14	3.49																2.70		3.64	0.84		0.74		4.89	2.87							2.70					3.91													1.04	3.41			1.75								
21-1092.00			2.86	3.75			0.41	0.21		0.52	2.13		3.30				3.97			0.40			0.66	3.49	0.29	4.41						0.26				0.11	1.51	1.65					0.71						4.74							1.84	0.28	0.93																1.87		2.57	0.14		0.50		5.26	4.76							0.49					3.92													1.40	5.04			2.13								
21-1093.00			1.91	3.45			0.42	0.05		0.78	1.49		3.94				5.40			0.06			0.66	3.82	0.13	3.97						0.35				0.09	1.14	0.70					0.13						2.66							1.89	0.28	1.92																1.10		3.38	0.03		0.61		5.02	2.07							0.84					3.42													0.94	4.99			1.03								
21-1094.00			4.03	4.81			2.76	0.00		2.11	2.73		3.73				5.37			0.85			1.28	4.56	0.22	3.64						0.32				0.74	1.53	1.09					0.42						2.55							2.66	0.20	2.91																3.61		3.12	0.04		1.84		4.35	2.34							3.09					3.07													1.01	4.26			1.19								
21-2011.00			4.51	3.78			0.78	1.52		0.56	3.83		3.33				5.25			1.31			3.23	4.92	1.44	4.48						3.20				0.32	2.31	2.43					3.39						3.58							2.33	1.42	0.96																3.99		6.30	0.60		1.95		4.31	3.81							3.09					4.82													1.73	5.03			1.68								
21-2021.00			4.31	3.62			0.94	1.30		0.79	3.14		3.02				4.68			1.33			2.29	4.97	0.82	4.25						1.76				0.82	1.44	1.55					1.96						2.29							2.73	0.87	1.96																3.34		5.38	0.17		1.01		4.07	3.24							2.58					3.10													0.96	4.07			1.83								
23-1011.00			3.12	3.68			0.07	0.05		0.27	3.42		3.48				5.01			0.09			1.81	2.95	0.30	5.57						0.10				0.00	0.37	0.93					1.28						5.93							2.32	0.05	0.28																2.52		1.09	0.00		1.06		2.43	1.60							1.72					1.96													0.70	1.02			0.73								
23-1012.00			1.79	3.61			0.18	0.08		0.15	2.22		3.32				1.94			0.20			1.01	0.65	0.00	5.08						0.00				0.00	0.51	0.96					1.78						5.21							1.15	0.14	0.43																1.09		1.28	0.04		0.00		1.00	2.01							0.08					0.69													0.55	0.39			0.63								
23-1021.00			3.40	4.19			0.97	0.22		0.37	2.12		3.16				4.36			0.24			0.87	2.29	0.30	4.62						0.00				0.00	0.46	0.66					0.51						4.94							2.41	0.47	2.62																2.83		1.35	0.02		1.27		2.51	1.93							0.00					1.34													0.96	2.81			1.51								
23-1022.00			3.30	3.00			0.70	1.32		1.10	2.60		2.90				2.79			0.85			2.55	3.47	1.20	5.58						0.55				0.58	0.75	1.75					1.74						5.40							3.30	1.60	1.47																4.89		1.37	0.85		2.42		3.21	2.65							1.65					2.40													1.89	1.63			2.55								
23-1023.00			4.70	1.99			0.68	0.40		0.54	2.76		3.17				4.19			0.00			1.38	2.58	0.15	5.36						0.00				0.00	1.22	0.94					0.89						6.16							2.52	0.21	0.92																3.73		1.37	0.57		0.26		4.53	3.24							0.13					2.73													1.09	3.29			0.76								
23-2011.00			3.89	5.36			1.12	0.23		0.45	2.03		4.21				4.31			0.51			2.69	2.84	0.90	4.88						0.10				0.20	0.54	1.35					1.01						4.87							2.81	0.28	0.97																2.35		0.70	0.28		0.92		2.04	1.83							1.88					1.07													1.23	0.87			0.94								
23-2093.00			2.09	4.42			0.00	0.18		0.00	1.08		3.31				2.99			0.71			0.69	2.11	0.69	3.57						0.00				0.00	0.00	2.65					0.40						4.05							3.17	0.27	0.00																0.50		0.00	0.18		2.28		0.56	0.84							1.55					0.37													0.87	0.01			1.19								
25-1011.00			5.04	3.99			0.92	0.51		0.61	4.27		4.91				4.46			1.96			4.86	6.01	1.60	5.37						0.26				0.53	0.70	2.80					2.19						3.74							5.50	0.61	0.75																4.76		2.68	0.56		3.08		3.51	1.61							3.10					3.34													0.99	2.27			1.58								
25-1021.00			4.17	4.37			0.81	0.90		1.28	3.96		6.46				5.32			3.89			2.95	6.44	4.27	5.14						0.94				0.97	1.46	2.13					1.17						3.35							4.76	1.65	0.28																4.14		2.27	2.62		2.73		2.76	3.69							3.63					1.97													3.48	2.24			1.46								
25-1022.00			2.55	2.57			1.36	0.54		1.42	1.94		4.28				3.08			1.59			0.76	5.15	1.49	4.40						0.31				0.18	1.11	0.58					0.85						1.10							6.51	0.74	0.88																2.87		1.72	2.70		0.37		2.58	1.55							1.07					1.45													1.01	1.40			0.92								
25-1031.00			3.72	3.36			1.64	5.07		1.64	4.83		4.28				3.78			6.07			1.57	5.80	4.27	5.63						4.46				0.14	2.30	4.05					3.80						4.00							3.92	2.82	0.93																2.49		3.74	2.83		1.64		3.66	4.27							3.42					4.43													1.94	2.42			2.06								
25-1032.00			4.29	3.99			1.93	2.04		4.27	3.36		5.87				2.44			5.40			3.11	5.66	6.45	5.29						0.80				0.05	0.73	1.08					0.18						2.69							5.90	4.81	1.19																2.20		0.29	5.39		3.69		2.39	1.96							2.54					1.46													2.49	1.19			1.27								
25-1041.00			3.90	4.02			5.42	1.86		3.68	3.94		4.54				4.78			3.01			3.14	5.97	3.46	5.20						1.00				4.05	2.06	4.28					2.82						2.68							4.62	2.72	1.24																3.73		2.73	3.07		2.55		2.80	3.38							2.90					2.37													2.10	1.88			2.99								
25-1042.00			3.18	3.62			6.77	1.08		4.62	3.81		4.35				2.34			1.84			1.59	5.73	2.73	5.49						0.66				0.14	1.27	3.68					2.23						1.71							4.99	2.50	3.13																3.09		2.86	3.44		1.52		3.50	1.83							1.21					2.88													1.29	2.34			1.42								
25-1043.00			3.23	3.87			4.92	1.72		3.05	3.02		4.86				3.05			2.07			1.78	5.89	2.40	5.56						0.31				0.49	1.54	5.07					2.89						2.71							4.62	2.62	1.51																4.12		0.88	2.33		1.48		2.66	1.95							2.64					3.18													1.23	2.06			1.79								
25-1051.00			3.24	3.12			4.80	1.05		4.40	3.84		4.67				3.97			2.02			1.47	6.12	3.19	5.13						1.16				0.50	1.21	5.03					2.94						2.30							5.55	2.44	1.61																3.39		2.11	4.79		0.99		3.37	2.68							1.38					2.94													2.07	2.45			1.02								
25-1052.00			3.37	4.16			4.80	1.51		6.25	3.62		4.34				3.48			3.23			1.76	6.14	3.77	5.24						0.53				0.94	0.73	2.59					1.55						2.18							5.65	2.78	2.52																3.17		2.30	4.13		2.18		3.15	3.32							1.39					2.30													1.79	2.14			1.74								
25-1053.00			3.79	3.91			5.36	1.32		5.03	3.28		4.99				3.70			3.23			2.47	5.88	3.99	5.35						1.10				0.71	1.37	5.25					2.93						2.95							5.06	3.02	1.61																3.54		2.25	3.83		1.90		2.71	3.20							2.22					2.83													1.74	2.32			1.61								
25-1054.00			2.73	3.05			2.25	1.81		3.94	2.87		4.51				3.11			3.22			0.66	5.46	3.96	5.20						0.23				0.04	0.42	1.48					1.99						1.95							6.52	3.39	1.13																2.17		2.04	5.69		1.70		2.32	2.15							1.16					1.49													1.74	1.61			1.03								
25-1061.00			3.68	3.64			3.29	1.09		1.64	4.14		4.14				2.82			2.00			2.18	5.18	1.23	5.82						2.05				1.05	4.55	5.50					5.73						2.82							3.27	1.14	2.00																3.45		4.77	0.68		1.32		3.55	1.91							2.09					6.91													1.41	2.50			1.86								
25-1062.00			2.84	3.49			0.67	0.02		0.17	4.49		3.79				3.35			1.04			1.51	6.00	0.63	5.98						2.36				0.17	4.44	4.15					4.60						3.00							2.11	0.23	0.29																2.70		4.70	0.09		0.50		3.58	1.88							1.31					5.07													1.39	2.40			1.68								
25-1063.00			3.44	2.83			0.69	0.11		0.01	2.39		3.31				2.51			0.51			4.72	5.36	0.47	5.02						0.22				0.28	0.92	3.49					2.67						3.02							5.54	0.04	0.19																2.78		3.02	0.02		1.17		3.01	1.63							1.69					3.67													0.38	2.42			1.18								
25-1064.00			2.09	2.13			2.28	0.55		1.76	3.27		3.87				2.57			1.88			0.83	5.78	0.92	5.94						1.05				0.13	2.13	6.61					4.34						2.52							4.16	0.51	0.43																1.85		3.61	2.29		0.10		1.98	1.29							1.21					3.86													0.71	1.22			1.14								
25-1065.00			3.69	3.06			0.42	0.01		0.29	3.76		3.97				3.57			0.50			1.58	5.80	0.08	5.57						0.78				0.01	3.42	4.28					4.82						5.06							4.27	0.04	0.29																3.67		4.47	0.03		0.71		3.43	1.65							1.46					5.11													0.73	1.67			0.65								
25-1066.00			3.48	4.11			3.27	0.10		1.59	4.34		3.97				3.90			0.70			1.20	5.89	1.31	5.64						1.34				0.00	1.48	1.90					2.99						2.76							4.96	0.59	2.15																3.54		4.55	1.06		0.33		6.20	1.92							1.79					5.14													1.25	4.73			0.11								
25-1067.00			2.76	4.17			1.11	0.41		0.48	3.82		5.03				4.29			0.48			1.49	6.33	0.82	6.52						1.41				0.29	1.99	4.40					5.02						3.78							4.87	0.69	1.27																3.03		5.57	0.73		1.02		5.19	1.74							1.45					6.36													1.98	3.19			1.25								
25-1071.00			3.82	4.17			5.16	0.40		3.94	3.49		4.23				4.30			1.37			1.86	5.93	2.50	5.69						1.29				0.83	1.12	1.94					2.22						3.07							3.93	2.03	4.49																3.66		3.05	2.54		1.95		4.63	3.27							2.61					3.77													1.67	3.73			1.05								
25-1072.00			3.36	4.26			4.48	0.24		2.81	3.17		4.18				5.00			1.40			1.00	6.06	1.11	5.39						0.69				0.46	1.05	1.43					1.83						2.97							4.36	0.82	4.64																3.54		3.60	1.15		0.59		5.47	2.86							2.69					4.87													1.87	4.71			1.17								
25-1081.00			4.16	2.87			1.44	0.27		0.05	4.76		3.75				3.96			0.56			1.05	6.27	0.80	5.90						0.69				0.03	0.79	1.38					2.33						2.34							4.29	0.41	1.07																4.06		4.59	0.52		0.80		4.89	1.63							1.80					5.06													1.14	2.82			1.06								
25-1082.00			3.46	3.33			0.07	0.72		0.55	4.28		4.96				4.79			1.63			1.01	6.37	1.34	6.24						1.35				0.00	1.10	2.89					3.45						3.03							3.79	0.73	0.43																3.52		3.49	0.59		1.11		3.96	2.15							2.01					4.88													2.85	2.21			0.58								
25-1111.00			3.97	4.15			1.57	0.85		1.33	3.28		4.66				4.91			1.28			1.85	5.69	1.52	5.50						0.74				0.23	1.34	2.31					2.45						4.64							2.73	1.29	1.04																3.84		3.29	1.28		1.84		4.49	5.02							3.20					3.89													1.92	2.54			2.02								
25-1112.00			3.39	3.39			0.72	0.24		0.26	3.88		4.30				3.74			0.84			2.31	6.11	1.09	6.06						0.62				0.16	1.56	2.10					2.90						6.14							2.86	0.32	0.80																2.96		3.60	0.27		0.76		3.04	1.90							2.13					3.56													0.96	2.68			0.87								
25-1113.00			3.98	4.24			1.77	0.12		0.18	4.82		4.23				4.50			0.76			1.21	6.66	0.20	5.19						0.77				0.40	1.66	2.74					2.60						3.58							3.56	0.12	1.69																3.75		4.28	0.09		0.20		5.56	2.61							2.56					5.77													1.80	5.78			1.07								
25-1121.00			3.41	3.31			1.34	1.63		1.40	4.29		3.79				3.26			3.34			1.28	6.10	1.81	5.35						6.51				0.09	3.00	2.89					4.10						2.10							2.59	1.95	0.96																2.51		4.44	1.37		1.28		3.72	2.12							1.84					3.76													1.83	2.79			1.53								
25-1122.00			4.04	4.10			0.58	0.13		0.14	5.51		4.44				4.03			1.05			0.80	6.36	0.86	6.75						3.53				0.28	2.83	3.53					3.73						2.87							2.27	0.07	0.27																2.83		5.36	0.14		0.31		3.92	2.62							1.98					4.26													2.89	3.67			0.77								
25-1123.00			3.47	3.67			1.27	0.58		0.86	5.07		4.24				4.06			0.63			1.02	5.72	0.78	6.46						3.08				0.64	2.73	3.19					4.70						2.31							2.22	0.94	0.52																3.02		5.63	0.64		0.68		3.63	1.85							2.11					4.60													1.13	2.65			1.12								
25-1124.00			2.52	3.20			0.02	0.00		0.00	2.71		3.54				2.18			0.77			0.84	5.33	0.02	5.24						2.68				0.01	6.61	3.76					4.26						1.64							1.69	0.24	0.16																2.29		4.26	0.00		0.83		2.61	1.26							1.21					4.17													1.11	1.14			0.69								
25-1125.00			3.03	2.79			1.41	0.00		0.15	3.68		4.28				2.82			0.90			0.78	5.76	0.01	5.71						2.25				0.01	2.92	4.81					6.45						3.60							3.12	0.13	0.74																2.68		5.71	0.45		0.15		3.00	2.25							2.30					5.02													1.02	1.58			1.89								
25-1126.00			1.74	2.69			0.70	0.03		0.23	3.05		3.34				3.55			0.44			0.73	5.52	0.02	6.10						1.72				0.00	3.06	2.79					4.05						3.24							1.67	0.00	0.62																2.77		6.70	0.32		0.14		3.30	0.85							1.11					4.29													0.65	1.66			0.34								
25-1192.00			3.50	4.08			1.82	0.77		1.47	3.22		4.45				4.58			1.70			1.81	5.45	1.24	5.72						1.28				1.38	1.74	1.84					1.71						2.70							4.13	0.46	1.00																3.08		3.82	0.38		1.33		3.86	2.54							2.53					3.84													1.02	3.21			1.21								
25-1193.00			4.06	3.44			4.08	0.87		2.86	3.56		4.71				4.54			1.28			2.31	6.21	2.93	5.17						1.22				1.01	0.98	1.12					1.94						2.05							4.32	1.76	2.50																4.33		2.48	2.23		1.05		4.81	2.80							3.23					3.00													0.91	3.76			1.74								
25-1194.00			3.76	4.23			1.75	3.15		3.57	2.46		4.23				4.54			3.98			2.56	5.42	4.00	4.33						1.21				0.91	1.30	1.64					1.66						2.78							4.38	4.38	1.73																3.61		1.85	3.40		3.18		2.91	3.56							3.19					2.23													1.68	2.27			2.41								
25-2011.00			2.29	2.68			1.12	0.70		0.73	2.26		2.03				3.98			1.15			0.63	4.26	0.33	3.88						1.95				0.92	1.67	2.13					1.64						1.75							1.92	0.72	1.82																1.75		2.17	0.40		0.79		2.86	2.81							1.48					2.45													0.83	2.37			1.60								
25-2012.00			3.27	4.21			2.18	0.25		0.97	2.78		3.65				4.03			1.39			0.83	5.16	1.26	4.83						2.27				0.59	1.53	3.73					3.65						2.15							3.55	0.38	1.98																2.22		3.49	0.89		0.76		4.13	2.71							1.03					3.40													0.88	3.59			1.30								
25-2021.00			3.29	3.89			1.00	0.82		0.58	3.04		3.35				4.15			1.52			0.79	5.55	1.12	4.68						1.67				0.03	1.38	3.38					3.49						2.06							3.66	0.49	1.18																2.18		2.84	0.61		0.69		3.64	2.65							1.31					3.44													1.08	4.04			0.83								
25-2022.00			2.42	3.45			1.79	0.17		1.49	3.35		3.96				4.00			0.96			0.81	5.28	1.24	5.24						1.99				0.78	0.58	4.36					3.77						2.28							4.20	0.61	1.40																1.86		4.66	1.57		0.65		3.48	2.96							1.22					3.64													1.16	2.49			0.82								
25-2023.00			3.27	4.06			2.20	2.42		2.52	2.89		4.22				3.62			3.44			2.49	4.57	3.06	4.53						1.47				1.74	1.63	2.57					2.24						2.65							3.44	2.85	0.83																3.11		2.26	1.46		2.39		4.07	2.33							2.21					3.24													1.35	2.53			1.78								
25-2031.00			2.82	2.77			2.10	0.11		0.91	3.05		4.06				4.76			1.70			0.43	5.34	1.51	4.95						2.04				0.30	1.79	3.46					3.89						2.38							2.90	0.67	1.13																1.79		3.64	0.94		0.37		3.68	2.53							0.54					3.99													1.04	3.32			0.84								
25-2032.00			3.27	3.12			1.87	0.91		2.38	2.89		4.36				4.14			2.85			1.55	5.37	2.21	4.58						2.16				1.20	1.63	2.60					2.28						2.42							3.29	1.60	1.76																2.94		2.76	1.49		2.17		3.84	3.14							2.46					3.29													1.82	3.00			2.12								
25-2051.00			1.60	3.94			1.09	0.00		0.76	2.43		3.52				3.54			0.33			0.11	4.29	0.38	4.10						0.77				0.58	1.65	1.95					1.84						1.97							2.79	0.32	2.12																0.91		2.77	0.35		0.25		3.81	2.53							0.44					2.84													0.83	3.19			1.28								
25-2056.00			2.88	3.85			1.77	0.01		0.95	2.09		4.14				4.42			0.57			0.09	5.51	0.43	4.84						0.72				0.04	1.67	4.09					1.98						2.22							3.56	0.35	1.23																2.27		2.20	0.69		0.23		3.65	2.56							0.16					2.69													0.84	3.72			0.75								
25-2057.00			3.09	4.64			2.28	0.35		1.40	3.00		3.17				4.68			1.71			1.16	5.49	0.99	5.58						1.83				0.68	2.13	3.44					3.10						2.85							4.75	0.18	1.16																3.31		3.38	1.29		0.85		4.14	3.25							0.58					3.77													1.88	3.35			1.51								
25-2058.00			2.99	4.28			2.87	0.79		1.78	2.70		3.80				4.42			2.10			1.34	5.77	1.64	4.92						1.56				1.39	2.00	3.27					2.53						3.20							4.09	1.25	2.05																2.80		3.44	1.69		1.59		4.88	3.05							1.38					3.98													1.37	4.53			1.71								
25-2059.01			2.43	3.05			2.00	0.57		0.86	2.76		3.33				3.71			1.29			0.86	4.95	1.76	3.95						1.43				0.24	1.81	0.90					1.29						2.67							2.62	1.48	2.29																1.43		2.48	1.30		1.10		4.75	2.48							0.86					2.86													0.95	3.52			1.76								
25-3011.00			3.02	3.52			1.08	0.00		0.70	2.19		2.77				4.60			0.37			0.53	4.51	0.09	5.67						0.89				0.00	1.86	3.70					3.04						1.82							3.00	0.00	0.32																1.31		2.69	0.30		0.07		3.07	1.32							0.74					3.28													0.66	2.38			0.56								
25-3021.00			1.82	2.17			0.57	0.01		0.69	2.47		2.63				4.09			0.31			0.38	5.70	0.83	4.31						2.11				0.04	2.24	2.31					1.11						2.07							2.28	1.37	0.82																1.48		1.44	1.26		1.32		3.08	1.55							2.21					2.69													0.26	1.43			0.73								
25-3031.00			1.38	1.90			0.85	0.19		0.94	2.39		3.15				3.48			0.68			0.53	3.21	0.71	4.51						1.30				0.17	1.03	2.28					2.82						1.73							2.49	0.34	0.81																1.09		2.66	0.52		0.71		2.62	2.62							0.32					1.67													1.38	2.22			0.88								
25-3041.00			2.59	3.45			2.45	0.24		2.73	2.55		3.95				5.05			0.73			1.14	4.73	1.32	4.91						1.00				0.09	2.05	2.50					2.23						1.59							4.64	0.29	1.05																1.91		1.95	2.68		0.67		3.05	1.73							1.91					2.82													1.19	2.50			0.52								
25-4011.00			4.52	5.61			0.45	1.26		2.48	3.45		5.10				4.65			1.87			2.23	5.03	1.23	5.10						1.68				0.00	2.00	3.61					5.26						3.68							2.81	1.03	0.26																3.90		2.35	0.52		1.97		1.55	2.68							2.55					3.68													1.50	0.68			1.29								
25-4012.00			4.25	4.37			0.61	1.55		1.87	3.96		3.98				3.38			2.93			1.84	4.56	0.62	5.55						5.00				0.34	3.17	3.93					5.84						2.20							2.46	0.99	0.25																2.84		3.97	0.62		1.39		2.42	2.66							2.56					4.57													1.22	1.03			1.49								
25-4013.00			3.79	3.53			1.57	1.76		3.59	2.79		2.80				2.36			2.85			1.17	3.52	2.55	3.65						4.23				0.26	0.99	2.60					4.04						1.88							3.18	2.93	0.34																2.14		2.25	1.93		2.35		1.50	3.44							0.93					2.57													1.15	0.45			2.43								
25-4022.00			3.60	4.81			0.49	0.56		0.95	3.28		4.80				5.44			1.66			1.61	4.81	1.30	4.81						1.43				0.10	1.03	3.23					2.40						2.28							2.95	1.06	0.68																2.18		2.26	0.59		1.86		2.63	2.31							2.71					2.62													1.71	1.31			0.88								
25-4031.00			1.97	4.26			0.36	0.16		0.89	2.52		3.59				4.35			1.16			1.52	3.24	0.97	3.38						1.23				0.00	0.60	2.26					1.44						1.27							2.45	0.52	0.65																1.33		1.44	0.56		1.03		2.46	2.04							1.67					1.78													0.88	0.83			0.29								
25-9021.00			4.00	4.04			4.37	1.81		3.74	3.63		4.00				5.00			1.89			2.73	5.78	2.74	4.74						0.56				4.68	1.63	3.52					1.67						3.00							3.93	2.59	1.11																3.27		2.11	2.30		2.19		3.26	2.92							3.38					3.07													1.37	1.78			2.15								
25-9031.00			3.77	4.58			1.25	0.33		0.77	3.05		4.31				3.94			1.09			1.95	6.09	1.33	4.64						1.17				0.33	2.33	3.23					3.10						1.89							3.69	0.71	0.75																3.62		3.64	0.64		1.94		3.06	3.08							2.09					3.63													1.33	3.09			1.65								
25-9042.00			3.00	3.57			2.07	1.16		2.21	1.82		2.72				5.02			1.86			1.88	3.89	1.35	4.40						1.49				1.67	2.29	3.44					2.98						1.89							3.36	1.13	1.01																2.20		1.97	0.85		1.83		3.77	2.92							1.95					3.13													1.13	3.31			1.55								
25-9043.00			1.67	1.94			1.16	0.20		1.82	2.40		2.61				3.31			0.72			1.03	2.54	0.64	3.32						1.31				0.42	0.57	3.04					2.42						1.69							3.01	0.22	1.47																1.12		2.71	0.63		0.61		3.46	2.30							0.67					2.51													0.73	2.99			0.83								
25-9044.00			1.79	2.85			2.05	0.52		1.79	2.89		3.88				2.48			2.08			0.45	5.15	1.42	5.50						1.78				0.21	1.26	2.65					2.31						0.67							3.71	1.04	0.96																1.11		2.57	1.57		0.82		2.93	1.37							0.50					2.33													0.57	1.62			0.97								
27-1011.00			3.37	3.57			0.32	0.60		0.48	4.69		4.94				3.75			5.07			1.10	3.24	2.35	4.57						5.46				0.09	1.12	2.43					1.78						1.50							2.14	1.15	0.37																2.27		1.87	0.43		3.24		2.16	1.51							4.01					3.30													2.73	0.93			1.41								
27-1012.00			2.64	2.91			0.48	1.00		2.18	2.68		3.43				3.57			4.22			2.52	3.32	1.96	3.77						4.09				0.00	0.45	0.30					1.57						1.87							2.87	2.78	0.27																1.39		1.30	0.78		3.52		1.30	1.09							4.27					1.78													0.65	0.50			1.39								
27-1013.00			3.43	3.47			1.12	1.89		1.49	3.78		5.10				3.52			5.23			1.22	3.53	1.81	4.19						4.30				0.00	0.34	2.74					1.53						1.98							3.52	1.79	0.01																1.18		1.72	1.10		4.20		3.10	1.81							3.28					3.07													1.59	0.15			2.00								
27-1014.00			2.63	2.81			0.92	0.44		0.03	4.57		5.15				3.64			4.28			1.20	3.18	3.81	3.79						3.46				0.00	1.38	4.11					0.90						1.05							3.00	0.81	0.14																1.76		1.29	0.62		2.84		1.64	1.10							3.79					1.34													2.74	0.43			0.75								
27-1021.00			3.86	3.80			1.49	2.12		2.82	2.55		4.85				3.28			6.02			2.04	3.86	5.67	3.84						1.49				0.75	0.24	1.24					0.69						2.33							4.24	4.58	1.14																3.06		1.03	3.85		4.60		2.03	1.98							3.67					1.07													1.40	0.75			1.56								
27-1022.00			2.94	2.16			0.68	0.71		0.60	2.47		3.93				1.92			4.52			1.40	2.61	1.50	3.50						2.96				0.27	1.37	1.52					0.48						1.06							2.55	1.18	0.43																2.69		0.60	0.57		3.36		1.46	0.75							2.99					1.31													0.76	0.70			2.06								
27-1023.00			3.22	2.08			1.25	0.26		1.23	1.69		2.07				3.58			2.89			1.48	2.21	0.51	3.10						1.88				0.61	0.50	0.74					0.41						0.75							2.22	0.87	0.12																1.91		0.97	0.59		3.41		1.76	1.19							3.14					0.88													1.06	0.12			2.35								
27-1024.00			3.55	3.89			0.25	1.15		0.55	4.40		4.95				3.85			5.80			2.00	3.55	3.25	3.95						5.65				0.45	1.40	2.35					1.80						1.55							2.74	1.30	0.30																2.90		1.95	1.00		3.70		3.00	1.30							4.15					3.20													2.00	0.85			1.00								
27-1025.00			4.16	4.48			0.88	4.68		1.12	2.79		4.56				5.40			6.24			3.16	3.08	3.00	4.80						4.00				0.40	1.08	1.76					2.08						2.52							3.43	2.44	0.72																3.64		1.83	1.40		3.28		3.60	3.64							4.80					2.84													1.44	1.52			1.76								
27-1026.00			3.21	2.08			0.15	1.53		0.50	2.37		3.13				3.98			2.84			0.95	2.21	0.96	2.95						1.60				0.12	0.20	0.64					0.56						0.48							2.50	1.66	0.38																1.77		1.04	0.22		1.56		1.69	1.84							4.21					1.28													0.70	0.62			0.34								
27-1027.00			3.57	2.19			0.33	4.29		1.81	3.33		4.67				2.71			5.76			1.57	3.48	3.48	3.62						6.57				0.25	1.33	2.76					4.24						1.24							3.19	3.38	0.52																2.30		3.00	2.62		3.43		2.76	2.33							2.10					3.05													1.52	0.71			1.57								
27-2011.00			2.23	2.09			0.08	1.14		0.03	4.63		2.08				2.98			2.06			1.15	3.07	0.58	4.67						5.85				0.00	2.14	1.67					2.97						1.06							1.38	0.70	0.46																1.83		3.04	0.39		0.82		3.88	1.60							3.15					4.32													1.18	2.28			1.19								
27-2012.00			3.19	3.09			0.15	0.33		0.05	4.96		3.95				2.84			1.73			1.24	2.48	2.53	3.97						2.97				0.21	1.55	2.40					1.61						2.10							2.00	0.94	0.34																1.99		2.25	0.64		1.89		2.06	0.86							2.36					2.28													3.50	0.85			1.23								
27-2012.03			4.41	4.16			0.66	1.36		0.89	5.43		5.02				4.21			2.37			2.29	3.92	3.47	4.88						2.26				0.69	0.91	2.52					2.10						3.04							3.45	2.52	0.75																4.16		2.08	0.99		3.75		3.22	2.75							4.23					2.49													4.49	1.59			1.37								
27-2012.04			4.11	4.59			0.39	0.31		0.26	4.05		2.83				4.53			0.21			2.11	3.14	0.30	4.45						3.87				0.07	1.04	1.37					1.47						2.00							2.25	0.67	0.33																4.13		1.54	0.17		1.43		3.23	1.46							3.27					2.61													1.50	1.63			1.53								
27-2012.05			3.87	2.82			0.01	0.79		0.55	5.55		5.18				3.36			2.33			0.50	2.61	3.62	4.21						0.82				0.01	0.71	2.91					1.17						2.09							2.64	1.28	0.53																1.70		1.34	0.65		2.92		1.63	1.69							1.53					1.69													3.60	0.29			1.69								
27-2021.00			3.71	3.37			0.68	1.64		1.70	3.47		2.79				4.36			2.39			3.17	3.94	2.19	3.25						0.71				1.45	1.95	2.06					0.96						1.71							3.14	2.78	1.46																4.23		1.48	2.01		2.52		2.77	2.87							3.71					1.95													2.07	2.18			2.63								
27-2022.00			3.55	3.09			1.60	0.62		1.14	3.27		3.30				4.27			2.09			1.49	4.79	1.57	3.65						0.82				0.92	1.58	1.53					1.07						1.69							3.32	1.17	2.08																3.73		2.03	1.32		1.78		4.09	2.89							3.13					2.82													1.43	3.40			2.44								
27-2023.00			3.00	2.10			0.90	0.62		0.33	2.45		2.45				2.86			1.00			0.75	3.33	0.62	3.43						0.71				0.33	0.52	1.00					0.52						1.29							1.95	0.71	1.14																1.90		1.05	0.76		0.62		2.55	1.95							0.90					1.15													0.67	0.86			1.76								
27-2031.00			1.64	1.20			0.39	0.28		1.12	2.08		1.09				2.97			0.65			1.25	2.43	1.01	3.02						5.80				0.61	1.06	0.95					0.83						1.26							1.67	0.44	0.64																1.24		0.81	0.59		1.04		2.22	1.00							1.96					1.94													0.15	2.23			2.26								
27-2032.00			4.00	2.38			1.05	0.80		0.29	3.67		3.19				3.19			3.52			1.57	4.67	1.10	3.19						6.24				0.14	1.48	0.76					2.19						1.00							1.71	0.76	0.62																3.57		2.62	1.81		4.00		3.43	1.30							3.43					2.38													1.10	2.10			1.14								
27-2041.00			3.04	3.84			0.37	0.57		0.12	3.69		4.06				3.56			2.03			1.57	4.33	1.09	4.35						6.28				0.15	1.70	1.36					2.12						1.89							2.16	0.91	0.36																2.34		3.59	0.66		2.10		2.40	1.24							2.98					2.09													1.25	1.41			0.92								
27-2042.00			1.88	1.93			0.39	0.60		0.40	2.58		1.92				2.40			1.16			1.06	2.62	1.08	3.35						5.84				0.17	2.28	1.25					2.19						1.06							1.90	1.06	0.54																1.82		2.59	0.85		1.42		1.99	1.12							1.81					1.81													1.09	1.46			1.15								
27-3011.00			2.07	1.78			0.47	0.27		0.46	5.30		3.94				2.68			0.81			0.63	2.22	1.87	4.65						1.66				0.09	0.32	1.70					1.66						2.26							1.60	0.43	0.45																1.88		1.73	0.39		1.92		1.22	2.11							2.05					1.25													3.28	0.78			1.21								
27-3023.00			3.23	3.14			1.31	0.69		0.89	5.54		3.74				3.90			1.00			1.88	2.98	1.43	5.38						1.50				0.85	2.24	3.99					3.49						3.55							2.88	1.16	1.58																2.04		3.17	0.84		1.04		3.04	2.79							2.06					3.32													2.82	1.02			2.23								
27-3031.00			4.41	4.73			0.36	0.23		0.09	6.23		3.77				5.77			2.00			2.09	3.45	0.45	5.32						1.14				0.09	1.59	2.73					1.36						2.27							2.91	0.23	0.09																3.86		1.86	0.23		1.77		2.77	1.32							5.73					3.64													1.36	0.67			0.77								
27-3041.00			3.66	3.95			0.55	0.38		0.26	5.63		3.55				3.45			2.18			1.14	4.00	0.95	5.53						0.93				0.00	1.17	3.23					2.85						2.50							2.83	0.35	0.64																3.05		2.44	0.68		2.03		1.99	1.63							2.43					2.89													2.12	0.64			1.80								
27-3042.00			3.82	5.15			0.61	0.68		1.36	4.17		4.86				2.58			2.67			1.00	4.13	3.22	5.39						0.23				0.00	0.27	0.64					0.25						1.90							3.36	2.88	0.98																1.17		0.10	1.42		3.05		1.63	3.56							1.39					0.69													2.47	0.23			1.24								
27-3043.00			2.29	3.93			0.00	0.00		0.00	4.66		3.96				4.62			1.43			1.48	2.19	0.03	4.98						1.83				0.08	0.82	1.70					1.15						1.71							2.55	0.53	0.02																1.46		2.09	0.00		1.28		2.30	1.24							5.34					3.25													1.72	0.53			0.56								
27-3043.05			3.05	4.23			0.32	0.00		0.00	5.45		4.05				2.36			1.05			1.86	2.82	0.50	6.09						3.59				0.05	2.14	2.91					3.50						1.82							1.00	0.09	0.59																0.50		3.73	0.27		1.73		3.33	0.91							3.81					3.86													1.14	1.41			1.27								
27-3091.00			1.85	4.16			1.43	0.26		0.72	2.44		3.33				4.67			0.79			0.81	3.90	0.45	5.08						0.40				0.14	4.86	2.79					1.52						2.84							2.53	0.35	1.53																1.83		1.32	0.55		1.26		2.97	2.68							0.75					2.41													1.39	1.42			1.53								
27-3092.00			2.76	6.03			0.00	0.00		0.10	3.21		4.86				3.84			0.00			1.43	1.64	1.91	5.18						0.00				0.00	0.06	0.96					0.33						3.91							0.55	0.21	0.75																1.96		0.43	0.00		2.14		0.68	2.17							1.41					0.44													1.96	0.16			1.79								
27-4011.00			3.98	2.98			0.63	1.88		1.28	4.67		4.82				3.69			3.57			0.97	3.62	4.05	3.97						4.26				0.09	0.49	1.73					1.34						2.66							3.09	3.09	0.75																2.43		1.50	2.64		2.22		2.56	2.91							1.63					1.62													3.77	0.92			1.78								
27-4012.00			2.42	2.51			0.17	2.29		1.44	3.75		5.61				2.54			3.22			0.71	2.83	4.01	3.74						0.19				0.00	0.32	1.63					0.19						2.15							2.85	3.09	0.18																2.03		0.51	1.39		2.45		1.08	2.30							0.89					0.30													4.46	0.36			1.31								
27-4014.00			3.16	2.20			0.16	1.68		0.60	4.04		5.32				3.96			2.20			1.48	2.88	4.04	3.76						4.44				0.16	1.54	0.84					0.96						0.92							2.68	2.72	0.24																1.88		1.24	1.88		3.52		3.00	1.20							3.00					1.40													2.32	1.08			0.96								
27-4021.00			4.14	4.36			0.27	1.14		0.90	3.55		4.91				5.14			2.86			3.18	3.50	2.36	3.86						3.91				0.24	1.09	1.00					1.00						2.18							2.86	2.14	0.14																3.48		1.77	1.50		3.55		3.55	2.23							4.91					1.77													1.95	1.09			1.91								
27-4031.00			2.99	2.61			0.40	1.07		1.29	3.47		3.84				2.01			1.27			0.25	2.74	2.61	3.87						1.64				0.03	0.41	2.48					1.93						1.72							1.73	2.35	0.81																1.09		0.81	0.92		2.44		0.98	2.36							1.23					1.72													3.83	1.13			1.48								
27-4032.00			3.07	3.84			0.15	0.27		0.20	5.90		5.37				4.28			3.41			2.11	4.31	3.31	5.38						3.73				0.29	2.19	2.90					1.99						2.66							2.08	1.23	0.59																2.23		2.50	0.78		4.31		1.64	1.21							3.50					1.56													4.70	0.52			1.10								
29-1011.00			3.89	4.49			4.44	0.28		2.72	2.46		4.35				5.43			1.96			3.08	4.63	2.05	4.45						0.35				0.26	1.52	1.46					1.29						2.75							3.40	2.15	4.35																3.86		2.71	1.89		1.63		4.85	2.59							4.25					3.31													1.25	4.22			0.68								
29-1021.00			3.40	2.91			3.72	1.25		3.79	1.51		3.66				5.43			2.56			2.67	3.84	2.68	4.14						0.68				0.29	1.34	0.77					0.57						2.30							2.34	3.33	5.69																3.56		0.68	2.64		2.48		4.04	2.23							2.60					1.55													1.33	2.39			0.65								
29-1022.00			4.07	3.01			4.77	1.34		4.21	2.68		3.50				5.03			2.49			2.54	4.72	2.17	4.76						0.50				0.17	2.50	1.90					1.70						3.03							3.31	2.68	6.61																3.75		2.45	2.31		2.00		5.22	2.82							3.18					2.43													1.92	3.99			1.40								
29-1023.00			3.49	3.55			3.74	0.50		2.81	2.51		3.65				4.93			2.34			2.52	3.69	3.02	3.64						0.10				0.06	1.67	0.19					0.27						1.72							3.37	1.91	6.03																3.36		0.88	3.18		2.74		3.37	2.04							3.09					1.47													1.49	1.80			0.36								
29-1024.00			3.73	3.18			3.39	1.00		3.17	2.32		3.75				4.99			2.16			2.92	3.66	2.83	4.01						0.71				0.00	1.59	0.28					0.15						1.98							2.30	2.14	6.27																3.53		0.57	1.46		3.10		3.97	1.86							3.17					1.57													1.34	2.39			0.72								
29-1031.00			3.57	4.17			4.57	0.17		3.83	2.97		4.03				4.87			1.13			2.43	4.97	1.10	4.46						0.07				3.20	1.43	1.50					0.77						2.20							4.27	0.53	3.83																2.80		2.33	1.03		1.63		4.83	1.77							3.20					4.03													1.03	4.87			0.97								
29-1041.00			4.24	4.33			5.00	0.38		3.52	2.57		4.19				5.14			1.10			3.38	4.43	2.20	4.00						0.62				0.00	1.57	0.62					0.67						3.19							4.10	1.67	5.38																3.71		1.86	3.57		1.86		4.14	2.95							4.05					2.43													1.57	4.57			0.67								
29-1051.00			2.87	3.32			4.29	0.13		4.70	2.21		3.69				5.05			0.83			1.02	3.23	1.33	3.61						0.10				0.30	0.81	0.80					0.26						2.32							4.41	0.41	4.44																2.65		1.17	1.04		2.52		4.53	1.36							2.04					1.78													1.13	2.27			0.68								
29-1071.00			3.35	4.00			5.65	0.27		4.41	3.00		4.05				5.65			1.16			1.46	4.89	1.30	5.00						0.22				0.19	1.76	1.39					0.70						3.16							3.76	1.19	6.46																2.89		3.16	2.38		1.19		6.05	3.08							1.46					4.27													1.92	5.97			1.14								
29-1071.01			1.55	1.98			3.45	0.53		3.74	1.90		3.06				4.70			0.55			0.82	3.37	1.82	4.24						0.29				0.58	1.61	0.65					0.72						1.81							3.53	2.56	4.21																1.21		2.06	2.84		1.05		3.82	2.47							0.49					2.37													0.79	2.81			0.97								
29-1081.00			3.82	3.27			4.53	0.30		3.61	2.52		4.19				6.02			1.81			3.47	5.07	2.30	5.20						0.00				0.02	0.22	0.34					0.24						2.34							2.91	2.08	6.07																4.00		1.73	1.74		2.41		4.56	1.99							3.54					2.46													1.05	3.81			0.27								
29-1122.00			3.64	4.14			3.55	0.55		1.59	3.05		2.50				5.55			1.68			1.36	4.77	1.77	4.36						1.18				0.82	2.23	0.68					0.73						2.23							2.50	1.82	4.45																2.36		3.27	1.91		0.90		5.95	2.27							2.23					3.77													0.73	5.95			1.55								
29-1122.01			2.48	3.00			0.83	0.35		0.48	2.04		3.65				4.50			0.78			0.65	4.87	1.17	4.43						0.26				0.48	1.48	2.65					0.91						2.52							1.91	0.87	2.04																1.17		2.96	0.30		0.39		4.39	3.22							1.39					3.61													0.91	4.04			3.13								
29-1123.00			3.19	3.82			3.50	0.61		2.71	2.78		2.85				5.59			0.79			2.04	5.13	1.19	4.14						0.44				0.22	1.43	0.72					0.18						2.66							3.08	1.70	4.62																2.78		2.24	3.13		1.31		5.19	2.27							2.94					3.39													1.24	5.20			1.19								
29-1124.00			2.51	3.22			3.63	0.38		2.46	1.70		4.17				5.30			1.02			0.83	4.13	2.18	3.99						0.16				0.00	1.47	0.59					0.33						1.82							3.84	2.54	4.10																2.32		2.63	3.86		0.98		4.38	2.39							0.65					2.40													1.26	3.89			1.40								
29-1125.00			4.08	3.66			1.95	0.95		1.16	2.68		3.45				5.26			1.32			2.13	5.21	1.63	4.53						2.45				1.32	1.82	1.78					1.66						2.50							2.27	1.24	3.00																3.34		3.47	1.03		1.84		5.97	2.82							3.11					4.11													1.24	5.76			2.61								
29-1126.00			1.68	2.34			3.83	0.37		3.63	2.64		4.05				5.67			0.51			0.72	4.44	1.58	3.95						0.11				0.16	1.29	0.85					0.50						2.66							3.69	2.25	4.55																1.42		2.90	3.28		1.24		4.79	2.34							1.03					2.97													1.10	3.43			0.97								
29-1127.00			2.28	3.96			2.61	0.01		0.89	2.69		3.65				5.02			0.38			0.84	5.47	0.71	5.73						0.99				0.69	1.61	2.32					1.11						2.52							2.87	0.72	3.25																1.47		2.19	0.64		0.36		4.92	2.72							0.50					3.71													1.23	5.10			0.78								
29-1128.00			3.18	3.68			3.82	0.23		2.23	2.45		3.18				5.05			1.23			1.64	4.41	0.95	3.82						0.14				0.68	0.68	0.50					0.32						1.77							3.68	1.73	3.82																2.09		1.27	2.36		0.73		4.14	2.32							3.23					2.86													1.23	4.27			0.73								
29-1129.01			3.34	3.69			1.16	0.28		1.00	2.72		2.84				5.19			2.06			1.19	4.84	0.38	4.03						5.53				0.09	1.32	0.88					1.81						3.00							1.91	0.72	2.38																2.56		4.19	0.34		0.81		6.87	2.56							2.19					5.09													0.84	6.94			0.87								
29-1129.02			2.88	3.56			1.77	0.19		0.42	3.15		3.77				5.38			0.62			1.24	4.85	1.23	4.23						5.85				0.27	2.08	0.73					1.46						2.20							2.50	0.48	2.73																2.58		3.50	0.54		0.76		6.42	2.00							3.15					4.77													1.12	6.35			1.19								
29-1131.00			3.46	3.22			5.48	0.68		4.02	2.50		3.60				5.76			1.69			1.92	4.89	1.63	4.65						0.25				0.96	0.97	1.56					0.76						2.50							4.20	1.99	5.94																3.50		1.19	2.49		1.59		3.73	2.84							3.51					2.14													1.01	2.98			0.61								
29-1141.00			2.89	3.83			2.58	0.39		2.47	1.74		2.84				5.48			0.52			0.93	3.37	1.20	3.71						0.03				0.70	1.23	0.48					0.79						2.43							3.40	0.67	4.47																2.40		2.16	1.04		1.26		6.08	2.64							1.51					3.07													1.08	3.62			0.92								
29-1141.01			3.70	3.35			3.89	0.45		3.32	2.25		3.28				5.21			0.56			1.25	4.80	1.16	4.65						0.19				0.50	2.19	1.11					0.50						2.95							2.79	1.30	5.65																2.42		2.81	1.33		1.60		5.58	3.57							0.65					3.40													1.90	4.25			1.05								
29-1141.02			3.83	3.96			4.96	0.61		3.91	3.39		4.17				5.43			1.30			2.87	5.35	1.43	5.35						0.61				1.00	1.35	1.83					1.52						3.48							3.91	0.43	4.83																3.52		3.78	0.65		1.48		6.83	3.04							2.48					5.09													2.73	6.70			1.30								
29-1141.03			3.30	3.00			4.56	0.79		4.00	2.68		3.70				5.88			1.36			1.14	4.46	1.77	4.19						0.21				0.43	1.37	0.59					1.04						2.54							4.04	2.19	5.00																2.26		3.29	2.46		1.44		5.63	2.93							0.57					4.22													1.61	4.70			1.21								
29-1141.04			4.33	4.43			4.71	0.86		3.52	2.90		3.67				5.00			2.24			2.71	6.10	2.19	5.33						0.43				0.33	1.48	1.48					1.38						3.38							3.81	1.38	4.95																3.38		3.38	1.95		2.76		5.71	3.00							2.24					4.95													1.67	5.05			1.48								
29-1151.00			3.96	2.74			5.04	0.65		4.93	2.67		4.07				6.00			1.52			2.26	5.33	3.33	4.93						0.26				0.19	2.33	1.15					1.07						3.33							4.88	3.07	6.22																3.67		2.50	4.56		2.44		5.30	3.22							1.63					3.93													2.11	3.81			0.78								
29-1161.00			3.36	3.38			4.67	0.13		3.82	2.64		3.42				5.44			0.48			1.67	5.00	0.76	4.64						0.36				0.42	2.42	1.55					1.52						3.24							3.61	0.97	5.73																3.38		3.67	1.53		1.19		5.42	2.79							2.73					4.97													1.03	5.15			1.44								
29-1171.00			3.83	2.87			5.04	0.64		3.65	3.04		3.74				5.65			1.00			1.77	5.00	1.91	5.30						0.57				0.70	2.23	1.83					1.09						3.36							3.96	1.22	5.57																2.39		3.57	1.87		1.43		5.68	3.18							1.82					4.57													2.22	5.70			1.64								
29-1181.00			4.00	4.64			4.14	0.36		1.77	3.00		4.64				5.86			1.73			3.41	4.95	3.23	4.41						0.14				0.00	1.73	0.45					0.23						3.00							3.59	2.50	4.77																3.86		1.59	2.59		2.00		5.18	2.36							4.82					3.45													2.36	5.64			0.86								
29-1211.00			3.35	2.04			5.03	0.39		4.39	1.90		3.50				4.63			0.65			1.77	4.30	2.54	4.19						0.11				0.06	1.55	0.59					0.29						2.65							3.59	2.36	6.46																2.64		1.63	3.80		1.59		4.66	1.78							0.84					1.85													1.17	3.03			0.56								
29-1213.00			4.18	2.90			4.31	0.81		2.96	2.46		3.91				5.43			1.11			2.25	4.73	1.18	4.57						0.14				0.21	1.42	0.93					0.81						2.09							3.25	0.91	6.24																3.46		1.34	1.14		0.75		3.97	1.95							2.42					1.85													1.30	3.72			0.67								
29-1214.00			3.73	3.57			5.24	0.17		4.00	2.31		3.52				5.21			0.66			1.87	4.86	2.59	5.21						0.10				0.34	2.55	1.45					0.66						3.00							3.69	1.83	6.48																2.69		2.38	2.86		1.62		6.25	3.21							0.97					3.28													1.55	5.52			1.28								
29-1215.00			2.61	3.63			5.69	0.08		3.05	2.90		3.35				5.73			0.12			0.71	4.35	1.01	5.16						0.16				0.17	1.54	1.01					1.52						3.33							3.38	0.29	5.89																2.57		2.76	1.44		1.32		5.58	2.91							1.05					2.97													1.09	5.36			1.03								
29-1216.00			4.07	4.27			5.63	0.66		4.23	2.79		4.87				4.73			1.12			3.51	5.08	2.57	4.85						0.19				0.93	2.47	2.45					1.13						3.24							4.42	0.55	6.27																3.60		3.14	2.99		1.86		5.75	3.45							2.59					3.07													1.96	6.00			1.29								
29-1217.00			3.82	3.53			5.14	0.39		4.63	2.94		4.71				4.45			0.50			2.07	4.97	1.85	5.31						0.00				0.00	2.66	0.65					0.18						3.19							4.49	0.37	6.45																3.66		3.46	1.94		0.38		5.74	1.95							1.17					3.07													1.47	5.44			1.83								
29-1218.00			3.23	3.68			5.22	0.09		3.84	2.77		3.81				5.02			0.49			2.21	4.67	2.56	4.50						0.26				0.18	2.31	1.43					1.43						3.10							3.58	1.90	6.64																3.74		3.31	1.75		1.12		5.43	2.48							2.10					3.25													1.56	5.50			1.08								
29-1221.00			3.41	2.97			4.10	0.45		3.36	2.62		3.66				5.62			0.04			2.46	4.16	1.19	4.11						0.01				0.02	2.61	1.11					0.90						2.45							3.09	1.33	5.68																4.29		2.58	1.57		1.33		5.36	2.89							1.89					3.44													1.37	6.02			1.64								
29-1222.00			3.76	3.19			5.98	0.26		3.94	2.22		3.79				4.23			1.02			2.04	4.57	1.53	4.67						0.10				0.18	0.56	1.02					0.62						2.62							3.00	1.12	5.97																2.76		1.13	2.09		2.23		2.49	2.56							2.17					1.32													1.33	1.69			1.20								
29-1223.00			3.43	2.97			4.57	0.05		3.68	2.02		3.72				4.92			0.17			1.54	5.00	0.62	5.05						0.35				0.04	1.86	2.06					1.17						3.21							3.03	0.24	5.82																2.75		4.11	1.37		0.48		6.60	2.50							1.61					4.46													0.98	6.72			1.27								
29-1224.00			3.14	3.41			4.89	0.06		2.71	3.36		4.76				4.95			0.76			2.03	5.00	3.28	4.86						0.00				0.00	0.94	0.21					0.12						2.57							3.56	0.49	6.36																2.79		0.52	4.05		2.01		3.26	2.78							2.92					1.51													1.46	2.24			0.09								
29-1229.01			3.67	3.54			4.42	0.43		3.57	2.18		3.88				5.26			1.12			2.67	4.75	1.47	4.71						0.59				0.46	1.95	1.42					0.81						2.88							3.72	0.61	5.64																3.58		2.07	1.57		2.00		3.77	1.90							2.70					2.52													1.58	3.61			0.81								
29-1229.02			3.68	3.36			5.62	0.40		3.50	2.28		3.36				4.75			0.80			2.20	4.84	1.36	4.72						0.21				0.58	2.00	1.62					0.83						2.92							3.58	0.48	6.40																2.62		2.25	2.08		1.50		5.75	2.28							1.72					3.50													1.92	5.76			0.96								
29-1229.03			5.06	4.59			5.71	1.28		4.58	2.49		4.22				4.88			1.52			3.81	5.41	1.67	4.73						0.29				0.00	1.83	2.14					1.19						3.46							4.09	2.03	6.95																4.59		2.29	2.90		2.97		5.47	3.67							3.37					3.76													2.30	5.30			1.25								
29-1229.04			4.11	3.62			5.32	0.75		4.32	3.39		3.93				5.48			2.51			2.44	5.93	3.03	5.32						0.97				0.23	2.41	1.98					1.31						3.98							3.96	2.99	6.30																4.05		3.72	3.60		2.57		5.50	3.20							3.54					4.43													1.76	6.03			2.47								
29-1229.05			4.63	4.21			5.74	1.06		3.89	3.16		4.11				4.74			2.06			3.11	5.47	2.61	5.00						0.56				1.26	1.26	3.11					1.42						3.63							4.58	1.37	5.79																4.21		2.74	2.16		2.42		5.11	4.42							3.00					3.58													1.58	4.53			2.06								
29-1229.06			4.29	2.26			5.00	0.45		3.02	2.30		2.54				3.67			0.35			1.85	4.98	1.13	5.57						0.31				0.01	0.25	0.09					0.38						2.03							3.48	2.15	6.64																3.84		0.50	2.09		0.51		4.70	0.55							2.71					0.93													0.22	2.78			0.17								
29-1241.00			3.80	3.53			4.11	1.06		2.39	2.15		4.02				5.17			1.28			2.89	5.01	1.46	5.02						0.74				0.17	1.52	0.99					1.19						2.44							4.11	1.45	6.11																2.67		1.49	2.34		2.19		3.77	2.29							2.93					2.42													1.43	3.19			0.85								
29-1291.00			3.93	4.41			4.00	0.14		1.55	2.59		3.45				5.29			0.59			3.52	4.14	0.69	4.10						0.34				1.21	1.24	1.21					1.52						2.48							2.03	0.76	4.31																2.89		2.97	1.03		1.18		5.00	2.59							4.24					3.10													1.38	4.10			0.33								
29-1292.00			1.25	1.52			1.93	0.35		2.66	1.59		2.71				3.55			0.38			0.49	2.19	0.50	2.41						0.01				0.31	0.87	0.63					0.11						1.62							1.77	1.46	4.10																1.66		1.15	0.59		1.56		3.65	1.63							1.76					1.74													0.44	1.36			0.48								
29-1299.01			4.32	4.64			5.32	0.40		4.20	3.28		3.72				5.80			0.36			3.40	4.78	1.04	4.74						0.24				1.88	1.00	1.68					1.84						3.08							3.40	1.48	5.74																3.64		3.72	2.40		1.84		5.84	2.40							4.32					4.04													1.20	5.61			0.96								
29-1299.02			2.32	3.46			3.21	0.04		1.89	1.96		2.71				4.82			0.54			0.71	5.11	0.57	4.43						0.11				0.04	1.43	0.79					0.43						1.11							3.29	1.39	3.79																2.52		1.50	2.36		0.89		4.11	1.61							0.57					2.18													0.75	3.29			0.61								
29-2011.00			2.81	4.40			4.63	0.84		4.92	1.46		4.20				4.44			1.81			1.55	4.44	3.12	4.02						0.65				0.63	1.04	1.26					0.49						2.47							4.24	4.09	4.33																2.43		1.23	3.05		3.18		3.11	2.35							0.97					1.90													1.64	1.65			1.28								
29-2011.01			2.81	3.00			4.90	0.43		4.24	1.38		3.71				2.81			0.81			0.86	3.10	2.05	3.71						0.00				0.10	0.00	0.62					0.05						1.86							3.71	2.52	2.43																2.10		0.43	1.29		2.43		0.71	1.81							0.76					0.24													1.05	0.43			0.76								
29-2011.02			2.18	3.59			4.59	0.00		2.95	1.50		2.82				2.82			0.86			0.82	2.77	0.86	3.41						0.09				0.00	0.14	0.36					0.36						2.09							2.55	1.64	3.64																1.82		0.41	0.73		1.81		1.09	1.82							1.18					0.68													0.68	0.91			0.64								
29-2011.04			3.10	3.86			4.00	0.48		4.05	1.62		3.43				3.00			1.00			0.90	3.62	1.52	3.43						0.14				0.00	0.33	0.48					0.10						1.29							2.81	2.48	2.20																2.24		0.33	1.24		3.67		1.29	2.14							0.76					0.52													0.90	0.52			1.05								
29-2012.00			1.96	3.85			4.32	0.00		4.43	1.32		3.79				4.30			0.24			0.74	3.05	1.80	3.90						0.00				0.14	0.87	0.17					0.17						2.31							4.13	2.52	3.27																1.29		0.85	1.94		3.12		2.26	3.22							0.65					1.47													1.01	1.03			1.12								
29-2012.01			3.12	3.44			3.71	0.40		4.32	1.00		3.08				2.24			0.80			1.04	3.12	1.56	3.08						0.28				0.32	0.28	0.20					0.20						1.48							2.58	2.04	1.84																1.80		0.52	1.48		2.64		1.36	2.04							0.56					0.80													0.88	0.56			0.92								
29-2031.00			2.03	3.26			2.29	0.17		2.24	1.62		3.89				5.00			0.19			0.54	2.90	1.27	3.44						0.21				0.01	1.23	0.46					0.40						1.35							3.30	1.63	4.06																0.89		1.42	2.64		1.03		3.50	1.95							0.16					1.44													1.50	2.16			0.86								
29-2032.00			2.17	3.84			2.91	0.10		1.86	2.04		3.48				5.58			1.09			0.84	3.63	1.66	4.13						0.16				0.02	1.52	1.12					0.76						1.47							3.17	2.02	3.57																2.37		2.33	3.75		1.48		3.91	2.54							0.72					2.00													1.43	2.45			0.79								
29-2033.00			2.57	3.47			4.24	0.35		4.20	1.81		4.15				5.55			0.79			1.02	3.57	2.27	3.76						0.05				0.13	1.46	0.31					0.12						2.30							4.03	1.57	3.82																1.34		1.38	3.85		2.04		3.67	3.22							1.15					1.81													1.56	1.68			0.99								
29-2034.00			2.39	3.49			3.30	0.25		2.74	2.21		4.09				4.95			0.88			1.03	3.55	2.41	3.69						0.02				0.00	1.09	0.90					0.71						1.80							3.15	1.66	4.21																2.01		1.70	3.02		1.88		4.00	3.27							0.82					1.99													1.87	1.93			1.58								
29-2035.00			2.70	3.48			3.30	0.57		2.30	2.09		4.35				4.70			0.77			1.13	4.22	2.65	4.09						0.09				0.13	2.04	0.48					0.43						2.09							2.91	2.10	3.35																2.04		1.39	4.14		2.04		3.57	3.59							1.52					1.22													1.74	2.17			0.74								
29-2036.00			2.25	3.00			4.50	0.50		2.45	2.10		4.80				3.50			4.15			1.40	4.25	2.63	3.84						0.25				0.00	0.25	0.45					0.45						1.90							4.60	1.55	3.89																2.00		0.40	4.55		2.21		2.20	2.85							0.45					1.40													1.50	1.47			0.15								
29-2051.00			3.95	4.45			1.82	1.56		2.50	2.65		4.15				5.60			1.08			2.30	5.18	1.60	4.16						0.94				3.42	1.66	1.65					1.00						2.22							3.63	1.75	2.12																3.21		2.04	0.95		3.68		3.11	3.50							2.15					2.19													1.71	2.88			1.60								
29-2052.00			2.88	3.83			1.84	0.32		2.92	2.13		3.98				4.96			0.66			1.50	3.18	0.79	3.33						0.20				0.46	1.21	0.54					0.49						2.98							3.64	0.76	3.25																1.84		1.12	0.78		3.23		2.57	2.33							2.14					1.26													1.37	2.07			1.22								
29-2053.00			2.07	2.47			1.39	0.14		1.32	1.62		3.48				4.11			0.29			1.38	3.58	0.44	2.94						0.74				0.59	0.75	0.93					0.66						1.63							1.40	0.31	2.47																2.18		2.11	0.46		0.91		5.62	2.58							0.97					2.75													0.63	5.07			1.50								
29-2055.00			2.11	2.03			2.81	0.53		2.93	1.59		3.10				4.89			0.69			0.90	3.60	1.51	3.51						0.00				0.23	0.73	0.53					0.39						1.68							2.20	2.06	4.59																1.72		1.12	1.31		2.13		3.44	2.48							0.89					1.85													0.84	2.33			0.72								
29-2056.00			2.65	2.89			3.96	0.60		3.96	1.75		3.46				4.36			0.78			1.70	3.84	1.67	3.75						0.42				1.52	1.87	1.82					0.60						2.54							3.63	2.46	4.51																2.00		0.91	2.26		1.78		2.52	2.27							2.79					1.67													1.44	2.46			1.17								
29-2057.00			2.27	2.86			2.32	0.18		2.45	1.36		2.73				4.41			0.27			0.86	3.32	1.41	3.59						0.00				0.10	1.32	0.23					0.32						1.55							3.09	1.86	3.64																2.45		0.73	0.32		1.05		3.23	1.64							1.45					1.23													0.73	2.00			0.41								
29-2061.00			3.34	3.26			2.35	0.00		1.88	1.95		3.19				4.65			0.23			1.08	3.34	0.46	3.72						0.15				0.40	1.28	0.27					0.14						1.82							3.11	0.62	3.66																1.64		2.00	0.84		0.72		5.52	2.54							0.90					2.12													1.67	2.99			1.08								
29-2081.00			3.54	3.83			2.52	0.83		2.17	2.54		3.54				5.33			2.21			2.50	4.04	2.50	3.54						0.79				0.35	1.67	0.96					0.83						2.88							4.08	2.88	2.21																3.17		1.29	2.46		4.08		3.54	2.58							4.75					2.35													1.62	1.50			0.88								
29-2091.00			4.29	4.19			3.57	2.67		3.33	2.67		4.14				5.57			4.76			2.81	4.71	4.62	4.29						0.33				0.29	1.76	1.24					0.48						2.85							4.00	4.90	4.62																3.29		1.62	4.05		4.43		4.95	2.57							4.05					2.52													2.10	4.71			1.05								
29-2092.00			3.69	4.57			2.78	0.55		1.86	3.34		4.90				5.45			2.13			3.30	4.54	3.78	3.88						0.72				0.02	1.06	0.74					0.25						1.98							3.72	2.77	4.44																3.47		1.22	2.34		2.30		4.36	2.31							5.12					1.99													1.75	4.76			1.26								
29-2099.01			3.40	3.65			3.58	0.35		2.35	2.42		4.48				5.10			0.90			1.27	3.61	2.13	4.26						0.07				0.00	1.19	0.60					0.37						1.74							3.32	1.77	3.68																2.63		1.84	1.68		2.10		3.94	2.52							1.27					2.52													1.42	2.17			0.97								
29-2099.05			2.68	4.05			3.00	0.00		2.80	2.10		3.25				5.20			0.40			1.10	3.90	0.70	3.75						0.00				0.00	0.80	0.20					0.00						1.55							3.25	2.30	3.80																2.65		0.70	1.40		0.90		3.32	2.35							0.50					1.35													1.05	1.80			0.45								
29-2099.08			3.57	3.64			1.22	0.00		1.25	2.47		3.62				5.38			0.32			2.44	3.83	1.35	3.12						0.00				0.07	1.63	1.25					0.30						2.16							2.93	1.04	3.20																2.71		3.00	0.75		1.90		4.16	2.63							2.23					3.53													1.78	2.91			1.37								
29-9091.00			3.52	4.16			3.41	0.56		2.26	2.07		3.41				5.33			1.88			0.70	4.06	1.44	3.77						0.08				0.62	0.73	0.96					0.03						1.86							2.71	1.78	4.47																3.06		1.78	2.61		1.73		4.76	2.45							1.64					3.29													0.62	4.58			1.43								
29-9092.00			2.39	4.00			5.57	0.00		3.09	3.04		3.04				5.04			0.17			0.74	4.57	0.91	4.09						0.00				0.00	1.52	1.65					0.83						2.52							4.52	0.17	4.22																1.87		3.35	0.70		0.61		4.87	1.30							2.13					4.48													0.96	5.22			0.30								
29-9093.00			2.62	1.49			3.60	0.92		2.79	2.11		3.33				4.75			1.19			0.46	4.06	1.52	3.39						0.12				0.16	1.17	0.81					0.72						1.45							2.77	2.63	5.30																1.19		1.61	1.78		1.58		3.46	2.43							0.79					1.76													0.98	2.85			1.23								
29-9099.01			3.11	4.13			3.88	0.05		2.79	2.21		3.27				5.92			0.11			1.09	4.71	0.66	4.13						0.08				0.08	1.45	1.09					0.68						2.95							1.94	0.87	5.46																3.34		2.99	0.75		0.58		5.20	2.23							2.82					4.35													0.78	4.99			1.36								
31-1121.00			2.30	1.58			1.20	0.62		1.09	1.89		1.58				4.00			0.97			1.49	2.50	0.80	2.91						0.38				0.83	1.15	1.12					0.79						1.68							1.61	0.96	1.93																1.67		2.08	0.73		0.92		2.87	1.95							1.14					1.47													1.38	1.91			1.28								
31-1122.00			2.21	1.72			1.09	2.04		1.44	1.18		2.86				4.44			2.10			1.76	3.08	2.10	3.59						0.87				2.64	1.11	0.80					0.98						0.99							1.19	0.71	1.69																2.84		2.78	0.56		2.03		4.26	1.65							2.12					1.82													1.10	3.48			3.25								
31-1131.00			2.82	2.29			1.68	0.98		1.51	1.60		2.23				4.43			1.35			1.62	3.38	1.56	3.03						0.84				1.74	1.76	1.04					1.13						2.12							1.95	1.84	2.52																2.23		2.21	1.42		1.76		3.51	2.96							1.90					2.79													1.47	2.93			1.94								
31-1132.00			1.77	0.95			0.64	0.07		0.85	1.45		1.27				4.16			0.11			0.02	2.11	0.35	1.98						0.07				0.23	1.23	0.14					0.05						0.79							0.65	0.78	1.38																0.93		0.85	0.66		0.62		1.82	2.23							0.17					1.28													1.22	0.64			1.94								
31-1133.00			2.14	3.09			1.01	0.60		1.28	1.91		2.67				4.06			0.23			0.93	2.64	0.80	2.45						0.48				0.68	0.94	0.97					1.09						0.96							1.47	0.35	2.01																1.54		2.66	0.26		0.19		4.46	2.63							1.04					2.62													0.58	3.57			1.14								
31-2011.00			2.10	3.62			2.08	0.69		0.87	1.90		3.25				5.60			1.08			0.79	4.48	1.83	3.47						0.35				0.35	1.71	0.95					0.59						1.72							1.62	1.65	2.61																1.93		2.40	1.10		0.62		5.39	2.73							0.90					3.13													0.98	4.62			0.97								
31-2012.00			2.42	3.90			1.85	0.45		1.32	1.96		4.07				3.99			1.65			0.83	3.39	1.51	3.79						0.47				0.18	0.94	0.38					0.23						2.05							2.60	1.06	2.99																1.21		2.58	1.54		0.90		4.55	2.34							1.45					2.13													1.41	4.03			0.56								
31-2021.00			2.94	3.33			3.75	0.61		1.92	1.80		3.98				5.24			0.72			1.43	4.12	0.66	3.81						0.05				0.10	1.53	1.64					0.12						2.39							2.52	0.97	3.48																1.41		1.41	2.03		0.63		5.27	2.58							1.41					1.84													0.34	3.76			0.28								
31-2022.00			1.47	2.94			1.41	0.01		1.50	1.90		3.81				5.07			0.63			0.18	2.51	0.45	3.30						0.01				0.03	1.60	0.63					0.06						1.20							2.09	0.87	1.87																1.65		0.90	1.21		1.48		3.12	2.75							1.13					1.97													0.91	2.74			1.40								
31-9011.00			2.81	3.23			2.85	0.31		1.40	2.12		2.19				5.27			0.48			2.46	3.19	0.81	2.96						0.23				0.00	1.04	0.27					0.32						2.32							1.04	0.72	2.73																1.96		2.19	1.12		0.46		3.88	2.58							3.46					2.31													0.46	2.54			0.42								
31-9091.00			3.61	3.67			1.69	0.45		1.76	1.69		3.57				5.07			0.80			1.99	2.45	1.40	3.61						0.09				0.09	0.89	0.30					0.06						1.02							1.41	1.08	4.76																3.11		0.82	0.58		2.43		2.46	1.38							2.63					1.02													1.54	1.77			0.84								
31-9092.00			2.72	4.57			2.39	0.68		1.71	1.58		4.34				5.77			0.88			2.02	3.58	0.70	3.96						0.76				0.68	1.82	0.75					0.68						2.01							1.84	0.79	3.79																2.25		0.72	1.09		1.01		3.38	2.48							1.78					1.61													0.99	3.10			0.80								
31-9093.00			2.02	3.00			3.68	1.08		2.70	1.86		2.85				5.52			1.06			1.32	2.47	1.77	3.99						0.65				0.31	0.87	0.36					0.35						1.71							2.55	2.71	2.55																1.45		0.85	1.16		3.32		1.64	2.94							1.07					0.91													1.91	0.92			1.17								
31-9094.00			1.99	5.25			1.01	0.00		0.17	0.84		4.03				2.64			0.00			0.43	1.19	0.32	4.53						0.00				0.00	0.23	0.22					0.01						0.99							1.52	0.43	2.56																1.15		0.43	0.21		1.18		1.29	0.43							0.01					0.46													1.16	0.76			0.01								
31-9095.00			2.09	2.81			0.65	0.52		1.39	1.98		2.51				4.51			0.61			1.22	2.05	0.16	2.50						0.00				0.00	0.70	1.02					0.00						3.06							2.24	1.35	2.46																0.76		0.93	0.44		1.58		1.70	2.37							2.02					0.64													1.03	1.64			0.60								
31-9096.00			2.35	4.08			3.63	0.62		2.76	2.51		4.03				4.64			0.88			1.62	2.44	1.23	3.79						0.51				1.01	1.36	1.86					0.69						1.73							3.12	2.05	3.76																1.61		1.18	1.14		1.69		1.99	1.94							2.66					1.44													1.65	1.92			1.12								
31-9097.00			3.19	3.91			2.95	1.64		3.23	2.00		3.86				5.52			1.64			1.86	3.64	1.57	4.00						0.76				1.05	1.77	1.23					0.64						2.90							2.23	1.52	3.05																3.00		1.55	1.45		2.68		4.27	2.86							1.68					2.77													1.24	1.91			1.36								
31-9099.01			1.91	3.97			0.58	0.00		0.22	1.98		2.59				3.65			0.00			0.21	4.35	0.31	4.89						0.11				0.07	1.34	0.50					0.41						1.32							1.50	0.00	1.21																0.58		1.03	0.03		0.27		3.95	1.35							0.93					2.33													0.79	4.36			0.24								
31-9099.02			2.92	3.32			3.04	0.73		3.15	1.62		3.77				4.04			1.54			1.73	3.88	2.54	3.92						0.31				0.64	1.65	1.04					0.65						1.77							1.88	2.62	3.73																2.35		1.35	1.65		3.31		3.58	2.84							1.35					2.00													1.62	1.96			1.27								
33-1011.00			3.93	4.08			0.77	0.93		1.20	2.68		4.17				3.79			1.16			1.39	4.67	0.93	4.02						0.11				1.57	1.71	0.63					0.70						4.21							2.66	1.38	1.50																4.00		3.23	0.39		2.05		4.98	5.43							1.09					3.56													2.02	3.84			2.67								
33-1012.00			3.96	3.35			0.81	0.07		1.49	2.97		3.34				6.19			0.31			0.79	4.41	0.71	4.39						0.24				0.00	2.20	1.81					1.11						4.96							2.25	0.71	2.03																3.50		2.77	1.17		0.79		4.50	5.59							1.18					3.44													2.13	3.91			1.85								
33-1021.00			4.11	4.43			1.85	4.31		3.37	3.00		3.33				6.19			2.75			2.30	5.25	2.84	4.45						0.33				0.68	1.05	2.94					0.89						3.69							3.22	4.20	3.33																4.10		1.68	3.53		1.75		4.37	5.48							2.01					2.33													2.77	3.02			3.25								
33-1091.00			4.56	5.65			0.89	0.78		1.71	2.88		4.46				6.13			2.04			2.48	5.22	3.28	4.21						0.38				1.80	1.19	2.18					2.27						3.95							2.72	1.68	2.42																4.15		2.97	1.06		1.83		5.07	5.55							1.60					1.74													2.98	3.03			3.03								
33-2011.00			3.50	3.27			2.33	4.08		3.75	2.91		3.35				5.89			2.70			1.44	4.94	2.76	3.74						0.18				0.77	1.14	2.92					0.90						3.56							3.51	4.43	3.73																2.70		1.60	3.45		1.72		4.48	5.20							1.03					1.97													3.39	3.22			3.69								
33-2021.00			3.17	3.45			1.25	4.33		2.89	3.16		3.73				5.96			2.81			1.21	4.97	2.91	3.87						0.17				0.47	0.92	2.50					1.03						3.95							3.01	3.35	2.04																2.73		2.13	3.41		1.04		3.88	4.91							1.03					2.12													2.63	1.87			2.76								
33-2022.00			4.24	4.37			3.09	2.15		2.89	3.53		4.22				5.22			2.47			2.33	4.92	2.63	3.92						0.09				0.00	0.94	3.94					2.21						3.84							3.15	4.02	1.72																4.19		0.81	3.22		2.04		3.29	4.92							1.47					2.26													2.72	2.13			3.31								
33-3011.00			2.38	2.37			0.38	0.39		0.65	1.53		2.20				3.82			0.41			0.94	3.03	0.36	3.08						0.00				0.35	0.90	1.13					0.94						3.90							1.54	0.84	0.59																2.15		1.55	0.22		0.77		3.39	4.59							0.13					1.96													1.83	2.69			1.85								
33-3012.00			3.91	3.94			0.80	1.15		1.02	2.62		4.26				4.21			0.86			1.56	3.78	1.52	3.97						0.30				1.76	1.85	1.13					0.76						3.82							2.53	1.50	2.15																3.16		2.50	0.71		1.89		4.45	3.93							0.78					3.12													2.36	2.82			2.00								
33-3021.00			3.47	3.95			1.63	0.88		1.61	3.35		3.88				5.49			0.89			1.95	4.35	1.51	4.49						0.34				0.31	1.97	2.88					1.86						5.03							2.73	1.12	1.93																3.19		2.80	1.25		2.02		4.88	5.10							1.18					3.46													2.68	3.77			2.83								
33-3021.02			2.90	4.60			2.87	0.74		3.45	2.50		4.38				3.78			1.30			1.18	4.03	1.76	4.03						0.46				0.36	1.36	1.65					1.39						4.55							2.61	1.53	1.57																2.09		1.20	2.18		1.85		3.13	3.97							0.39					2.53													2.65	1.95			2.19								
33-3021.06			2.87	4.65			0.95	0.39		1.22	3.43		4.55				4.26			1.73			2.04	3.78	2.04	4.57						0.74				0.43	1.96	3.35					2.13						4.26							3.17	0.83	1.04																2.39		2.45	0.95		2.13		2.86	4.00							1.00					3.14													3.22	1.13			2.30								
33-3031.00			3.23	3.82			4.68	2.00		2.69	3.23		3.62				5.48			2.17			1.56	3.91	2.00	4.37						0.39				2.17	1.69	4.32					2.45						4.92							3.48	2.80	2.64																3.53		2.44	2.38		1.40		4.16	5.42							2.13					3.52													2.33	2.67			3.38								
33-3041.00			2.56	2.54			2.03	1.71		1.67	2.92		3.61				2.91			1.76			2.16	3.06	2.37	3.56						1.60				0.83	3.41	1.96					2.08						3.81							2.49	1.94	2.57																2.33		2.13	1.78		2.33		2.36	3.25							0.77					2.20													2.25	2.62			1.88								
33-3051.00			3.37	3.91			1.23	0.67		2.19	3.31		3.78				5.86			1.34			1.41	4.97	1.48	4.25						0.27				0.24	1.76	2.66					1.17						5.05							2.37	1.49	1.97																3.16		2.35	1.41		1.11		5.30	5.46							1.10					3.11													3.04	3.78			3.31								
33-3051.04			2.79	3.49			1.94	0.79		2.25	2.19		3.49				4.82			0.92			1.56	3.74	1.00	4.16						0.41				0.50	3.02	4.09					2.42						4.45							2.27	1.32	1.44																2.10		2.88	1.20		1.68		4.15	4.53							0.59					3.23													1.89	1.89			2.87								
33-3052.00			3.42	3.19			1.45	0.62		2.22	2.93		3.68				6.02			1.62			1.20	4.87	2.05	4.22						0.57				0.15	2.26	3.24					1.78						4.63							3.00	1.71	2.04																2.97		3.18	1.42		1.49		5.30	5.35							0.82					3.11													2.87	4.24			3.67								
33-9011.00			3.35	4.35			3.42	0.62		2.69	3.23		3.65				5.65			0.69			1.42	3.71	1.12	4.00						0.20				0.27	2.08	2.84					0.54						4.44							2.40	1.50	2.23																2.50		2.00	1.42		1.08		3.19	4.58							1.73					2.58													2.27	2.19			2.92								
33-9021.00			3.56	4.46			0.78	0.67		0.64	2.80		4.09				4.77			0.90			2.20	3.30	0.83	4.53						0.65				0.14	1.61	1.93					1.02						4.22							2.26	0.78	1.25																2.70		2.13	0.51		0.99		3.70	3.48							2.79					2.29													1.62	1.12			2.09								
33-9031.00			3.09	3.94			0.12	0.18		0.27	1.89		4.46				3.31			1.45			1.51	4.09	1.66	4.20						0.04				0.37	0.30	0.70					0.07						2.81							4.01	1.23	0.55																1.96		1.49	0.61		1.64		3.09	3.49							0.90					1.31													2.12	0.41			0.26								
33-9032.00			3.99	4.43			2.84	2.52		1.76	2.64		4.87				5.77			2.49			3.07	5.16	2.88	5.42						2.50				2.25	3.46	3.27					2.68						3.78							2.19	2.13	3.34																3.04		3.12	1.88		3.56		3.50	5.79							2.15					3.51													4.15	3.17			3.00								
33-9091.00			1.30	1.34			0.02	0.17		0.04	1.32		0.74				3.28			0.37			0.03	1.30	0.48	2.52						0.00				0.00	0.66	0.53					0.00						1.76							0.58	0.28	0.44																1.37		0.65	0.05		0.08		1.97	2.93							0.21					0.82													0.61	0.96			1.25								
33-9092.00			2.85	2.26			2.04	1.64		2.97	1.89		2.04				4.77			1.10			0.37	3.32	1.38	2.90						0.70				0.00	1.60	1.65					0.81						1.79							1.69	1.93	2.60																1.98		1.35	1.46		1.22		3.25	3.52							1.31					1.84													1.37	2.39			1.39								
33-9093.00			2.58	1.85			0.19	0.11		0.85	1.41		2.00				3.93			0.22			1.07	2.93	0.70	3.26						0.00				0.00	1.74	0.56					0.37						2.59							1.07	1.30	0.19																1.67		1.70	0.26		0.67		2.22	4.07							0.67					1.41													1.26	0.67			2.07								
33-9099.02			3.61	4.11			0.45	1.12		1.50	1.93		3.91				4.37			1.21			2.14	4.19	1.64	4.02						0.15				0.72	1.85	1.45					0.68						3.82							3.70	1.56	1.66																3.29		1.78	0.91		2.25		2.99	4.45							1.90					1.79													1.57	2.51			1.83								
35-1011.00			4.17	4.08			2.25	1.96		3.38	2.71		3.67				4.50			2.54			3.08	4.54	2.46	3.29						1.21				4.25	2.29	2.25					1.50						2.42							3.96	2.62	1.22																4.25		1.58	1.58		4.54		3.58	3.21							3.33					2.42													1.42	2.58			2.08								
35-1012.00			3.46	2.10			1.26	1.71		2.38	2.31		2.81				3.69			1.45			2.50	3.56	1.94	3.28						1.70				3.56	2.03	1.31					1.70						2.40							3.52	2.30	1.85																3.00		1.76	1.55		3.40		2.96	2.98							3.05					1.45													2.05	2.78			2.50								
35-2011.00			3.62	2.29			0.09	0.10		0.09	4.01		1.37				2.92			0.06			1.69	1.53	0.27	3.30						0.03				1.80	0.11	0.05					0.03						1.16							1.46	0.67	0.40																1.52		0.03	0.08		1.71		0.74	3.41							1.52					0.21													0.33	0.56			3.68								
35-2012.00			3.27	2.23			1.03	0.55		2.39	1.40		2.37				3.72			1.05			1.32	3.21	1.36	2.97						0.20				3.69	1.15	0.73					0.46						1.85							3.01	1.27	0.85																2.26		1.60	1.25		2.98		2.24	2.74							1.61					1.42													0.84	1.47			0.82								
35-2013.00			3.69	3.15			1.04	0.27		2.69	2.42		2.85				4.12			1.31			2.35	3.00	0.69	2.81						0.65				3.50	0.88	0.72					0.65						1.62							3.04	1.04	0.58																1.88		0.58	0.92		2.92		1.56	1.88							4.12					0.85													1.04	0.58			1.62								
35-2014.00			1.69	0.54			0.22	0.38		1.23	0.63		0.72				2.76			0.47			0.35	2.07	0.24	2.84						0.16				3.00	0.59	0.23					0.22						0.26							1.39	1.09	0.33																1.06		0.02	0.45		1.77		0.26	0.86							1.10					0.60													0.46	0.40			1.08								
35-2015.00			1.18	0.79			0.25	0.42		2.19	1.94		1.16				2.43			0.81			0.71	1.10	0.54	2.38						0.12				3.95	1.75	0.13					0.13						1.34							1.65	1.02	0.80																1.11		0.10	0.50		2.84		0.34	1.52							1.57					0.33													0.52	0.69			0.68								
35-2021.00			1.68	1.05			0.63	0.43		1.14	0.98		0.53				2.55			0.58			0.94	1.20	0.40	1.92						0.38				2.19	0.78	0.51					0.65						0.85							0.97	0.63	0.77																0.82		1.26	0.88		2.84		1.53	1.24							0.64					0.74													0.92	1.06			0.91								
35-3011.00			2.23	2.28			0.42	0.67		1.87	1.69		2.01				4.95			0.63			1.35	3.39	0.90	3.75						0.35				1.53	1.06	1.69					0.50						2.29							2.62	0.80	0.76																2.05		1.06	0.55		1.69		2.15	2.21							3.04					2.16													1.30	1.52			0.95								
35-3023.00			2.59	2.27			0.67	0.44		1.13	1.10		2.70				3.46			1.23			2.00	1.88	0.98	3.13						0.54				2.71	1.25	0.64					0.53						0.78							2.45	0.60	0.41																1.82		0.61	0.74		2.28		1.14	1.75							1.97					0.69													0.95	0.73			0.86								
35-3023.01			2.30	1.21			0.32	0.52		1.63	1.73		2.15				3.50			0.99			1.26	1.77	0.73	2.30						0.91				2.58	0.94	0.53					0.43						0.72							1.91	1.14	0.68																1.77		0.63	0.75		1.25		1.10	1.29							2.79					0.80													0.90	0.64			1.04								
35-3031.00			1.93	1.62			0.18	0.37		1.14	1.79		2.73				4.11			0.75			1.38	2.30	1.07	3.08						0.19				2.20	0.81	0.41					0.04						1.01							2.09	1.09	0.41																1.39		0.50	0.48		1.56		2.53	1.35							2.80					1.24													0.56	0.36			0.82								
35-3041.00			2.39	2.26			1.12	0.99		2.04	1.86		2.30				3.52			1.55			1.58	3.03	1.50	3.52						0.34				2.74	0.76	0.80					0.46						2.01							2.53	1.75	1.30																1.85		1.20	1.06		2.03		2.94	2.76							1.31					1.56													1.22	1.38			1.01								
35-9011.00			2.62	1.43			0.33	0.02		0.93	1.19		1.81				3.90			0.44			1.13	2.02	0.31	2.98						0.08				3.04	0.57	0.75					0.37						1.20							0.99	0.79	0.80																1.64		0.76	0.52		2.03		2.17	2.00							2.48					1.14													0.41	0.56			1.44								
35-9021.00			1.49	0.49			0.15	0.10		1.29	1.06		0.31				1.76			0.15			0.28	2.40	0.32	2.56						0.06				1.95	0.70	0.21					0.23						0.48							1.00	0.37	0.59																0.69		0.45	0.34		0.71		0.42	1.87							0.85					0.52													0.40	0.29			0.79								
35-9031.00			2.26	1.63			0.17	0.12		0.98	1.83		2.01				4.10			1.36			1.34	1.53	0.46	2.55						0.30				2.22	1.40	0.60					0.40						0.64							1.85	0.62	0.42																1.55		0.85	0.36		1.41		2.48	1.78							2.10					1.40													0.66	0.14			0.56								
37-1011.00			3.79	3.69			1.16	1.27		2.35	1.71		2.41				4.65			0.96			2.23	4.15	1.64	3.60						0.72				1.36	1.82	0.98					0.59						1.88							2.54	1.50	1.18																3.16		0.66	0.78		3.13		2.56	3.08							1.71					0.99													1.14	1.71			1.01								
37-1012.00			3.82	3.77			2.79	3.06		3.49	2.10		3.47				4.71			3.51			2.35	4.00	2.81	3.09						0.61				0.51	1.85	3.18					1.01						2.64							3.68	4.20	1.20																3.48		1.69	2.45		2.90		2.81	3.98							2.65					1.75													1.81	1.91			2.77								
37-2011.00			2.82	1.39			0.04	0.19		0.89	1.13		1.25				2.10			0.14			0.57	1.23	0.47	1.99						0.01				0.26	0.22	0.47					0.01						1.30							1.06	1.20	0.23																1.05		0.70	1.24		1.20		0.29	2.64							0.08					0.06													1.20	0.18			1.54								
37-2012.00			2.16	0.88			0.62	0.51		2.09	1.09		1.28				4.01			0.47			0.94	1.88	0.35	2.25						0.15				0.56	1.34	0.52					0.27						0.80							1.02	0.86	0.89																0.80		1.09	0.55		1.02		1.08	2.81							0.96					0.71													0.94	0.74			0.71								
37-2021.00			2.36	2.22			3.02	1.96		3.08	1.06		1.69				4.30			1.29			1.54	2.18	1.27	2.29						0.13				1.30	0.83	1.82					0.56						2.25							2.39	2.39	0.40																1.39		1.02	1.43		1.99		1.77	2.89							2.78					0.56													0.55	0.27			1.68								
37-3011.00			2.29	2.07			2.68	1.56		2.97	1.65		1.96				2.88			2.16			1.78	2.15	2.28	2.57						0.50				0.51	0.58	1.19					0.24						0.74							2.76	2.76	0.27																1.55		0.22	0.70		2.02		0.53	1.77							1.89					0.31													0.66	0.39			1.84								
37-3012.00			3.39	2.19			3.91	0.45		3.39	1.74		2.05				3.73			1.27			1.65	3.55	1.99	2.89						0.13				0.46	0.53	1.94					0.43						2.51							3.06	2.90	0.82																2.24		0.31	2.59		3.68		1.02	2.74							2.88					0.64													1.40	0.51			3.56								
37-3013.00			2.82	1.30			1.71	1.68		0.90	0.75		1.06				3.85			1.01			1.26	3.06	1.89	2.30						0.43				0.36	0.62	1.51					0.72						2.27							2.28	3.60	0.57																1.54		0.54	1.81		2.93		1.56	2.95							1.91					0.71													0.59	0.58			2.95								
39-1013.00			3.70	3.67			0.13	0.89		0.36	2.01		4.33				5.50			1.38			3.19	4.14	2.59	3.67						0.02				1.21	0.99	1.60					1.02						2.66							3.84	1.62	0.27																3.99		0.75	0.46		3.39		3.72	3.19							3.35					1.93													1.35	1.99			1.17								
39-1022.00			3.80	4.10			1.70	1.52		2.14	1.90		4.32				6.44			1.13			2.05	4.57	1.52	4.60						0.26				1.18	0.87	0.72					0.05						1.75							2.71	1.80	2.79																4.22		2.07	0.81		1.89		4.77	3.95							2.25					1.81													1.28	2.43			2.04								
39-2011.00			2.91	3.42			2.08	1.33		0.91	2.05		2.52				4.23			1.51			2.18	4.31	1.57	3.04						0.34				0.24	0.88	1.46					0.64						2.20							1.99	1.69	1.92																2.18		0.91	0.39		1.57		3.67	2.39							2.77					2.07													0.88	2.12			1.46								
39-2021.00			2.45	3.02			2.15	0.82		2.35	2.26		2.56				4.32			1.15			1.30	2.75	1.29	3.62						0.83				0.98	0.69	1.27					0.70						1.15							2.30	1.78	1.66																2.17		1.03	0.82		1.53		2.43	2.17							2.04					1.31													0.91	1.68			1.31								
39-3011.00			2.43	1.51			0.13	0.31		0.18	1.39		1.89				4.02			0.68			1.53	2.49	0.46	2.75						0.24				0.65	1.04	0.54					0.29						2.15							3.99	0.38	0.45																1.22		0.96	0.28		0.94		2.44	2.53							2.48					1.12													0.71	0.84			0.93								
39-3012.00			2.41	1.85			0.70	0.18		0.07	1.65		2.32				3.57			0.58			2.53	2.18	0.81	2.81						0.36				0.41	0.77	0.67					0.31						1.32							3.50	0.69	0.14																1.74		0.57	0.28		1.94		2.19	1.80							2.71					1.34													0.85	0.51			0.68								
39-3021.00			2.66	2.56			0.28	1.00		1.19	3.17		4.49				3.28			1.09			0.94	2.69	2.45	2.96						0.81				0.90	0.38	0.26					0.65						1.10							2.49	3.21	0.55																1.63		0.88	0.69		2.02		1.61	2.55							1.06					0.41													1.74	0.27			1.24								
39-3031.00			1.81	2.11			0.48	0.20		0.53	2.52		2.21				4.35			0.56			1.81	2.10	1.10	2.85						1.12				1.42	0.33	1.45					1.67						1.09							2.08	0.94	0.38																1.66		1.02	0.66		1.14		1.94	2.88							2.80					1.27													0.98	0.38			1.11								
39-3091.00			2.15	1.35			0.33	0.62		0.59	2.19		2.62				3.69			0.37			0.93	2.48	0.84	3.39						0.55				0.38	1.53	1.58					0.33						0.97							2.19	1.60	1.23																0.93		0.28	0.10		1.21		1.85	2.75							2.73					1.27													0.35	1.49			0.54								
39-3092.00			3.34	2.72			0.65	2.11		2.18	2.57		2.67				2.92			3.57			2.09	3.10	2.63	3.39						4.15				0.96	1.56	0.37					1.47						0.99							3.29	2.94	0.34																2.40		1.82	1.61		3.26		3.14	2.23							1.35					2.40													1.61	1.59			1.81								
39-3093.00			1.68	1.78			0.45	0.13		1.26	1.77		1.49				3.87			0.41			0.99	1.85	0.62	2.62						0.28				0.88	0.57	1.01					0.55						0.62							1.71	0.75	0.93																0.98		0.63	0.53		0.73		1.66	1.82							1.53					0.80													0.86	0.90			0.87								
39-4011.00			3.63	3.91			3.50	0.81		4.80	2.54		3.88				4.64			0.65			1.16	3.73	1.41	3.92						0.45				0.00	1.15	1.42					0.32						3.20							2.83	1.63	2.78																1.78		4.16	1.36		1.84		4.07	2.98							1.56					2.76													1.62	3.04			2.71								
39-4021.00			2.18	3.96			1.32	0.78		1.36	2.45		3.18				4.98			0.90			1.12	2.34	1.05	3.48						0.38				0.22	0.83	1.19					0.72						2.05							2.56	1.20	1.43																1.31		1.76	0.74		1.59		2.11	1.89							2.09					1.50													1.43	1.94			2.66								
39-4031.00			3.50	4.43			2.97	1.16		3.00	2.11		3.49				6.26			1.36			2.10	3.18	1.51	4.20						0.61				0.17	0.95	1.52					1.57						3.11							3.20	0.93	1.49																3.22		2.89	1.20		1.75		4.25	3.03							3.03					2.81													1.34	2.84			2.83								
39-5011.00			2.65	2.40			0.68	0.00		2.32	2.49		1.56				4.10			1.74			2.22	2.38	1.07	3.26						0.21				0.78	0.70	0.50					0.11						1.79							2.42	1.79	0.42																1.91		0.50	0.34		2.93		3.14	2.07							2.33					0.14													1.21	1.36			1.30								
39-5012.00			2.95	2.81			1.11	0.28		2.79	1.47		2.28				4.71			0.81			2.08	3.08	1.11	1.86						0.34				0.39	0.43	0.01					0.03						1.51							2.09	1.11	0.34																2.27		0.06	0.32		1.90		1.63	1.43							3.89					0.62													0.40	0.75			0.94								
39-5091.00			3.20	2.20			2.14	0.67		2.86	3.19		2.76				4.65			3.48			2.00	3.19	1.24	4.19						4.43				0.29	1.14	1.81					2.10						1.30							2.24	0.95	1.19																2.39		1.10	0.67		2.15		2.95	1.81							3.00					2.25													1.48	2.00			1.90								
39-5092.00			2.31	1.79			1.81	0.55		2.15	0.98		1.95				3.51			1.44			1.24	2.11	0.91	3.00						1.34				0.83	1.54	1.39					1.25						1.19							2.45	1.45	1.37																2.47		1.16	1.30		2.26		2.36	2.02							2.49					2.26													0.64	1.23			1.15								
39-5093.00			1.15	0.76			0.98	0.07		2.93	1.68		0.67				4.27			0.45			0.35	2.38	0.23	3.36						0.61				0.15	0.51	0.07					0.20						0.82							1.57	0.24	0.66																0.60		0.57	0.79		1.71		1.62	2.90							3.43					1.38													0.36	1.18			0.32								
39-5094.00			2.79	3.47			1.60	0.00		3.04	2.57		2.66				5.30			1.55			2.49	4.38	2.10	3.60						0.70				0.49	1.15	0.03					0.68						1.63							1.95	1.88	2.96																2.70		0.53	0.88		2.58		2.95	1.40							4.26					1.74													1.38	2.14			0.02								
39-6011.00			1.99	1.84			0.03	1.09		0.92	1.91		2.18				4.97			0.81			1.56	2.53	1.08	2.77						0.55				1.36	1.94	2.00					0.82						1.64							1.92	1.54	1.26																1.56		0.93	0.83		1.69		1.68	3.02							2.50					1.26													1.82	0.95			3.39								
39-6012.00			3.67	4.43			0.55	0.41		0.77	2.29		3.14				4.45			1.00			1.90	2.24	0.62	4.14						1.57				1.23	2.14	2.40					1.43						1.81							2.14	0.73	0.95																2.86		2.32	0.41		1.24		2.95	2.24							2.57					2.14													1.10	1.43			3.10								
39-7011.00			1.69	1.40			1.16	1.01		0.63	2.74		1.95				4.89			1.25			0.50	3.69	0.79	4.19						2.38				1.00	1.51	3.32					4.16						1.08							1.18	1.15	0.59																0.98		1.95	0.64		0.85		2.20	2.32							1.84					2.89													1.03	1.03			2.11								
39-7012.00			3.20	3.29			1.23	0.43		0.30	1.81		2.96				4.85			0.34			2.67	3.43	0.62	3.06						0.13				0.37	1.15	3.18					1.49						2.02							1.61	0.52	1.64																2.36		0.63	0.53		0.38		1.97	2.27							3.70					1.36													1.07	0.80			3.29								
39-9011.00			2.05	2.15			0.76	0.34		1.37	1.51		2.30				3.95			0.55			0.93	2.98	0.76	2.70						0.73				1.41	0.70	1.05					0.75						1.14							1.79	0.22	1.36																1.47		1.56	0.23		0.78		2.63	2.22							1.50					1.80													0.48	1.44			0.46								
39-9011.01			1.88	1.48			2.04	0.24		1.79	2.48		2.48				4.00			0.68			0.76	3.00	0.48	3.40						1.84				2.12	1.79	2.64					2.08						1.40							2.32	0.48	2.40																1.56		2.56	0.64		0.40		3.56	2.72							0.28					2.68													1.24	2.52			2.56								
39-9031.00			2.95	2.95			2.57	0.19		1.00	2.86		3.14				4.60			1.24			1.67	4.67	0.90	3.71						1.48				0.57	0.67	0.62					0.33						1.24							2.43	0.86	2.00																2.19		1.71	1.57		0.62		3.81	1.95							3.19					2.48													1.24	2.00			0.62								
39-9032.00			3.30	3.57			0.69	0.27		0.75	2.37		3.50				4.20			1.08			1.38	4.70	0.81	4.23						1.98				0.53	0.59	1.44					1.88						2.80							3.14	1.57	1.08																2.35		3.51	0.42		1.54		4.30	4.22							1.82					2.64													1.83	3.89			2.28								
39-9041.00			4.27	3.71			0.54	0.86		0.96	3.04		3.52				5.73			1.28			1.81	4.70	1.31	3.60						1.38				1.29	1.41	1.94					1.19						2.25							2.19	0.62	2.71																3.67		3.06	0.94		1.74		4.72	3.51							1.41					3.06													1.46	3.54			1.35								
41-1011.00			4.26	3.96			0.12	0.35		0.38	2.06		3.86				5.63			0.99			3.65	4.16	0.85	3.37						0.38				1.31	1.55	0.43					0.30						1.71							3.57	0.67	1.08																3.04		1.02	0.28		2.71		1.76	2.76							3.63					1.10													0.84	2.03			0.82								
41-1012.00			4.60	2.84			0.06	0.57		0.22	2.51		3.80				5.06			1.20			3.26	3.75	1.00	3.38						0.14				0.54	1.28	1.51					0.11						2.29							3.58	1.01	0.02																4.27		0.22	0.36		2.83		2.02	2.02							3.96					0.49													1.04	0.82			1.86								
41-2011.00			2.79	2.98			0.37	0.67		0.91	1.69		3.05				4.36			0.71			1.88	2.13	0.81	2.92						0.00				0.96	1.39	0.44					0.01						1.61							2.84	1.24	0.81																1.80		0.78	0.57		1.29		1.79	1.91							3.03					0.88													1.33	1.02			1.49								
41-2012.00			0.86	2.87			0.00	0.00		0.34	1.24		2.80				3.95			0.13			1.79	2.18	0.17	2.96						0.00				0.00	0.85	0.44					0.08						2.11							2.88	0.79	0.14																0.50		0.63	0.13		0.58		2.63	2.25							0.88					1.30													1.38	0.61			0.27								
41-2021.00			3.46	3.93			0.54	0.50		1.31	1.98		3.05				4.40			1.37			1.85	1.97	0.69	3.01						0.61				0.68	0.94	1.46					0.05						1.23							2.37	1.34	0.52																1.77		1.03	0.61		1.83		1.78	2.06							3.48					1.21													1.38	0.53			2.46								
41-2022.00			4.41	4.46			0.12	1.63		1.36	2.10		4.38				5.65			1.76			3.29	3.32	2.27	3.19						0.00				0.13	1.26	1.37					0.11						2.20							3.95	3.47	0.17																3.50		0.20	0.91		3.67		2.62	2.68							4.24					0.99													2.59	0.91			2.69								
41-2031.00			2.92	3.20			0.32	0.77		0.73	2.21		3.05				4.06			1.31			1.69	2.29	1.42	3.23						0.80				0.52	1.28	0.98					0.59						1.48							2.98	1.67	1.05																1.66		0.86	0.76		2.01		2.92	1.90							4.51					1.59													1.09	1.16			1.23								
41-3011.00			3.23	4.40			0.02	0.30		0.02	4.21		4.19				5.65			1.75			2.57	3.04	1.61	4.55						1.56				0.04	0.83	1.57					0.97						2.09							4.29	0.61	0.31																2.53		1.44	0.46		2.74		2.27	1.18							5.88					1.10													1.88	0.50			1.25								
41-3021.00			3.29	3.09			0.02	0.19		0.31	2.17		3.26				4.88			0.09			3.06	4.03	0.11	3.74						0.05				0.10	0.08	1.74					0.75						2.98							3.59	0.04	0.88																2.35		0.14	0.03		2.26		2.30	1.62							4.75					0.96													1.41	1.09			2.39								
41-3031.00			3.88	3.66			0.43	0.75		0.39	2.66		4.16				4.87			0.71			4.24	3.11	1.08	3.92						0.17				0.65	0.79	1.64					1.42						3.12							4.25	0.65	0.44																2.78		1.45	0.30		1.68		2.51	1.28							4.40					1.62													1.35	1.08			1.56								
41-3041.00			3.38	4.06			0.01	0.02		0.01	3.29		3.99				4.76			0.28			2.64	3.32	1.49	4.27						0.04				0.09	2.37	3.69					0.91						1.64							2.28	0.05	0.00																2.02		0.90	0.01		1.48		1.43	1.61							4.50					1.08													3.46	0.07			2.49								
41-4011.00			3.59	3.32			0.55	1.13		2.06	2.30		3.81				4.58			2.06			1.97	2.76	2.65	3.66						0.17				0.52	0.99	1.86					0.47						1.84							3.69	1.61	0.81																1.63		0.88	0.66		3.38		2.55	1.28							4.78					1.55													1.84	0.96			2.10								
41-4011.07			3.84	3.98			0.37	3.47		0.53	2.95		3.55				4.84			3.88			3.48	2.68	3.50	3.65						0.08				0.04	0.21	2.53					0.22						3.15							4.16	2.17	0.11																2.24		0.25	2.82		2.39		1.87	2.33							4.71					1.00													1.33	0.26			2.10								
41-4012.00			3.99	2.05			0.00	0.09		0.07	3.42		3.49				5.48			1.33			2.41	0.81	0.57	4.66						1.39				1.59	1.24	1.01					0.11						1.03							4.30	0.24	0.00																0.69		0.10	0.13		2.25		1.67	1.15							5.25					1.24													2.15	0.02			3.90								
41-9011.00			2.43	2.61			0.79	0.00		0.88	2.73		2.83				4.09			1.28			0.87	2.50	0.81	3.69						0.24				3.27	0.63	0.55					0.04						0.75							2.43	0.61	0.42																1.73		0.35	0.02		1.74		2.59	2.83							3.67					1.94													0.98	0.22			1.91								
41-9012.00			1.32	0.80			0.65	0.12		0.33	1.10		1.41				1.86			0.74			0.24	0.85	0.02	2.14						1.95				0.04	0.37	0.31					0.52						0.46							0.57	0.31	0.39																0.68		0.44	0.30		0.16		0.81	0.85							0.40					0.60													0.41	0.38			0.84								
41-9021.00			4.30	4.52			0.27	3.12		1.37	3.04		4.16				5.35			2.42			3.55	4.26	1.26	4.28						0.51				0.04	1.82	3.45					0.72						4.22							3.38	1.59	0.06																2.92		1.90	0.56		1.21		3.49	2.49							4.89					2.65													1.85	0.58			1.66								
41-9022.00			4.38	4.52			0.70	3.52		0.71	3.24		4.33				5.76			1.90			3.52	3.86	1.62	4.67						0.57				0.24	1.33	3.19					1.19						4.24							4.00	1.90	0.38																2.90		2.00	0.71		1.95		3.67	3.19							5.57					2.48													2.10	2.33			2.71								
41-9031.00			4.89	3.95			0.26	0.82		1.39	2.50		4.24				5.51			4.25			3.55	3.26	5.55	4.63						0.07				0.19	0.85	1.22					0.14						1.30							5.10	3.57	0.18																3.31		0.65	3.40		2.44		1.50	0.83							5.05					0.50													1.34	0.39			1.49								
41-9041.00			2.49	3.59			0.16	0.05		0.38	2.79		3.18				4.20			0.52			2.23	1.83	0.47	3.83						1.21				0.34	0.59	1.54					1.19						2.40							2.14	0.41	0.20																0.84		2.00	0.28		0.56		2.08	0.95							4.76					1.28													0.89	0.52			1.23								
41-9091.00			3.33	3.71			0.08	0.08		0.46	2.33		2.50				4.21			0.08			1.79	3.04	0.38	2.83						0.29				0.54	0.46	0.50					0.08						0.79							2.42	0.08	0.00																2.54		0.79	0.08		1.12		2.67	0.62							4.50					1.25													1.25	0.62			1.83								
43-1011.00			4.07	5.03			0.17	0.31		0.17	2.23		4.25				4.93			0.74			2.48	3.65	1.49	3.80						0.04				0.18	0.45	0.50					0.07						2.50							3.61	0.83	0.58																3.40		0.79	0.61		1.97		1.84	2.20							2.86					0.99													1.51	1.15			1.00								
43-2011.00			2.79	4.63			0.00	0.03		0.10	2.46		3.57				5.46			0.00			1.04	1.98	1.22	3.45						0.01				0.09	0.74	0.45					0.06						1.45							2.86	1.41	0.21																1.89		1.05	0.01		0.49		2.26	1.66							0.85					1.05													1.82	1.78			0.22								
43-2021.00			2.45	3.84			0.28	0.25		0.43	1.77		3.42				5.46			0.39			0.65	2.44	0.91	2.76						0.23				0.33	1.21	0.77					0.40						0.65							1.47	0.28	1.12																2.40		1.31	0.22		0.56		0.92	2.27							0.88					0.92													2.96	0.36			0.40								
43-3011.00			4.27	4.09			0.00	0.26		0.01	2.27		4.19				5.18			0.25			3.15	2.06	0.68	4.08						0.00				0.17	1.81	0.58					0.02						2.71							3.61	0.22	0.10																1.35		0.23	0.00		2.00		1.36	0.77							1.46					0.69													1.32	0.25			0.07								
43-3021.00			3.15	5.77			1.03	0.28		0.71	1.53		3.63				4.54			0.94			3.69	2.60	1.11	3.74						0.17				0.52	0.50	0.56					0.12						2.53							3.66	0.29	1.46																1.98		0.70	0.35		1.59		2.71	2.09							2.13					0.83													1.50	0.70			1.12								
43-3031.00			2.44	4.83			0.00	0.18		0.22	1.27		3.87				4.40			0.05			3.34	2.74	0.10	3.21						0.00				0.40	0.28	1.00					0.01						1.64							3.56	0.63	0.38																1.87		0.33	0.11		1.27		1.52	1.15							1.47					0.66													0.80	0.54			0.40								
43-3041.00			2.34	3.02			0.00	0.03		0.00	1.37		2.92				4.97			0.42			2.65	1.65	0.34	2.80						0.23				0.00	0.40	0.41					0.14						1.52							2.92	0.80	0.04																1.39		0.50	0.03		0.35		1.59	1.82							1.23					0.99													0.23	0.65			0.18								
43-3051.00			4.56	5.97			0.01	0.00		0.00	3.01		3.74				4.14			0.12			5.27	2.42	0.12	4.61						0.00				0.00	0.56	0.54					0.34						1.32							4.77	0.06	0.14																4.94		1.09	0.00		0.75		1.29	1.47							0.88					0.76													0.47	0.58			0.10								
43-3061.00			3.52	5.12			1.04	1.14		1.71	2.71		3.99				4.50			1.08			2.92	2.83	2.28	4.48						0.71				0.60	0.72	2.12					0.63						2.52							3.76	2.00	1.14																2.24		1.45	1.06		2.55		1.17	2.87							1.72					1.35													2.12	1.10			3.37								
43-3071.00			2.43	3.55			0.11	0.11		0.31	1.29		3.50				4.27			0.15			2.43	2.55	0.83	3.22						0.22				0.24	1.01	0.55					0.29						1.81							3.34	0.33	0.27																1.44		0.37	0.25		1.20		2.00	2.47							2.68					0.84													0.78	1.06			0.91								
43-4011.00			2.23	3.24			0.00	0.00		0.00	2.22		3.97				4.61			0.47			2.78	2.04	0.64	4.23						0.00				0.00	1.71	0.82					0.64						2.69							3.94	0.08	0.06																2.30		0.15	0.34		1.18		1.32	1.60							3.40					0.50													1.75	0.47			1.50								
43-4021.00			3.32	5.51			0.18	0.29		0.39	2.45		3.84				3.92			0.70			3.98	2.53	0.44	3.78						0.00				0.28	1.10	0.83					0.35						2.83							3.76	0.45	0.09																1.93		0.37	0.19		2.03		1.39	2.46							1.34					0.44													1.26	0.45			0.98								
43-4031.00			3.49	5.69			0.14	0.29		0.09	2.31		3.74				5.24			0.30			2.58	2.65	0.72	4.09						0.08				0.04	0.72	0.94					0.71						4.06							2.90	0.30	0.36																2.94		0.48	0.08		1.59		1.85	2.32							0.69					0.93													1.45	0.86			1.15								
43-4041.00			3.42	4.44			0.02	0.87		0.03	1.99		3.37				4.83			0.42			3.79	2.78	0.66	3.97						0.01				0.64	0.22	0.95					0.23						3.52							3.76	0.79	0.07																2.15		0.17	0.21		1.60		2.91	1.13							3.26					0.72													1.21	0.48			1.92								
43-4051.00			3.40	3.78			0.53	0.45		0.71	1.59		3.49				5.67			0.49			2.38	1.81	0.79	3.47						0.05				0.21	0.66	1.22					0.14						1.11							3.38	0.40	0.79																1.67		0.73	0.43		1.40		2.04	1.96							3.71					1.53													1.33	0.79			1.43								
43-4061.00			3.76	4.72			0.02	0.41		0.13	2.58		3.56				6.29			0.34			1.99	3.77	0.71	4.14						0.07				0.57	1.52	0.57					0.31						2.68							3.16	0.23	0.35																3.45		0.90	0.17		2.01		2.62	2.44							1.45					2.36													1.00	2.29			1.15								
43-4071.00			2.22	5.43			0.89	0.56		0.61	2.39		3.50				5.15			1.03			1.69	3.38	1.36	4.03						0.61				0.60	1.74	1.74					1.13						3.20							2.81	1.16	1.07																1.95		1.37	0.58		1.56		1.67	2.77							1.35					1.44													2.43	1.18			1.58								
43-4081.00			2.81	4.23			0.55	0.90		1.72	2.05		3.31				4.38			0.84			2.71	2.38	1.39	4.07						0.45				1.66	1.73	1.61					0.75						1.60							2.98	1.62	1.48																2.03		1.35	0.56		1.76		1.88	3.14							2.68					1.34													1.11	1.25			1.74								
43-4111.00			3.23	5.10			0.00	0.00		0.23	2.39		4.53				5.69			0.49			1.46	2.48	0.50	3.60						0.33				0.00	1.78	0.98					0.00						2.17							3.60	0.27	1.77																2.44		1.08	0.00		0.90		3.79	2.17							1.56					1.61													1.33	2.41			0.51								
43-4121.00			1.73	3.56			0.07	0.20		0.53	2.48		3.34				3.67			0.82			0.97	3.12	0.41	3.19						0.82				0.00	1.01	2.66					2.35						1.65							2.37	0.72	0.81																1.29		2.94	0.21		1.23		2.72	2.62							1.80					2.53													1.04	1.39			1.05								
43-4131.00			3.58	4.63			0.00	0.28		0.01	2.10		3.61				4.37			0.39			3.41	3.27	1.06	4.40						0.00				0.00	0.28	0.69					0.00						3.69							3.67	0.15	0.00																2.32		0.07	0.00		1.95		0.70	1.27							3.32					0.12													0.69	0.00			0.14								
43-4141.00			2.96	4.62			0.00	0.00		0.05	2.11		4.04				5.41			0.09			3.17	3.03	0.30	3.51						0.00				0.00	0.96	0.26					0.04						2.42							4.05	0.55	0.00																1.60		0.47	0.12		1.80		1.62	2.85							3.97					1.02													1.01	0.57			0.06								
43-4151.00			3.37	4.28			0.03	0.49		0.41	1.36		4.93				5.30			1.28			2.40	5.09	3.67	4.41						0.05				1.28	0.75	0.84					0.02						2.37							4.15	2.31	0.04																3.49		0.02	0.90		4.67		1.06	3.99							3.96					0.98													0.80	0.07			3.43								
43-4161.00			3.39	5.83			0.01	0.10		0.06	2.30		3.43				4.90			0.24			2.82	3.58	0.23	3.38						0.01				0.07	0.41	0.44					0.06						2.39							3.40	0.02	0.07																4.45		0.76	0.01		0.44		1.26	2.18							0.93					0.94													0.85	1.32			0.84								
43-4171.00			1.96	4.53			0.21	0.21		0.55	2.39		3.65				3.83			0.41			0.96	2.34	0.88	3.12						0.18				0.35	1.19	0.42					0.25						1.32							2.71	0.30	1.73																1.46		0.35	0.45		0.77		1.38	2.35							1.40					0.96													1.45	0.57			0.64								
43-4181.00			2.32	2.84			0.69	0.00		1.04	2.80		4.12				5.38			0.23			1.00	2.70	0.92	3.72						0.80				0.02	2.14	4.09					0.82						3.09							2.81	1.07	0.79																2.14		1.83	0.50		1.81		3.44	2.92							3.16					1.28													1.40	1.68			4.12								
43-5011.00			4.23	3.79			0.90	1.55		1.02	2.73		2.87				3.62			1.08			2.43	3.39	2.32	3.10						0.69				1.09	1.83	4.37					1.26						3.55							3.08	2.73	0.72																1.91		0.17	0.49		2.55		1.58	3.63							2.67					1.53													1.95	1.27			4.58								
43-5011.01			4.40	5.69			1.44	0.89		1.18	3.71		4.19				5.56			1.73			3.99	3.54	1.93	4.22						1.30				0.86	2.84	4.24					1.18						3.53							4.31	0.88	0.44																3.37		2.78	1.17		3.86		2.48	3.46							3.58					1.93													2.96	0.87			4.45								
43-5021.00			1.73	1.95			0.19	0.11		1.55	1.30		2.19				3.56			0.27			0.69	1.43	0.01	2.84						0.00				0.53	0.01	1.92					0.00						1.81							1.65	1.06	1.67																0.94		0.28	0.45		1.29		0.94	1.98							1.22					0.01													0.88	0.28			3.25								
43-5031.00			2.73	4.80			0.46	0.42		0.77	4.33		4.70				6.42			0.73			1.39	3.88	0.80	4.82						0.00				0.01	1.38	3.59					0.97						4.18							1.54	1.15	1.87																3.63		2.10	0.43		1.91		4.68	4.33							1.04					2.60													4.11	3.92			2.33								
43-5032.00			4.28	4.63			0.17	0.76		0.62	1.92		3.30				5.48			1.07			1.82	3.25	1.07	3.82						0.00				0.00	1.33	1.91					0.30						2.07							2.38	1.29	0.10																3.15		0.79	0.57		1.83		2.68	3.88							1.40					1.66													1.55	0.37			3.57								
43-5041.00			2.57	2.60			1.23	2.13		1.82	1.48		3.16				4.19			1.75			1.15	1.88	2.05	2.82						0.10				0.46	0.95	1.22					0.03						1.75							2.85	2.67	0.56																1.41		0.45	1.95		1.57		0.72	3.09							1.10					0.19													1.35	0.37			1.86								
43-5051.00			2.97	3.58			0.25	0.27		0.93	1.88		3.59				4.10			0.99			2.07	2.82	1.36	3.45						0.21				0.38	0.65	1.63					0.31						1.92							3.18	1.60	0.53																2.00		1.38	1.04		2.75		1.80	2.45							2.98					1.47													1.70	1.19			3.07								
43-5052.00			2.58	2.39			0.06	0.30		0.92	1.78		1.73				4.70			0.61			0.85	3.06	0.35	2.99						0.02				0.09	0.75	2.01					0.28						2.11							1.98	1.16	0.51																1.94		0.62	0.37		2.37		2.07	2.89							2.93					0.91													0.76	0.48			2.78								
43-5053.00			1.75	2.01			0.39	0.19		0.17	1.04		1.71				1.40			0.24			0.80	1.30	0.31	2.30						0.00				0.19	0.14	1.01					0.18						0.81							1.08	0.62	0.27																0.61		0.42	0.16		1.48		0.89	1.33							0.34					0.67													0.67	0.49			1.73								
43-5061.00			3.89	4.41			0.05	0.16		0.41	0.74		3.84				4.59			1.20			1.26	2.27	1.71	4.63						0.00				0.00	0.24	0.50					0.00						0.81							3.06	1.42	0.05																1.60		0.14	0.26		5.03		0.60	1.84							1.80					0.00													0.47	0.07			2.55								
43-5071.00			2.84	4.13			0.56	1.23		0.87	2.21		3.46				3.08			1.23			2.67	3.22	2.05	3.08						0.62				0.73	0.74	1.34					0.53						1.24							2.72	2.33	0.62																2.23		0.55	0.85		2.98		2.03	2.73							1.84					1.36													1.66	1.19			3.08								
43-5111.00			2.82	2.43			0.37	0.76		1.94	1.26		2.21				2.52			0.66			1.55	2.55	1.43	2.71						0.57				1.35	1.68	1.00					0.14						0.91							3.12	1.84	0.58																1.12		1.00	0.79		3.25		0.65	2.43							0.87					0.65													1.02	0.72			1.72								
43-6011.00			3.28	6.03			0.14	0.21		0.28	2.67		3.80				3.75			0.44			1.93	2.11	0.32	3.97						0.19				0.19	0.62	0.73					0.33						2.07							2.78	0.58	0.42																2.66		1.30	0.20		0.77		1.49	1.90							0.96					1.21													1.09	0.57			1.90								
43-6012.00			2.84	6.39			0.44	0.00		0.25	2.09		4.30				4.65			0.61			2.02	2.89	0.00	4.60						0.00				0.00	0.84	1.15					0.58						4.23							2.24	0.17	0.60																2.98		0.52	0.24		1.77		1.53	2.52							2.21					1.57													1.12	2.11			0.56								
43-6013.00			3.27	4.47			1.29	0.72		0.86	2.53		3.77				4.75			0.78			3.07	2.16	0.78	3.73						0.70				0.86	1.41	0.82					0.70						1.43							3.21	1.06	3.22																3.05		0.83	0.74		1.67		1.93	1.95							2.47					1.34													1.67	1.51			1.11								
43-6014.00			3.15	5.80			0.66	0.21		0.91	2.47		4.56				4.36			0.45			2.61	2.89	0.45	4.25						0.26				0.37	1.03	1.06					0.41						1.98							3.27	0.49	1.52																2.56		0.99	0.21		1.46		2.04	2.34							1.94					1.38													1.62	1.38			1.67								
43-9021.00			2.01	5.00			0.11	0.11		0.22	2.21		3.40				4.40			0.94			2.32	2.80	1.16	4.93						0.22				0.33	1.07	1.03					0.83						3.72							3.56	0.92	0.22																1.83		0.11	0.63		1.79		1.67	3.03							1.56					1.13													1.41	0.78			1.49								
43-9022.00			2.28	5.44			0.00	0.00		0.01	1.31		4.11				4.38			0.02			0.83	1.13	0.01	4.18						0.00				0.00	0.93	0.51					0.03						1.74							1.86	0.37	0.29																0.75		0.00	0.00		0.33		1.99	0.90							0.33					0.31													0.72	0.31			0.05								
43-9031.00			2.53	3.71			0.10	0.10		0.19	4.36		4.75				1.98			2.56			0.37	2.30	0.21	3.85						2.23				0.10	0.27	0.87					0.52						0.94							2.94	0.19	0.48																0.48		0.84	0.10		2.94		1.34	0.45							1.49					1.24													0.60	0.60			0.26								
43-9041.00			2.40	5.02			0.54	0.31		0.01	2.34		3.54				5.17			0.24			1.83	1.89	0.39	3.39						0.08				0.01	0.29	0.70					0.19						1.66							3.02	0.32	0.90																0.96		0.79	0.29		1.58		1.40	1.01							1.33					0.75													0.90	0.80			0.68								
43-9051.00			2.04	2.83			0.02	0.30		0.27	1.33		2.53				4.15			0.43			1.56	2.48	0.49	2.94						0.03				0.01	0.94	0.88					0.04						1.96							2.21	0.27	0.13																0.70		0.36	0.11		0.89		0.50	1.78							0.99					0.28													0.76	0.10			1.35								
43-9061.00			2.51	5.12			0.05	0.32		0.76	2.03		3.10				3.72			0.96			2.07	2.19	0.62	3.31						0.44				0.46	0.66	1.28					0.54						1.93							2.84	0.58	0.52																2.09		1.22	0.55		1.33		1.61	2.05							1.63					1.25													0.91	0.76			1.26								
43-9071.00			1.77	3.05			0.00	0.23		0.00	1.71		3.03				3.64			1.72			0.92	1.15	0.99	3.56						0.93				0.00	0.39	0.56					0.31						0.69							2.64	1.82	0.03																1.19		0.65	0.66		2.85		1.08	0.99							0.86					0.59													1.22	0.44			0.79								
43-9081.00			2.18	2.84			0.01	0.01		0.09	3.09		3.20				1.88			1.10			0.13	1.46	0.38	4.98						0.33				0.00	0.50	1.60					0.90						0.95							1.69	0.27	0.03																0.18		1.81	0.07		0.48		0.73	0.74							0.86					1.20													0.46	0.14			0.29								
43-9111.00			3.04	4.27			0.93	1.14		0.53	2.60		5.04				3.92			1.28			2.91	3.61	2.02	4.40						0.06				0.99	0.96	1.93					0.99						2.76							5.32	0.71	0.39																2.63		1.09	0.71		2.11		2.10	1.80							1.84					1.92													1.17	0.73			1.07								
45-1011.00			4.21	2.77			3.34	2.95		2.82	1.48		2.88				4.22			2.09			2.27	3.74	2.95	2.99						0.26				3.07	1.21	2.18					0.86						2.37							3.25	3.90	0.98																2.74		1.25	2.14		4.16		2.94	3.03							2.57					1.56													1.29	1.12			2.99								
45-2011.00			3.56	3.40			2.23	1.27		2.32	1.97		3.41				4.45			1.37			1.76	3.36	2.05	3.28						0.36				3.43	1.18	2.31					0.52						3.61							3.62	2.32	0.83																2.77		1.10	0.80		3.28		2.09	3.35							1.21					1.27													1.49	1.16			2.61								
45-2021.00			3.98	3.98			3.40	2.44		2.99	2.01		3.05				5.02			1.39			3.55	2.54	2.04	3.02						0.17				1.91	0.41	1.56					0.50						2.07							3.65	3.02	2.54																1.39		0.18	1.25		3.28		1.56	1.88							4.75					1.36													1.27	0.53			2.51								
45-2041.00			1.50	1.09			1.20	0.90		1.82	0.62		0.88				1.40			0.30			1.44	2.72	0.90	2.50						1.03				2.12	1.70	0.84					0.72						1.47							2.06	2.55	0.60																1.15		1.02	0.71		2.94		0.62	2.38							0.38					1.38													0.59	0.49			0.82								
45-2091.00			1.62	1.53			1.55	2.10		2.83	1.84		1.86				2.24			1.87			0.95	2.20	1.78	2.87						0.48				1.56	0.67	1.74					1.15						2.19							2.46	2.83	0.81																1.07		0.77	2.17		2.17		1.18	2.58							1.16					0.91													1.87	0.94			2.50								
45-2092.00			2.62	2.03			2.93	1.92		2.81	1.26		2.11				1.73			1.55			1.70	2.37	1.83	2.28						0.61				2.64	0.93	2.12					0.83						1.83							2.43	2.91	0.82																1.69		0.83	1.77		2.10		1.64	1.54							1.73					1.11													1.17	0.76			1.81								
45-2093.00			3.17	2.91			3.03	2.84		2.90	1.56		2.53				2.67			2.07			2.36	2.96	2.14	3.04						0.33				3.11	0.86	2.08					1.46						2.55							3.03	3.92	1.66																2.51		1.07	2.10		3.47		2.95	2.83							2.65					1.11													1.29	0.74			2.70								
45-3031.00			3.00	2.70			4.10	2.20		1.80	2.00		3.53				4.26			2.05			2.70	3.60	2.70	2.85						0.30				3.40	1.25	3.60					1.25						3.42							2.70	4.00	1.40																2.80		0.55	2.55		2.32		2.10	3.16							3.63					1.10													2.11	1.05			3.35								
45-4011.00			2.77	2.75			3.14	1.87		2.03	2.52		3.38				4.07			1.62			1.19	3.58	1.84	3.81						0.21				0.13	0.25	3.36					1.63						3.17							2.30	2.89	1.44																2.77		0.40	1.67		1.58		2.51	3.60							0.52					0.74													2.23	1.40			3.40								
45-4021.00			1.96	0.71			1.31	0.26		0.70	0.93		0.32				1.89			0.96			1.05	2.06	1.24	0.74						0.00				0.44	0.63	1.41					0.07						1.45							1.35	3.56	0.80																0.51		0.48	0.73		2.70		0.54	1.71							0.59					0.47													0.18	0.48			1.46								
45-4022.00			2.11	0.15			1.02	0.98		0.27	0.77		0.98				1.34			1.39			0.03	1.46	1.77	1.15						0.00				0.00	0.00	2.01					0.02						1.23							1.12	4.65	0.40																0.75		0.00	1.72		3.69		0.99	2.96							0.54					0.06													0.40	0.32			2.36								
45-4023.00			2.76	2.12			1.22	1.27		1.17	1.23		2.50				2.89			1.22			1.48	2.84	1.54	2.33						0.14				0.14	0.69	1.80					0.47						1.35							3.26	2.72	0.51																1.82		0.62	0.97		3.95		1.33	1.47							2.03					0.52													0.64	0.70			2.38								
47-1011.00			4.53	3.09			1.05	4.90		2.17	1.56		2.02				4.34			4.04			1.90	3.13	3.72	3.40						0.03				0.13	0.64	2.24					0.38						2.34							3.74	5.02	1.04																2.86		0.55	2.66		2.94		3.02	3.45							2.26					1.17													1.65	1.65			2.33								
47-1011.03			4.39	3.22			0.83	4.97		1.82	2.42		3.31				4.62			3.83			2.25	3.81	3.65	2.97						0.60				0.90	1.53	1.41					0.63						2.28							3.48	4.21	1.01																2.72		0.81	2.54		2.45		1.46	2.62							3.33					1.00													1.65	0.97			3.21								
47-2011.00			3.42	2.07			0.45	3.34		2.31	0.00		3.36				2.57			2.64			0.51	2.05	2.65	2.49						0.00				0.01	0.76	0.59					0.74						0.82							3.46	5.29	0.44																1.37		0.88	2.52		2.05		1.38	1.23							1.34					0.36													1.08	0.42			2.18								
47-2021.00			3.30	1.06			0.08	5.79		2.90	0.90		1.18				2.57			3.35			1.05	2.56	3.34	2.74						0.00				0.00	0.73	0.76					0.00						1.57							3.38	3.70	0.66																1.88		0.00	1.43		3.25		1.17	3.47							1.60					0.66													0.86	0.20			1.29								
47-2022.00			3.14	1.78			0.22	4.73		2.41	0.88		1.09				3.14			4.09			0.91	2.93	2.65	3.08						0.26				0.00	0.75	0.15					0.11						1.27							3.88	3.17	0.26																2.74		0.03	1.61		3.50		1.43	2.56							2.37					0.55													0.46	0.77			1.22								
47-2031.00			3.83	2.61			0.80	5.56		2.25	2.00		2.43				3.05			4.01			1.67	4.04	3.63	3.17						0.52				0.80	1.19	1.98					0.98						1.99							4.24	4.20	1.23																2.18		1.01	3.55		2.72		2.11	3.71							1.81					1.36													1.82	1.11			2.48								
47-2041.00			3.24	2.00			0.25	3.65		2.26	0.80		1.03				4.30			3.34			1.57	3.51	1.77	3.01						0.53				0.08	0.77	0.64					0.25						1.05							3.44	3.44	0.62																2.16		0.62	1.25		2.98		1.72	2.58							2.43					0.50													0.51	0.65			2.38								
47-2042.00			2.78	1.00			0.33	4.43		2.01	0.26		0.42				3.46			3.47			0.93	3.18	2.30	2.58						0.11				0.21	0.41	0.07					0.21						1.01							3.99	3.78	0.16																0.93		0.08	2.10		3.34		2.37	2.21							1.72					0.46													0.14	0.02			2.13								
47-2043.00			2.60	2.46			0.44	4.48		2.85	1.88		1.22				4.13			3.33			1.31	3.01	2.67	3.59						0.35				0.00	1.18	0.62					0.10						0.94							3.45	3.71	0.57																1.45		0.22	1.01		3.22		1.41	2.65							2.78					0.47													0.86	0.49			2.30								
47-2044.00			2.73	1.92			0.28	3.88		1.75	1.35		0.53				2.99			3.33			2.27	2.80	2.04	2.04						0.19				0.29	1.18	1.02					0.34						1.13							3.27	2.28	0.43																1.74		0.50	1.36		2.40		0.87	1.93							2.05					0.59													0.53	0.74			2.18								
47-2051.00			1.97	1.34			1.25	3.52		2.01	1.21		1.00				2.19			2.32			1.13	2.51	0.87	3.13						0.42				0.80	1.62	0.97					0.98						1.33							2.93	2.64	0.76																1.12		0.41	1.38		2.20		1.23	3.09							0.86					1.35													1.64	1.42			1.91								
47-2053.00			3.00	1.91			0.07	4.35		3.80	0.75		0.39				2.42			3.46			0.55	2.88	2.48	2.73						1.01				0.00	0.51	0.00					0.00						0.46							2.91	3.37	0.24																2.02		0.10	1.61		3.51		1.25	2.76							1.23					0.25													0.21	0.20			2.07								
47-2061.00			1.76	1.09			0.64	4.74		1.13	1.28		0.92				2.57			1.99			0.75	2.33	1.80	2.01						0.68				0.61	0.73	1.00					0.66						0.78							2.22	3.47	0.87																0.83		1.36	1.02		1.80		0.79	3.43							0.63					0.89													0.77	0.80			1.62								
47-2071.00			2.33	1.50			1.18	5.55		2.62	0.82		2.06				2.93			2.75			1.16	2.05	2.91	2.17						1.07				1.20	0.86	2.06					1.30						2.26							2.81	3.81	1.03																1.75		1.48	3.03		1.87		1.95	2.74							1.19					1.23													0.95	0.94			1.95								
47-2072.00			3.17	1.53			0.87	5.42		2.10	1.44		1.45				2.91			3.71			0.99	2.34	4.26	2.38						0.06				0.25	0.24	1.76					0.14						1.59							3.55	4.75	0.76																1.27		0.25	2.87		2.99		2.00	3.66							0.98					0.34													0.75	0.87			4.02								
47-2073.00			2.63	0.91			0.92	2.25		1.35	0.71		0.85				2.56			1.06			0.84	2.72	2.29	3.11						0.00				0.99	0.20	1.11					0.02						1.38							3.16	4.36	0.04																1.71		0.68	1.44		1.62		0.21	3.07							0.89					0.03													0.77	0.07			2.51								
47-2081.00			2.93	2.03			0.15	5.33		1.43	0.37		1.25				2.90			3.00			1.41	2.06	2.93	2.60						0.00				0.37	1.38	1.33					0.43						1.28							3.12	3.27	1.07																2.11		0.29	1.71		2.38		1.73	2.88							2.16					0.70													0.68	1.29			2.20								
47-2082.00			2.43	0.60			0.00	4.19		1.12	0.76		0.21				1.88			1.62			0.55	2.38	1.25	2.43						0.00				0.15	0.69	0.23					0.09						1.03							2.22	2.97	0.21																0.54		0.32	0.93		0.50		0.79	1.59							0.97					0.64													0.43	0.37			1.85								
47-2111.00			3.66	2.35			0.28	4.62		1.51	1.45		1.70				3.19			3.86			0.86	2.77	2.12	2.56						0.16				0.14	0.39	0.71					0.13						1.89							3.63	3.41	0.44																1.93		0.13	2.80		2.70		3.36	3.18							1.57					1.43													2.56	0.97			2.44								
47-2121.00			3.04	1.79			0.07	5.12		1.83	0.40		1.00				3.49			3.87			0.82	2.42	2.98	2.26						0.09				0.14	0.90	0.43					0.00						1.18							3.26	3.66	0.57																1.52		0.00	1.54		2.47		1.58	2.37							1.00					0.29													0.44	0.44			1.51								
47-2131.00			2.52	0.91			0.18	3.53		1.52	0.54		1.06				2.77			2.36			0.73	1.84	1.49	2.41						0.00				0.01	0.62	0.61					0.17						1.27							2.23	3.25	0.25																1.13		0.12	2.10		1.71		1.11	2.18							1.35					0.29													0.30	0.30			2.65								
47-2132.00			4.21	3.19			0.88	4.90		1.99	1.74		2.41				4.74			3.96			2.76	4.44	2.65	3.37						0.21				1.11	0.95	1.44					0.76						1.77							4.15	4.50	1.02																3.63		0.37	2.27		4.11		2.64	3.69							3.35					1.34													1.20	1.67			2.82								
47-2141.00			3.61	1.08			0.81	2.48		2.91	0.83		0.72				2.61			1.73			0.69	3.02	1.53	1.84						1.33				0.56	0.22	0.48					0.57						0.86							2.20	2.21	1.18																1.67		1.15	1.81		2.16		2.01	2.69							0.93					0.57													0.95	1.04			2.18								
47-2142.00			3.52	2.66			1.14	3.94		2.94	0.87		2.32				4.07			3.21			2.06	3.68	2.92	2.88						0.46				0.00	0.27	1.30					0.62						1.60							3.50	3.36	1.42																2.52		1.06	1.63		3.06		2.01	2.93							2.78					1.08													0.35	0.43			1.87								
47-2151.00			2.69	1.65			1.48	4.54		2.45	1.17		2.21				2.55			2.93			0.97	3.26	2.90	2.35						0.24				1.12	1.46	1.83					0.96						1.63							2.47	3.50	1.61																2.17		0.80	2.55		2.90		2.82	3.12							1.02					1.63													1.23	1.11			2.22								
47-2152.00			4.02	2.13			0.54	5.36		2.99	1.27		2.08				4.20			5.05			1.44	3.73	3.97	2.61						0.47				1.08	0.48	0.91					0.62						1.84							3.75	4.86	1.01																1.53		1.07	4.05		2.88		1.49	3.08							2.01					0.45													0.89	1.18			1.72								
47-2152.04			3.10	3.21			0.70	5.58		1.78	1.75		4.15				5.19			4.74			1.89	5.18	5.21	4.11						0.09				0.00	2.90	1.64					0.41						2.72							3.10	5.59	0.08																2.36		0.36	3.44		4.19		0.66	4.33							2.56					0.41													1.84	0.09			1.82								
47-2161.00			3.44	1.40			0.51	4.28		1.29	0.57		0.56				3.26			3.29			1.09	2.37	1.26	2.52						0.63				0.63	1.01	1.11					0.32						1.63							2.94	2.60	1.21																1.87		0.74	1.03		2.18		1.17	3.11							2.27					0.71													0.61	0.98			1.82								
47-2171.00			3.89	1.17			0.13	5.97		2.18	0.93		1.05				2.30			4.05			0.98	2.46	3.66	2.84						0.11				0.13	0.86	1.04					0.24						1.35							3.63	2.51	1.14																2.10		0.30	1.68		1.94		2.46	2.61							0.87					0.77													0.51	1.04			2.29								
47-2181.00			2.85	1.61			0.51	5.31		2.13	0.70		1.18				3.82			3.33			1.31	3.66	2.79	2.40						0.14				0.86	1.99	0.61					0.09						1.76							3.10	3.78	1.11																1.52		0.60	2.32		1.71		1.00	2.87							1.41					0.62													0.71	0.67			2.23								
47-2211.00			3.36	1.89			0.39	4.35		1.67	0.77		3.16				2.73			3.74			1.06	2.96	3.40	2.73						0.17				1.07	0.00	0.58					0.17						1.18							3.84	5.05	0.18																1.40		0.00	2.86		2.80		0.98	2.74							1.43					0.10													0.75	0.73			2.09								
47-2221.00			2.73	1.04			0.35	6.14		1.54	0.87		0.58				3.29			2.52			0.43	2.82	3.10	2.88						0.00				0.00	0.59	0.33					0.05						0.55							3.68	3.80	0.67																2.09		0.27	1.90		1.74		1.83	3.01							0.79					0.49													0.56	1.06			2.18								
47-2231.00			4.55	3.08			0.43	5.59		2.38	1.48		3.31				3.96			4.38			1.02	4.28	4.65	2.70						0.32				0.21	1.36	1.38					0.27						1.85							4.15	5.29	0.65																2.66		0.41	2.38		3.32		1.65	3.97							1.99					0.72													2.60	0.88			2.92								
47-3011.00			1.62	0.64			0.37	4.67		2.02	0.26		0.51				1.89			2.98			0.61	1.65	2.48	2.29						0.34				0.31	0.60	0.37					0.19						0.95							2.63	3.71	0.29																0.80		0.12	1.61		2.05		0.85	2.03							0.66					0.41													0.33	0.31			1.28								
47-3012.00			3.16	2.26			0.81	5.38		3.15	1.47		1.63				3.89			3.56			1.30	3.32	3.14	3.88						0.37				0.28	1.10	0.67					0.47						1.79							3.59	4.92	1.36																1.28		0.75	2.35		3.48		2.15	4.21							1.37					1.16													1.81	1.08			3.16								
47-3013.00			3.99	2.50			1.28	4.35		2.27	2.64		3.18				3.86			4.06			2.00	3.89	3.95	3.13						0.80				0.64	1.13	2.23					0.76						2.23							3.87	4.27	1.54																2.27		0.84	3.37		2.65		1.78	3.95							2.19					1.60													2.76	1.63			2.85								
47-3014.00			2.25	0.73			0.17	3.59		1.04	0.13		0.34				1.71			1.98			0.81	1.72	0.82	2.09						0.10				0.24	0.77	0.31					0.14						0.60							1.74	1.44	0.18																0.88		0.30	0.62		0.98		0.80	1.75							0.78					0.24													0.17	0.18			1.25								
47-3015.00			2.74	2.10			0.30	4.64		1.48	0.64		1.27				4.09			3.11			1.20	2.99	2.59	2.69						0.00				0.01	1.13	0.75					0.16						1.67							3.50	4.42	0.12																1.80		0.06	1.91		2.23		0.40	2.30							1.77					0.16													0.52	0.10			2.50								
47-3016.00			2.46	1.03			0.54	3.95		1.93	0.88		0.38				3.21			1.71			0.84	3.22	1.05	1.86						0.14				0.42	1.78	0.41					0.24						0.54							4.26	2.74	1.87																1.17		1.18	1.04		0.68		2.17	3.19							1.45					0.62													0.77	0.91			2.38								
47-4011.00			3.76	4.20			1.04	5.76		2.36	2.64		4.00				5.08			4.56			2.32	4.20	3.54	4.08						0.08				0.72	1.52	2.52					1.68						3.84							4.00	4.24	0.56																3.16		0.76	3.08		1.80		2.28	4.48							1.76					1.24													1.88	0.68			1.80								
47-4011.01			3.62	3.83			1.52	4.45		2.72	2.03		4.00				4.79			3.90			3.03	3.55	4.07	3.31						0.52				0.45	1.07	2.07					1.00						2.82							4.31	3.93	1.07																2.14		0.76	3.97		2.76		2.17	3.10							3.93					1.34													1.82	0.82			2.00								
47-4021.00			3.76	3.14			0.78	4.44		2.91	1.62		3.60				4.36			3.87			1.57	3.31	3.94	2.91						0.77				0.76	0.92	1.62					0.77						2.55							4.11	5.19	1.38																2.45		1.05	3.81		2.47		1.27	4.27							3.23					0.92													2.70	0.84			2.72								
47-4031.00			3.77	1.77			0.64	4.05		0.69	2.10		1.47				4.17			4.14			0.71	3.53	3.22	3.90						1.03				1.31	1.87	2.21					1.01						1.50							3.01	3.39	0.32																2.09		0.75	3.00		3.74		1.72	3.32							2.96					1.14													1.48	1.12			3.63								
47-4041.00			3.65	2.86			1.90	3.51		3.61	1.76		2.08				3.88			2.72			1.84	3.08	2.61	3.58						0.96				1.90	1.44	1.86					0.81						2.38							2.98	3.82	1.62																2.57		1.17	2.87		2.17		2.32	4.43							2.31					1.20													1.58	1.27			3.62								
47-4051.00			2.30	2.26			1.90	3.50		2.67	2.55		1.44				4.41			2.52			3.03	2.77	3.66	3.50						0.48				0.49	1.11	1.88					0.49						2.17							2.70	4.19	0.59																1.70		0.89	2.11		3.17		2.90	4.44							1.17					1.38													1.86	0.88			3.34								
47-4061.00			2.85	1.78			1.10	4.45		2.24	1.24		1.52				2.96			2.51			1.47	2.92	3.68	2.16						0.35				0.36	0.80	2.30					0.57						1.61							3.28	4.31	0.88																1.85		0.65	2.84		2.79		1.73	3.03							1.37					0.68													1.76	1.04			3.29								
47-4071.00			3.05	2.36			1.79	2.88		2.34	1.72		2.59				4.47			2.41			1.28	2.99	2.98	2.85						0.01				0.09	0.44	2.28					0.56						2.26							2.91	4.03	0.76																2.27		0.29	2.59		2.29		1.63	2.88							1.21					0.74													1.40	0.57			3.76								
47-4091.00			3.06	0.84			0.90	3.33		2.05	0.97		0.86				3.82			2.30			0.86	2.21	2.99	1.51						0.55				0.09	0.61	1.63					0.73						1.25							2.13	3.92	1.19																0.98		1.01	1.69		1.61		1.44	2.51							1.17					0.23													1.00	1.20			3.19								
47-4099.03			3.70	3.74			1.39	4.35		2.39	1.78		3.43				4.22			3.52			3.22	3.77	3.13	3.09						0.48				0.96	1.26	1.65					0.83						2.35							3.57	4.04	1.57																2.78		0.96	2.48		3.26		1.74	3.48							2.61					1.30													1.39	1.39			2.52								
47-5011.00			2.75	1.58			0.96	2.75		2.77	1.09		1.67				2.21			1.93			1.25	3.15	2.20	2.93						0.18				0.15	0.99	2.29					0.45						2.20							3.25	4.60	1.22																1.81		0.25	2.91		1.59		2.41	2.81							1.04					1.20													0.51	1.65			2.88								
47-5012.00			2.87	1.66			0.82	1.77		3.24	1.40		1.59				2.54			1.25			0.80	3.74	2.54	1.69						0.03				0.02	0.54	1.60					0.30						1.44							3.72	4.94	1.64																3.32		0.74	2.06		2.51		2.69	2.63							0.83					0.20													1.11	1.46			2.58								
47-5013.00			3.72	2.62			1.35	2.65		3.15	1.45		2.96				4.67			3.07			1.58	3.74	4.72	3.17						0.00				0.55	1.42	1.82					0.79						1.96							4.19	5.20	1.49																2.55		0.55	3.60		3.45		3.05	3.35							3.24					1.24													0.89	0.50			3.47								
47-5022.00			2.34	0.88			0.81	3.61		1.75	0.92		1.24				2.05			2.30			0.65	2.25	2.18	2.13						0.06				0.19	0.41	0.91					0.16						1.42							2.60	3.79	0.41																1.15		0.58	1.58		1.51		1.54	3.07							0.89					0.57													0.88	0.62			2.13								
47-5023.00			2.82	2.03			1.40	2.06		2.20	1.15		1.22				2.44			3.25			0.36	2.61	3.15	2.60						0.00				0.00	0.61	1.95					0.51						2.81							3.12	4.54	1.40																1.07		0.51	2.67		2.85		1.97	3.30							0.55					0.60													1.50	0.87			3.45								
47-5032.00			3.57	3.52			0.87	2.91		2.96	1.43		2.59				3.88			3.08			2.09	3.33	3.88	3.04						0.17				0.08	0.43	1.78					0.83						4.00							4.04	4.00	1.04																2.83		0.67	2.50		3.67		2.00	4.67							3.17					0.88													1.00	0.83			3.38								
47-5041.00			2.75	1.34			0.93	2.70		1.76	1.87		1.47				1.41			2.47			0.88	3.91	2.70	2.42						0.02				0.27	0.10	1.73					0.48						3.40							2.79	4.69	1.21																2.00		0.10	2.15		3.72		1.72	2.71							1.10					0.75													1.96	0.66			3.03								
47-5043.00			2.09	1.65			0.53	1.64		1.53	1.39		1.99				2.08			2.25			1.24	3.68	2.53	2.41						0.00				0.09	0.18	1.76					0.15						3.14							1.69	3.95	0.82																1.41		0.07	1.56		3.79		1.03	3.51							1.75					0.35													1.08	0.80			2.10								
47-5044.00			2.12	0.79			0.45	1.50		1.73	0.91		0.99				1.08			2.20			0.94	3.51	2.60	2.79						0.00				0.31	0.58	2.25					0.27						2.71							1.89	4.01	1.55																1.22		0.53	1.74		2.65		1.60	2.88							0.93					0.74													1.00	0.94			2.35								
47-5051.00			2.42	1.79			1.55	1.91		2.13	0.77		1.54				2.95			1.70			2.01	3.16	2.43	2.68						0.29				1.45	1.65	1.28					0.87						1.67							2.45	2.94	2.10																2.14		1.64	2.64		3.39		1.35	2.22							1.79					1.84													1.87	1.90			2.48								
47-5071.00			2.41	1.82			0.66	2.80		2.30	0.61		1.82				3.03			2.27			0.95	2.23	2.48	2.25						0.10				0.13	0.13	1.11					0.10						0.33							3.25	5.01	0.13																1.13		0.14	2.65		2.85		0.81	1.77							0.79					0.15													0.55	0.09			2.73								
47-5081.00			2.63	1.65			1.00	2.49		2.22	1.21		1.59				2.94			1.55			1.68	2.61	2.86	2.71						0.00				0.26	0.52	1.38					0.03						1.94							2.82	4.44	0.80																1.92		0.00	2.46		2.93		1.25	3.32							1.75					0.43													0.82	0.37			3.31								
49-1011.00			4.42	3.57			1.18	1.76		2.79	2.13		3.70				4.36			2.36			2.31	3.21	3.25	3.30						0.06				0.02	1.08	0.48					0.17						1.01							3.66	4.63	0.21																3.61		0.26	2.13		3.49		2.52	2.79							2.18					1.15													1.61	1.09			2.28								
49-2011.00			1.39	1.46			0.09	0.92		0.33	1.35		5.30				3.90			1.33			0.76	2.33	3.34	2.60						0.02				0.06	0.07	0.72					0.02						0.27							1.88	3.86	0.06																0.84		0.02	1.60		1.61		0.73	1.13							1.38					0.12													1.92	0.03			1.52								
49-2021.00			4.14	3.14			0.57	2.77		1.60	3.13		4.36				4.90			2.88			1.53	3.64	3.88	3.25						0.35				0.08	0.62	2.44					0.87						1.60							3.64	4.11	1.08																2.55		1.11	2.87		2.27		1.36	3.57							1.89					0.73													4.60	0.88			2.11								
49-2022.00			3.26	3.06			0.82	1.74		0.88	2.45		4.55				4.76			2.31			1.02	3.16	3.46	3.45						0.25				0.26	0.43	2.24					0.46						1.81							3.31	3.69	0.42																1.98		0.30	1.80		2.79		1.59	3.19							3.13					1.03													4.44	0.78			2.21								
49-2091.00			2.61	2.96			0.38	0.86		3.12	1.61		5.32				3.93			3.98			1.28	3.46	4.25	4.33						0.47				0.11	1.01	1.44					0.47						2.42							3.94	5.73	0.43																1.50		0.94	3.09		2.99		1.35	3.39							1.64					0.89													3.49	0.54			3.07								
49-2092.00			2.89	1.94			0.00	2.00		2.40	1.10		2.50				2.51			2.58			0.93	3.32	2.95	2.67						0.19				0.77	0.16	0.83					0.63						1.28							3.17	5.05	0.62																1.11		0.45	2.61		3.35		1.23	2.47							1.63					0.23													0.95	0.83			1.89								
49-2093.00			3.01	3.22			0.66	2.53		2.18	2.10		4.94				3.52			4.13			2.17	4.06	4.67	4.11						0.90				0.38	1.36	2.09					0.84						2.84							4.33	4.53	0.76																2.24		1.25	3.13		3.65		2.91	4.29							0.92					1.55													3.97	1.03			3.36								
49-2094.00			3.78	2.90			0.99	2.32		3.31	2.46		5.07				3.98			3.86			1.25	4.36	4.25	3.39						0.29				0.24	0.49	0.83					0.60						1.59							3.82	5.42	0.69																1.81		0.82	3.12		4.20		2.38	2.28							0.91					0.97													2.83	0.74			2.22								
49-2095.00			3.04	2.36			1.09	4.02		2.89	1.39		4.14				3.33			4.06			0.96	3.62	4.46	3.81						0.00				0.00	0.27	1.14					0.31						2.47							4.74	5.47	1.55																2.27		0.35	4.23		2.31		2.84	4.08							0.21					1.57													3.25	1.04			2.16								
49-2096.00			2.92	1.50			0.02	1.96		1.90	1.43		4.35				3.09			3.22			0.92	3.35	3.63	2.92						0.41				0.00	0.87	0.10					0.41						0.80							4.18	4.83	0.39																1.31		0.55	1.98		1.06		0.51	2.14							2.41					0.51													1.54	0.29			1.86								
49-2097.00			3.35	2.45			0.06	3.23		0.44	2.42		4.67				4.23			2.79			0.75	2.37	3.37	2.98						0.35				0.05	0.66	0.98					0.39						0.56							3.36	3.89	0.07																0.91		0.55	1.91		2.48		1.18	1.62							2.52					0.83													3.35	0.54			1.49								
49-2098.00			2.34	1.91			0.00	3.85		0.83	2.06		4.25				4.72			2.51			1.10	3.13	3.06	3.21						0.01				0.02	0.72	0.53					0.00						1.83							2.77	3.66	0.05																1.08		0.03	1.96		2.93		0.61	4.18							1.80					0.06													4.55	0.02			0.95								
49-3011.00			2.26	2.67			0.18	1.20		3.82	1.29		3.34				2.92			3.38			0.86	3.39	3.97	3.62						0.07				0.04	0.38	1.60					0.75						2.98							3.46	6.45	0.46																1.58		0.23	3.19		3.38		1.48	3.99							0.95					0.68													1.96	0.50			3.94								
49-3021.00			2.25	0.50			0.11	2.00		2.58	0.75		2.37				2.70			1.81			0.43	2.91	3.00	3.60						0.70				0.00	0.79	0.29					0.00						1.57							3.29	4.10	0.00																0.76		0.00	2.07		2.68		0.90	2.06							0.91					0.11													0.70	0.37			3.10								
49-3022.00			2.91	3.30			0.06	0.35		1.64	1.15		2.27				4.15			1.60			1.97	2.63	2.17	2.91						0.00				0.00	0.29	1.50					0.00						0.56							2.22	3.57	0.70																2.14		0.05	1.53		2.05		1.38	2.38							2.61					0.07													1.19	0.99			2.05								
49-3023.00			2.52	2.39			0.21	1.25		2.63	1.02		3.61				3.13			1.45			0.98	2.45	3.05	2.76						0.06				0.15	0.32	0.49					0.12						1.24							2.58	6.28	0.34																0.79		0.09	2.51		1.69		0.52	2.05							1.47					0.23													1.31	0.44			2.82								
49-3031.00			2.62	1.38			2.07	2.94		3.20	1.90		3.63				2.97			2.54			1.31	4.19	3.08	3.49						0.62				1.09	0.26	1.43					0.64						2.04							3.09	6.02	0.48																1.55		0.72	3.22		2.76		2.37	3.20							1.10					0.88													1.81	1.08			4.39								
49-3041.00			2.04	2.26			0.57	1.80		2.15	0.75		4.61				3.29			2.93			0.39	1.68	3.99	3.27						0.03				1.14	1.18	1.53					0.57						0.60							3.80	6.24	0.25																0.56		0.08	4.00		2.74		0.97	0.75							1.47					0.17													0.92	0.44			1.69								
49-3042.00			1.43	1.98			0.36	2.76		2.29	0.79		3.45				3.17			2.69			0.31	2.09	3.06	2.39						0.00				0.53	0.12	1.08					0.25						1.66							3.48	6.23	0.21																0.80		0.27	3.01		2.08		1.05	2.80							0.99					0.26													0.69	0.19			2.89								
49-3043.00			2.96	1.86			0.10	4.42		1.01	1.00		1.91				2.72			3.71			1.50	2.62	4.18	2.35						0.02				0.46	0.56	0.54					0.06						1.46							2.92	5.10	0.66																1.33		0.48	2.48		2.87		1.01	2.71							0.69					0.43													0.88	0.35			3.27								
49-3051.00			3.05	2.76			1.18	2.81		2.97	1.49		3.84				4.42			3.16			1.45	3.33	3.80	3.14						0.17				0.34	0.18	1.46					0.31						2.04							3.42	6.26	0.28																1.70		0.34	3.44		2.60		1.72	2.36							2.32					0.97													1.56	0.52			3.34								
49-3052.00			2.11	1.51			0.50	0.74		1.83	1.26		3.58				3.32			2.11			0.49	3.32	2.02	3.51						0.09				0.29	0.59	0.81					0.09						1.81							3.34	6.40	0.11																1.92		0.37	2.83		2.36		0.51	2.01							2.29					0.59													1.02	0.13			1.95								
49-3053.00			2.69	1.94			1.09	1.92		2.84	2.01		2.84				3.53			3.19			1.57	2.98	3.36	3.32						0.00				0.39	0.46	1.85					0.84						2.33							2.59	5.61	0.64																1.75		0.76	3.32		2.17		1.65	2.26							2.94					1.60													1.18	1.17			3.14								
49-3091.00			3.42	3.56			0.01	3.51		2.00	1.95		3.07				4.31			3.16			1.05	3.57	3.77	3.55						0.40				0.35	0.80	1.24					1.15						1.70							3.75	5.74	0.01																1.42		0.02	2.67		2.74		0.87	1.59							3.63					0.98													0.83	0.02			2.59								
49-3092.00			3.29	1.97			1.10	4.55		1.99	1.47		2.77				3.48			2.66			1.12	4.19	3.37	3.49						0.02				0.03	0.14	0.79					0.82						1.41							2.78	4.83	0.80																1.96		0.59	2.54		2.45		1.33	2.10							2.47					0.24													1.90	0.77			2.25								
49-3093.00			2.77	1.84			0.23	1.47		1.63	1.14		2.71				3.44			1.49			0.96	2.74	2.51	2.53						0.19				0.32	0.78	0.60					0.40						2.03							2.57	4.30	0.30																1.71		0.38	1.36		2.80		1.16	2.29							3.28					0.57													1.37	0.38			2.55								
49-9011.00			2.28	1.03			0.09	4.40		0.70	0.76		2.49				4.13			3.12			0.59	2.73	3.55	3.05						0.13				0.08	0.22	0.74					0.08						1.33							3.30	4.66	0.38																1.34		0.16	2.38		2.21		0.73	2.90							2.13					0.20													0.84	0.19			1.85								
49-9012.00			3.37	2.65			1.45	3.37		3.15	1.43		4.00				3.96			3.57			1.72	3.21	4.22	2.96						0.03				0.19	0.66	1.57					0.60						2.65							3.81	5.12	0.96																1.80		0.55	3.33		3.23		1.98	3.99							1.35					0.57													2.01	0.77			2.03								
49-9021.00			3.54	2.33			1.24	4.97		3.49	1.93		3.85				4.85			4.05			1.19	3.54	4.34	3.05						0.00				1.88	0.90	1.11					0.55						2.32							4.06	5.93	0.89																1.72		0.79	4.01		2.40		1.97	3.58							3.02					0.56													2.50	1.03			2.83								
49-9031.00			3.21	3.79			0.79	1.32		2.06	1.06		4.18				4.73			1.99			1.78	2.98	3.10	2.90						0.00				0.54	1.03	1.92					0.00						1.20							2.86	4.40	0.27																2.26		0.39	2.22		2.04		1.94	1.68							2.91					0.80													0.82	0.48			1.99								
49-9041.00			1.97	1.16			0.58	2.45		2.47	0.97		3.27				1.71			3.04			0.72	3.11	3.57	3.07						0.50				1.11	0.51	0.62					0.31						0.74							3.10	4.86	0.56																0.99		0.88	2.83		2.97		1.48	2.50							0.78					0.64													1.25	0.66			1.20								
49-9043.00			3.16	2.19			0.54	2.19		2.46	1.64		2.43				1.70			3.64			0.65	3.44	2.86	3.37						0.10				0.10	0.48	0.76					0.46						2.08							3.00	5.82	0.18																1.21		0.54	2.31		3.45		1.72	2.63							0.48					0.45													1.30	0.76			0.88								
49-9044.00			4.05	2.41			1.55	5.55		2.95	2.19		3.27				3.09			4.27			1.59	4.55	4.68	3.77						0.41				2.32	1.41	1.50					0.50						2.41							4.73	6.55	0.86																2.86		1.32	4.05		3.73		2.64	3.73							2.00					1.36													2.05	1.29			3.09								
49-9045.00			1.48	0.77			0.38	1.91		2.07	1.10		1.22				1.35			2.21			0.08	2.38	2.18	2.82						0.02				0.22	0.02	0.48					0.22						1.20							2.57	4.27	0.23																0.92		0.07	1.10		2.50		0.43	2.44							0.44					0.27													0.48	0.01			1.30								
49-9051.00			2.83	1.69			0.68	4.41		1.58	2.24		2.03				3.62			3.75			1.21	3.74	3.56	3.09						0.35				0.00	0.46	2.11					0.41						1.73							2.99	3.96	1.17																1.67		0.48	2.57		2.08		1.89	3.03							1.02					0.60													1.79	1.49			3.18								
49-9052.00			2.71	1.87			0.24	2.54		1.17	2.77		3.96				4.35			2.98			0.92	3.60	2.77	3.78						0.01				0.11	0.91	1.37					0.16						1.15							2.95	3.47	0.20																1.72		0.48	1.70		2.63		1.08	3.63							2.32					0.24													5.54	0.79			2.39								
49-9061.00			2.38	2.88			0.00	0.66		1.67	1.97		4.25				4.16			2.41			1.75	3.65	3.23	3.45						1.22				0.26	0.87	0.72					0.62						1.53							2.95	4.59	0.22																2.60		0.76	1.23		2.56		1.57	1.38							3.10					0.75													1.44	0.18			1.18								
49-9062.00			2.16	2.20			1.25	2.37		2.60	1.12		4.34				4.36			2.53			0.93	2.09	3.37	2.76						0.11				0.37	0.48	1.42					0.55						1.75							3.02	4.75	1.57																1.27		0.99	2.53		2.83		0.85	2.19							1.75					0.68													1.71	0.49			1.77								
49-9063.00			3.14	3.09			0.64	1.59		2.82	2.14		3.32				4.48			2.77			2.36	3.05	3.45	3.14						3.50				0.00	0.59	0.82					0.95						1.32							2.59	4.77	0.50																1.25		0.29	2.73		2.50		2.50	2.09							3.95					0.86													1.05	0.50			2.36								
49-9064.00			3.81	4.01			0.01	0.68		1.75	1.56		3.38				3.82			2.52			2.81	3.41	3.12	3.28						0.47				0.00	1.02	1.59					1.37						1.50							2.89	4.64	0.06																2.79		1.34	2.51		3.61		2.03	1.43							3.05					0.66													0.39	0.10			1.05								
49-9071.00			1.86	1.48			0.55	4.43		1.92	1.46		2.08				3.11			2.59			0.95	2.16	2.51	3.40						0.09				0.40	0.23	0.80					0.19						1.45							2.93	4.37	0.50																1.17		0.50	1.67		3.27		1.20	2.58							0.79					0.59													1.34	0.40			1.87								
49-9081.00			3.07	3.79			0.55	4.18		2.37	1.31		4.90				2.53			2.73			1.94	3.88	4.10	3.63						0.23				0.55	1.35	2.21					0.83						1.91							3.72	5.86	1.80																2.40		0.73	3.60		2.85		2.40	3.87							1.36					0.65													2.90	0.98			2.84								
49-9091.00			2.52	2.72			0.97	1.80		1.47	1.21		3.95				3.66			1.70			1.83	2.20	2.72	2.58						0.17				1.52	0.56	0.65					0.85						1.48							2.41	4.19	1.06																2.25		1.25	1.72		2.33		2.06	1.95							2.06					0.87													1.06	1.37			1.78								
49-9092.00			2.34	1.87			2.15	4.50		2.62	1.14		2.00				3.45			3.03			0.70	3.07	3.45	2.78						0.00				0.00	0.15	2.89					0.40						2.00							3.28	5.01	2.64																1.98		0.23	4.33		2.30		2.21	3.31							1.44					0.31													1.50	1.30			2.38								
49-9094.00			3.68	3.31			0.27	3.38		1.65	2.42		3.65				4.42			3.15			3.12	3.69	3.15	3.31						0.19				0.35	0.92	1.08					0.88						3.00							3.42	4.92	0.46																2.73		0.60	2.23		2.19		1.62	3.92							3.73					0.77													2.19	1.00			2.35								
49-9095.00			3.20	1.21			1.40	5.18		2.76	1.63		1.66				4.24			4.85			1.23	3.65	4.13	3.39						1.20				1.21	1.40	2.36					1.20						3.77							3.71	4.45	2.02																2.93		1.21	3.00		3.08		2.67	4.86							2.44					1.79													2.12	2.23			4.38								
49-9096.00			3.59	2.42			1.09	4.42		2.05	2.02		3.30				3.85			3.84			1.66	3.71	3.69	3.28						0.57				0.65	0.56	1.94					0.94						1.63							3.56	4.31	1.06																2.18		0.54	2.90		3.39		2.33	3.54							2.47					1.47													1.39	0.95			2.79								
49-9097.00			1.78	1.04			0.00	4.40		1.66	1.92		3.20				1.42			3.10			0.62	2.64	3.86	3.06						0.00				0.02	0.00	1.40					0.25						2.80							3.09	4.77	0.72																1.09		0.27	1.50		2.30		1.22	4.07							0.25					0.82													2.94	0.60			3.44								
49-9098.00			2.52	2.30			0.72	4.01		2.37	1.20		3.31				4.09			3.85			1.50	2.37	4.28	3.11						0.00				0.79	0.43	0.62					0.28						1.30							3.48	5.20	0.59																2.18		0.22	3.57		3.26		1.43	3.60							1.39					0.51													1.65	1.48			1.64								
49-9099.01			3.81	3.15			1.56	3.76		4.14	2.41		4.02				1.52			4.13			1.45	4.17	4.12	3.85						0.00				0.11	0.36	1.93					1.02						2.76							3.97	5.40	1.89																2.03		0.82	4.42		3.48		1.64	3.80							0.95					0.23													3.52	0.56			2.16								
51-1011.00			4.06	3.40			0.71	2.15		2.15	1.96		3.82				2.95			2.88			2.00	3.90	3.77	3.48						0.16				1.23	0.72	0.67					0.67						1.39							3.71	3.46	0.73																4.02		1.37	1.56		4.60		2.89	2.78							2.10					1.44													1.00	1.43			2.06								
51-2011.00			2.75	1.59			0.67	1.73		2.34	1.61		2.72				2.85			3.13			1.61	3.79	2.90	3.15						0.52				0.48	0.75	1.89					0.58						1.73							3.13	3.76	1.06																2.17		0.50	1.93		3.60		1.58	2.91							1.42					0.65													1.17	1.18			2.10								
51-2021.00			4.35	2.27			0.92	1.93		2.83	1.90		3.39				2.28			3.69			1.81	4.26	3.13	4.43						0.90				0.91	1.70	1.10					1.12						2.24							4.22	4.34	1.59																2.15		0.76	3.37		4.17		2.13	1.81							1.79					1.63													0.93	1.55			2.22								
51-2022.00			1.47	0.59			0.00	0.54		1.28	0.21		2.13				1.20			2.73			0.13	1.87	1.80	2.29						0.00				0.00	0.00	0.00					0.00						0.22							2.13	3.29	0.57																0.63		0.01	1.15		2.63		0.08	1.56							0.27					0.06													0.25	0.06			0.82								
51-2023.00			1.21	0.99			0.52	1.20		1.44	1.24		3.63				1.34			2.55			0.43	2.49	3.20	2.87						0.32				0.39	0.72	0.43					0.38						0.71							2.71	3.69	0.38																0.70		0.40	1.47		3.01		0.45	2.07							0.68					0.44													1.47	0.52			0.81								
51-2031.00			2.94	1.61			0.03	1.99		1.76	0.82		2.44				3.82			2.66			1.15	3.31	3.14	2.64						0.00				0.22	0.50	0.55					0.03						1.69							2.93	4.73	0.25																1.53		0.81	1.82		3.76		1.15	2.71							1.67					0.32													0.28	0.35			2.02								
51-2041.00			2.35	1.37			0.16	2.04		1.00	1.02		2.06				1.92			2.92			1.23	2.85	2.36	2.46						0.17				0.26	0.49	0.33					0.07						0.50							3.25	3.42	0.34																1.28		0.10	1.67		2.93		0.63	2.44							0.92					0.14													0.31	0.42			1.00								
51-2051.00			4.19	2.98			0.98	2.78		3.67	1.27		1.68				3.18			1.97			1.93	4.12	2.39	3.32						0.70				0.55	0.95	1.15					0.39						1.58							2.67	2.98	0.82																1.70		0.57	1.73		3.92		1.69	2.05							1.88					1.59													0.87	0.67			1.01								
51-2061.00			1.45	0.95			0.00	1.41		1.05	0.69		2.04				2.47			1.46			0.44	3.24	3.51	1.96						0.00				0.00	0.25	0.09					0.00						0.31							3.21	4.64	0.00																1.14		0.00	1.84		3.27		1.64	1.28							1.18					0.56													0.29	0.00			0.77								
51-2092.00			3.05	2.21			0.56	2.14		1.66	2.08		3.75				2.38			3.23			1.00	4.08	3.76	3.45						0.32				0.38	0.79	0.83					0.41						1.20							3.09	4.30	0.86																1.89		1.05	2.16		4.09		2.05	3.25							2.04					1.25													1.86	0.64			1.70								
51-3011.00			2.26	1.87			0.53	0.90		1.96	1.37		2.15				3.58			1.97			0.97	2.75	1.68	2.61						1.09				3.99	1.33	0.57					0.89						1.37							2.88	1.55	0.34																1.67		1.00	1.67		4.26		1.16	2.04							2.30					0.89													1.12	0.67			1.38								
51-3021.00			2.15	1.71			0.94	0.66		1.35	1.06		1.59				3.84			1.01			0.96	2.06	0.99	2.07						0.05				4.14	0.44	0.44					0.14						0.84							2.25	2.39	0.37																1.58		0.50	0.47		3.29		1.45	1.36							2.65					0.34													0.35	0.45			0.77								
51-3022.00			3.47	3.20			3.07	2.95		3.55	1.97		2.90				3.44			1.82			2.89	2.87	2.65	2.95						1.37				5.12	2.05	1.79					1.66						2.57							4.15	4.16	3.45																3.46		1.06	1.48		4.53		1.95	3.36							3.03					1.76													1.17	2.02			3.43								
51-3023.00			2.05	2.00			1.84	1.20		1.52	0.40		1.78				3.61			1.29			1.23	1.36	1.92	2.53						0.00				4.05	1.10	0.73					1.05						2.29							2.56	1.96	0.85																1.50		0.42	1.11		3.13		0.86	2.32							2.29					0.90													0.21	0.56			1.08								
51-3091.00			1.50	1.02			1.00	0.75		0.96	0.98		1.25				1.54			0.91			0.55	2.23	1.64	2.74						0.25				2.83	0.42	0.96					0.02						1.35							1.91	2.24	0.57																0.85		0.08	1.10		3.34		0.73	2.76							1.29					0.67													0.57	0.62			1.20								
51-3092.00			3.54	3.24			2.32	1.02		3.39	1.87		3.13				3.01			1.82			1.78	3.74	2.78	3.51						0.25				4.19	0.84	1.32					0.26						2.35							3.04	3.13	0.71																1.82		0.74	2.57		3.86		2.38	4.02							1.46					1.87													1.02	1.05			1.58								
51-3093.00			3.23	1.58			0.37	0.86		2.61	1.35		2.93				1.46			0.86			0.76	3.02	0.87	2.89						0.00				3.39	0.80	0.00					0.27						0.66							1.93	3.24	0.43																1.99		0.27	0.37		4.59		1.59	2.32							0.79					0.67													0.65	0.00			0.73								
51-4021.00			2.88	1.56			0.11	0.26		0.85	0.44		2.62				1.87			1.63			0.91	1.94	1.87	2.87						0.42				0.11	0.62	0.17					0.49						0.60							2.94	2.03	0.41																1.17		0.51	0.43		4.20		0.21	1.95							0.87					0.59													0.57	0.40			1.30								
51-4022.00			3.58	2.63			0.67	2.21		2.28	1.91		3.01				2.81			3.13			1.05	3.59	3.42	2.72						0.67				1.14	0.88	0.55					0.65						1.49							3.66	4.32	0.94																1.81		0.55	2.20		4.41		1.69	2.30							1.68					0.78													0.94	1.04			2.38								
51-4023.00			2.85	0.93			0.30	1.23		2.24	1.48		2.35				3.50			1.35			0.77	3.45	2.46	3.78						0.00				0.76	0.62	0.29					0.12						0.71							2.51	4.53	0.46																1.64		0.45	1.54		4.31		0.40	2.62							0.82					0.58													1.63	0.53			1.85								
51-4031.00			0.99	0.75			0.21	0.64		1.13	0.06		1.53				0.53			2.18			0.64	1.56	2.33	1.77						0.00				0.20	0.07	0.00					0.00						0.28							2.22	2.94	0.03																0.52		0.00	1.28		2.13		0.44	1.08							0.85					0.02													0.04	0.01			1.07								
51-4032.00			3.03	2.30			0.59	2.36		2.42	1.13		3.49				2.49			3.75			0.70	3.70	4.09	3.80						0.03				0.00	0.35	0.36					0.42						1.10							4.84	5.56	0.35																1.49		0.65	2.96		4.32		0.96	2.17							0.99					0.48													0.60	0.64			1.58								
51-4033.00			3.20	1.99			0.27	1.25		2.22	0.77		2.69				1.45			2.16			0.56	1.82	1.95	2.65						0.18				0.26	0.58	0.23					0.21						0.54							2.74	3.39	0.52																0.93		0.48	1.12		3.46		0.97	1.52							0.81					0.33													0.38	0.39			1.25								
51-4034.00			3.92	3.82			0.98	2.32		2.02	0.89		3.35				2.79			3.00			2.24	3.34	3.75	3.34						0.70				0.79	0.63	0.98					0.70						1.67							3.83	4.30	1.07																2.88		0.61	2.25		4.29		1.40	2.82							2.03					0.91													0.99	1.18			0.99								
51-4035.00			3.33	2.33			0.98	2.40		1.96	1.41		3.79				2.28			3.12			1.94	3.26	3.66	2.70						0.56				0.59	1.37	1.20					0.56						0.82							3.68	4.32	0.67																2.12		0.92	2.57		4.01		1.15	2.34							1.59					0.99													1.22	0.72			1.14								
51-4041.00			1.89	1.46			0.46	1.27		1.43	0.69		2.49				2.27			3.37			0.54	2.58	2.98	2.00						0.37				0.04	0.57	0.11					0.03						0.52							3.54	3.90	0.07																1.13		0.48	1.85		3.03		0.51	1.09							0.58					0.53													0.61	0.11			1.37								
51-4051.00			3.72	2.19			0.58	0.84		2.91	0.91		2.26				2.46			1.20			1.46	3.53	2.90	2.58						0.04				0.04	1.01	0.71					0.31						0.85							3.11	3.92	0.22																1.61		0.72	2.63		4.08		1.47	2.84							1.85					0.53													1.52	0.44			1.74								
51-4052.00			1.41	0.82			0.11	0.77		1.39	0.66		1.22				0.89			1.20			0.52	2.51	1.44	1.97						0.09				0.00	0.34	0.07					0.03						0.57							1.76	2.30	0.04																0.95		0.14	1.13		2.39		0.43	1.26							0.56					0.24													0.55	0.04			1.32								
51-4061.00			2.17	1.62			0.05	1.70		2.61	0.59		3.68				1.92			3.63			1.59	2.35	3.53	2.05						0.53				0.10	0.09	0.21					0.02						0.07							3.94	4.64	0.08																1.49		0.02	1.27		3.58		0.58	0.72							2.57					0.06													0.21	0.04			1.80								
51-4062.00			2.50	2.48			0.01	0.33		1.49	0.34		2.48				3.28			3.51			1.50	2.87	3.91	2.70						0.04				0.00	0.00	0.00					0.00						0.53							3.74	4.52	0.00																1.37		0.34	2.61		4.31		0.34	1.43							0.99					0.00													0.37	0.00			1.64								
51-4071.00			3.03	2.66			0.95	3.05		3.48	1.70		1.54				2.36			3.18			2.28	4.01	3.30	2.94						0.92				1.02	1.22	1.21					0.99						1.07							3.01	4.05	1.45																2.30		1.73	3.27		3.87		2.47	2.56							1.91					2.00													1.78	0.95			1.60								
51-4072.00			2.36	1.00			0.23	0.36		2.42	0.76		2.07				1.62			1.71			0.28	2.63	2.55	2.50						0.02				0.25	0.26	0.17					0.14						0.52							2.85	3.82	0.63																0.88		0.21	2.42		3.25		1.81	1.50							0.36					0.44													0.36	0.56			0.42								
51-4081.00			2.55	1.54			0.62	1.10		1.39	0.96		2.26				3.07			3.17			0.66	3.30	2.85	3.19						0.00				0.00	0.43	0.03					0.42						0.81							3.50	4.29	0.41																1.74		0.58	2.03		3.51		2.45	1.65							1.00					1.02													0.85	0.95			1.41								
51-4111.00			2.46	2.03			0.19	0.69		0.95	0.77		3.04				2.03			3.75			0.82	3.12	3.46	2.93						0.00				0.00	0.23	0.15					0.00						0.48							3.81	5.16	0.19																1.26		0.15	1.92		3.40		0.50	1.98							0.35					0.34													0.66	0.15			0.97								
51-4121.00			2.16	1.41			0.20	2.05		1.56	0.61		1.67				2.10			2.59			0.36	2.58	2.71	2.25						0.04				0.04	0.40	0.14					0.07						0.90							2.21	3.18	0.50																1.13		0.24	1.81		3.36		1.40	1.90							0.84					0.56													0.19	0.28			0.68								
51-4122.00			4.52	2.36			0.03	1.89		1.26	1.09		2.27				3.35			3.12			1.26	2.49	2.96	2.76						0.02				0.42	0.55	0.15					0.20						0.74							2.25	3.39	0.31																2.36		0.20	1.87		3.41		0.13	3.04							1.88					0.09													0.56	0.31			1.30								
51-4191.00			2.35	1.25			0.55	1.12		3.16	1.49		1.95				2.51			2.38			0.65	3.12	2.50	2.23						0.02				0.32	0.34	0.55					0.02						1.06							3.15	2.75	0.55																1.01		0.73	2.21		4.22		1.78	1.97							1.08					0.43													0.54	0.44			1.25								
51-4192.00			2.72	1.97			0.59	4.18		1.72	1.42		3.07				3.19			4.55			1.02	3.27	4.14	3.71						0.11				0.47	0.25	1.32					0.12						1.21							4.18	4.01	0.41																1.90		0.63	2.30		3.40		1.71	2.47							1.63					0.78													1.17	0.19			2.30								
51-4193.00			3.25	1.93			1.17	2.29		3.36	1.52		2.68				2.09			2.88			1.68	3.73	3.22	3.06						0.08				0.08	0.26	1.15					1.10						2.05							3.63	3.25	1.24																2.58		0.12	3.16		5.04		1.67	2.53							1.83					1.28													1.40	0.43			2.18								
51-4194.00			2.44	2.03			0.73	0.68		1.93	1.09		1.99				2.48			2.53			1.40	3.22	2.73	3.02						0.45				0.68	0.79	0.85					0.52						1.47							3.89	4.16	0.61																1.62		0.31	1.56		3.23		1.08	1.75							1.79					0.63													0.34	0.48			1.59								
51-5111.00			2.85	3.72			0.07	0.56		1.47	3.09		4.79				3.23			3.91			0.87	2.65	2.02	3.72						1.99				0.00	0.27	0.63					0.21						0.83							3.22	2.13	0.16																1.24		0.16	0.55		3.35		0.86	1.14							2.14					0.69													1.19	0.23			0.87								
51-5112.00			2.05	1.03			0.00	0.37		2.52	0.48		2.87				2.57			1.10			0.36	2.20	1.68	2.72						0.24				0.19	0.01	0.07					0.00						0.38							2.17	4.28	0.01																0.72		0.04	0.59		3.63		0.32	1.88							0.95					0.01													0.10	0.02			0.27								
51-5113.00			3.04	2.40			0.06	0.50		1.16	0.79		2.34				2.76			1.65			1.15	2.48	1.52	2.71						0.25				0.34	0.29	0.58					0.17						0.60							2.91	3.25	0.19																1.96		0.28	0.90		3.09		1.35	1.12							1.58					0.34													0.56	0.24			0.72								
51-6011.00			2.42	1.53			0.63	0.17		2.16	1.17		2.12				2.62			0.80			1.01	2.00	1.15	2.43						0.28				0.90	1.11	0.31					0.15						1.61							1.95	1.49	0.40																1.01		0.77	0.73		2.55		1.33	2.84							0.59					1.58													0.69	1.03			1.41								
51-6021.00			2.18	0.87			0.00	0.55		1.29	0.85		1.45				2.07			0.49			0.84	2.75	1.20	1.95						0.31				0.41	0.68	0.74					0.58						0.96							1.23	1.75	0.34																1.66		0.36	0.92		2.30		0.94	2.16							2.10					0.57													0.22	0.99			0.87								
51-6031.00			1.19	0.70			0.13	0.53		0.54	0.60		1.32				1.39			0.79			0.25	1.75	0.29	2.42						0.18				0.21	0.28	0.25					0.28						0.51							1.84	1.35	0.38																0.87		0.23	0.40		1.72		0.87	1.55							0.62					0.43													0.40	0.31			0.84								
51-6041.00			2.12	0.49			0.48	0.67		1.50	0.19		0.61				2.31			1.59			1.78	2.32	1.89	1.66						0.00				0.28	0.01	0.36					0.00						0.82							1.16	2.70	0.09																1.17		0.66	0.42		3.26		1.14	1.51							2.79					0.19													0.32	0.09			0.86								
51-6042.00			2.94	2.11			0.52	0.73		1.28	1.16		1.38				2.77			2.04			0.57	3.50	2.39	1.72						0.73				0.62	0.55	0.73					0.73						1.15							1.79	1.77	0.12																2.25		0.46	0.67		3.19		1.32	1.78							1.40					0.94													1.25	0.94			1.01								
51-6051.00			3.15	1.76			0.30	0.28		0.58	0.73		0.90				2.59			1.39			1.49	2.43	0.36	1.65						0.46				0.18	0.83	0.22					0.15						0.73							1.80	1.90	0.24																1.31		1.14	0.28		1.08		0.94	0.85							1.65					0.28													0.58	0.22			0.79								
51-6052.00			3.28	3.01			0.42	0.57		0.74	1.83		1.27				4.70			3.57			2.84	2.26	1.55	3.57						0.58				0.42	0.92	0.07					0.40						0.62							2.81	1.90	0.61																2.50		0.78	0.72		3.19		1.43	1.58							2.94					0.84													0.94	0.78			0.84								
51-6061.00			1.47	0.92			0.06	0.53		1.58	0.59		1.32				2.22			0.81			0.62	2.58	1.00	1.55						0.00				0.04	0.05	0.06					0.00						0.41							1.99	2.31	0.00																1.13		0.35	0.65		3.42		0.77	2.06							0.68					0.32													0.48	0.00			0.27								
51-6062.00			2.29	1.85			0.29	1.90		0.90	0.35		1.90				1.13			2.03			0.63	2.20	1.87	1.70						0.00				0.25	0.37	0.53					0.00						0.95							2.80	3.05	0.29																0.51		0.51	1.24		2.71		1.02	1.49							0.57					0.74													0.35	0.73			0.74								
51-6063.00			1.75	0.89			0.00	0.08		1.15	0.46		2.03				1.03			1.29			0.44	2.35	1.40	2.90						0.03				0.00	0.17	0.05					0.10						0.18							1.54	2.51	0.33																1.16		0.34	0.51		3.70		0.38	2.14							1.08					0.06													0.46	0.19			0.12								
51-6064.00			3.33	2.00			0.01	0.88		0.50	1.04		2.62				2.73			1.25			1.88	2.19	2.37	2.26						0.01				0.77	1.02	0.45					0.01						0.46							3.02	3.16	0.40																3.11		0.98	1.18		4.75		1.52	2.74							2.35					1.21													0.22	1.20			2.09								
51-6091.00			2.30	1.85			0.55	0.81		1.70	1.08		1.82				2.39			1.64			1.26	2.72	1.96	2.82						0.60				0.74	1.15	0.43					0.48						1.21							3.05	3.58	0.93																1.57		1.09	1.28		3.51		1.72	2.37							1.16					1.20													1.41	1.00			1.45								
51-6092.00			3.02	2.83			0.36	0.40		0.93	1.08		3.14				1.56			4.39			0.53	3.50	2.99	4.01						1.59				0.00	1.73	0.38					0.61						0.78							3.98	2.90	0.00																0.95		0.68	1.37		3.64		1.82	1.05							1.45					1.28													0.87	0.91			1.23								
51-6093.00			1.89	0.86			0.50	2.10		1.19	1.34		1.19				2.78			2.85			0.41	2.25	1.58	1.85						0.12				0.13	0.68	0.18					0.35						0.63							2.51	2.65	0.37																2.15		0.36	0.61		3.24		0.52	1.37							1.05					0.06													0.63	0.52			1.03								
51-7011.00			1.94	1.09			0.69	4.34		1.43	0.42		1.72				1.08			4.04			0.75	2.01	3.71	2.22						0.36				0.36	0.35	0.66					0.91						1.63							3.32	3.98	1.15																0.84		0.61	0.79		3.90		1.04	1.15							0.77					0.35													0.75	0.26			1.41								
51-7021.00			1.50	0.47			0.26	2.30		2.50	0.99		0.96				2.59			2.35			0.19	2.75	1.67	2.63						0.47				0.59	1.31	0.90					0.39						1.19							2.00	2.95	0.34																1.53		0.51	1.06		2.92		1.05	2.13							1.14					0.85													0.64	0.97			1.78								
51-7031.00			3.26	2.38			0.10	4.28		1.69	1.35		3.03				2.76			4.37			1.81	2.37	4.17	2.99						0.48				0.00	1.78	1.34					0.96						0.95							3.81	4.12	0.16																1.05		0.10	2.02		3.87		1.10	1.97							1.84					0.71													0.56	0.04			1.74								
51-7032.00			3.93	2.34			0.20	3.59		1.54	1.30		2.39				3.44			4.25			2.08	3.22	4.30	2.53						0.02				0.08	0.08	0.18					0.13						1.92							4.20	4.43	0.18																2.59		0.02	1.73		3.55		0.76	2.23							2.92					0.06													1.17	0.55			2.62								
51-7041.00			0.88	0.27			0.19	1.84		0.51	0.51		1.17				0.60			1.63			0.21	1.81	1.75	1.58						0.10				0.00	0.38	0.10					0.00						0.46							1.94	3.38	0.41																0.19		0.04	0.57		2.81		1.27	1.73							0.29					0.47													0.97	0.00			1.05								
51-7042.00			1.49	0.59			0.41	2.19		1.83	0.70		1.59				1.57			2.02			0.64	2.64	1.57	2.07						0.00				0.03	0.18	0.09					0.00						0.27							2.87	3.63	0.58																0.88		0.26	1.28		2.90		0.68	2.20							0.86					0.08													0.15	0.48			1.41								
51-8011.00			2.32	1.76			1.79	1.84		4.16	1.50		3.71				1.87			3.15			0.47	3.27	3.85	3.10						0.08				0.00	0.08	0.46					0.27						2.75							4.23	4.56	0.74																1.46		0.14	4.79		2.43		2.48	3.99							0.41					0.69													1.40	0.56			0.96								
51-8012.00			2.48	3.05			0.04	2.24		1.95	2.46		3.84				4.75			2.01			1.50	3.50	3.24	3.46						0.00				0.12	0.07	2.67					0.36						2.62							4.24	3.81	0.41																1.45		0.31	3.79		2.62		2.47	3.59							1.32					0.70													3.04	0.78			1.62								
51-8013.00			2.09	1.60			0.78	1.84		3.78	1.02		2.72				1.13			2.08			0.22	3.35	2.80	3.55						0.47				0.00	0.27	0.80					0.53						1.98							2.05	4.79	0.66																1.65		0.77	3.42		3.48		1.43	3.47							0.55					0.85													1.42	0.89			1.37								
51-8013.03			2.88	2.26			1.71	2.71		4.42	1.66		3.26				2.05			2.38			1.15	4.15	3.29	2.70						0.00				0.00	0.07	0.99					0.20						2.44							3.39	4.45	0.05																1.94		0.75	3.18		3.53		1.49	3.29							0.69					0.80													1.87	0.44			1.98								
51-8013.04			3.66	4.02			2.39	4.39		3.59	2.02		4.53				3.81			4.42			1.25	4.78	5.11	3.59						0.17				0.88	0.11	2.96					1.59						3.59							4.52	5.84	1.36																2.95		1.15	4.33		3.93		1.76	4.59							1.11					0.75													3.20	1.06			3.49								
51-8021.00			2.98	2.15			1.46	3.71		4.43	2.37		3.31				1.03			3.00			0.75	3.58	3.62	2.97						0.00				0.30	0.02	1.16					0.28						2.61							3.53	4.90	0.52																1.17		0.77	3.72		2.76		1.97	3.96							0.26					0.91													2.27	0.97			2.08								
51-8031.00			3.92	3.75			3.88	2.92		4.38	2.58		3.96				4.21			3.12			2.33	4.17	3.79	3.75						0.08				1.29	0.83	2.12					0.78						3.50							4.29	4.67	0.83																2.83		0.54	3.54		3.50		1.38	4.33							1.83					0.75													2.79	0.91			2.50								
51-8091.00			2.03	1.57			0.91	0.98		4.31	0.97		2.53				2.86			1.53			0.52	2.70	1.89	3.28						0.01				0.07	0.06	0.25					0.31						1.18							2.83	4.07	0.61																1.95		0.91	2.30		2.94		1.12	2.74							1.48					0.60													0.42	0.39			1.39								
51-8092.00			2.24	3.46			1.10	2.45		2.86	2.51		3.94				3.53			2.93			1.66	3.38	3.89	3.86						0.36				0.09	0.54	2.87					0.38						3.06							3.54	4.57	0.92																2.29		0.55	3.35		3.64		2.28	4.42							1.20					1.07													3.02	1.00			3.10								
51-8093.00			4.07	1.94			1.37	2.41		3.40	0.64		3.35				2.32			2.06			1.00	3.16	2.73	3.20						0.00				0.25	0.64	0.69					0.41						2.36							3.43	4.28	0.39																1.72		0.30	2.37		3.40		1.75	3.84							0.76					0.80													1.52	0.72			2.26								
51-8099.01			2.35	2.10			2.10	2.92		4.29	1.73		3.53				2.16			2.20			0.95	2.93	3.38	3.17						0.10				1.48	0.34	1.08					0.30						2.00							3.11	4.37	0.77																1.34		0.42	3.15		4.15		1.10	3.18							1.03					0.28													1.44	0.42			2.78								
51-9011.00			3.92	3.51			1.37	2.23		4.79	1.40		4.41				2.47			3.07			1.21	3.90	4.07	3.52						0.25				1.18	0.38	0.31					0.19						3.18							3.84	4.50	0.71																2.93		0.19	2.84		5.06		1.86	2.99							1.50					0.78													1.95	0.93			2.88								
51-9012.00			2.26	1.73			1.65	1.60		3.05	1.78		2.58				2.33			1.40			0.74	3.22	2.52	2.64						0.05				1.80	0.38	0.75					0.36						1.71							2.95	3.80	0.73																1.48		0.48	2.58		4.11		1.74	2.67							1.41					0.91													0.97	0.45			1.59								
51-9021.00			3.06	2.83			1.43	1.93		1.20	0.41		2.40				1.95			1.38			2.34	3.01	1.70	3.71						0.02				1.88	1.94	1.45					0.21						1.53							3.29	3.29	0.27																1.98		0.28	1.77		2.92		1.91	3.74							1.44					0.64													0.32	0.03			1.09								
51-9022.00			1.85	1.71			0.03	1.54		0.37	0.73		1.80				2.41			1.52			0.14	2.28	1.92	2.58						0.85				0.06	0.02	0.03					0.02						0.34							2.35	4.12	0.03																1.11		0.04	0.12		3.67		1.01	1.53							0.56					0.02													0.96	0.03			0.67								
51-9023.00			1.84	0.99			0.94	0.68		2.67	0.88		1.35				1.24			0.88			1.28	2.30	1.87	2.39						0.39				1.42	0.68	0.87					0.71						1.22							2.54	2.77	1.02																1.63		0.77	1.53		4.46		1.01	2.41							1.41					0.41													0.73	0.61			0.61								
51-9031.00			1.56	0.17			0.09	0.43		0.28	0.29		0.64				0.50			1.35			0.09	1.61	0.58	1.39						0.08				0.11	1.04	0.09					0.08						0.11							1.81	0.69	0.10																0.29		0.33	0.72		2.76		0.47	0.96							0.09					0.42													0.32	0.09			1.09								
51-9032.00			2.72	1.35			0.23	0.75		1.41	0.30		2.41				1.98			1.53			0.87	2.44	1.95	2.16						0.11				0.46	0.39	0.22					0.17						0.39							2.82	3.21	0.30																1.20		0.33	1.15		3.25		0.99	1.94							0.96					0.56													0.51	0.37			0.74								
51-9041.00			2.80	1.44			1.48	1.68		2.50	1.59		3.05				1.87			2.08			1.12	2.64	2.81	2.50						0.58				2.30	1.28	0.93					0.85						1.03							2.75	3.25	1.20																1.38		1.06	2.06		3.72		1.31	2.43							1.12					0.96													1.24	0.76			1.34								
51-9051.00			2.39	1.89			0.86	1.69		2.88	1.42		2.93				2.13			1.97			1.44	3.26	2.40	2.60						0.19				1.15	1.20	0.80					0.67						1.03							2.11	3.58	1.56																1.95		1.16	1.34		3.28		2.04	2.69							1.44					1.07													1.55	1.64			1.40								
51-9061.00			2.09	2.33			0.54	1.49		2.94	1.36		2.95				3.56			2.80			1.01	3.42	2.65	3.50						0.01				0.43	0.79	0.78					0.64						0.79							3.50	3.73	0.27																1.69		0.71	1.93		4.48		2.20	2.36							1.36					0.67													1.08	1.13			1.77								
51-9071.00			4.02	4.41			0.75	2.16		3.45	3.11		3.53				4.74			4.98			3.28	4.14	4.17	3.01						3.95				0.28	0.91	1.09					1.12						2.62							3.63	4.46	0.41																3.38		0.78	2.92		4.95		2.24	3.01							4.09					1.01													1.98	0.58			1.63								
51-9071.06			3.12	2.63			0.00	0.29		1.37	1.79		2.44				3.10			2.12			1.97	2.22	1.47	3.32						0.11				0.00	0.67	1.63					0.23						1.28							3.21	1.84	0.07																1.65		0.20	0.66		3.72		1.49	1.24							3.13					0.65													2.08	0.60			1.54								
51-9081.00			3.60	2.04			1.48	1.16		3.02	1.27		3.22				3.01			4.06			1.48	4.07	3.00	3.39						2.00				0.19	0.17	0.33					0.51						0.70							2.11	3.19	3.59																2.32		0.23	1.60		3.90		1.51	1.24							2.28					0.53													1.21	0.46			1.06								
51-9082.00			3.25	3.17			2.01	3.13		3.09	2.05		3.04				4.21			3.76			1.55	3.60	3.31	3.94						1.30				0.60	1.91	1.07					0.83						2.15							3.17	3.85	2.82																2.40		1.12	3.53		4.26		2.09	2.64							2.23					1.11													1.52	2.41			1.70								
51-9083.00			2.09	2.16			0.50	0.77		1.18	0.94		3.46				2.82			1.54			1.16	2.48	2.47	2.40						0.24				0.12	0.61	0.27					0.23						1.03							3.69	3.45	1.39																1.25		0.19	0.96		4.09		0.97	1.47							1.52					0.68													1.00	0.55			0.82								
51-9111.00			2.60	2.31			1.00	1.92		1.68	1.61		2.75				3.26			2.35			1.80	3.33	2.28	3.06						0.57				2.40	1.00	0.91					0.60						1.86							3.12	4.04	1.35																2.30		1.48	1.53		4.03		1.96	3.06							1.94					0.91													1.17	1.43			1.50								
51-9123.00			1.69	1.24			1.21	0.12		2.13	0.41		1.01				1.83			1.38			0.37	2.22	0.32	2.52						1.35				0.06	0.53	0.09					0.14						0.41							1.36	1.27	0.34																0.56		0.26	1.17		2.50		1.93	1.88							1.05					0.24													0.38	0.13			0.71								
51-9124.00			1.29	0.41			0.07	0.30		2.13	0.72		1.66				1.24			0.83			0.23	1.78	1.41	1.74						0.03				0.03	0.23	0.26					0.06						0.69							0.96	3.20	0.07																0.41		0.21	0.77		1.90		0.48	1.66							0.35					0.22													0.45	0.10			0.70								
51-9141.00			2.44	1.20			0.12	0.50		3.09	1.81		3.77				2.48			0.76			0.33	3.37	2.22	3.88						0.10				0.13	0.39	0.16					0.04						0.46							2.89	1.73	0.62																0.71		1.24	0.90		3.70		0.65	2.29							0.24					0.43													0.77	0.62			0.49								
51-9151.00			2.14	1.75			0.06	0.32		2.53	1.27		4.09				3.40			1.54			1.20	2.04	1.35	2.51						1.50				0.03	0.35	0.25					0.00						1.07							2.04	2.97	0.42																1.32		0.12	0.72		2.95		0.67	1.12							2.46					0.62													0.61	0.05			0.72								
51-9161.00			3.08	1.83			0.53	1.21		2.57	1.35		3.24				1.91			3.38			1.07	3.69	3.63	3.22						0.32				0.14	0.69	0.58					0.53						1.26							4.58	5.00	0.41																1.70		0.84	2.59		3.97		2.02	1.88							1.38					0.67													1.04	0.68			1.19								
51-9162.00			2.41	3.37			0.23	1.75		1.69	1.64		4.44				2.43			4.39			0.89	4.18	4.51	3.78						0.25				0.60	0.82	0.48					0.00						0.66							4.62	3.60	0.66																1.57		0.51	3.03		4.89		0.78	2.23							0.73					0.52													1.59	0.23			1.09								
51-9191.00			2.42	1.46			0.41	1.07		3.17	0.72		3.07				2.49			1.27			1.28	3.51	2.32	3.36						0.38				0.39	0.21	0.77					0.04						0.65							2.80	4.05	0.79																2.15		0.75	1.48		4.13		2.15	2.50							1.83					1.02													0.99	0.82			1.55								
51-9192.00			2.34	0.66			1.05	0.50		2.28	0.33		0.82				1.73			0.52			0.35	2.25	2.05	2.61						0.09				1.31	0.75	0.62					0.20						0.41							2.05	2.80	0.75																1.13		0.22	1.31		3.45		3.11	1.42							0.46					0.59													0.29	0.40			0.46								
51-9193.00			2.55	1.57			1.22	2.40		3.14	1.44		2.54				1.69			2.88			1.09	2.99	3.05	2.94						0.00				3.80	1.28	0.34					0.57						1.33							2.74	3.66	0.14																0.88		0.55	2.43		2.86		1.69	2.69							1.01					0.85													0.89	0.67			0.72								
51-9194.00			3.06	2.30			0.19	0.20		2.25	1.62		3.17				3.44			2.82			0.89	2.37	3.00	2.70						1.95				0.00	1.07	0.31					0.16						1.69							2.82	3.33	0.00																1.75		0.42	0.44		4.61		0.46	1.55							2.28					0.10													1.08	0.05			1.18								
51-9195.00			2.57	2.21			0.00	1.36		1.66	0.82		1.72				2.02			1.78			1.41	2.68	2.52	2.67						0.22				0.23	0.34	0.24					0.03						0.59							2.28	2.98	0.41																1.64		0.69	1.69		3.00		0.89	2.39							1.47					1.04													0.60	0.38			1.95								
51-9195.03			3.47	1.50			0.37	2.40		2.85	1.43		2.41				2.26			3.30			1.33	2.42	2.27	2.90						1.44				0.30	0.95	0.78					0.85						0.88							3.52	3.05	0.80																2.31		0.57	1.63		2.71		0.70	2.82							1.91					0.48													0.32	1.25			1.77								
51-9195.04			2.69	1.91			0.74	3.28		3.07	0.80		3.03				3.23			4.46			2.26	3.96	4.31	3.10						1.19				1.04	0.07	0.18					0.60						0.54							3.45	4.19	0.89																2.78		0.14	3.05		4.61		1.77	2.39							2.94					0.63													0.72	0.66			0.81								
51-9195.05			3.96	2.69			0.24	0.75		3.72	3.02		2.97				3.46			3.62			2.27	2.81	3.02	3.17						5.12				0.18	0.29	0.33					1.49						1.38							3.34	3.23	0.66																1.26		1.36	1.37		4.11		2.05	2.71							3.27					0.71													1.17	0.54			2.49								
51-9196.00			1.86	1.08			0.15	0.66		1.22	1.13		1.41				2.69			1.50			0.57	2.90	1.69	2.48						0.02				0.46	0.50	0.72					0.21						0.88							2.59	3.26	0.30																1.15		0.41	1.11		3.27		0.63	2.19							0.76					0.39													0.66	0.27			1.62								
51-9197.00			2.81	2.23			0.14	1.35		1.69	0.94		1.09				2.22			1.59			1.17	2.80	2.81	2.73						0.04				0.00	0.85	0.19					0.18						0.92							2.18	4.06	0.40																1.98		0.24	1.62		3.63		1.04	2.55							1.34					0.12													0.41	0.65			1.48								
51-9198.00			1.38	0.71			0.43	1.33		1.54	1.15		1.61				1.21			1.27			0.61	2.17	1.65	2.43						0.33				0.79	0.47	0.44					0.34						1.00							2.52	2.64	0.60																1.03		0.51	0.90		2.74		1.21	1.85							0.71					0.54													0.89	0.55			1.27								
53-1041.00			4.32	4.26			1.22	0.94		1.54	2.58		4.03				5.62			1.24			2.16	4.44	2.52	4.36						0.42				1.18	2.18	3.52					0.74						3.23							3.94	2.55	1.18																3.84		0.20	2.10		3.53		3.23	4.88							1.92					0.91													3.11	1.75			4.36								
53-1042.00			2.98	2.77			0.97	0.93		2.75	2.46		3.32				4.11			2.52			1.36	4.06	3.08	2.81						0.46				0.10	0.65	1.66					0.01						1.58							3.20	3.83	0.09																2.75		0.42	1.97		3.53		2.83	3.14							1.63					0.33													1.76	0.96			2.81								
53-1042.01			4.24	3.73			1.05	2.17		1.40	2.04		3.51				5.20			1.35			2.17	4.88	2.38	3.54						0.30				0.46	1.11	1.33					0.65						2.66							4.11	2.83	0.70																3.57		0.45	0.90		3.93		2.37	3.52							2.32					1.49													1.50	1.13			2.93								
53-1043.00			5.22	4.75			1.70	2.20		2.95	2.58		4.69				5.56			1.80			2.76	4.76	2.53	4.10						0.89				1.27	2.97	3.44					0.89						3.50							4.74	3.05	1.79																4.65		2.36	2.33		5.33		3.71	4.51							3.29					2.42													2.18	2.79			4.31								
53-2011.00			3.46	1.21			0.56	0.33		1.70	1.64		3.82				3.16			1.26			0.60	2.92	2.79	4.12						0.00				0.00	0.60	4.61					0.15						2.88							3.43	3.98	0.70																1.43		0.76	3.31		0.61		3.77	3.82							0.28					1.04													2.00	0.93			6.04								
53-2012.00			2.53	2.15			0.89	0.02		1.34	1.52		3.85				4.47			1.00			0.76	3.21	2.61	3.36						0.00				0.04	0.65	4.08					1.19						3.20							3.07	3.85	0.42																1.88		0.39	3.20		1.09		3.22	3.64							0.84					0.68													1.60	0.57			4.70								
53-2021.00			2.84	2.26			0.23	0.39		0.42	2.53		3.67				4.99			1.88			0.82	4.88	2.08	4.09						0.27				0.00	0.46	4.39					0.53						2.68							3.54	1.05	0.35																2.14		0.66	2.23		1.60		2.96	4.49							0.46					0.79													3.01	1.13			5.20								
53-2022.00			3.83	3.92			1.95	1.91		1.63	3.20		3.67				4.38			2.03			1.28	4.74	2.38	3.82						0.01				0.03	0.99	2.81					0.66						2.99							2.70	2.83	1.21																3.02		0.52	1.67		2.00		1.80	4.56							1.42					0.57													2.97	1.04			4.40								
53-2031.00			2.60	2.17			0.49	0.75		1.29	2.81		3.81				5.42			1.77			1.46	2.87	1.88	3.89						0.73				1.76	3.04	3.69					0.51						2.93							1.92	1.47	2.22																3.12		1.80	1.40		1.76		3.67	4.11							2.94					2.63													1.27	2.08			2.61								
53-3011.00			3.18	3.18			1.75	0.52		1.52	2.54		2.74				4.64			0.60			0.90	3.43	1.65	3.23						0.33				0.50	1.50	2.46					0.67						2.78							2.49	2.22	3.00																1.76		1.15	1.23		1.17		3.85	2.98							1.03					1.18													1.47	2.07			2.86								
53-3031.00			2.76	2.48			0.05	0.65		0.06	1.06		2.62				3.60			0.91			1.85	1.62	1.23	2.33						0.03				2.63	0.78	1.54					0.05						1.66							2.46	1.87	0.05																1.89		0.07	0.69		3.46		1.10	2.41							2.36					0.40													0.93	0.58			2.70								
53-3032.00			2.30	1.95			0.68	1.33		1.03	1.58		2.76				4.13			1.08			1.61	3.06	1.52	3.20						0.15				0.95	0.67	2.49					0.44						2.59							2.39	3.16	0.93																1.64		1.00	1.41		1.94		1.17	3.25							1.35					0.67													2.20	0.91			3.85								
53-3033.00			2.45	2.22			0.75	0.86		1.36	1.17		1.91				3.51			0.97			1.23	1.65	1.08	2.87						0.16				0.92	2.05	1.93					0.20						1.65							2.06	2.47	0.85																0.95		0.12	1.34		2.39		1.44	2.09							1.66					1.09													0.90	0.57			2.90								
53-3051.00			1.05	0.73			0.25	0.00		0.54	1.81		2.03				3.71			0.17			0.31	2.84	0.28	3.38						0.00				0.00	0.53	2.66					0.62						2.19							2.06	2.61	1.14																2.25		1.21	0.52		0.91		3.02	3.56							0.64					2.11													1.89	1.87			4.76								
53-3052.00			2.49	1.94			0.36	0.77		1.00	1.82		2.55				5.47			1.13			1.01	2.29	1.65	3.00						0.47				0.37	1.19	1.56					0.97						2.12							1.48	1.67	0.84																1.73		1.06	0.70		1.26		2.67	3.29							1.90					1.13													1.67	1.10			4.44								
53-3053.00			4.05	4.17			1.35	2.11		2.13	3.41		2.36				5.22			1.77			3.62	3.57	2.11	4.07						1.55				1.27	2.72	2.03					1.47						3.66							2.56	2.69	1.53																3.74		1.82	1.40		3.94		3.97	4.86							2.77					2.66													2.36	2.05			4.80								
53-4011.00			2.57	1.81			0.46	0.85		1.43	1.28		2.30				2.84			0.84			0.51	3.29	1.63	3.43						0.00				0.10	0.32	2.17					0.48						1.90							2.23	3.00	0.97																1.80		0.63	1.36		1.11		1.56	3.85							0.26					0.47													1.36	1.09			4.81								
53-4013.00			3.30	2.79			0.36	1.09		0.66	1.42		1.95				3.36			0.78			1.05	3.11	2.10	2.68						0.06				0.36	0.21	2.17					0.17						2.26							2.25	3.54	0.55																1.44		0.56	1.70		1.80		1.62	3.40							1.24					0.55													1.59	0.64			4.28								
53-4022.00			1.80	1.85			0.35	0.64		1.05	1.30		1.83				2.72			0.74			0.55	2.76	1.69	2.89						0.04				0.12	0.23	1.55					0.27						2.46							2.08	3.82	0.76																1.58		0.30	1.89		1.08		2.30	3.67							0.66					0.70													1.66	0.70			4.21								
53-4031.00			2.28	1.83			1.10	0.98		2.64	1.67		2.91				3.17			1.10			0.91	3.48	1.79	2.93						0.57				0.81	0.61	1.84					1.16						2.62							2.31	3.24	1.17																1.88		1.13	2.25		1.84		2.73	4.01							1.28					1.26													2.10	1.80			4.13								
53-4041.00			2.10	0.88			0.43	0.71		0.84	1.83		1.83				4.05			0.71			0.49	2.65	1.52	2.81						0.20				0.00	1.15	1.09					0.44						2.32							1.28	1.98	0.27																1.46		0.64	1.15		0.83		2.16	3.59							0.45					1.02													1.67	0.49			4.62								
53-5011.00			3.58	1.75			1.33	1.23		3.07	1.65		1.51				2.71			1.34			0.81	3.17	2.37	2.70						0.04				1.81	0.05	2.42					0.55						1.87							2.54	3.27	1.77																1.39		0.59	2.56		2.01		1.33	2.71							0.70					0.94													1.34	0.56			2.93								
53-5021.00			3.48	2.57			1.55	2.34		2.68	2.33		3.01				3.88			1.87			1.14	3.56	2.90	3.23						0.24				1.24	0.56	4.13					1.01						3.15							2.95	4.27	2.07																3.05		1.02	2.67		2.68		3.23	4.14							1.48					1.37													2.73	1.44			4.72								
53-5022.00			3.78	1.76			1.60	3.04		1.05	2.25		2.85				5.23			1.70			0.78	4.48	3.34	3.84						0.03				1.51	0.84	3.32					0.83						2.68							2.71	4.02	1.59																3.37		0.43	2.13		2.36		2.74	3.74							1.68					1.85													2.84	0.69			4.01								
53-5031.00			3.34	2.72			1.23	3.63		3.55	1.59		3.55				2.50			2.29			0.95	3.04	3.44	3.13						0.34				0.59	0.64	2.82					0.79						2.05							3.19	5.68	2.04																2.02		0.78	3.60		2.40		2.62	3.31							0.40					0.70													2.53	1.57			3.52								
53-6011.00			2.47	2.47			0.50	2.20		0.75	2.05		2.75				2.90			1.70			1.40	3.10	2.00	3.10						0.05				0.25	0.40	2.10					0.50						1.55							2.25	2.70	0.45																1.75		0.63	1.20		2.05		0.85	3.50							0.75					0.42													2.10	0.85			2.80								
53-6021.00			1.44	1.88			0.64	0.57		0.62	1.44		2.22				3.24			0.71			1.60	2.62	1.02	2.37						0.43				0.88	0.79	1.29					0.52						1.17							2.24	1.29	0.86																1.41		0.66	0.71		1.93		1.49	2.58							1.97					0.84													1.41	0.71			2.44								
53-6031.00			3.87	2.76			0.28	0.40		4.05	1.29		3.18				4.96			1.37			1.87	2.78	3.38	2.55						0.01				0.01	0.38	0.76					0.03						2.24							4.10	4.47	0.09																2.50		0.69	2.40		2.46		1.90	3.03							3.49					1.12													1.62	0.46			1.41								
53-6041.00			3.09	3.97			0.62	3.20		1.57	2.47		4.51				4.33			3.54			1.35	3.85	4.15	3.72						0.17				0.20	0.53	3.00					0.67						3.21							4.02	3.61	0.29																2.26		0.50	2.37		2.05		1.47	3.94							0.78					0.67													2.18	0.60			4.23								
53-6051.00			3.57	3.19			1.31	1.80		2.43	2.06		3.42				4.33			2.19			2.18	3.24	3.48	4.30						0.09				1.56	1.56	2.72					0.37						2.98							3.94	3.32	0.04																2.44		0.18	2.88		3.04		1.41	3.78							2.33					0.65													2.01	0.04			4.04								
53-6051.01			4.60	4.48			1.75	2.33		3.24	2.68		4.36				5.43			4.54			2.85	5.31	4.91	5.22						0.09				0.83	1.11	2.32					1.60						4.22							4.46	6.42	1.57																3.41		0.67	4.06		4.67		3.26	5.14							3.00					1.08													3.24	2.28			5.67								
53-6051.07			3.16	2.66			0.24	1.68		2.21	1.21		3.19				2.11			1.85			0.68	2.92	3.08	3.27						0.00				0.00	0.36	1.03					0.00						2.01							2.21	5.30	0.16																1.56		0.04	1.76		2.49		2.50	3.03							1.04					0.95													1.78	0.37			3.34								
53-6061.00			1.72	1.75			1.00	0.48		0.88	1.42		1.55				3.50			0.67			0.52	1.30	0.45	3.67						0.29				0.69	2.02	1.71					0.72						1.37							1.55	1.11	1.06																1.11		1.17	0.63		1.26		2.63	2.67							1.44					1.21													1.15	1.21			3.75								
53-7011.00			1.27	1.35			0.14	0.35		0.55	0.96		0.65				1.56			0.23			0.10	2.18	0.37	3.00						0.01				0.21	0.75	0.10					0.00						2.18							0.71	2.95	0.01																0.75		0.03	0.68		2.94		1.21	2.36							0.07					0.05													0.28	0.08			2.20								
53-7021.00			2.42	1.83			0.40	2.94		1.03	1.63		2.49				2.58			2.75			0.85	2.90	2.94	2.42						0.19				0.27	0.66	1.14					0.27						1.38							2.91	4.33	0.78																1.50		0.35	2.77		2.47		1.54	3.00							0.97					0.62													1.53	1.03			3.42								
53-7031.00			3.38	0.53			0.43	2.28		0.73	0.80		2.23				0.82			0.88			0.42	3.29	2.40	3.39						0.15				0.23	0.28	1.06					0.22						1.72							1.85	5.03	0.78																1.13		0.26	2.22		3.26		0.63	1.97							1.07					0.24													1.02	0.33			1.83								
53-7041.00			2.71	0.41			0.23	1.42		0.84	0.25		1.27				3.12			2.31			0.31	2.16	2.39	1.83						0.09				0.19	0.18	0.30					0.15						0.72							2.23	4.02	0.57																1.14		0.12	2.19		2.42		0.29	3.10							0.33					0.29													0.63	0.46			2.57								
53-7051.00			1.83	1.46			0.16	1.70		0.39	0.99		1.48				2.42			0.84			0.53	2.33	0.97	2.60						0.00				0.42	0.03	0.54					0.00						1.45							2.71	2.02	0.03																0.55		0.45	0.37		3.32		0.50	1.74							1.14					0.25													0.60	0.39			1.96								
53-7061.00			1.79	1.41			0.50	0.34		2.57	0.90		1.43				2.67			0.82			1.32	1.90	0.73	2.11						0.17				0.22	0.87	0.45					0.28						0.79							1.90	2.39	0.50																0.98		0.28	0.79		1.49		1.57	1.62							0.86					0.52													0.51	0.45			2.16								
53-7062.00			3.15	2.35			0.33	0.63		0.91	0.40		1.81				2.49			0.53			1.14	2.98	0.97	3.25						0.00				0.63	0.50	0.86					0.11						1.01							2.86	1.32	0.27																2.46		0.27	1.39		2.95		1.30	2.99							1.47					0.27													0.48	0.36			2.61								
53-7062.04			3.10	2.60			0.87	1.89		1.61	1.36		2.19				3.53			1.23			1.31	3.85	2.76	3.66						0.59				0.63	0.66	1.10					0.64						1.84							2.34	3.99	1.04																2.69		0.61	2.04		4.75		2.31	3.57							3.04					0.56													1.74	0.90			2.17								
53-7063.00			2.38	2.27			0.41	0.87		1.48	1.51		2.24				1.75			1.81			1.23	2.89	1.89	2.58						0.27				1.05	0.40	0.80					0.43						1.53							2.94	3.18	0.75																1.51		0.82	1.11		3.43		1.13	2.63							1.09					0.86													1.07	0.70			1.91								
53-7064.00			1.77	1.98			0.74	1.56		1.86	1.29		2.18				3.12			1.51			1.17	1.66	1.96	2.44						0.59				1.23	1.23	0.80					0.65						1.25							2.60	2.57	0.96																1.47		0.66	1.04		3.75		1.65	3.01							1.26					1.02													0.73	0.88			1.65								
53-7065.00			1.40	2.43			0.45	0.65		1.51	1.91		2.06				3.30			0.45			0.94	2.34	0.58	3.05						0.30				0.42	0.94	1.12					0.65						1.55							2.16	1.40	0.51																0.88		0.85	0.83		1.93		1.25	2.21							2.13					1.42													1.45	0.75			2.59								
53-7071.00			4.17	2.70			0.66	2.17		3.64	1.36		3.95				3.25			2.29			1.09	3.52	3.47	3.90						0.17				0.30	0.92	1.82					0.21						1.61							3.21	4.52	0.98																2.62		0.32	2.43		5.11		1.02	4.15							1.15					0.20													1.03	0.75			1.64								
53-7072.00			3.08	2.87			1.14	1.72		3.05	1.35		3.53				2.75			1.90			2.13	3.08	3.39	3.20						0.14				0.43	0.80	1.32					0.40						1.49							3.79	4.17	0.91																2.51		0.11	2.87		3.67		1.00	2.48							2.00					0.84													1.77	0.63			2.15								
53-7073.00			2.49	2.91			1.33	2.82		3.30	0.60		3.01				1.41			2.47			0.94	2.10	2.58	1.89						0.06				0.15	0.28	1.02					0.29						2.11							3.19	4.33	1.30																2.13		0.38	2.47		2.51		1.20	2.53							0.32					0.69													1.18	0.65			1.85								
53-7081.00			1.40	1.62			0.11	0.06		0.50	1.11		1.62				2.08			0.20			1.31	1.84	0.96	2.48						0.00				0.01	0.67	1.61					0.05						1.36							1.78	3.40	0.12																1.23		0.22	0.83		1.88		0.24	2.00							1.29					0.01													1.20	0.12			2.38								
53-7121.00			1.74	2.76			0.68	0.78		2.17	1.23		2.17				1.77			0.96			1.25	2.54	1.00	2.64						0.11				0.21	0.22	1.32					0.26						1.52							1.75	3.27	0.82																1.54		0.33	1.45		3.25		0.78	2.61							0.51					0.32													0.93	0.73			2.72								
11-1011.00					0.50	2.00			4.00					0.75				4.75	1.38		0.00	0.25							0.00	0.00	3.25		1.00	3.62	4.62				0.25	0.00	0.00	2.00		4.88	4.12									0.00	3.75				3.12		0.75	4.50		0.25	3.75				4.88	4.88	4.25	3.00	0.25					4.88						0.38	0.38			0.38			3.12				0.38	0.50		4.75	4.50	3.12	0.00	0.00	0.00							2.88			0.62	2.00	3.38	0.50		4.88	4.75
11-1011.03					0.00	1.75			3.50					0.50				4.75	1.75		0.00	0.00							0.00	0.00	2.75		1.38	3.00	4.12				0.00	0.00	0.00	1.75		4.12	3.75									0.00	3.00				2.75		0.50	3.62		0.00	3.00				4.62	4.75	4.00	2.12	0.00					4.12						0.00	0.00			0.00			3.00				0.00	0.00		3.75	3.88	2.62	0.00	0.00	0.00							2.38			0.50	2.00	2.88	0.12		4.25	4.38
11-1021.00					0.88	2.00			3.25					0.12				4.12	1.62		0.00	0.12							0.38	0.25	2.75		0.50	2.50	3.38				0.00	0.62	0.38	1.50		3.50	3.62									0.50	3.12				2.25		0.50	3.38		0.12	3.00				4.12	4.12	3.50	2.25	0.25					4.12						0.00	0.62			0.00			2.88				0.25	0.62		3.62	3.50	2.25	0.00	0.88	0.88							2.88			1.88	1.75	2.75	0.88		4.00	4.00
11-2011.00					0.50	1.25			3.88					0.12				4.50	1.00		0.00	0.00							0.00	0.00	3.12		1.12	3.12	4.12				0.00	0.00	0.00	1.25		3.88	3.75									0.38	3.12				2.38		0.00	4.12		0.00	3.12				4.38	4.75	3.88	2.75	0.00					4.00						0.00	0.00			0.00			2.75				0.00	0.00		3.88	4.00	2.75	0.00	0.00	0.00							2.12			0.88	2.75	3.12	0.75		4.00	4.00
11-2021.00					0.12	1.62			3.62					0.00				4.38	0.75		0.00	0.25							0.00	0.00	3.25		1.25	3.00	4.25				0.00	0.00	0.00	1.50		3.88	3.50									0.00	3.62				3.00		0.00	3.75		0.00	3.50				4.38	4.12	4.00	2.88	0.00					3.88						0.00	0.00			0.00			2.88				0.00	0.00		3.88	3.88	3.00	0.00	0.00	0.00							2.62			0.88	2.88	3.00	0.75		4.12	4.12
11-2022.00					0.12	1.62			3.62					0.38				4.00	0.50		0.00	0.00							0.00	0.00	2.75		0.50	2.88	3.88				0.00	0.00	0.00	1.00		4.00	3.00									0.38	3.75				3.00		0.25	3.38		0.00	3.62				4.38	4.00	3.88	2.25	0.00					3.88						0.00	0.00			0.00			2.75				0.00	0.62		4.00	4.12	3.00	0.00	0.00	0.00							2.12			1.25	1.62	2.50	0.62		4.00	4.00
11-2033.00					0.00	2.00			3.12					0.12				4.12	0.00		0.00	0.75							0.00	0.00	3.00		0.12	2.25	4.00				0.00	0.00	0.00	1.38		3.25	3.25									0.12	3.25				2.62		0.00	3.88		0.00	3.12				4.12	4.25	3.88	2.12	0.00					3.62						0.00	0.00			0.00			2.38				0.38	0.25		3.88	3.75	2.25	0.00	0.00	0.00							2.38			1.62	2.00	2.00	1.25		4.12	4.38
11-3012.00					2.00	2.25			3.12					1.75				3.88	1.62		0.00	0.75							0.75	0.75	2.75		2.12	2.38	3.12				0.62	0.62	0.62	2.12		3.38	3.12									1.62	2.50				2.62		1.00	3.62		0.62	2.75				4.00	4.00	3.12	2.38	0.62					3.75						0.88	0.88			0.62			3.00				0.75	0.50		3.50	3.62	2.62	0.00	0.50	1.00							2.88			1.25	2.00	2.75	0.38		4.00	4.00
11-3013.00					2.50	2.50			3.25					2.50				3.88	2.12		0.25	1.50							1.25	2.25	3.00		2.38	3.25	3.12				1.25	1.50	1.38	2.00		3.75	3.62									2.38	2.62				2.75		2.00	3.50		1.25	2.62				3.88	3.88	3.00	2.75	1.88					3.75						1.50	2.12			2.25			2.75				1.12	2.50		3.62	3.62	2.50	0.25	1.88	1.75							2.75			2.50	2.38	2.75	2.12		4.00	3.88
11-3013.01					2.25	2.88			3.50					1.75				4.00	2.00		0.00	1.75							1.62	2.12	3.62		1.88	3.62	4.00				1.62	1.62	1.38	2.50		3.88	3.75									1.75	2.88				2.88		1.75	3.62		2.00	2.75				4.00	4.12	3.62	2.88	1.62					4.75						0.88	1.88			2.12			3.50				1.88	1.62		3.62	4.00	3.50	1.25	1.50	1.88							3.25			2.38	2.62	3.00	1.38		4.12	4.12
11-3021.00					2.00	1.75			3.12					2.00				4.00	1.12		0.00	0.50							0.00	0.00	2.88		2.00	3.00	3.75				0.25	0.00	0.00	1.50		4.00	4.00									2.00	3.00				2.62		0.38	3.75		0.00	3.12				4.50	4.38	3.50	2.75	0.00					4.00						0.25	0.25			0.25			2.88				0.00	0.12		3.25	3.50	2.75	0.00	0.00	0.00							2.12			1.12	2.38	3.00	1.38		4.38	4.12
11-3031.00					0.88	1.62			3.50					0.38				4.62	0.62		0.00	0.00							0.00	0.00	2.12		1.12	3.38	3.50				0.00	0.00	0.00	1.00		4.12	3.50									0.88	3.75				2.62		0.00	4.12		0.12	4.25				4.50	4.62	3.12	2.62	0.25					4.00						0.00	0.00			0.00			2.62				0.25	0.00		4.00	3.88	3.00	0.00	0.25	0.00							2.00			1.38	0.62	2.12	1.62		4.62	4.12
11-3031.01					0.00	1.12			3.88					0.00				4.62	0.62		0.00	0.25							0.00	0.00	2.62		2.00	3.00	3.62				0.00	0.00	0.00	1.12		4.38	3.88									0.12	4.25				2.75		0.00	4.12		0.00	4.38				4.12	4.88	3.50	3.12	0.00					4.62						0.00	0.00			0.00			2.62				0.00	0.00		3.75	3.75	3.12	0.00	0.00	0.00							2.00			0.88	1.25	2.62	0.38		4.38	4.12
11-3031.03					0.00	1.50			3.75					0.00				4.38	0.88		0.00	0.00							0.00	0.00	2.88		1.88	3.50	3.62				0.00	0.00	0.00	1.62		4.12	3.88									0.00	4.25				3.00		0.00	3.88		0.00	4.25				4.38	4.25	3.50	3.00	0.00					4.25						0.00	0.00			0.00			3.25				0.00	0.00		3.75	3.75	3.12	0.00	0.00	0.00							2.88			0.00	1.75	2.75	0.00		4.38	4.38
11-3051.00					2.25	2.88			3.88					2.25				4.25	2.00		0.00	1.00							0.62	1.50	2.88		2.50	3.25	4.00				0.38	1.50	0.50	1.75		4.00	4.00									1.75	3.62				2.88		1.75	3.50		0.38	3.25				4.25	4.12	3.88	3.00	0.38					4.12						2.12	2.25			1.00			3.12				0.62	0.88		3.75	3.62	2.88	1.12	1.62	1.50							2.88			2.38	2.88	3.25	1.88		4.00	4.00
11-3051.01					2.38	2.38			3.38					2.38				4.25	2.25		0.00	0.38							0.00	0.50	3.12		2.25	4.00	3.75				0.00	0.38	0.12	2.25		4.38	3.75									2.25	3.25				3.00		1.50	3.88		0.00	3.12				4.25	4.12	3.12	3.50	0.00					4.62						0.62	0.88			0.50			3.25				0.12	0.38		3.62	3.75	3.25	0.00	0.50	0.38							2.88			1.50	3.00	3.00	1.25		4.12	4.12
11-3051.02					2.25	2.75			3.50					2.62				4.00	2.00		0.38	0.38							0.25	0.50	3.25		2.75	3.12	3.38				0.88	0.38	1.62	2.38		3.38	3.62									2.12	3.75				2.62		2.12	3.25		0.75	3.50				4.38	4.25	3.25	3.25	1.25					4.12						1.50	2.38			1.62			3.25				1.12	1.75		3.38	3.25	2.75	1.12	0.12	0.62							2.50			2.00	3.00	3.00	0.38		4.12	3.75
11-3051.03					2.62	3.25			3.38					2.25				3.88	1.88		0.00	1.00							0.75	1.50	3.12		1.88	3.25	3.25				1.00	1.00	1.25	2.88		3.88	3.75									2.00	3.38				2.75		1.88	3.62		0.00	3.25				4.50	4.12	3.50	3.62	0.00					3.75						2.38	3.12			0.88			3.62				0.00	0.12		3.88	3.62	3.12	0.25	1.62	1.50							3.00			2.12	3.00	3.00	2.12		4.12	3.75
11-3051.04					2.75	3.12			3.50					2.88				4.25	2.38		0.12	0.62							0.62	1.62	3.25		2.62	3.25	3.25				1.12	1.38	1.62	2.38		4.00	3.88									2.25	3.12				2.88		2.12	3.25		0.38	3.12				4.12	4.12	3.12	3.38	0.50					4.62						1.88	2.25			1.25			3.12				0.50	1.00		3.75	3.38	3.00	0.12	1.38	1.62							2.62			2.25	2.88	3.12	0.50		4.25	4.00
11-3051.06					2.75	3.00			3.62					2.62				3.88	2.50		0.00	1.00							0.00	1.75	3.12		2.50	3.62	3.38				1.75	0.00	1.25	2.88		3.75	4.00									2.50	3.38				3.00		1.75	3.50		1.25	3.38				4.25	4.38	3.25	3.75	1.25					4.12						1.88	2.75			1.88			3.38				1.38	2.00		3.75	3.62	3.25	0.00	0.38	0.00							3.00			2.25	3.50	3.38	2.38		4.38	4.12
11-3061.00					0.00	2.00			3.50					0.00				4.00	1.12		0.00	0.62							0.00	0.00	2.50		0.00	3.00	3.88				0.00	0.00	0.00	2.00		3.88	3.88									0.00	3.62				2.75		0.00	3.75		0.00	3.38				4.00	4.12	3.75	3.00	0.00					3.88						0.00	0.00			0.00			3.12				0.00	0.00		3.75	4.00	2.75	0.00	0.00	0.00							2.62			1.12	1.88	2.00	0.50		4.12	4.00
11-3071.00					1.12	2.12			3.38					1.12				3.75	1.50		0.00	0.50							0.00	0.00	3.00		1.25	3.00	3.50				0.88	0.00	0.00	1.88		3.50	3.38									1.00	2.88				2.50		0.75	3.50		1.12	3.00				3.75	4.12	3.25	2.88	1.12					3.75						0.88	0.88			0.88			3.00				0.88	1.38		3.50	3.38	2.88	0.00	0.00	0.00							2.75			1.88	2.25	2.50	1.62		3.88	3.75
11-3071.04					0.00	1.75			3.75					0.12				3.88	1.38		0.00	0.00							0.00	0.00	3.00		1.38	3.00	3.25				0.00	0.00	0.00	1.88		3.88	3.75									0.00	3.50				2.25		0.00	3.50		0.00	3.12				4.12	4.12	3.25	2.88	0.00					4.00						0.00	0.00			0.00			3.00				0.00	0.00		3.25	3.38	2.50	0.00	0.00	0.00							2.88			0.75	2.12	2.88	0.38		4.25	4.00
11-3111.00					0.25	1.00			3.12					0.00				3.50	0.00		0.00	0.25							0.00	0.00	2.12		0.12	2.38	3.38				0.00	0.00	0.00	0.62		3.50	3.12									0.00	3.38				2.00		0.00	3.38		0.00	3.38				4.12	4.12	3.12	2.12	0.00					3.50						0.00	0.00			0.00			2.00				0.00	0.00		3.88	3.62	2.25	0.00	0.00	0.00							2.00			1.25	0.88	1.62	0.62		4.25	4.12
11-3121.00					0.12	2.00			3.62					0.12				4.25	0.50		0.00	0.38							0.00	0.00	2.88		0.62	3.00	4.12				0.00	0.00	0.00	1.12		4.00	3.38									0.12	3.25				3.00		0.00	4.00		0.00	3.25				4.25	4.50	4.00	2.62	0.00					4.00						0.00	0.00			0.00			2.88				0.00	0.12		4.50	4.62	3.12	0.00	0.00	0.00							2.25			1.25	1.00	2.00	1.12		4.38	4.12
11-3131.00					0.50	1.75			3.75					0.25				3.88	0.62		0.00	0.38							0.00	0.00	3.50		1.12	2.88	4.00				0.00	0.00	0.00	1.25		3.88	3.88									0.62	2.75				3.00		0.00	3.75		0.00	2.62				4.25	4.75	3.88	2.88	0.00					4.00						0.00	0.00			0.00			2.88				0.00	0.00		4.88	3.88	2.88	0.00	0.12	0.00							2.38			1.25	2.00	2.62	0.50		4.00	4.75
11-9013.00					3.00	2.62			3.88					3.38				4.12	2.38		0.25	2.00							1.88	2.50	3.50		2.50	3.50	3.62				1.62	1.88	1.88	2.75		4.12	3.88									2.50	3.50				2.88		3.00	3.62		1.25	3.00				4.12	4.12	3.62	3.12	1.88					4.12						2.25	2.75			2.50			3.00				1.75	2.38		3.62	3.75	2.88	0.50	2.00	2.50							2.75			2.75	3.00	3.62	2.00		4.00	3.88
11-9021.00					1.38	3.00			3.88					1.88				4.38	2.62		0.00	1.25							0.75	1.62	3.75		1.50	3.62	3.62				1.38	1.50	1.50	2.12		4.12	4.25									1.25	3.75				2.75		1.75	3.88		0.75	3.62				4.25	4.50	3.25	3.00	0.62					4.25						0.75	1.50			0.62			3.12				0.50	2.00		3.75	3.88	3.12	0.12	1.38	1.62							3.12			2.25	3.12	4.38	0.88		4.12	4.12
11-9031.00					1.88	2.00			3.12					0.50				4.12	0.88		0.00	1.12							0.62	1.12	3.00		1.75	2.88	3.62				0.00	0.75	0.75	1.88		3.88	3.62									1.00	2.88				3.00		0.75	3.50		0.00	2.88				4.12	4.38	3.50	2.50	0.00					4.00						0.00	0.00			0.00			3.12				0.00	0.00		3.88	3.50	2.75	0.00	0.88	1.12							2.75			2.25	2.12	2.50	0.88		4.12	4.25
11-9032.00					0.12	2.12			4.00					0.00				4.88	0.75		0.00	0.12							0.50	0.38	3.75		0.50	3.12	4.00				0.00	0.75	0.38	1.50		4.12	4.00									0.00	3.50				3.00		0.12	3.88		0.00	3.25				4.88	5.00	4.00	2.62	0.12					4.50						0.00	0.00			0.38			3.00				0.12	0.00		4.50	4.38	3.00	0.00	1.00	0.25							2.75			2.00	1.88	2.38	0.75		4.75	4.88
11-9033.00					0.12	1.38			3.75					0.00				4.00	0.12		0.00	0.25							0.00	0.00	2.62		1.12	3.12	3.88				0.00	0.00	0.00	1.88		4.12	3.88									0.00	3.25				2.75		0.00	3.50		0.00	3.00				4.88	4.88	4.00	2.62	0.00					3.88						0.00	0.00			0.00			3.00				0.00	0.00		4.12	4.00	2.75	0.00	0.00	0.00							2.62			0.75	1.75	2.25	0.00		4.50	4.75
11-9041.00					1.75	2.00			3.88					2.00				4.25	2.12		0.00	0.00							0.00	0.00	3.62		2.25	3.50	4.12				0.00	0.00	0.00	1.62		4.25	3.88									1.88	4.12				2.88		0.75	4.00		0.00	4.00				4.75	4.75	4.00	3.00	0.00					4.12						0.00	0.00			0.00			3.25				0.00	0.50		4.00	3.88	3.00	0.00	0.00	0.00							2.62			0.75	3.12	4.25	0.50		4.75	4.62
11-9041.01					2.75	2.50			3.75					2.75				4.38	2.00		0.00	1.00							0.00	1.12	3.25		3.00	3.25	3.88				0.00	1.25	1.12	2.75		4.12	3.88									2.50	3.75				3.00		1.88	3.75		0.00	3.50				4.25	4.25	4.12	3.38	0.00					4.00						1.12	1.25			1.25			3.38				0.00	0.12		3.62	3.38	2.62	0.00	1.25	1.00							3.00			1.62	3.50	3.25	1.00		4.25	4.12
11-9051.00					3.00	2.62			3.00					2.00				3.75	1.62		0.00	1.88							0.75	2.00	3.00		2.88	2.75	3.00				0.00	1.75	0.88	1.75		3.00	3.00									3.00	2.88				2.75		2.00	3.12		0.00	2.88				4.00	4.00	3.00	2.88	0.00					3.88						0.62	0.88			0.38			2.88				0.00	0.25		3.00	3.12	2.25	0.38	2.00	2.00							2.75			2.25	2.00	2.50	1.50		3.75	3.50
11-9071.00					1.00	2.88			3.12					0.88				3.75	1.62		0.00	0.88							0.88	0.00	3.75		1.88	3.25	3.00				0.00	1.38	1.00	2.12		3.75	3.62									1.00	3.00				2.88		0.75	3.25		0.00	3.25				4.00	4.00	2.88	3.00	0.12					4.00						0.50	0.75			0.75			3.50				0.00	0.00		3.75	4.12	3.12	0.50	1.62	0.50							3.25			2.50	2.75	2.12	0.38		3.50	3.38
11-9072.00					1.38	1.88			3.25					1.00				3.75	1.25		0.00	1.25							0.88	1.50	2.88		1.12	2.75	3.25				0.12	1.62	1.38	1.25		3.50	3.38									1.00	2.88				2.38		1.88	3.50		0.25	3.00				3.88	4.00	3.38	2.50	0.38					3.75						0.25	0.38			0.25			3.00				0.25	0.62		3.50	3.25	2.12	0.25	1.38	1.62							2.50			1.88	2.00	2.88	1.50		3.75	3.75
11-9081.00					2.25	2.00			3.00					2.00				3.88	1.88		0.00	1.38							1.00	1.38	3.00		1.88	3.00	3.50				0.75	1.38	1.38	2.12		3.25	3.12									1.75	2.75				2.75		2.00	3.75		0.62	2.75				4.00	4.00	3.62	2.88	0.88					3.75						1.50	1.50			1.62			3.12				0.75	1.62		3.88	4.00	3.00	0.00	1.38	1.25							2.88			2.00	1.88	2.62	1.12		4.00	4.00
11-9111.00					0.50	2.00			3.12					0.25				4.00	1.25		0.00	0.75							0.00	0.00	3.00		0.50	2.88	3.62				0.00	0.00	0.00	2.00		4.00	3.75									0.50	3.62				2.75		0.00	3.88		0.00	3.12				4.88	4.12	3.75	2.62	0.00					4.00						0.00	0.00			0.00			3.00				0.00	0.00		4.00	4.00	2.50	0.00	0.00	0.00							2.62			1.50	2.12	2.12	0.88		4.38	4.12
11-9121.00					1.12	2.00			4.00					1.00				5.00	1.62		0.00	0.25							0.12	0.50	3.00		1.75	3.00	4.00				0.38	0.62	0.50	1.75		4.88	4.00									0.62	4.00				2.25		1.00	3.88		0.38	3.88				4.88	5.00	3.88	2.50	0.62					4.12						0.75	1.00			0.75			2.88				0.62	0.88		4.75	3.88	2.25	0.00	0.50	0.50							2.12			1.38	1.88	2.25	0.50		5.00	5.00
11-9121.01					0.00	1.88			3.50					0.00				4.00	0.75		0.00	0.25							0.00	0.12	3.00		1.75	3.00	3.00				0.00	0.00	0.00	1.75		3.88	4.00									0.00	3.00				2.88		0.00	3.62		0.00	3.00				4.38	4.25	3.00	2.88	0.00					4.00						0.00	0.00			0.00			2.88				0.00	0.12		3.75	3.75	3.00	0.00	0.00	0.00							2.88			1.12	2.12	2.88	0.75		4.25	4.00
11-9121.02					0.12	2.00			3.38					1.38				4.12	1.75		0.00	0.00							0.00	0.00	3.62		1.50	3.50	3.50				0.00	0.00	0.00	1.88		4.12	4.00									0.12	3.38				2.75		0.62	3.88		0.00	3.75				4.00	4.12	3.50	3.25	0.00					3.88						0.00	0.00			0.00			3.00				0.00	0.12		3.88	3.62	2.88	0.00	0.00	0.00							2.75			0.75	2.75	3.12	0.25		4.12	4.12
11-9131.00					0.38	2.12			3.00					0.50				3.25	1.75		0.00	0.38							0.75	0.50	2.75		1.62	2.50	3.00				0.00	1.38	0.62	2.12		3.12	3.12									0.00	2.88				2.12		0.88	3.12		0.00	2.88				3.88	4.00	3.00	2.50	0.00					3.38						0.88	0.88			0.00			2.88				0.00	0.00		3.12	3.25	2.12	0.88	1.50	0.75							2.38			2.00	2.38	2.12	0.62		3.75	3.62
11-9141.00					0.00	1.12			3.00					0.38				3.88	0.88		0.00	0.00							0.00	0.12	2.88		0.62	2.62	3.00				0.00	0.12	0.00	1.00		3.50	3.12									0.00	2.88				2.12		0.38	3.75		0.12	3.00				4.12	4.12	2.88	2.00	0.00					3.50						0.00	0.00			0.00			2.75				0.00	0.25		3.50	3.50	2.12	0.00	0.00	0.00							2.38			1.12	1.62	2.75	0.50		4.00	4.00
11-9151.00					1.25	2.00			3.38					1.25				4.12	1.25		0.00	0.25							0.00	0.38	2.88		1.88	3.00	3.75				0.00	0.12	0.25	2.00		3.88	3.50									0.62	3.38				2.75		0.75	3.62		0.00	3.38				4.62	4.62	3.75	2.75	0.00					4.00						0.00	0.00			0.00			3.00				0.00	0.00		4.25	4.00	2.88	0.00	0.38	0.12							3.12			0.88	2.12	2.62	0.62		4.00	4.12
11-9161.00					1.62	1.88			4.00					0.75				4.25	1.88		0.00	0.38							0.25	0.75	3.00		0.75	3.12	4.25				1.00	0.25	0.25	1.50		4.25	4.00									1.00	3.00				2.88		1.38	3.62		1.12	2.88				4.62	4.50	4.12	3.00	0.88					4.75						0.62	1.00			1.25			3.00				0.62	1.88		4.25	4.12	3.00	0.00	0.62	0.62							3.00			1.75	1.75	3.50	1.12		4.12	4.25
11-9171.00					2.00	1.88			3.00					2.12				3.12	2.12		0.00	0.75							0.50	1.00	3.00		1.88	2.62	3.00				0.75	0.88	0.62	1.88		3.00	3.12									2.00	3.00				2.75		2.00	3.75		0.88	2.75				4.00	4.00	2.88	2.12	1.12					3.62						0.38	0.75			1.00			2.25				0.62	1.25		3.50	3.38	2.00	0.00	0.75	1.38							2.62			1.62	2.50	2.38	0.38		4.00	3.75
11-9179.01					2.00	2.12			3.12					0.88				4.00	1.75		2.12	2.25							2.25	2.88	3.00		2.00	2.88	3.88				0.00	2.75	2.00	1.38		3.75	3.62									2.12	2.75				2.88		2.50	3.38		0.00	2.75				4.00	4.00	3.75	2.38	0.25					4.00						0.50	0.38			0.38			2.88				0.00	1.00		3.50	3.50	2.62	1.50	2.88	2.75							2.88			3.12	1.50	2.75	1.75		4.00	4.00
11-9179.02					1.88	1.88			3.38					1.25				3.88	1.50		0.00	1.00							0.00	1.00	2.50		2.12	2.75	3.38				0.00	1.25	0.88	1.88		3.50	3.38									1.25	3.12				2.75		1.38	3.50		0.00	3.00				4.00	4.00	3.38	2.50	0.00					3.62						0.88	0.75			1.25			2.50				0.00	0.25		3.62	3.88	2.38	1.12	1.12	1.38							2.75			2.25	2.12	2.50	0.62		3.75	3.88
11-9199.01					0.00	1.38			3.00					0.00				4.00	0.50		0.00	0.25							0.00	0.00	2.75		0.50	3.00	3.62				0.00	0.00	0.00	1.12		4.00	3.75									0.00	2.50				2.62		0.00	3.88		0.00	2.62				4.12	4.12	3.12	2.62	0.00					4.00						0.00	0.00			0.00			2.75				0.00	0.00		3.75	3.88	2.62	0.00	0.00	0.00							2.38			1.12	1.62	1.88	0.50		4.25	4.12
11-9199.02					0.75	1.88			3.62					0.88				4.38	1.25		0.00	0.00							0.00	0.00	2.88		1.25	2.88	3.25				0.38	0.12	0.00	1.50		4.12	3.75									0.75	2.25				2.75		0.25	3.75		0.38	2.12				4.38	4.25	3.00	2.75	0.25					4.38						0.25	0.38			0.38			3.00				0.25	0.38		3.62	3.62	2.75	0.50	0.12	0.00							2.25			1.12	1.62	1.88	0.50		4.38	4.25
11-9199.08					1.12	2.12			3.00					1.50				3.88	1.75		0.00	1.38							1.38	1.25	3.38		1.88	3.50	3.50				0.00	2.00	1.88	2.12		3.88	3.12									1.88	2.88				2.25		2.12	4.00		0.00	3.00				4.00	4.00	3.62	3.00	0.12					4.00						0.00	1.25			1.50			3.62				0.00	0.25		3.88	3.88	3.00	1.38	2.00	1.88							2.62			2.12	2.38	2.75	0.50		4.00	4.00
11-9199.09					2.25	2.12			3.62					2.38				4.00	2.12		0.00	1.12							1.50	2.25	3.00		2.25	3.00	3.12				1.88	1.25	1.88	2.12		4.00	3.75									2.25	3.00				2.88		2.25	4.00		1.38	3.00				4.00	4.00	3.12	3.00	1.25					4.00						1.50	2.38			1.88			3.12				1.25	1.88		4.00	3.75	2.88	0.00	1.38	1.88							2.88			2.12	2.88	3.25	2.00		4.00	4.00
11-9199.10					0.50	2.00			3.25					0.75				4.38	1.62		0.00	0.25							0.25	0.38	3.00		0.88	3.00	3.38				0.00	0.25	0.25	1.88		4.00	3.38									0.50	3.50				2.62		0.50	4.00		0.00	3.12				4.25	4.25	3.25	2.50	0.25					4.00						0.25	0.25			0.38			2.62				0.25	0.50		3.62	3.75	2.62	0.00	0.25	0.38							2.50			1.75	2.12	3.12	1.88		4.25	3.75
11-9199.11					0.00	1.75			4.00					0.50				4.62	2.00		0.00	0.00							0.00	0.00	3.38		1.75	3.25	4.00				0.00	0.00	0.00	1.75		4.12	4.00									0.12	3.88				2.50		0.38	3.75		0.00	3.62				4.38	4.38	3.62	3.00	0.12					4.88						0.00	0.00			0.12			2.62				0.00	0.75		3.75	3.50	2.75	0.00	0.00	0.00							2.25			1.00	2.38	3.38	0.75		4.75	4.25
13-1011.00					0.25	1.50			3.00					0.25				3.88	0.25		0.00	0.00							0.00	0.00	2.75		1.00	2.12	3.38				0.00	0.00	0.00	1.12		3.75	3.00									0.25	2.50				2.00		0.25	3.75		0.00	2.25				4.12	4.25	3.38	1.38	0.00					3.75						0.00	0.00			0.00			2.75				0.00	0.00		3.62	3.75	2.00	0.00	0.00	0.00							2.38			1.12	1.50	1.88	0.38		4.00	4.00
13-1021.00					1.50	2.00			3.25					1.38				3.38	1.62		0.00	0.50							0.00	0.50	3.00		2.00	2.75	3.00				0.00	0.50	0.50	2.00		3.38	3.12									1.38	3.38				2.50		1.38	3.62		0.00	3.25				4.00	4.00	3.00	2.25	0.00					3.12						0.00	0.00			0.12			2.88				0.00	0.12		3.25	3.38	2.25	0.00	1.12	1.38							2.50			1.62	2.62	2.12	0.00		3.88	3.25
13-1022.00					1.88	1.50			3.75					0.00				4.00	0.62		0.00	0.75							0.25	0.75	3.00		2.00	2.88	3.12				0.00	0.38	0.12	1.38		3.38	3.25									1.50	3.62				2.25		1.12	3.12		0.00	3.38				4.00	4.00	3.12	2.75	0.00					3.50						0.00	0.00			0.00			2.62				0.00	0.00		3.38	3.62	2.62	0.38	0.75	1.25							2.00			1.88	3.00	2.38	0.62		4.00	3.62
13-1023.00					0.12	1.12			3.38					0.00				4.25	0.38		0.00	0.25							0.00	0.00	2.25		0.50	2.50	3.12				0.00	0.00	0.00	1.00		3.88	4.00									0.00	3.00				2.75		0.00	3.88		0.00	3.00				4.00	4.00	3.00	2.12	0.00					3.62						0.00	0.00			0.00			2.75				0.00	0.00		3.25	3.75	2.50	0.00	0.00	0.00							2.50			1.12	2.00	1.88	0.62		4.00	4.00
13-1031.00					1.00	2.12			3.62					0.62				4.38	0.88		0.00	0.50							0.00	0.00	3.00		1.00	3.38	2.88				0.00	0.00	0.00	1.38		4.38	3.50									0.88	3.12				2.62		0.00	4.00		0.00	3.25				4.50	4.50	2.62	2.62	0.00					3.88						0.00	0.00			0.00			2.62				0.00	0.62		3.50	3.62	3.25	0.12	0.00	0.00							2.38			1.62	1.75	2.38	1.38		4.38	4.12
13-1032.00					1.88	1.88			3.12					1.75				3.75	2.00		0.00	0.88							0.38	1.00	2.62		1.50	2.75	2.62				1.50	0.75	0.38	2.00		3.50	3.12									1.38	2.50				1.75		1.50	3.75		1.00	2.50				4.00	4.00	2.62	2.38	1.12					3.62						0.75	0.75			0.75			3.00				0.88	1.38		3.12	3.25	2.12	0.00	0.38	0.75							2.25			1.12	2.38	2.75	0.38		3.75	3.75
13-1041.00					1.00	1.75			3.38					1.00				3.50	1.75		0.00	1.00							0.75	1.12	2.62		1.12	3.12	2.75				1.50	1.00	1.12	2.00		3.50	3.38									0.88	1.75				2.25		1.12	3.50		0.88	2.12				4.12	4.12	2.62	2.62	1.25					3.25						1.12	1.12			1.12			3.00				0.88	1.38		3.38	3.62	2.50	0.00	0.88	0.75							2.75			1.75	2.38	2.25	1.50		4.00	3.75
13-1041.01					1.88	3.00			4.00					2.50				4.75	2.50		0.00	1.25							0.12	1.00	3.75		2.38	4.12	3.25				1.00	1.00	0.88	2.25		4.75	4.00									1.75	3.00				3.00		2.00	3.88		0.88	3.25				4.75	4.88	3.12	3.75	0.88					4.88						1.50	1.75			1.62			3.00				1.25	1.88		3.62	3.75	3.00	0.50	1.25	1.88							2.75			2.00	2.88	3.00	0.50		4.38	4.75
13-1041.03					0.00	2.50			3.50					0.00				4.38	0.38		0.00	0.25							0.00	0.00	2.88		1.75	3.25	3.75				0.00	0.00	0.00	1.62		4.00	3.75									0.00	3.00				2.88		0.00	4.25		0.00	3.12				4.88	4.75	3.50	2.75	0.00					4.12						0.00	0.00			0.00			2.75				0.25	0.00		3.75	4.00	3.12	0.00	0.00	0.00							2.88			1.00	1.62	2.25	0.75		4.38	4.50
13-1041.04					2.38	2.62			3.75					2.25				4.25	2.62		0.00	1.12							0.62	1.50	3.88		2.38	4.00	3.38				2.00	1.75	1.25	2.50		4.25	4.00									2.12	3.00				3.12		2.25	4.50		1.50	3.00				4.00	4.00	3.00	3.38	1.62					4.25						1.62	1.75			2.12			3.00				1.38	2.50		3.88	3.75	3.38	1.00	1.38	1.88							3.12			2.12	3.12	3.25	1.00		4.00	4.00
13-1041.06					3.00	2.00			4.00					2.88				4.12	2.12		0.00	1.75							0.88	2.25	3.12		3.00	3.75	3.25				1.25	1.38	1.00	1.62		4.75	4.00									3.00	2.50				2.62		2.88	4.00		1.00	2.62				4.75	4.62	3.00	3.00	1.00					4.12						0.88	1.62			1.25			3.00				0.75	1.12		3.38	3.50	3.12	0.38	2.00	2.38							2.62			2.38	3.00	3.00	1.00		4.12	4.12
13-1041.07					0.00	1.88			3.50					0.00				4.12	1.00		0.00	0.00							0.00	0.00	2.88		1.62	3.62	3.62				0.00	0.00	0.00	1.88		3.88	3.88									0.00	3.00				2.62		0.00	4.00		0.00	2.88				4.88	4.62	3.25	2.88	0.00					4.00						0.00	0.00			0.00			2.75				0.00	0.00		3.88	3.88	3.00	0.00	0.00	0.00							2.12			0.88	2.00	2.00	0.38		4.88	4.12
13-1041.08					0.00	1.75			3.62					0.00				3.25	0.50		0.00	0.38							0.00	0.00	2.62		1.25	3.00	3.00				0.00	0.00	0.00	1.00		3.12	3.38									0.00	3.00				2.75		0.00	3.38		0.00	3.00				4.00	3.88	3.00	2.75	0.00					3.12						0.00	0.00			0.00			3.00				0.00	0.00		3.00	3.50	2.88	0.00	0.00	0.00							2.62			0.62	1.88	2.00	0.12		4.00	3.75
13-1051.00					0.00	1.00			3.75					0.00				4.12	0.62		0.00	0.00							0.00	0.00	2.88		0.50	3.00	3.50				0.00	0.00	0.00	1.00		4.12	4.00									0.12	4.12				2.00		0.00	3.88		0.00	4.25				4.12	4.12	3.00	2.75	0.00					3.38						0.00	0.00			0.00			3.00				0.00	0.25		3.25	3.50	2.62	0.00	0.00	0.00							1.75			1.38	1.75	3.00	0.75		4.12	4.00
13-1071.00					0.50	1.38			3.25					0.38				4.00	0.25		0.00	0.25							0.00	0.00	2.12		1.38	3.12	3.00				0.00	0.00	0.00	0.88		3.50	3.50									0.50	2.25				2.25		0.00	3.62		0.00	2.38				4.12	4.00	3.12	2.00	0.00					3.75						0.00	0.00			0.00			2.38				0.00	0.00		3.88	3.88	2.00	0.00	0.00	0.00							2.12			1.25	0.75	2.12	0.38		4.00	3.88
13-1074.00					2.38	2.00			2.50					3.00				2.88	2.12		0.00	1.50							0.00	1.50	2.62		1.50	2.25	2.12				1.50	2.00	1.12	1.88		2.88	2.75									2.50	1.88				1.75		3.00	3.12		1.50	2.12				3.25	3.38	2.00	2.25	2.00					3.25						2.38	2.38			2.50			2.75				1.00	1.62		3.12	3.50	1.50	2.00	2.12	2.12							2.75			2.50	2.25	1.75	0.25		3.00	3.00
13-1075.00					0.00	1.12			3.12					0.00				4.38	0.12		0.00	0.00							0.00	0.00	2.38		0.00	2.88	3.88				0.00	0.00	0.00	1.38		4.00	3.38									0.00	2.75				2.88		0.00	3.62		0.00	2.75				4.50	4.50	3.75	2.62	0.00					4.12						0.00	0.00			0.00			2.88				0.00	0.00		3.88	3.75	3.00	0.00	0.00	0.00							2.50			1.50	1.50	2.12	0.75		4.38	4.38
13-1081.00					0.00	1.88			3.50					0.00				4.62	0.38		0.00	0.50							0.25	0.00	3.25		1.88	3.00	3.75				0.00	0.00	0.00	1.50		4.00	3.88									0.00	3.38				2.88		0.00	3.88		0.00	3.50				4.38	4.12	3.88	2.75	0.00					4.12						0.00	0.00			0.00			2.62				0.00	0.12		3.88	3.88	2.75	0.00	0.00	0.00							2.25			1.12	1.75	3.12	0.50		4.00	3.88
13-1081.01					0.00	2.12			3.88					0.00				4.62	1.38		0.00	0.00							0.00	0.00	3.12		0.75	3.25	4.12				0.00	0.00	0.00	2.00		4.38	4.00									0.00	4.25				2.62		0.00	3.88		0.00	4.25				4.88	4.25	4.00	3.00	0.00					4.38						0.00	0.00			0.00			2.88				0.00	0.38		3.75	3.75	2.88	0.00	0.00	0.00							2.62			1.12	2.62	3.62	0.75		4.50	4.12
13-1081.02					0.62	2.12			3.75					0.75				4.00	0.88		0.00	0.25							0.00	0.00	2.75		1.62	3.38	3.75				0.00	0.00	0.00	1.62		4.00	4.00									0.62	3.88				2.75		0.00	3.88		0.00	3.88				4.00	4.00	3.75	3.00	0.00					3.88						0.00	0.00			0.00			3.25				0.00	0.00		3.25	3.50	2.88	0.00	0.00	0.00							2.38			0.62	2.00	2.88	0.38		4.00	4.00
13-1111.00					0.00	1.25			3.75					0.00				4.25	0.50		0.00	0.00							0.00	0.00	2.88		0.62	3.00	4.00				0.00	0.00	0.00	1.25		4.12	3.88									0.00	3.12				2.50		0.00	3.88		0.00	3.12				4.25	4.75	3.75	2.12	0.00					4.00						0.00	0.00			0.00			3.00				0.00	0.00		4.00	3.75	2.75	0.00	0.00	0.00							2.50			1.50	1.25	2.62	0.88		4.12	4.25
13-1121.00					2.25	1.88			3.25					1.75				3.88	1.50		0.00	1.38							0.25	1.75	3.12		2.00	2.88	3.75				1.00	1.62	1.12	1.38		3.38	3.50									2.00	3.00				2.12		1.50	3.62		0.12	2.88				4.25	4.25	3.62	2.50	0.12					4.00						0.50	0.62			0.12			2.88				0.12	0.75		3.62	3.88	2.38	0.25	1.75	1.75							3.00			2.25	2.12	3.00	0.75		4.25	4.12
13-1131.00					0.00	1.25			3.12					0.50				4.12	0.75		0.00	0.00							0.00	0.00	2.88		1.75	2.38	4.00				0.00	0.00	0.00	0.62		3.75	3.75									0.00	3.00				2.62		0.25	3.50		0.00	2.88				4.12	4.25	3.75	2.00	0.00					3.12						0.00	0.00			0.00			2.75				0.00	0.12		4.12	4.00	2.12	0.00	0.00	0.00							2.25			0.62	1.75	2.00	0.38		4.00	4.00
13-1141.00					0.62	1.12			3.25					0.25				3.88	0.25		0.00	0.25							0.00	0.00	2.62		0.62	3.00	3.12				0.00	0.00	0.00	1.12		3.62	3.62									0.38	3.50				2.25		0.00	3.50		0.00	3.25				4.12	4.00	3.25	2.75	0.00					3.75						0.00	0.00			0.00			2.88				0.00	0.00		3.38	3.62	2.88	0.00	0.00	0.00							2.00			1.12	1.38	2.00	0.62		4.12	4.00
13-1151.00					0.00	2.00			3.50					0.00				3.88	0.75		0.00	0.00							0.00	0.00	3.62		1.12	2.62	3.88				0.00	0.00	0.00	1.88		3.50	3.12									0.00	2.12				3.12		0.00	3.75		0.00	2.62				4.12	4.38	3.88	2.00	0.00					3.75						0.00	0.00			0.00			2.88				0.00	0.12		4.50	3.88	2.62	0.00	0.00	0.00							2.75			2.00	2.00	2.38	0.50		4.12	4.12
13-1161.00					0.12	1.75			3.75					0.00				4.38	0.75		0.00	0.00							0.00	0.00	2.75		1.75	3.25	4.00				0.00	0.00	0.00	1.62		4.25	3.88									0.12	3.88				2.75		0.00	3.88		0.00	3.75				4.50	4.50	3.38	2.88	0.00					3.88						0.00	0.00			0.00			2.88				0.00	0.00		3.62	3.75	2.75	0.00	0.00	0.00							2.25			1.12	1.75	2.62	0.38		4.50	4.50
13-1161.01					0.50	0.75			3.25					0.50				3.88	0.12		0.00	0.00							0.00	0.00	2.75		1.25	3.12	3.88				0.00	0.00	0.00	1.12		3.88	3.50									0.38	2.88				2.38		0.00	3.38		0.00	2.88				4.00	4.12	3.88	2.62	0.00					3.88						0.00	0.00			0.00			3.00				0.00	0.00		3.75	3.88	2.62	0.00	0.00	0.00							2.62			0.62	2.00	2.12	0.25		4.00	4.12
13-1199.04					0.00	1.88			3.62					0.00				4.88	0.75		0.00	0.00							0.00	0.00	2.88		0.62	3.50	4.12				0.00	0.00	0.00	1.50		4.38	4.00									0.00	3.00				2.88		0.00	3.38		0.00	2.88				4.25	4.50	3.75	2.75	0.00					4.88						0.00	0.00			0.00			2.88				0.00	0.25		3.75	3.62	2.88	0.00	0.00	0.00							2.38			1.12	1.88	3.12	0.88		4.25	4.88
13-1199.05					0.00	2.00			3.25					0.00				4.00	0.62		0.00	0.00							0.00	0.00	3.00		1.12	3.12	3.50				0.00	0.00	0.00	1.75		3.88	3.12									0.00	3.00				2.25		0.00	3.25		0.00	2.88				4.00	4.00	3.62	2.88	0.00					3.88						0.00	0.00			0.00			2.75				0.00	0.12		3.62	3.38	2.25	0.00	0.00	0.00							2.62			1.12	1.88	2.62	0.50		4.12	4.12
13-1199.06					0.12	0.88			3.12					0.00				3.62	0.88		0.12	0.00							0.00	0.12	2.25		2.25	2.62	3.38				0.00	0.00	0.00	1.38		3.38	3.25									0.50	3.38				2.38		0.25	3.50		0.00	3.25				3.88	3.75	2.88	2.38	0.00					3.00						0.00	0.00			0.00			2.38				0.00	0.12		3.00	3.50	2.25	0.00	0.00	0.25							2.00			0.62	2.00	2.38	0.38		3.62	3.62
13-1199.07					1.50	1.88			3.62					1.62				4.25	1.50		0.12	1.50							1.25	1.88	3.25		1.62	3.75	4.00				0.12	1.62	1.12	2.12		4.00	4.00									1.38	2.25				2.75		1.25	4.12		0.75	2.62				4.00	4.12	3.88	2.62	0.50					4.50						0.00	1.62			1.38			3.00				0.62	0.75		3.38	3.38	2.88	0.88	1.50	1.62							2.50			2.12	2.50	3.00	1.50		3.88	3.88
13-2011.00					0.00	1.88			3.38					0.00				4.50	0.62		0.00	0.62							0.00	0.00	2.25		0.25	3.38	3.12				0.00	0.00	0.00	1.50		4.38	3.88									0.25	3.75				2.38		0.00	4.12		0.00	3.75				4.12	4.25	3.00	2.75	0.00					4.12						0.00	0.00			0.00			2.62				0.25	0.12		3.38	3.50	2.88	0.00	0.00	0.00							2.25			1.38	1.62	1.88	1.38		4.25	4.12
13-2022.00					1.25	2.00			3.75					0.88				3.75	1.75		0.00	1.12							0.75	1.12	3.25		1.75	2.88	2.88				0.25	0.88	1.00	1.88		3.62	3.62									1.38	3.00				2.50		0.62	4.12		0.25	3.00				3.88	3.88	2.75	3.12	0.50					3.25						0.25	0.25			0.25			3.25				0.50	1.00		3.25	3.88	3.12	0.25	0.88	1.12							2.25			1.50	2.88	2.75	1.12		4.00	3.62
13-2023.00					1.50	1.88			3.62					1.38				3.62	2.38		0.00	0.25							0.00	0.38	3.25		0.62	3.12	2.75				0.88	0.25	0.12	1.25		3.50	3.25									0.38	2.88				2.38		1.00	3.75		1.12	3.00				3.75	3.62	2.38	2.62	1.25					3.12						1.12	1.12			1.12			2.88				0.62	1.75		3.12	3.38	2.38	0.25	0.25	0.25							2.25			1.50	2.50	2.88	1.00		3.62	3.38
13-2031.00					0.62	1.12			3.50					0.50				3.88	0.50		0.00	0.12							0.00	0.00	2.75		1.00	3.00	3.00				0.00	0.00	0.00	1.62		3.75	3.75									0.62	4.25				2.00		0.00	3.38		0.00	4.25				3.88	4.00	3.00	3.00	0.00					3.75						0.00	0.00			0.00			3.00				0.00	0.00		3.12	3.00	2.00	0.00	0.00	0.00							2.25			1.12	1.75	1.75	0.50		4.00	4.00
13-2041.00					0.75	1.50			3.50					0.50				4.50	0.38		0.00	0.00							0.00	0.00	2.12		1.75	3.12	2.88				0.00	0.00	0.00	1.12		4.12	3.62									0.62	4.12				2.38		0.00	4.25		0.00	4.38				4.12	4.12	2.62	3.12	0.00					4.00						0.00	0.00			0.00			2.88				0.00	0.00		3.12	3.50	2.88	0.00	0.00	0.00							2.00			1.00	1.50	1.75	0.38		4.12	4.00
13-2052.00					0.00	1.12			3.00					0.00				4.62	0.38		0.00	0.00							0.00	0.00	2.38		0.38	2.88	3.38				0.00	0.00	0.00	0.75		4.00	3.25									0.00	3.62				2.62		0.00	4.12		0.00	4.12				4.00	4.50	3.00	2.75	0.00					4.00						0.00	0.00			0.00			2.62				0.00	0.00		3.88	3.88	2.62	0.00	0.00	0.00							2.50			1.12	1.50	1.88	0.50		4.00	4.00
13-2053.00					0.75	0.88			3.25					0.88				3.75	0.88		0.00	0.25							0.00	0.00	2.25		1.62	3.00	2.75				0.00	0.00	0.00	1.00		3.88	3.38									0.75	2.88				1.88		0.00	3.62		0.00	2.75				3.88	3.88	2.75	2.25	0.00					3.75						0.00	0.00			0.00			2.75				0.00	0.00		3.12	3.25	2.00	0.00	0.00	0.00							2.00			0.62	1.75	2.12	0.50		4.25	3.88
13-2061.00					0.12	1.75			4.00					0.00				4.62	0.25		0.00	0.00							0.00	0.00	2.75		1.38	3.12	3.38				0.00	0.00	0.00	1.38		4.50	3.88									0.12	3.88				2.88		0.00	4.12		0.00	4.00				4.62	4.88	3.12	3.00	0.00					4.25						0.00	0.00			0.00			3.00				0.00	0.00		3.88	3.88	3.00	0.00	0.00	0.00							2.00			1.12	1.75	2.12	0.50		4.75	4.12
13-2071.00					0.88	0.88			3.00					0.62				3.75	0.00		0.00	0.38							0.00	0.00	1.75		1.50	2.75	3.62				0.00	0.00	0.00	1.62		3.75	3.12									0.62	3.12				2.25		0.00	3.25		0.00	3.12				4.00	4.00	3.12	2.12	0.00					3.88						0.00	0.00			0.00			3.00				0.00	0.00		3.50	3.25	2.25	0.00	0.00	0.00							2.50			0.50	1.38	2.00	0.38		4.00	4.00
13-2072.00					1.00	1.75			3.00					0.88				3.88	0.50		0.00	0.25							0.00	0.00	1.50		1.62	2.38	2.62				0.00	0.00	0.00	1.12		3.88	3.12									1.00	3.12				2.00		0.00	4.50		0.00	3.50				4.12	4.12	2.50	2.12	0.00					3.50						0.00	0.00			0.00			2.38				0.00	0.00		3.62	4.00	2.12	0.00	0.00	0.00							2.12			0.62	1.12	1.12	0.25		4.00	4.00
13-2081.00					0.88	2.00			3.12					0.62				4.00	0.25		0.00	0.25							0.00	0.00	2.75		2.12	3.12	2.88				0.00	0.00	0.00	0.75		4.00	3.75									1.00	3.12				2.75		0.00	3.88		0.00	4.00				4.12	4.12	2.62	2.75	0.00					3.38						0.00	0.00			0.00			2.50				0.00	0.00		3.12	3.50	2.62	0.00	0.00	0.00							2.00			1.50	1.12	2.12	1.00		4.12	3.88
13-2082.00					0.50	0.75			3.00					0.12				3.88	0.00		0.00	0.00							0.00	0.00	1.88		1.25	2.88	3.00				0.00	0.00	0.00	0.75		3.00	3.12									0.38	3.12				2.00		0.00	3.88		0.00	3.62				4.00	4.00	3.00	2.50	0.00					3.00						0.00	0.00			0.00			2.88				0.00	0.00		3.00	3.00	2.25	0.00	0.00	0.00							2.00			0.62	1.12	1.75	1.12		4.00	3.00
13-2099.01					0.50	1.25			3.88					0.62				4.75	0.75		0.00	0.25							0.00	0.00	2.38		0.62	3.00	3.88				0.00	0.00	0.00	1.50		4.50	3.88									0.50	5.00				2.25		0.00	3.38		0.00	4.75				5.00	4.12	3.62	2.50	0.00					4.00						0.00	0.00			0.00			2.88				0.00	0.00		3.50	3.75	2.62	0.00	0.00	0.00							1.88			1.62	1.88	2.00	1.00		4.88	4.00
13-2099.04					0.38	2.00			3.00					0.50				4.00	0.88		0.00	0.25							0.00	0.00	3.00		0.75	3.38	3.75				0.00	0.00	0.00	1.88		4.00	3.62									0.38	3.12				2.62		0.25	4.12		0.00	3.00				4.25	4.12	3.00	2.12	0.00					4.00						0.00	0.00			0.00			3.12				0.00	0.00		3.75	3.62	2.38	0.00	0.00	0.00							2.88			1.12	1.88	2.00	0.50		4.12	4.25
15-1211.00					1.62	2.00			3.75					1.88				4.12	0.62		0.00	0.25							0.00	0.50	3.00		2.75	3.12	4.00				0.00	0.00	0.00	1.88		4.12	4.00									1.38	3.50				2.75		0.12	4.00		0.00	3.25				4.50	4.38	3.62	3.00	0.00					4.12						0.12	0.25			0.00			3.00				0.00	0.00		3.12	3.50	3.25	0.00	0.00	0.00							2.12			1.38	2.38	3.62	0.88		4.25	4.00
15-1211.01					1.88	2.00			4.00					1.88				4.50	1.62		0.00	0.25							0.00	0.00	2.88		1.88	3.12	4.00				0.00	0.00	0.00	2.00		4.12	4.00									1.75	3.00				2.75		0.00	3.88		0.00	3.00				4.88	4.75	4.00	3.00	0.00					4.00						0.00	0.00			0.00			3.00				0.00	0.00		3.75	3.62	2.62	0.00	0.00	0.00							2.38			1.25	2.00	3.00	0.75		4.88	4.38
15-1212.00					1.75	1.50			3.62					1.50				4.12	0.75		0.00	0.50							0.00	0.75	2.75		2.12	3.50	3.75				0.00	0.00	0.00	1.75		4.12	3.88									1.62	2.88				2.75		0.00	3.88		0.00	2.75				4.25	4.12	3.25	3.00	0.00					4.12						0.00	0.00			0.12			3.12				0.00	0.00		3.00	3.12	3.00	0.00	0.12	0.00							2.88			1.00	1.88	3.00	0.38		4.12	4.00
15-1221.00					1.75	1.38			4.38					2.00				4.88	0.75		0.00	0.00							0.00	0.00	2.62		2.88	3.25	4.12				0.00	0.00	0.00	1.50		4.62	4.25									1.62	4.25				2.88		0.00	4.00		0.00	3.75				4.75	4.75	4.38	3.00	0.00					4.25						0.00	0.00			0.12			3.00				0.00	0.00		3.25	3.25	3.00	0.00	0.00	0.00							2.12			1.38	2.00	3.62	1.00		4.38	4.25
15-1231.00					2.62	2.38			3.38					2.12				4.00	1.88		0.00	0.00							0.00	1.38	2.75		2.88	3.00	3.50				0.00	0.00	0.00	1.88		3.62	3.75									2.25	2.38				2.75		2.00	3.25		0.00	2.50				4.25	4.00	3.12	2.50	0.00					3.50						0.00	0.00			0.00			3.12				0.25	0.12		3.00	3.12	2.62	0.00	0.00	1.25							2.25			0.25	2.88	3.25	0.50		4.00	3.75
15-1232.00					2.62	1.75			3.00					2.00				3.50	0.75		0.00	0.62							0.25	1.62	2.38		2.88	2.88	3.00				0.00	0.38	0.12	1.00		3.50	3.62									2.25	2.38				2.62		1.62	3.75		0.00	2.12				4.00	4.00	3.00	3.00	0.00					3.62						0.62	0.62			0.75			2.88				0.00	0.12		3.25	3.25	2.75	0.00	0.38	1.88							2.50			1.75	1.88	2.88	2.00		4.00	3.75
15-1241.00					1.75	1.88			4.00					2.00				4.12	1.50		0.00	0.25							0.00	0.88	2.75		2.00	3.12	3.88				0.00	0.00	0.00	2.00		4.00	4.12									1.75	3.25				2.75		0.00	3.88		0.00	3.00				4.38	4.12	3.62	3.00	0.00					3.88						0.38	0.25			0.00			3.00				0.00	0.12		3.12	2.88	2.75	0.00	0.00	0.00							2.38			2.00	2.88	3.12	1.62		4.50	4.12
15-1241.01					2.75	2.25			3.12					2.12				4.00	1.50		0.00	0.62							0.00	2.38	3.00		3.00	3.12	3.25				0.00	0.88	0.88	2.75		3.38	3.75									2.62	3.00				2.50		1.38	3.88		0.12	3.00				4.12	4.00	3.25	3.00	0.00					3.88						0.00	0.12			0.12			3.00				0.50	0.75		3.50	3.12	2.50	0.00	1.50	0.75							2.50			1.75	3.00	2.88	0.50		3.88	3.88
15-1242.00					1.88	1.75			3.88					1.50				4.12	0.38		0.00	0.25							0.00	0.00	2.75		1.62	3.38	3.62				0.00	0.00	0.00	1.00		4.12	4.12									1.12	3.12				2.62		0.00	3.75		0.00	3.00				4.12	4.25	3.50	3.00	0.00					3.88						0.00	0.12			0.38			3.00				0.00	0.00		3.00	3.25	3.00	0.00	0.12	0.00							2.00			1.12	1.75	3.00	0.50		4.12	4.12
15-1243.00					1.12	1.25			3.62					1.00				4.38	1.12		0.00	0.25							0.00	0.00	2.50		1.12	3.12	3.75				0.00	0.00	0.00	1.75		4.00	4.12									1.12	3.25				2.38		0.00	4.00		0.00	3.12				4.50	4.00	3.88	3.00	0.00					3.88						0.00	0.00			0.00			3.00				0.00	0.00		3.00	3.00	2.88	0.00	0.00	0.00							2.12			1.50	1.50	3.00	1.50		4.00	3.88
15-1243.01					0.38	1.25			3.50					0.00				4.00	0.88		0.00	0.75							0.00	0.00	2.38		0.25	3.00	3.25				0.00	0.00	0.00	1.38		3.88	4.00									0.00	3.12				2.50		0.00	3.88		0.00	3.25				4.00	4.00	3.25	2.88	0.00					3.50						0.00	0.00			0.00			3.00				0.00	0.00		3.00	3.25	2.50	0.12	0.00	0.00							1.75			1.75	1.75	2.75	1.38		4.00	4.00
15-1244.00					2.50	2.12			3.62					2.12				4.00	2.00		0.00	0.38							0.00	2.00	3.12		2.75	3.50	3.75				0.00	0.00	0.00	2.12		4.00	4.00									2.12	3.12				2.75		1.38	3.88		0.00	3.00				4.25	4.00	3.62	3.00	0.00					4.00						1.25	1.25			1.38			3.50				0.00	0.00		3.00	3.12	2.88	0.00	0.00	0.00							2.25			0.88	3.00	3.50	1.88		4.12	3.75
15-1251.00					1.12	1.50			3.12					1.12				3.88	0.88		0.00	0.38							0.00	0.00	2.25		1.88	3.12	3.38				0.00	0.00	0.00	1.12		3.88	4.00									1.00	3.12				2.12		0.00	3.88		0.00	3.12				4.00	3.75	3.25	2.88	0.00					3.75						0.00	0.00			0.00			3.12				0.00	0.00		3.12	3.00	2.12	0.00	0.00	0.00							2.12			0.75	2.00	2.75	0.62		4.00	3.75
15-1252.00					1.25	1.38			3.75					0.88				4.00	0.75		0.00	0.50							0.00	0.00	2.38		1.12	2.50	3.62				0.00	0.00	0.00	1.38		3.88	3.88									0.88	3.38				2.12		0.00	3.75		0.00	2.75				4.12	4.12	3.38	2.75	0.00					3.88						0.00	0.00			0.25			2.88				0.00	0.00		3.25	3.25	2.38	0.00	0.00	0.00							1.88			1.25	2.00	2.38	1.50		4.38	4.00
15-1253.00					1.62	2.00			3.12					1.50				4.00	0.62		0.00	0.38							0.00	0.00	2.50		2.00	3.38	3.12				0.00	0.00	0.00	1.75		4.00	4.00									1.88	3.00				2.25		0.00	3.62		0.00	2.38				4.12	4.12	3.00	3.12	0.00					4.12						0.00	0.00			0.00			3.00				0.00	0.00		3.00	3.12	2.50	0.00	0.00	0.00							2.50			1.38	1.88	2.75	1.00		4.12	3.88
15-1254.00					1.88	1.75			3.50					1.62				4.00	0.75		0.00	0.38							0.00	0.00	2.50		3.00	3.38	3.62				0.00	0.00	0.00	1.50		3.38	3.75									2.00	2.88				2.38		0.00	4.00		0.00	3.00				4.00	4.00	3.62	3.12	0.00					3.75						0.00	0.00			0.12			3.25				0.00	0.00		3.12	3.62	3.12	0.00	0.00	0.00							1.75			1.12	2.50	3.62	1.00		3.88	3.62
15-1255.01					2.12	1.12			3.38					2.12				3.88	0.62		0.00	0.12							0.00	0.00	3.00		2.38	3.12	4.12				0.00	0.00	0.00	2.12		4.00	3.88									2.00	3.00				2.75		0.00	4.00		0.00	3.00				4.00	4.00	4.12	2.88	0.00					3.88						0.00	0.00			0.00			3.75				0.00	0.00		3.12	3.25	2.88	0.00	0.00	0.00							2.62			0.88	3.12	3.75	0.62		3.88	3.88
15-1299.01					1.62	1.38			3.25					1.62				4.00	0.75		0.00	0.12							0.00	0.00	2.75		2.75	3.12	3.12				0.00	0.00	0.00	1.38		3.88	3.75									1.88	3.00				3.00		0.00	3.88		0.00	2.88				4.25	4.12	3.25	2.88	0.00					4.00						0.00	0.00			0.00			3.00				0.00	0.00		3.12	3.12	2.88	0.00	0.00	0.00							1.88			0.88	2.12	2.88	0.38		4.12	3.88
15-1299.02					1.62	1.62			3.38					1.38				3.88	0.62		0.00	0.75							0.00	0.00	2.75		1.50	3.38	3.00				0.00	0.00	0.00	1.38		3.62	3.62									1.50	3.50				2.25		0.00	3.88		0.00	3.12				4.00	4.25	3.00	2.50	0.00					3.50						0.00	0.00			0.12			2.88				0.12	0.88		3.12	3.38	2.62	0.00	0.00	0.00							2.12			1.38	2.12	3.25	1.62		4.00	3.50
15-1299.03					1.88	1.38			3.25					1.75				3.62	0.75		0.00	0.00							0.00	0.00	2.62		2.25	3.00	3.00				0.00	0.00	0.00	1.75		3.62	3.88									1.75	2.62				2.38		0.00	3.88		0.00	2.62				4.00	4.00	3.00	2.75	0.00					3.62						0.00	0.00			0.00			3.00				0.00	0.00		3.25	3.12	2.62	0.00	0.00	0.00							2.62			0.62	2.12	2.88	0.25		4.00	4.00
15-1299.05					0.75	1.50			3.50					0.50				4.12	1.00		0.00	0.75							0.25	0.38	3.25		0.88	3.50	3.62				0.00	0.25	0.25	1.38		4.00	3.88									0.50	3.00				2.88		0.50	3.62		0.00	2.88				4.25	4.12	3.38	3.25	0.00					3.75						0.38	0.38			0.38			3.25				0.00	0.25		3.38	3.62	2.38	0.00	0.50	0.38							2.12			1.50	2.38	2.62	1.75		4.38	3.88
15-1299.08					1.50	1.88			3.88					1.38				4.12	0.62		0.00	0.25							0.00	0.38	2.75		2.00	3.12	3.88				0.00	0.00	0.00	1.50		4.00	4.00									1.38	3.12				2.88		0.00	3.62		0.00	3.12				4.50	4.00	3.88	3.00	0.00					4.12						0.38	0.38			0.00			3.00				0.00	0.00		3.12	3.12	2.88	0.00	0.00	0.00							2.12			1.12	1.75	3.12	0.62		4.12	4.25
15-1299.09					0.00	1.88			3.75					0.00				4.00	1.12		0.00	0.00							0.00	0.00	2.88		1.50	3.12	3.88				0.00	0.00	0.00	1.75		4.00	3.88									0.00	3.12				2.75		0.00	3.88		0.00	3.12				4.12	4.00	3.25	2.75	0.00					4.00						0.00	0.00			0.00			2.88				0.12	0.00		3.50	3.62	2.88	0.00	0.00	0.00							2.00			0.62	2.00	3.00	0.12		4.25	4.00
15-2011.00					0.00	1.62			4.00					0.00				4.88	1.00		0.00	0.00							0.00	0.00	2.75		0.50	3.38	3.75				0.00	0.00	0.00	1.50		4.62	4.00									0.00	5.00				2.50		0.00	4.12		0.00	4.88				4.75	4.75	3.50	2.88	0.00					4.12						0.00	0.00			0.00			3.38				0.00	0.00		4.00	4.00	2.62	0.00	0.00	0.00							2.12			1.00	1.75	2.62	0.50		4.75	4.00
15-2021.00					0.00	0.75			4.00					0.00				5.00	0.38		0.00	0.00							0.00	0.00	2.25		1.00	3.75	4.75				0.00	0.00	0.00	0.75		4.88	4.88									0.00	6.00				2.88		0.00	3.75		0.00	5.00				5.12	5.12	4.75	2.88	0.00					3.88						0.00	0.00			0.00			3.00				0.00	0.12		3.12	3.00	3.38	0.00	0.00	0.00							1.50			1.00	0.88	2.88	0.25		5.12	4.88
15-2031.00					0.00	0.75			4.00					0.00				4.50	0.25		0.00	0.00							0.00	0.00	2.62		0.38	3.25	4.12				0.00	0.00	0.00	0.75		4.62	4.12									0.00	4.75				2.75		0.00	3.75		0.00	4.38				4.75	4.50	4.00	2.50	0.00					4.12						0.00	0.00			0.00			3.00				0.00	0.00		3.25	3.00	2.50	0.00	0.00	0.00							2.00			1.12	1.12	2.62	0.38		4.75	4.00
15-2041.00					0.00	1.00			3.75					0.00				4.88	0.62		0.00	0.00							0.00	0.00	2.88		1.00	3.12	3.88				0.00	0.00	0.00	1.00		4.88	4.00									0.00	5.00				2.75		0.00	4.00		0.00	5.12				4.88	4.75	3.62	2.88	0.00					3.50						0.00	0.00			0.00			3.00				0.00	0.00		3.62	3.12	2.88	0.00	0.00	0.00							2.00			1.38	1.12	2.75	0.75		4.75	4.88
15-2041.01					0.50	0.75			4.00					0.38				4.88	0.75		0.00	0.00							0.00	0.00	2.62		1.62	3.00	4.00				0.00	0.00	0.00	0.88		5.00	4.25									0.50	5.00				2.88		0.00	3.75		0.00	4.12				5.12	5.12	3.88	2.88	0.00					4.00						0.00	0.00			0.00			2.88				0.00	0.00		4.12	3.88	3.00	0.00	0.00	0.12							1.75			1.00	1.12	3.12	0.50		5.00	4.88
15-2051.01					0.00	0.75			4.00					0.00				4.50	0.38		0.00	0.25							0.00	0.00	2.62		0.50	3.12	3.88				0.00	0.00	0.00	0.75		4.38	4.00									0.00	3.75				2.25		0.00	3.50		0.00	3.62				4.75	4.75	3.25	2.75	0.00					3.50						0.00	0.00			0.00			3.00				0.00	0.00		3.50	3.38	2.88	0.00	0.00	0.00							2.12			1.12	0.88	2.00	0.62		4.62	4.12
15-2051.02					0.38	0.88			3.88					0.25				4.25	0.38		0.00	0.38							0.00	0.00	2.50		1.62	3.25	3.50				0.00	0.00	0.00	1.00		3.88	4.00									0.38	3.62				2.62		0.00	3.62		0.00	3.25				4.25	4.12	3.38	3.00	0.00					3.88						0.00	0.00			0.00			3.00				0.00	0.00		3.38	3.38	2.75	0.00	0.00	0.00							1.75			0.88	0.88	2.12	0.88		4.25	4.12
15-2099.01					0.00	1.50			3.88					0.25				3.75	0.88		0.00	0.00							0.00	0.00	3.00		2.25	3.62	3.50				0.00	0.00	0.00	1.50		3.88	3.62									0.00	4.12				2.88		0.00	4.00		0.00	3.38				4.38	4.38	3.25	3.25	0.00					3.88						0.00	0.00			0.00			3.25				0.00	0.00		3.25	3.50	2.88	0.00	0.00	0.00							2.75			0.00	2.38	3.12	0.38		4.50	4.12
17-1011.00					1.88	1.88			4.25					2.12				5.00	2.50		0.00	0.12							0.00	0.00	4.00		2.38	3.88	4.38				0.00	0.00	0.00	1.38		4.12	4.00									1.75	3.88				2.88		1.12	4.50		0.00	4.12				4.88	4.88	4.25	3.12	0.12					4.62						0.00	0.00			0.00			3.12				0.00	1.75		3.62	3.62	3.12	0.00	0.00	0.00							2.75			1.00	2.88	4.75	0.62		4.38	4.12
17-1012.00					1.75	1.50			4.00					1.88				4.00	2.00		0.00	0.00							0.00	0.00	3.25		1.88	2.88	4.12				0.00	0.00	0.00	1.75		3.75	3.75									1.62	3.25				2.50		0.62	3.88		0.00	3.25				4.38	4.25	4.00	2.50	0.00					4.00						0.00	0.00			0.00			3.00				0.00	1.00		3.75	4.00	2.12	0.00	0.00	0.00							2.75			1.12	2.88	4.25	0.62		4.00	4.00
17-1021.00					2.75	2.00			3.62					2.88				3.88	2.00		0.00	0.62							0.00	0.75	3.50		2.88	3.50	3.00				0.00	0.00	0.00	1.50		4.00	3.50									2.00	3.00				2.88		0.25	4.12		0.00	3.12				4.12	4.00	3.00	3.00	0.00					3.38						0.00	0.12			0.12			2.88				0.00	0.62		3.00	3.12	2.88	0.00	0.00	0.00							2.62			1.38	3.00	3.38	0.62		4.12	3.88
17-1022.00					3.00	2.00			3.75					2.88				4.12	3.00		0.00	1.75							0.75	2.50	4.00		2.88	3.62	3.00				2.00	2.00	1.75	1.62		4.12	4.00									2.75	4.12				2.75		2.88	3.88		0.50	4.12				4.12	4.12	3.00	3.12	1.00					3.38						1.38	1.88			1.50			3.00				0.62	3.38		3.62	3.38	3.12	0.75	2.12	2.00							2.75			2.50	2.88	3.75	2.00		4.12	4.12
17-1022.01					2.88	1.75			3.88					2.75				4.12	2.25		0.00	0.75							0.25	1.38	3.62		2.75	4.12	3.12				1.38	1.38	0.62	1.75		4.12	4.00									2.00	4.75				3.00		2.25	3.88		1.12	4.25				4.88	4.62	2.88	3.12	1.00					4.00						1.25	1.75			1.50			3.00				0.62	2.12		3.12	3.00	3.12	0.25	1.25	1.62							2.62			1.88	2.62	3.62	1.00		4.88	4.12
17-2011.00					0.00	2.62			4.00					0.00				4.75	1.75		0.00	0.00							0.00	0.00	3.12		2.00	3.25	4.00				0.00	0.00	0.00	2.62		4.25	4.00									0.00	4.75				2.62		0.00	3.88		0.00	3.75				4.88	4.75	4.12	3.12	0.00					4.12						0.00	0.00			0.00			3.12				0.00	0.00		3.12	3.50	2.62	0.00	0.00	0.00							2.75			0.62	3.00	3.38	0.25		5.12	4.75
17-2021.00					1.38	2.62			4.12					2.12				4.50	2.38		0.00	0.50							0.38	0.88	3.00		2.00	3.00	3.75				0.75	0.50	0.50	2.38		4.38	4.25									1.25	4.12				2.50		1.88	3.75		0.62	3.88				4.25	4.62	3.62	3.00	0.88					4.25						1.00	2.00			0.88			3.00				0.75	1.25		3.12	3.38	2.38	0.00	0.50	1.00							2.88			1.38	2.88	3.62	0.50		4.75	4.25
17-2031.00					2.38	2.00			4.38					2.25				4.75	1.88		0.00	0.00							0.00	0.62	2.88		2.50	3.62	4.00				0.00	0.00	0.00	1.75		4.75	4.12									1.88	4.00				2.75		0.38	4.00		0.00	3.62				4.88	4.75	4.38	3.00	0.12					4.75						0.25	0.38			0.12			3.12				0.00	0.12		3.38	3.50	2.75	0.00	0.00	0.12							2.25			1.12	3.00	3.75	1.00		4.88	4.75
17-2041.00					0.88	2.62			5.00					0.75				5.00	2.12		0.00	0.00							0.00	0.00	3.62		1.25	3.62	4.00				0.00	0.00	0.00	2.12		4.88	4.38									0.12	4.00				2.75		0.00	3.88		0.00	4.00				5.00	4.38	4.00	3.62	0.00					4.62						0.50	0.75			0.00			3.25				0.00	0.00		3.12	3.75	3.00	0.00	0.00	0.00							2.12			1.25	3.38	3.75	0.88		5.00	4.00
17-2051.00					0.00	2.62			4.12					1.12				4.88	2.62		0.00	0.00							0.00	0.00	3.62		1.62	3.75	4.00				0.12	0.00	0.00	2.50		4.00	4.00									0.00	4.75				2.88		0.50	4.12		0.00	4.00				5.00	5.00	4.00	3.75	0.00					4.75						0.00	0.00			0.00			3.12				0.00	1.50		3.75	4.00	3.62	0.00	0.00	0.00							2.75			0.75	2.62	4.12	0.50		5.00	4.00
17-2051.01					0.38	2.12			4.00					0.88				4.75	2.00		0.00	0.00							0.00	0.00	3.25		1.25	3.25	4.00				0.00	0.00	0.00	1.75		4.38	4.25									0.50	4.25				2.75		0.38	4.12		0.00	4.00				4.75	4.75	3.75	3.00	0.00					4.62						0.00	0.00			0.00			3.00				0.00	0.75		3.75	4.00	3.12	0.00	0.00	0.00							2.25			1.12	2.25	4.12	0.88		4.75	4.12
17-2051.02					0.00	2.00			4.00					0.88				4.88	2.00		0.00	0.00							0.00	0.00	3.25		1.25	3.62	4.00				0.00	0.00	0.00	1.88		4.12	4.00									0.00	4.50				2.88		0.38	4.00		0.00	4.00				4.88	4.75	3.88	3.00	0.00					4.38						0.00	0.00			0.00			3.12				0.00	0.50		3.25	3.25	3.00	0.00	0.00	0.00							2.88			0.50	2.38	4.00	0.25		4.62	4.12
17-2061.00					2.25	2.00			4.12					1.62				4.25	1.38		0.00	0.00							0.00	0.38	2.62		2.62	3.12	3.88				0.00	0.00	0.00	1.50		4.12	4.12									1.88	3.38				2.88		0.00	3.62		0.00	3.25				4.75	4.12	4.00	3.00	0.00					4.00						0.00	0.00			0.00			3.00				0.12	0.00		3.12	3.00	2.25	0.00	0.00	0.00							1.88			1.00	2.75	3.88	0.75		4.50	4.12
17-2071.00					2.00	2.12			4.00					2.00				4.25	2.00		0.00	0.62							0.00	0.38	3.12		2.12	3.00	4.00				0.00	0.00	0.00	2.12		4.12	4.25									2.12	4.12				2.62		0.00	3.75		0.00	3.75				4.50	4.62	3.50	3.12	0.12					4.38						0.00	0.12			0.00			3.12				0.25	0.12		3.12	3.38	2.12	0.00	0.00	0.00							2.88			1.25	3.00	3.50	0.88		4.75	4.38
17-2072.00					3.12	1.75			4.12					2.88				4.25	1.75		0.00	0.25							0.00	1.12	2.88		3.25	3.38	3.88				0.00	0.00	0.12	2.62		4.25	4.12									2.88	4.12				2.88		1.12	4.12		0.00	3.38				4.38	4.25	4.00	3.00	0.00					4.12						1.00	1.50			1.00			3.00				0.00	0.00		3.12	3.12	3.00	0.00	0.25	0.50							2.50			1.38	3.25	4.12	1.75		4.38	4.12
17-2072.01					2.50	2.12			3.62					2.62				4.25	1.38		0.00	0.00							0.00	1.25	2.75		2.38	2.88	3.38				0.00	0.00	0.00	2.00		3.75	3.75									2.00	3.12				2.12		0.62	4.00		0.00	3.25				4.12	3.88	3.12	2.50	0.00					3.50						0.88	1.00			0.00			2.88				0.00	0.25		3.38	3.50	2.12	0.12	0.00	0.25							2.12			2.00	2.25	3.12	1.62		4.00	3.75
17-2081.00					0.00	1.38			3.75					0.00				4.12	1.00		0.00	0.00							0.00	0.00	3.00		0.38	3.25	4.12				0.00	0.00	0.00	1.12		4.50	4.12									0.00	3.88				3.00		0.00	3.88		0.00	3.50				4.88	4.38	4.00	3.00	0.00					4.25						0.00	0.00			0.00			3.00				0.00	0.25		3.88	3.88	3.00	0.00	0.00	0.00							2.50			1.12	2.50	3.12	0.88		4.75	4.88
17-2111.00					1.00	2.50			3.75					1.00				3.75	1.88		0.12	0.62							0.62	0.88	3.12		0.25	3.38	3.50				1.38	0.88	1.50	2.50		3.75	3.50									0.00	2.62				2.50		1.12	3.75		1.12	2.88				4.25	4.12	3.25	3.25	1.00					3.75						1.12	1.50			1.00			3.38				1.12	1.50		3.62	3.38	3.00	0.25	0.75	1.12							2.62			1.75	2.88	3.12	1.62		4.12	3.75
17-2111.02					0.00	2.38			4.12					0.62				4.62	2.00		0.00	0.00							0.00	0.38	3.62		1.25	4.00	3.75				0.00	0.12	0.12	1.88		4.25	4.00									0.00	3.25				2.50		0.38	4.00		0.00	3.25				4.25	4.25	3.75	3.00	0.00					4.38						0.00	0.00			0.00			2.88				0.00	1.38		3.75	4.00	3.25	0.00	0.12	0.00							2.12			1.38	3.25	3.62	0.88		4.12	4.00
17-2112.00					2.00	2.75			3.88					2.00				4.12	2.00		0.00	0.12							0.12	0.25	3.00		1.50	3.12	3.62				0.00	0.25	0.12	2.50		4.25	4.00									0.12	3.50				2.25		1.75	3.88		0.12	3.38				4.25	4.38	3.50	2.75	0.00					4.00						1.50	1.88			1.00			3.00				0.00	0.50		3.25	3.25	2.12	0.00	0.38	0.50							2.75			1.38	2.75	3.88	1.00		4.38	4.25
17-2112.01					0.38	1.75			4.00					0.00				4.75	1.62		0.12	0.38							0.38	0.38	3.12		0.25	3.00	4.25				0.00	0.25	0.25	1.12		4.50	4.25									0.00	3.88				3.00		0.25	3.75		0.12	3.75				4.88	5.00	3.88	3.00	0.12					4.12						0.00	0.00			0.00			2.88				0.00	0.88		3.62	3.62	3.00	0.00	0.38	0.38							2.12			1.25	2.25	3.88	0.62		4.88	4.62
17-2112.02					1.88	2.12			3.88					1.88				4.38	1.75		0.00	0.00							0.00	0.00	2.88		1.38	3.00	3.12				0.00	0.00	0.00	2.12		4.12	4.00									0.25	3.88				2.12		0.75	3.88		0.00	3.50				4.38	4.12	3.12	2.88	0.00					4.12						0.75	0.75			0.75			3.00				0.00	0.00		3.12	3.50	2.38	0.00	0.00	0.00							2.88			1.75	2.38	3.00	1.38		4.38	4.12
17-2112.03					2.50	3.00			4.38					2.50				4.88	2.50		0.00	1.25							0.62	1.75	3.75		2.38	4.00	4.12				0.00	1.38	0.88	2.88		4.38	4.12									2.25	4.62				3.12		2.25	3.88		0.00	4.50				4.88	4.75	4.12	3.75	0.00					4.38						1.38	2.50			1.50			3.75				0.25	1.00		3.62	3.62	3.62	0.25	1.12	1.88							2.50			2.25	3.38	4.00	2.00		4.88	4.38
17-2121.00					2.25	2.38			4.50					2.50				5.25	2.00		0.12	1.38							1.12	2.50	3.62		2.38	3.62	4.12				1.50	1.75	2.00	2.75		4.38	4.62									2.12	4.12				2.75		2.12	3.75		1.12	3.62				4.50	4.50	3.88	2.75	1.12					4.62						1.25	2.25			2.25			3.12				1.38	2.25		3.50	3.50	3.12	0.12	1.38	1.75							2.75			2.50	3.00	4.00	2.25		4.50	4.50
17-2131.00					2.12	2.12			4.75					2.38				4.75	2.00		0.00	0.00							0.00	0.88	3.12		2.25	3.25	3.88				0.00	0.00	0.00	2.00		4.25	3.88									2.12	4.62				2.25		0.75	3.75		0.00	3.75				4.75	4.75	4.00	3.12	0.00					4.25						1.12	1.88			0.50			3.00				0.00	0.12		3.50	3.12	2.75	0.00	0.00	0.00							2.12			0.62	3.12	3.88	1.38		4.88	4.88
17-2141.00					2.00	2.50			4.12					1.25				4.75	1.75		0.00	0.00							0.00	0.38	3.12		2.12	3.38	3.88				0.00	0.00	0.00	2.50		4.25	4.25									1.00	4.50				3.00		0.00	4.00		0.00	4.12				4.75	4.75	4.00	3.25	0.12					4.12						0.38	1.50			0.00			3.25				0.00	0.50		3.25	3.50	2.88	0.00	0.00	0.00							2.75			1.25	2.88	3.88	0.88		4.75	4.00
17-2141.01					3.00	2.12			4.00					2.88				4.12	2.00		0.00	0.00							0.00	0.38	3.12		2.88	3.62	4.25				0.00	0.00	0.00	2.62		4.12	4.00									2.25	4.12				2.88		1.00	3.88		0.00	3.75				4.88	4.75	4.00	3.62	0.12					4.25						0.75	0.62			1.00			3.25				0.25	0.38		3.12	3.38	3.00	0.00	0.00	0.00							2.75			1.00	2.88	3.88	1.25		4.88	4.50
17-2141.02					1.62	2.12			4.00					2.00				4.88	2.00		0.00	0.00							0.00	0.00	3.12		1.75	3.00	4.00				1.25	0.00	0.00	2.88		4.62	4.50									1.00	4.75				2.62		1.62	4.00		1.25	4.12				4.75	4.38	4.62	2.88	1.12					4.25						1.12	1.62			1.62			3.00				1.50	1.62		3.12	3.38	3.00	0.50	0.00	0.00							2.62			0.75	3.12	4.12	0.62		4.75	4.00
17-2151.00					0.12	1.88			4.12					0.38				4.88	2.25		0.00	0.00							0.00	0.00	3.75		1.38	3.88	4.00				0.62	0.00	0.00	2.12		4.62	4.12									0.00	4.38				2.75		0.38	3.88		0.12	3.75				5.00	4.62	3.88	3.25	0.00					4.50						0.00	1.62			0.12			3.50				0.12	1.50		3.75	3.88	3.38	0.00	0.00	0.00							2.38			1.25	2.50	4.00	0.88		4.88	4.62
17-2161.00					1.75	2.12			4.00					1.12				4.38	2.00		0.00	0.00							0.00	0.00	3.00		0.75	3.62	4.00				0.00	0.00	0.00	2.00		4.25	4.12									0.50	4.12				2.75		0.00	3.88		0.00	4.00				5.00	5.00	3.88	3.50	0.00					4.75						0.12	0.75			0.00			3.12				0.00	0.00		3.50	3.25	3.00	0.00	0.00	0.00							2.88			0.88	2.62	3.00	0.50		5.00	5.00
17-2171.00					0.00	2.00			4.00					1.25				4.00	2.00		0.00	0.00							0.00	0.00	3.00		1.50	3.00	4.00				0.00	0.00	0.00	2.25		4.00	4.00									0.00	3.88				2.00		0.62	3.75		0.00	3.25				4.12	4.62	3.88	3.00	0.00					4.00						0.00	0.25			0.00			3.00				0.00	0.12		3.25	3.25	3.00	0.00	0.00	0.00							2.88			0.62	2.75	3.25	0.25		4.62	4.62
17-2199.03					0.00	2.00			3.75					1.25				4.12	1.75		0.00	0.00							0.00	0.00	3.00		1.25	3.12	3.62				0.00	0.00	0.00	2.12		4.12	4.00									0.00	4.00				2.50		0.50	3.88		0.00	4.00				4.75	4.12	3.62	3.00	0.00					4.12						0.00	0.00			0.00			3.12				0.00	0.00		3.75	3.88	2.50	0.00	0.00	0.00							2.75			0.88	2.88	3.62	0.12		4.62	3.88
17-2199.05					2.25	2.88			3.62					2.25				4.62	2.00		0.00	0.00							0.00	0.75	3.00		2.25	3.00	4.00				0.00	0.00	0.00	2.62		4.00	4.12									1.25	4.00				2.88		0.88	3.88		0.00	3.25				4.75	4.62	4.12	2.88	0.00					4.12						1.25	1.25			0.62			3.12				0.12	0.50		3.12	3.25	2.88	0.00	0.00	0.00							2.75			1.38	3.00	3.75	1.12		4.62	4.62
17-2199.06					3.00	2.50			4.00					2.62				4.50	2.25		0.00	0.00							0.88	1.25	2.75		2.88	3.50	4.00				0.00	0.00	0.00	2.75		4.38	4.12									2.75	3.75				3.25		1.25	3.88		0.00	3.88				4.75	4.50	4.00	3.38	0.00					4.25						1.25	1.12			0.25			3.38				0.00	0.50		3.62	3.62	3.00	0.00	0.25	1.12							3.25			1.88	3.25	3.62	1.50		4.62	4.50
17-2199.07					3.00	1.62			4.62					3.12				5.12	2.62		0.00	0.00							0.00	0.12	3.50		3.00	3.62	4.25				1.38	0.00	0.00	2.25		4.50	4.38									2.50	4.88				2.75		1.12	4.12		0.00	4.25				4.88	4.88	4.62	3.12	0.00					4.12						0.75	1.00			1.12			3.00				0.00	0.00		3.62	3.50	3.00	0.00	0.00	0.38							2.25			1.00	3.00	4.12	0.75		5.00	4.62
17-2199.08					3.00	2.62			3.88					3.25				4.75	2.62		0.00	0.00							0.50	1.88	3.50		3.62	3.88	4.12				0.75	0.00	0.00	2.88		4.50	4.50									3.00	4.75				3.00		2.38	3.88		0.38	4.00				4.88	4.62	4.62	3.75	0.38					4.50						2.62	3.00			1.38			3.12				0.50	1.00		3.00	3.38	3.38	0.50	0.00	0.62							2.88			2.00	3.50	4.62	1.88		5.00	4.62
17-2199.09					3.12	2.12			4.75					3.00				5.00	1.88		0.00	0.00							0.75	1.88	3.12		2.88	3.88	4.12				0.00	0.00	0.00	1.88		4.88	4.25									2.62	4.62				3.00		1.75	4.62		0.00	4.12				5.38	4.88	4.38	3.00	0.00					4.38						1.00	1.25			0.00			3.25				0.00	0.00		3.75	3.75	3.00	0.00	0.00	1.00							2.25			1.62	2.88	3.88	2.00		5.38	5.00
17-2199.10					1.62	1.50			3.50					1.38				4.38	2.25		0.00	0.00							0.00	0.00	3.12		2.25	3.25	3.50				0.00	0.00	0.00	1.88		3.88	3.75									0.25	4.38				2.62		1.12	3.75		0.00	3.75				4.38	4.38	3.62	2.88	0.00					3.75						1.00	0.88			1.12			2.62				0.12	0.50		3.38	3.12	2.50	0.12	0.00	0.12							1.75			0.25	2.25	4.00	0.75		4.38	3.88
17-2199.11					2.12	2.25			3.88					2.12				4.25	1.88		0.00	0.88							1.00	1.38	3.38		2.38	3.00	3.88				1.50	0.88	1.75	2.12		4.12	4.12									2.25	3.88				2.75		1.75	3.75		0.62	3.75				4.50	4.50	3.88	3.00	0.62					4.25						0.50	0.50			0.62			3.00				0.62	0.75		3.25	3.50	2.75	0.00	1.12	1.38							2.88			2.00	3.12	3.50	1.12		4.88	4.25
17-3011.00					2.25	2.00			3.38					2.00				3.62	1.75		0.38	1.00							0.38	0.38	3.38		2.12	3.25	3.25				0.00	0.38	0.38	2.12		3.25	3.50									1.88	3.25				2.62		0.38	3.75		0.25	3.12				3.88	3.75	3.12	2.38	0.50					3.38						0.38	0.38			0.38			3.25				0.00	0.75		3.12	3.25	3.12	0.38	0.38	0.38							2.38			2.25	3.38	4.00	2.12		3.75	3.50
17-3012.00					2.25	1.88			3.25					1.88				3.75	1.62		0.12	0.75							0.12	0.12	2.75		2.25	3.00	3.12				0.50	0.00	0.00	1.50		3.38	3.62									1.62	2.88				2.62		0.38	4.00		0.50	3.12				4.25	4.00	3.00	2.88	0.12					3.38						0.38	0.38			0.50			2.88				0.12	0.62		3.00	3.12	2.88	0.12	0.12	0.12							2.38			1.50	2.62	3.88	1.75		4.00	3.75
17-3013.00					2.38	2.00			3.50					2.75				3.62	1.88		0.00	0.50							0.00	0.00	3.00		3.25	3.62	3.25				0.00	0.00	0.00	2.00		3.50	3.75									1.88	3.62				1.75		0.12	4.00		0.00	3.38				3.88	3.88	3.38	3.00	0.00					3.50						0.00	0.00			0.00			3.25				0.00	0.12		3.00	3.00	2.75	0.00	0.00	0.00							2.25			0.75	3.00	4.00	0.75		3.75	3.25
17-3021.00					3.00	2.88			3.62					3.00				4.00	2.25		0.00	1.25							0.50	2.00	3.00		3.00	3.38	3.12				0.75	0.38	0.75	2.75		4.00	3.88									3.00	3.12				2.88		2.25	3.75		0.00	3.00				4.50	4.00	3.00	3.38	0.00					4.12						1.25	1.62			1.00			3.25				0.12	0.12		3.00	3.12	2.75	0.00	0.25	1.38							2.75			1.88	2.88	3.75	1.50		4.00	4.00
17-3022.00					1.88	2.12			3.50					2.00				4.00	1.88		0.00	0.50							0.00	0.00	3.25		2.38	3.12	3.12				0.50	0.00	0.00	2.12		3.75	3.88									1.88	3.75				2.50		1.25	3.88		0.62	3.38				4.12	4.00	2.88	2.88	0.38					3.88						0.62	1.12			0.75			3.00				0.38	1.12		3.12	3.25	2.88	0.00	0.00	0.00							2.62			1.12	2.38	4.00	0.88		4.00	4.00
17-3023.00					3.00	2.50			3.38					2.62				3.75	2.38		0.25	1.38							0.75	2.38	3.00		3.25	3.25	3.12				0.38	1.00	1.00	2.12		3.62	3.75									2.62	2.88				2.62		1.75	3.88		0.00	2.75				4.12	4.00	3.25	3.12	0.62					3.25						1.00	1.62			0.38			2.75				1.25	0.75		3.00	3.00	2.62	0.00	0.88	1.12							2.38			2.00	3.50	3.88	1.62		4.12	3.62
17-3024.00					3.88	3.25			3.12					4.12				3.88	2.62		0.00	1.12							0.88	1.75	3.50		3.88	3.25	3.12				1.75	2.00	1.12	3.12		3.88	3.88									3.38	3.00				2.88		3.12	4.00		0.75	3.00				3.88	3.88	3.12	3.62	1.12					3.62						2.25	3.62			2.50			3.25				1.25	1.75		3.00	3.00	2.88	1.25	1.62	2.75							2.88			2.62	3.62	4.00	2.00		3.75	3.25
17-3024.01					3.88	2.62			3.62					4.00				4.12	2.88		0.25	1.88							0.88	2.38	3.00		4.12	3.38	3.12				1.88	1.88	1.75	2.50		4.00	4.00									3.88	3.00				3.12		2.88	4.12		1.38	3.00				4.00	4.00	3.25	3.25	1.62					4.00						2.75	3.00			2.62			3.25				1.88	1.75		3.12	3.38	3.12	1.62	1.88	2.62							2.75			2.38	3.62	3.88	2.50		4.25	3.88
17-3025.00					3.00	2.00			4.00					3.00				3.88	2.12		0.00	1.88							0.50	2.12	3.12		2.88	3.12	3.12				1.75	1.75	1.75	2.00		4.00	4.00									2.75	3.50				2.88		2.62	4.00		1.12	3.50				4.50	4.00	3.00	3.00	1.25					4.12						1.88	2.75			2.00			3.12				1.25	1.88		3.12	3.38	2.88	1.12	1.88	2.25							2.88			2.12	3.12	3.25	1.88		4.75	4.00
17-3026.00					2.38	2.12			3.75					2.12				4.00	2.00		0.38	0.38							0.00	0.38	3.12		2.38	3.00	3.75				0.50	0.88	0.50	2.12		4.00	3.75									1.88	3.62				2.62		1.75	3.88		0.38	3.38				4.00	4.00	3.62	3.00	0.38					3.88						1.38	2.00			1.38			3.00				0.50	0.62		3.12	3.25	2.75	1.12	1.12	0.62							2.75			1.75	2.62	3.75	1.75		4.00	3.88
17-3026.01					3.62	2.25			4.50					3.12				4.12	2.00		0.00	1.12							1.25	2.12	3.12		3.38	3.25	3.62				1.12	1.25	0.88	2.25		3.88	4.38									2.38	3.38				2.75		2.00	4.38		1.12	3.62				4.88	4.88	3.38	3.25	1.62					4.12						2.25	2.50			1.88			3.50				1.62	1.38		3.25	3.12	3.00	0.00	1.00	1.38							2.75			2.12	3.12	3.25	1.75		4.88	4.50
17-3027.00					3.00	2.75			4.25					3.00				4.12	2.00		0.00	1.88							1.62	2.62	3.00		3.12	3.38	3.12				1.38	2.00	1.38	2.75		4.00	4.12									2.88	3.50				2.88		2.88	4.00		1.25	3.88				4.00	4.00	3.25	3.25	1.00					4.00						2.25	3.12			2.50			3.25				1.25	1.62		3.12	3.62	2.62	1.00	1.75	2.12							2.62			2.62	3.25	3.88	2.12		4.25	3.88
17-3027.01					3.00	2.50			3.50					3.12				3.75	2.38		0.00	1.50							2.00	2.62	3.00		3.12	3.38	3.50				1.62	1.75	1.25	2.50		3.50	3.50									2.62	3.00				2.38		3.00	3.50		1.62	2.62				4.00	3.75	3.25	3.25	1.75					3.75						2.00	2.62			2.62			3.25				1.88	2.12		3.12	3.00	2.75	0.00	1.25	2.12							2.75			2.50	2.88	3.25	2.25		4.00	3.38
17-3029.01					3.00	2.75			3.25					3.12				4.00	2.75		0.00	2.00							0.88	2.62	3.62		2.88	3.62	2.88				2.00	2.00	2.12	2.12		4.12	3.50									3.00	3.00				2.88		3.00	4.00		0.88	3.00				4.00	3.88	2.88	3.12	1.25					4.25						2.00	2.75			2.00			3.00				1.75	1.88		3.00	3.00	3.12	0.88	2.00	2.12							3.00			2.62	3.00	3.12	2.00		3.75	3.75
17-3029.08					3.12	2.38			3.12					3.38				3.12	2.62		0.00	0.88							0.75	1.12	3.00		3.75	2.75	3.00				0.38	0.50	0.50	2.75		3.00	3.38									3.00	2.88				2.38		3.00	3.88		0.00	2.88				4.00	3.75	2.88	3.00	0.00					3.50						2.00	2.62			1.88			3.00				0.00	0.25		3.00	3.00	2.62	0.00	0.62	2.00							2.50			2.12	3.00	3.12	2.00		3.88	3.38
17-3031.00					2.62	1.88			3.12					2.50				3.25	1.88		0.38	1.75							1.50	1.38	3.38		2.38	3.38	3.12				1.50	1.75	1.50	2.00		3.12	3.50									2.50	2.75				2.38		2.25	3.75		0.75	2.75				3.75	3.62	2.50	2.62	0.75					3.12						1.38	2.38			1.62			2.62				0.62	2.12		3.00	3.00	2.12	0.50	1.50	2.00							2.50			2.50	3.00	3.00	1.62		3.50	3.38
19-1011.00					1.25	2.38			4.00					1.75				4.38	2.00		0.00	0.25							0.38	0.38	3.12		1.00	3.00	3.88				1.00	0.75	0.38	1.75		4.75	4.00									0.12	3.38				2.88		2.00	3.88		0.62	3.62				5.00	4.75	3.88	2.88	0.62					4.38						0.50	0.88			1.00			3.00				0.38	1.25		4.00	4.00	2.50	0.00	0.50	1.12							2.75			2.25	2.75	3.00	1.12		5.00	4.88
19-1012.00					2.12	2.12			4.12					2.00				4.38	1.38		0.00	0.88							0.62	1.12	3.00		2.50	3.62	4.12				0.00	0.88	0.62	2.12		4.25	4.12									2.00	3.62				2.75		1.88	4.25		0.00	3.50				4.75	4.50	4.00	3.12	0.00					4.75						1.25	2.00			0.62			3.00				0.12	0.00		3.50	3.38	3.12	0.00	1.12	1.12							2.50			2.12	3.38	2.75	1.75		4.75	4.25
19-1013.00					2.12	2.00			4.12					2.00				4.88	2.12		0.12	1.12							0.25	1.75	3.00		2.62	3.50	4.12				0.88	0.88	0.62	1.75		5.00	4.12									1.88	3.62				2.88		2.00	3.88		0.88	3.12				5.12	5.00	4.00	3.00	0.88					4.38						0.62	0.75			1.00			3.00				0.62	1.12		3.88	3.62	3.00	0.50	1.62	1.88							2.75			2.25	2.88	2.88	1.12		5.12	4.75
19-1021.00					2.88	1.75			5.12					2.00				5.00	1.75		0.00	0.12							0.00	0.62	3.12		2.75	3.88	4.75				0.00	0.00	0.00	1.75		5.25	4.25									2.12	4.75				3.12		1.12	4.12		0.00	4.12				5.88	5.50	4.62	3.12	0.00					4.62						0.62	0.75			0.62			3.00				0.00	0.00		5.00	3.25	3.12	0.00	0.00	0.88							2.00			1.75	2.88	3.38	1.75		5.25	5.38
19-1022.00					3.50	2.00			4.75					3.00				5.00	2.00		0.00	0.50							0.38	0.50	3.25		3.38	4.00	4.12				0.00	0.38	0.38	2.00		5.12	4.12									2.50	3.88				2.75		2.00	4.62		0.00	3.75				5.00	5.00	4.38	3.38	0.00					5.00						1.50	1.88			1.00			3.62				0.00	0.00		3.12	3.88	3.12	0.00	0.50	1.25							2.25			2.00	3.12	3.38	1.75		5.00	5.00
19-1023.00					2.12	2.25			3.88					2.12				4.00	2.12		0.00	1.38							1.12	2.00	3.12		2.25	3.38	3.25				1.50	1.50	1.00	2.88		4.00	3.88									2.00	3.00				2.12		2.00	3.75		1.88	3.12				4.88	4.88	3.12	2.75	1.38					3.88						2.00	1.88			2.00			3.25				1.50	1.88		3.88	3.12	2.75	0.25	1.50	2.00							3.00			2.12	2.88	2.88	1.75		5.00	5.00
19-1029.01					1.25	2.12			4.12					1.75				4.75	2.12		0.00	0.00							0.00	0.00	3.12		2.75	3.62	4.12				0.00	0.00	0.00	2.62		4.62	4.25									1.38	4.38				3.25		0.00	4.00		0.00	4.25				4.75	4.75	4.25	3.50	0.00					4.62						0.00	0.00			0.00			3.62				0.00	0.25		4.00	3.75	3.38	0.00	0.00	0.00							2.62			0.38	2.62	3.50	0.00		4.88	4.88
19-1029.02					2.75	1.62			4.75					2.50				5.00	1.88		0.00	0.38							0.38	1.00	3.38		2.88	3.75	4.12				0.00	0.00	0.00	1.88		5.38	4.50									2.00	4.50				2.75		1.62	4.50		0.00	4.12				5.75	5.62	4.50	3.00	0.00					4.62						1.00	1.00			0.62			3.25				0.00	0.00		4.25	3.88	3.25	0.00	0.12	0.88							2.50			1.88	2.88	3.00	1.38		5.50	5.38
19-1029.03					1.88	2.00			4.12					1.88				4.75	1.88		0.00	0.12							0.00	0.00	3.12		2.25	3.50	4.12				0.00	0.00	0.00	2.12		4.88	4.00									1.88	4.00				2.62		0.75	4.12		0.00	3.75				5.00	5.00	4.00	2.88	0.00					4.75						0.00	0.62			0.25			2.88				0.00	0.00		3.88	3.38	2.75	0.00	0.00	0.12							2.62			1.75	2.88	2.88	1.50		5.12	5.00
19-1029.04					2.75	2.00			5.00					1.75				4.88	1.88		0.00	0.62							0.12	0.88	3.75		2.62	4.00	4.00				0.50	1.00	0.88	1.75		5.00	4.00									2.00	4.25				3.00		1.88	4.12		0.25	3.25				5.00	5.12	3.88	3.00	0.62					4.12						0.50	0.62			0.12			3.00				0.62	0.38		4.12	4.12	3.00	0.00	0.75	1.12							2.12			1.75	3.00	3.00	0.88		5.12	5.00
19-1031.00					2.38	2.12			3.62					2.25				3.88	2.12		0.62	1.88							1.88	1.75	3.00		2.12	3.50	3.62				1.38	1.88	1.62	1.88		3.62	3.75									2.12	3.12				2.75		2.12	3.50		1.62	3.12				4.12	3.88	3.62	2.62	1.62					3.62						1.50	1.75			1.50			2.75				1.00	1.75		3.25	3.25	3.25	0.50	2.00	2.12							2.75			2.50	2.62	3.00	2.12		4.50	4.12
19-1031.02					2.00	2.00			3.62					2.38				4.12	2.75		0.00	1.75							0.00	1.75	3.25		2.00	3.00	3.75				2.00	1.62	0.75	2.12		4.12	3.38									2.00	3.12				2.00		2.75	3.25		0.88	3.12				4.12	4.38	3.62	2.25	1.38					4.12						1.62	1.50			2.00			2.88				0.88	2.25		3.12	3.12	2.00	0.62	1.62	2.00							2.12			2.12	3.00	3.00	1.12		4.12	4.12
19-1031.03					2.12	2.38			3.12					2.00				3.38	2.12		0.00	1.75							1.25	1.88	3.12		1.88	3.00	3.25				1.75	1.75	1.12	2.12		3.12	3.25									1.88	2.00				2.75		2.00	3.12		1.62	2.12				4.12	4.38	3.25	3.00	1.50					3.38						1.38	1.38			1.62			3.00				1.25	2.00		4.12	3.75	2.38	0.00	1.88	2.12							3.00			2.25	2.88	3.00	1.25		4.12	4.12
19-1032.00					2.88	2.62			4.00					2.75				4.00	2.75		0.00	2.25							1.38	2.25	3.50		2.00	3.88	3.62				2.00	2.00	2.00	2.25		4.00	4.00									2.00	3.25				2.75		3.00	3.88		2.00	3.12				4.12	4.12	3.62	2.75	2.00					4.00						1.88	2.25			2.12			2.88				1.25	2.62		3.00	3.12	2.88	0.88	2.12	2.75							3.00			3.00	2.75	3.25	1.38		4.12	4.00
19-1041.00					0.00	1.25			4.50					0.00				5.00	0.50		0.00	0.00							0.00	0.00	3.12		1.38	3.75	4.12				0.00	0.12	0.00	0.75		5.00	4.12									0.12	4.00				2.88		0.00	3.88		0.00	3.75				5.25	5.12	4.12	3.00	0.00					4.75						0.00	0.00			0.00			3.00				0.00	0.00		4.00	3.88	3.25	0.00	0.00	0.00							2.50			1.12	2.50	3.12	0.62		5.25	5.00
19-1042.00					2.38	1.75			4.25					2.25				4.88	1.38		0.00	0.38							0.00	0.12	3.00		2.88	3.75	4.00				0.00	0.00	0.00	1.75		5.25	4.25									2.12	4.00				3.00		0.25	3.88		0.00	3.75				5.12	5.12	4.00	3.00	0.00					5.00						0.00	0.00			0.00			3.12				0.00	0.00		4.25	3.75	3.00	0.00	0.00	0.00							2.88			0.88	3.00	2.88	0.75		5.12	5.00
19-2011.00					0.50	1.50			4.12					0.25				4.75	1.88		0.00	0.00							0.00	0.00	4.00		0.75	4.38	4.25				0.00	0.00	0.00	1.50		4.88	4.25									0.25	4.88				2.62		0.00	4.12		0.75	4.38				5.12	5.00	4.12	3.12	0.00					4.00						0.00	0.00			0.00			3.38				0.00	0.62		3.88	3.50	2.62	0.00	0.00	0.00							2.62			1.25	3.00	3.12	0.50		5.00	5.00
19-2012.00					0.00	2.25			5.12					0.00				5.50	2.12		0.00	0.00							0.00	0.00	3.62		2.00	3.88	5.12				0.00	0.00	0.00	2.12		5.50	5.00									0.00	5.88				3.38		0.00	4.00		0.00	5.50				5.88	5.75	5.25	3.25	0.00					4.88						0.00	0.00			0.00			4.00				0.00	0.25		5.00	4.00	3.88	0.00	0.00	0.00							2.88			1.00	2.88	4.25	0.25		5.50	5.62
19-2021.00					0.38	1.75			3.88					0.00				4.25	0.62		0.00	0.38							0.00	0.00	3.00		0.38	3.88	3.50				0.00	0.00	0.00	1.62		4.25	4.00									0.25	4.00				2.88		0.00	4.00		0.00	3.38				5.00	5.00	3.12	3.00	0.00					4.00						0.00	0.00			0.00			2.88				0.00	0.00		4.00	3.50	2.88	0.00	0.00	0.00							2.88			1.12	2.88	2.50	0.62		5.00	4.75
19-2031.00					3.00	2.25			4.38					2.88				4.88	2.00		0.00	0.38							0.25	0.88	2.88		3.25	3.50	3.62				0.00	0.50	0.75	2.25		4.88	4.25									2.62	4.12				2.88		2.12	4.00		0.00	4.12				4.88	5.00	3.38	3.00	0.00					4.12						0.62	1.38			1.38			3.00				0.00	0.12		3.62	3.50	2.88	0.00	0.62	1.38							2.38			2.25	3.50	3.50	1.12		4.88	4.88
19-2032.00					1.88	2.00			4.38					1.50				4.88	1.75		0.00	0.00							0.00	0.00	3.00		1.38	3.62	3.88				0.00	0.00	0.00	1.88		4.75	4.00									1.12	3.88				2.50		0.25	4.00		0.00	3.38				4.88	5.00	4.12	3.00	0.00					4.00						0.88	0.88			0.25			3.00				0.00	0.00		3.00	3.00	2.75	0.00	0.00	0.00							2.50			0.88	2.75	3.50	1.12		4.88	4.88
19-2041.00					1.38	2.00			4.00					1.50				4.12	2.00		0.00	0.50							0.12	0.50	3.25		1.50	3.75	3.62				0.88	0.50	0.50	2.00		4.62	4.00									0.88	3.62				2.75		1.50	3.50		0.75	3.62				5.00	4.88	3.62	2.88	0.62					4.62						0.50	0.75			0.50			3.12				0.50	1.38		3.75	3.75	3.00	0.38	0.25	0.38							2.62			0.88	2.62	2.75	0.25		5.00	4.50
19-2041.01					0.00	1.00			3.25					0.00				4.00	0.62		0.00	0.00							0.00	0.00	3.00		0.62	3.12	3.12				0.00	0.00	0.00	1.12		4.00	3.75									0.00	3.00				2.75		0.00	3.25		0.00	3.00				4.25	4.25	3.50	2.12	0.00					4.00						0.00	0.00			0.00			3.00				0.00	0.00		3.88	3.88	2.75	0.00	0.00	0.00							2.62			0.62	2.00	2.62	0.12		4.38	4.12
19-2041.02					1.75	2.00			3.88					2.00				4.25	2.25		0.00	0.50							0.12	1.25	3.25		2.12	3.12	3.88				1.00	0.75	0.62	1.75		4.25	4.12									1.75	3.50				2.88		2.12	3.75		1.00	3.25				4.75	4.50	3.88	3.00	1.12					4.00						0.88	1.12			1.62			3.00				0.75	1.75		3.88	3.88	3.00	0.50	1.38	1.62							2.88			2.00	2.88	3.38	0.62		4.62	4.38
19-2041.03					0.00	1.50			3.88					0.00				4.75	1.25		0.00	0.00							0.00	0.00	3.00		0.00	3.75	4.00				0.00	0.00	0.00	1.62		4.62	3.88									0.00	3.88				2.62		0.00	3.75		0.00	3.75				4.88	4.75	4.00	2.88	0.00					4.62						0.00	0.00			0.00			2.75				0.00	0.12		3.38	3.75	3.00	0.00	0.00	0.00							2.00			1.25	1.75	2.88	1.25		4.88	4.88
19-2042.00					1.75	1.75			4.25					2.00				4.38	2.00		0.00	0.88							0.12	0.75	3.38		1.50	3.50	3.88				0.75	0.88	0.75	1.38		4.50	4.12									1.00	4.25				2.38		2.00	4.00		0.75	3.50				5.12	5.00	3.38	3.00	0.88					4.25						0.88	1.00			1.12			2.88				0.62	1.25		4.12	3.38	2.88	0.38	0.88	1.00							2.00			1.38	2.88	3.25	1.25		5.00	4.38
19-2043.00					2.00	2.00			4.00					2.12				4.50	2.12		0.00	1.12							0.75	1.38	3.25		2.25	3.75	4.12				0.25	1.12	1.12	1.88		4.62	3.88									1.62	4.38				2.75		2.00	3.88		0.25	4.00				5.00	4.88	4.12	3.12	0.38					4.25						0.25	0.38			0.50			2.88				0.38	1.50		3.50	3.38	2.88	0.12	1.38	1.62							2.25			1.88	2.62	3.62	1.12		5.00	4.62
19-2099.01					1.88	1.75			4.12					2.12				4.62	1.88		0.00	0.12							0.00	0.12	2.88		1.88	3.38	3.88				0.00	0.12	0.00	2.00		4.50	4.12									1.62	4.25				2.62		0.00	3.88		0.00	4.00				4.75	4.75	3.88	3.00	0.00					4.12						0.25	0.50			0.00			3.00				0.00	0.50		3.62	3.25	2.38	0.00	0.00	0.12							2.38			1.38	2.62	3.25	0.50		4.88	4.62
19-3011.00					0.00	0.75			3.25					0.00				4.50	0.50		0.00	0.00							0.00	0.00	2.50		0.38	2.75	4.00				0.00	0.00	0.00	1.00		4.38	3.75									0.00	4.38				2.88		0.00	3.75		0.00	4.12				4.88	4.88	3.50	2.12	0.00					4.00						0.00	0.00			0.00			2.75				0.00	0.00		4.25	3.75	2.12	0.00	0.00	0.00							2.00			1.00	1.25	2.12	0.38		5.00	5.00
19-3011.01					0.00	0.25			3.25					0.00				4.00	0.38		0.00	0.00							0.00	0.00	2.88		0.75	3.62	4.00				0.00	0.00	0.00	1.00		4.00	3.12									0.00	4.75				3.00		0.00	3.88		0.00	4.12				4.88	4.88	4.00	2.88	0.00					4.12						0.00	0.00			0.00			3.12				0.25	0.00		4.38	4.00	2.62	0.00	0.00	0.00							2.12			0.50	2.00	3.00	0.12		4.88	4.75
19-3022.00					0.12	1.12			4.00					0.12				4.50	0.38		0.00	0.00							0.00	0.00	3.00		0.50	3.12	3.75				0.00	0.00	0.00	1.00		4.62	4.12									0.25	4.25				2.62		0.00	4.25		0.00	4.12				4.38	4.50	3.25	2.50	0.00					3.62						0.00	0.00			0.00			2.88				0.00	0.12		4.00	4.00	2.88	0.00	0.00	0.00							2.00			0.88	1.25	2.12	0.62		4.50	4.75
19-3032.00					0.00	0.75			4.00					0.00				4.62	0.50		0.00	0.00							0.00	0.00	3.38		0.75	3.00	4.25				0.00	0.00	0.00	1.25		4.12	4.00									0.00	3.88				3.00		0.00	3.88		0.00	3.62				4.75	4.88	4.00	2.75	0.00					4.25						0.00	0.00			0.00			2.75				0.00	0.00		4.25	4.12	3.00	0.00	0.00	0.00							2.50			0.50	1.75	2.38	0.00		4.88	4.88
19-3033.00					0.00	2.12			3.88					0.00				4.00	0.25		0.00	0.00							0.00	0.00	2.88		0.00	3.12	4.00				0.00	0.00	0.00	1.62		4.12	3.75									0.00	2.25				2.75		0.00	3.75		0.00	2.12				5.00	5.00	3.88	2.12	0.00					4.25						0.00	0.00			0.00			2.75				0.00	0.12		4.12	4.12	2.62	0.00	0.00	0.00							2.12			1.50	2.00	2.00	0.50		4.50	4.38
19-3034.00					0.00	1.62			3.38					0.00				4.12	0.00		0.00	0.00							0.00	0.00	2.75		1.75	3.12	3.38				0.00	0.00	0.00	1.50		4.38	3.50									0.00	3.12				2.62		0.00	3.62		0.00	3.00				4.88	4.75	3.50	2.88	0.00					4.25						0.00	0.00			0.00			2.88				0.00	0.25		4.00	4.00	2.38	0.00	0.00	0.00							2.88			1.38	1.38	2.25	0.50		4.88	4.75
19-3039.02					1.62	2.25			4.12					1.25				4.88	1.25		0.00	0.00							0.00	0.00	3.38		1.38	3.25	3.75				0.00	0.00	0.00	1.75		5.38	3.88									1.38	3.25				3.00		0.00	4.00		0.00	2.88				5.38	5.25	3.62	3.00	0.00					5.00						0.00	0.00			0.12			3.12				0.00	0.12		4.38	4.12	3.12	0.00	0.00	0.00							2.62			1.75	1.88	2.50	1.62		5.00	5.25
19-3039.03					1.38	1.88			4.25					1.38				4.50	0.62		0.25	0.25							0.25	0.25	3.25		1.62	3.75	3.88				0.00	0.25	0.25	1.88		4.75	4.00									1.38	2.88				3.12		0.25	3.75		0.00	2.88				4.88	4.75	3.62	2.88	0.00					5.00						0.25	0.25			0.25			3.12				0.00	0.38		4.00	4.25	3.00	0.25	0.25	0.38							2.75			1.88	2.00	2.25	1.75		4.75	4.62
19-3041.00					0.00	0.88			3.88					0.00				4.12	0.38		0.00	0.00							0.00	0.00	2.50		0.12	2.88	3.88				0.00	0.00	0.00	0.75		4.12	3.75									0.00	3.50				2.75		0.00	3.62		0.00	2.62				5.00	5.00	3.88	2.12	0.00					3.62						0.00	0.00			0.00			2.88				0.00	0.00		4.75	3.88	2.12	0.00	0.00	0.00							2.00			1.25	1.38	1.88	0.50		4.75	4.75
19-3051.00					0.00	1.62			3.88					1.00				4.12	1.50		0.00	0.00							0.00	0.00	3.50		1.75	3.12	4.12				0.00	0.00	0.00	1.38		4.00	3.88									0.00	3.38				2.50		0.62	4.12		0.00	3.25				4.50	4.62	4.00	2.75	0.00					4.12						0.00	0.00			0.00			2.88				0.00	1.00		4.00	3.88	2.75	0.00	0.00	0.00							2.75			0.88	2.75	3.75	0.88		4.25	4.38
19-3091.00					1.38	1.88			4.12					0.88				4.62	0.50		0.12	0.50							0.25	1.50	3.25		1.50	3.88	4.00				0.25	0.75	0.50	1.25		4.75	4.00									1.38	2.88				2.88		0.75	3.88		0.00	2.62				5.00	5.12	3.25	2.88	0.12					3.50						0.00	0.00			0.12			3.12				0.00	1.00		4.25	3.75	3.00	0.00	0.50	0.88							2.75			1.75	2.75	3.38	1.38		5.00	5.12
19-3092.00					0.12	1.50			4.12					0.25				4.12	0.50		0.00	0.50							0.00	0.12	3.25		0.38	3.50	3.50				0.12	0.00	0.00	1.38		4.25	4.00									0.25	3.25				2.88		0.00	4.00		0.00	3.25				4.75	5.00	3.38	3.12	0.00					3.75						0.00	0.00			0.00			2.88				0.00	0.50		4.38	3.75	2.62	0.00	0.00	0.00							2.38			1.25	2.75	3.12	0.38		4.75	4.88
19-3093.00					0.12	1.75			3.38					0.25				3.88	0.88		0.00	0.00							0.00	0.12	2.88		0.25	2.75	3.62				0.00	0.00	0.00	0.50		4.00	3.38									0.25	1.62				2.25		0.00	4.12		0.00	1.38				4.75	4.88	3.00	2.12	0.00					3.50						0.00	0.00			0.00			2.62				0.00	0.00		3.75	3.38	2.12	0.00	0.12	0.00							1.88			1.62	1.62	1.75	0.75		5.00	4.88
19-3094.00					0.00	1.50			3.38					0.00				4.00	0.38		0.00	0.00							0.00	0.00	2.62		0.50	2.88	3.75				0.00	0.00	0.00	0.62		4.12	3.38									0.00	3.12				2.88		0.00	3.62		0.00	2.25				4.88	4.88	3.50	2.12	0.00					3.75						0.00	0.00			0.00			2.88				0.00	0.00		4.88	3.88	2.38	0.00	0.00	0.00							2.25			1.25	0.88	2.00	0.38		4.88	4.88
19-3099.01					0.12	1.75			3.88					0.38				4.38	1.50		0.00	0.00							0.00	0.00	3.12		0.88	3.38	4.00				0.00	0.00	0.00	1.62		4.12	4.12									0.12	3.62				2.88		0.38	3.88		0.00	3.25				4.12	4.12	4.00	3.00	0.00					4.12						0.00	0.00			0.00			3.12				0.00	0.75		3.88	3.88	2.88	0.00	0.00	0.00							2.75			1.25	2.38	4.00	0.62		4.12	4.12
19-4012.00					3.00	2.12			3.25					3.38				3.38	2.75		0.50	1.25							0.88	2.00	3.00		2.88	3.00	3.00				2.00	1.75	1.88	2.12		3.62	3.38									2.88	3.00				2.12		2.88	3.88		0.88	3.00				4.00	4.00	3.00	2.88	1.50					3.62						2.12	2.38			2.25			2.88				1.38	2.12		3.00	3.00	2.00	0.88	2.12	2.62							2.88			2.75	3.00	2.75	1.88		3.88	3.75
19-4012.01					2.75	2.12			3.62					3.12				4.00	2.12		0.00	0.88							0.25	1.75	3.00		2.88	3.62	3.12				1.25	1.38	0.75	2.00		4.12	3.75									2.62	3.25				2.88		2.88	3.75		0.75	3.25				4.00	4.00	3.00	3.00	1.00					3.75						1.75	1.88			2.00			3.00				0.62	2.25		3.25	3.00	3.00	0.25	1.62	2.00							2.75			2.12	2.75	3.50	1.75		3.88	3.88
19-4013.00					2.50	2.12			3.12					2.25				3.50	1.38		0.00	0.50							0.12	0.38	2.62		2.62	3.00	2.88				0.25	0.88	1.00	1.62		3.50	3.00									2.12	3.00				2.12		1.38	3.75		0.00	3.00				4.12	4.00	2.38	3.12	0.12					3.12						1.25	1.75			0.62			3.00				0.25	0.00		3.00	3.00	2.00	0.38	1.00	0.62							2.50			2.12	3.12	2.75	1.12		3.75	3.75
19-4021.00					3.00	2.12			3.88					2.75				4.00	1.88		0.00	1.25							0.38	1.38	3.25		3.00	3.75	3.25				0.12	0.75	0.75	2.12		4.12	3.88									2.75	3.50				2.12		2.50	4.12		0.12	3.12				4.62	4.00	3.12	3.12	0.00					4.00						0.75	1.62			1.75			3.50				0.12	0.12		3.12	3.25	2.75	0.12	1.12	1.88							2.12			2.00	3.00	3.12	2.12		4.12	3.88
19-4031.00					3.00	2.12			4.00					3.00				4.00	1.75		0.00	1.88							0.25	1.88	3.00		3.25	3.12	3.12				0.00	1.88	0.88	2.00		4.00	3.88									3.00	3.12				2.88		3.00	4.00		0.00	3.12				4.12	4.12	3.12	3.25	0.00					4.00						2.12	2.12			1.75			3.12				0.00	0.50		3.12	3.00	3.00	1.50	1.75	1.88							2.50			2.12	3.00	3.12	2.00		4.12	4.00
19-4042.00					2.88	2.50			3.75					2.88				4.00	2.25		0.00	1.62							0.62	1.75	3.12		2.88	3.12	3.12				1.62	1.50	1.00	2.00		3.88	3.75									2.75	3.12				2.75		2.50	4.00		1.62	3.12				4.12	4.12	3.12	3.00	1.75					4.00						1.75	2.25			1.88			2.88				1.25	1.75		3.12	3.12	2.88	0.25	1.62	1.88							2.88			2.12	2.88	3.12	2.00		4.12	4.00
19-4043.00					2.50	2.12			3.50					2.62				3.38	2.00		0.00	1.50							1.12	1.75	3.00		2.38	3.50	3.00				1.12	1.12	1.12	2.00		3.38	3.50									2.12	3.25				2.50		2.00	3.75		1.12	3.25				4.12	3.88	2.75	3.00	1.25					3.25						2.00	2.12			1.62			2.75				1.25	1.62		3.00	3.25	2.50	0.38	1.12	2.00							2.75			2.00	2.88	3.00	2.12		4.00	3.38
19-4051.00					2.88	2.62			3.12					3.00				3.62	2.00		0.38	1.12							1.62	2.38	3.25		2.62	3.62	2.62				1.12	1.50	1.62	2.50		3.38	3.50									2.88	2.88				2.50		2.50	3.75		1.00	2.75				4.25	4.00	2.62	3.75	1.25					3.75						2.12	3.38			1.88			3.50				1.00	1.62		3.25	3.25	2.75	0.38	1.50	1.75							3.25			2.38	3.12	2.62	2.62		4.00	3.62
19-4051.02					3.00	2.88			3.62					2.75				4.00	2.00		0.00	1.50							0.00	1.88	3.12		3.00	3.12	3.00				1.12	1.62	1.88	2.25		4.00	3.88									2.38	3.00				2.88		2.00	4.00		0.00	3.00				4.00	4.00	3.00	3.38	0.00					4.25						1.75	2.50			2.00			3.88				0.00	0.25		3.12	3.25	2.75	1.25	1.62	2.00							2.88			2.00	3.25	2.88	1.75		4.00	3.88
19-4061.00					0.00	1.50			3.12					0.00				3.75	1.50		0.00	0.38							0.00	0.00	2.88		2.38	3.12	3.00				0.00	0.00	0.00	1.50		3.50	3.38									0.25	3.12				2.75		0.00	3.75		0.00	3.12				4.12	4.25	3.00	2.62	0.00					3.50						0.00	0.25			0.00			3.12				0.00	0.00		3.50	3.00	2.50	0.00	0.00	0.00							2.00			1.38	1.75	2.75	0.50		4.25	3.88
19-4071.00					3.12	2.50			3.12					3.00				3.75	2.88		0.50	2.00							0.88	2.88	3.75		3.00	3.38	2.88				2.38	2.38	2.25	2.12		3.25	3.50									3.00	2.88				2.62		3.00	3.75		1.38	2.75				3.88	3.88	2.88	2.88	1.75					3.75						2.38	2.88			2.50			3.12				1.38	2.62		3.25	3.25	2.62	1.75	2.75	3.00							2.88			3.00	3.00	3.62	1.88		3.62	3.25
19-4092.00					3.12	2.50			4.12					2.88				4.25	2.25		0.00	1.62							0.88	2.25	4.00		2.88	4.12	3.75				1.88	1.62	1.12	2.12		4.12	4.00									2.88	2.88				2.75		2.88	4.38		1.25	2.88				4.75	4.62	3.12	3.50	1.38					3.88						1.62	1.62			1.88			3.00				0.88	1.88		3.88	3.62	3.75	1.25	1.62	2.12							2.50			2.38	3.50	3.50	1.75		4.38	4.12
19-4099.01					3.00	2.00			3.12					2.62				4.00	1.75		0.00	1.12							0.38	1.62	3.25		3.00	3.25	2.88				0.00	1.75	0.75	2.12		3.38	3.25									3.00	3.12				2.75		2.12	4.00		0.00	3.00				4.00	4.00	3.12	3.25	0.00					3.75						1.25	1.25			0.75			3.12				0.00	0.00		3.00	3.12	2.62	0.62	1.75	2.00							2.50			2.12	2.88	2.88	1.50		4.00	3.88
19-4099.03					2.38	2.38			3.88					2.75				3.88	2.12		0.00	0.00							0.00	0.00	3.38		2.88	4.12	3.75				0.12	0.00	0.00	2.38		3.75	3.88									2.00	4.12				2.62		2.00	3.62		0.25	3.75				4.50	4.50	3.38	3.00	0.12					3.75						1.25	1.00			1.62			3.38				0.00	1.38		3.00	3.00	3.00	0.00	0.00	0.00							2.75			0.50	3.00	3.62	1.00		4.25	4.12
19-5011.00					1.50	2.75			3.75					1.88				4.12	2.00		0.00	0.50							0.62	1.12	3.50		2.50	3.88	3.12				0.88	0.50	1.00	2.62		4.12	3.88									1.50	3.00				2.88		1.75	4.00		0.38	3.00				4.12	4.50	3.00	3.00	0.50					4.88						0.75	1.75			0.50			3.00				1.25	1.25		3.75	3.62	3.00	0.00	0.88	1.25							3.00			2.00	3.00	3.00	0.50		4.00	4.00
19-5012.00					1.75	2.00			3.25					1.38				4.00	2.00		0.00	1.00							1.00	1.88	3.25		2.38	3.38	3.00				1.25	1.62	1.75	2.12		4.00	3.25									1.38	2.75				2.25		1.88	3.88		0.62	2.62				4.00	4.00	3.00	3.00	0.75					4.12						0.88	1.75			1.00			3.00				1.00	1.38		3.50	3.00	3.00	0.25	1.38	1.25							2.62			2.25	2.88	2.25	1.12		4.00	3.75
21-1011.00					1.00	2.00			3.25					0.88				4.00	1.25		0.00	0.75							1.75	0.88	3.00		0.75	3.00	3.38				0.75	1.25	1.25	2.00		4.00	3.62									0.25	2.12				2.75		1.00	3.12		0.75	2.00				4.62	4.75	3.12	2.75	0.75					4.25						1.00	1.75			1.75			3.00				0.50	0.62		4.00	4.00	2.38	0.38	1.12	1.75							3.00			1.75	1.88	2.62	0.50		4.25	4.00
21-1012.00					0.00	1.88			3.25					0.00				4.25	0.38		0.00	0.00							0.00	0.00	2.62		0.00	2.62	3.88				0.00	0.00	0.00	1.38		4.12	3.12									0.25	2.50				2.75		0.00	3.38		0.00	2.12				4.50	4.38	3.50	2.12	0.00					4.25						0.00	0.25			0.12			2.88				0.00	0.00		4.00	3.50	2.50	0.00	0.12	0.00							2.62			1.12	1.62	2.25	0.50		4.38	4.25
21-1013.00					0.00	1.88			3.50					0.00				4.12	0.00		0.00	0.00							0.38	0.12	2.75		1.00	3.00	4.12				0.00	0.38	0.38	1.50		4.38	3.75									0.12	1.88				2.88		0.12	3.62		0.00	1.88				4.50	4.88	3.50	2.50	0.00					4.50						0.00	0.38			0.12			3.12				0.00	0.00		4.12	4.00	3.50	0.12	0.12	0.38							2.88			1.00	1.50	2.12	0.62		4.38	4.12
21-1014.00					0.00	2.00			4.00					0.00				4.88	0.00		0.00	0.25							0.62	0.25	2.75		0.88	3.12	4.00				0.00	0.62	0.62	0.88		5.00	4.00									0.50	2.12				2.88		0.25	3.62		0.00	2.00				5.00	5.00	4.00	2.50	0.00					5.00						0.12	0.62			0.62			3.50				0.00	0.12		4.62	4.50	2.88	0.25	0.50	0.62							2.00			0.88	1.00	2.00	0.50		4.38	4.25
21-1015.00					0.38	1.75			3.12					0.00				4.00	0.00		0.00	0.25							0.62	0.75	2.88		1.25	2.75	3.38				0.00	0.62	0.75	1.38		3.88	3.12									0.12	2.12				2.50		0.12	3.50		0.00	2.00				4.12	4.12	3.38	2.12	0.00					4.12						0.00	0.50			0.88			2.38				0.00	0.00		3.88	3.88	2.50	0.25	0.75	0.75							2.62			1.38	1.50	1.88	0.12		4.00	4.00
21-1021.00					1.12	2.12			3.25					1.00				3.88	1.12		0.00	1.12							0.88	0.62	2.88		1.25	2.88	3.38				0.62	1.12	0.75	1.88		3.88	3.38									0.12	2.38				2.62		1.75	3.62		0.62	2.00				4.12	4.12	3.38	2.62	0.62					4.38						0.62	1.25			1.12			3.00				0.50	0.75		3.88	4.00	2.75	0.12	1.25	1.50							2.75			2.00	2.00	2.00	0.62		4.12	4.00
21-1022.00					0.00	2.00			3.50					0.25				4.12	0.38		0.00	0.25							1.00	0.38	3.00		1.62	2.88	4.12				0.00	0.88	0.88	1.25		4.00	3.62									0.50	2.00				2.75		0.62	3.50		0.00	2.00				4.88	4.62	3.62	2.88	0.00					4.38						0.00	1.62			1.38			3.00				0.00	0.00		4.00	4.00	2.88	0.25	1.00	0.88							2.88			2.00	1.12	1.75	0.75		4.25	4.12
21-1023.00					0.00	2.50			3.62					0.00				4.38	0.12		0.00	0.12							1.00	0.12	2.75		1.12	3.00	3.88				0.00	0.88	0.88	2.00		4.25	4.00									0.12	2.50				3.00		0.12	3.62		0.00	2.50				4.88	4.75	3.88	3.00	0.00					4.88						0.00	1.00			1.38			3.00				0.00	0.00		4.00	4.00	3.12	0.12	0.62	1.25							2.75			1.88	1.88	2.12	0.38		4.25	4.25
21-1091.00					2.00	1.75			3.00					1.62				3.88	0.88		0.00	0.50							0.38	0.62	2.88		1.88	2.25	3.75				0.00	0.25	0.25	1.62		3.75	3.00									1.75	2.38				2.38		1.88	3.88		0.00	2.12				4.12	4.38	3.38	2.00	0.00					3.38						0.25	0.25			0.12			2.88				0.00	0.12		3.88	3.38	2.12	0.00	0.62	1.38							2.62			1.12	2.12	2.12	0.50		4.25	4.25
21-1092.00					1.62	2.25			3.00					1.62				4.00	1.62		0.00	0.62							1.75	0.62	2.38		1.62	2.25	3.12				0.75	2.12	1.38	1.38		3.88	3.00									1.38	1.50				2.00		1.88	3.62		0.62	1.38				4.00	4.12	3.12	2.00	0.62					4.00						0.62	2.12			2.12			2.88				0.50	0.62		3.50	3.75	2.12	1.38	1.88	2.12							2.25			2.12	0.88	2.00	0.50		4.00	4.00
21-1093.00					0.88	1.88			3.12					1.25				4.00	1.75		0.00	1.12							0.75	0.88	2.75		1.25	3.12	3.50				0.50	0.88	0.75	2.00		3.38	3.00									0.50	2.00				2.88		1.75	3.88		0.38	2.25				4.00	4.00	3.25	2.62	0.50					3.88						0.25	1.00			1.00			3.12				0.00	0.75		3.75	3.62	2.88	0.00	0.88	1.25							3.00			1.88	1.75	2.12	0.50		3.88	3.88
21-1094.00					2.75	1.75			3.12					2.38				3.75	2.38		0.00	1.38							0.00	1.38	2.62		3.00	2.88	3.50				1.00	1.62	1.00	1.88		3.75	3.12									2.75	2.62				2.38		2.25	3.38		1.12	2.50				3.88	3.88	3.00	2.62	1.12					3.75						1.88	1.75			2.00			2.88				1.00	1.12		3.88	3.50	2.12	1.62	1.88	1.75							2.75			2.12	2.50	2.50	1.38		3.75	3.62
21-2011.00					0.00	1.88			3.62					0.00				4.00	0.00		0.00	0.00							0.00	0.00	3.00		0.38	3.00	3.88				0.00	0.00	0.00	1.62		3.88	3.62									0.25	1.62				3.38		0.25	3.88		0.00	2.50				4.00	4.50	3.88	2.38	0.00					4.38						0.00	0.00			0.00			3.12				0.00	0.12		5.50	4.50	2.88	0.00	0.00	0.00							2.88			1.75	1.50	2.00	0.75		4.00	4.00
21-2021.00					0.00	1.88			3.00					0.00				3.75	1.12		0.12	0.25							0.25	0.12	3.00		0.50	2.75	3.62				0.00	0.25	0.12	1.75		3.62	3.12									0.00	2.25				2.88		0.38	3.62		0.00	2.62				4.00	4.12	3.25	2.12	0.00					3.88						0.00	0.00			0.00			2.88				0.00	0.12		4.00	3.75	2.75	0.00	0.25	0.25							2.25			1.88	1.38	2.62	0.62		4.00	4.00
23-1011.00					0.12	2.00			4.00					0.12				4.50	0.62		0.00	0.00							0.00	0.00	3.00		1.12	3.00	4.25				0.00	0.00	0.00	1.00		4.25	4.12									0.12	2.50				3.12		0.00	4.62		0.00	2.38				5.00	5.00	4.00	2.62	0.00					4.00						0.00	0.00			0.00			3.12				0.00	0.12		4.75	3.62	2.88	0.00	0.00	0.00							2.62			1.12	1.50	2.50	0.62		5.00	5.00
23-1012.00					0.25	1.62			3.50					0.38				4.00	0.00		0.00	0.25							0.00	0.00	2.88		1.50	3.00	3.00				0.00	0.00	0.00	1.38		4.00	3.62									0.38	2.88				2.88		0.00	4.25		0.00	2.50				4.75	4.38	2.88	2.38	0.00					3.75						0.00	0.00			0.00			2.88				0.00	0.00		3.88	3.88	2.50	0.00	0.00	0.00							2.00			1.00	2.25	1.88	0.75		4.88	4.50
23-1021.00					0.75	2.00			3.25					0.62				4.75	0.00		0.00	0.25							0.00	0.00	3.00		1.50	2.88	3.12				0.00	0.00	0.00	1.38		4.88	3.75									0.75	2.38				2.75		0.00	4.25		0.00	2.62				5.00	5.00	3.00	2.50	0.00					4.00						0.00	0.00			0.00			3.00				0.00	0.00		4.38	4.00	2.38	0.00	0.00	0.00							2.62			0.62	1.00	1.25	0.38		5.00	5.00
23-1022.00					0.00	1.25			3.00					0.00				4.12	0.25		0.00	0.00							0.00	0.00	2.75		0.25	3.00	3.50				0.00	0.00	0.00	1.12		4.00	3.25									0.00	2.00				2.00		0.00	4.00		0.00	2.00				5.00	5.00	3.12	1.88	0.00					3.88						0.00	0.00			0.00			2.88				0.00	0.00		4.00	4.00	2.88	0.00	0.00	0.00							2.00			1.12	1.12	2.00	0.50		4.88	4.75
23-1023.00					0.00	1.25			3.12					0.00				5.00	0.00		0.00	0.12							0.00	0.00	2.88		0.62	3.12	3.75				0.00	0.50	0.00	1.00		5.00	4.00									0.00	2.62				2.88		0.00	4.50		0.00	2.25				5.00	5.00	3.12	2.62	0.00					4.00						0.00	0.12			0.12			3.00				0.00	0.00		4.38	4.00	3.00	0.00	0.00	0.12							2.75			0.25	1.12	1.88	0.00		5.00	5.00
23-2011.00					0.50	1.75			3.00					0.38				3.00	0.00		0.00	0.12							0.00	0.00	3.00		1.38	2.88	2.88				0.00	0.00	0.00	0.88		3.00	3.00									1.00	2.00				2.62		0.00	4.62		0.00	2.25				4.00	4.00	2.88	2.88	0.00					3.00						0.00	0.00			0.00			2.88				0.00	0.00		3.25	3.75	2.00	0.00	0.00	0.00							2.12			1.25	1.62	2.00	1.00		4.00	4.00
23-2093.00					0.62	1.38			3.12					0.75				3.38	0.38		0.00	0.50							0.00	0.00	2.38		1.38	2.75	2.00				0.00	0.00	0.00	0.88		3.12	3.00									0.75	2.00				2.00		0.00	4.00		0.00	2.12				4.00	4.00	1.88	2.38	0.00					2.88						0.00	0.00			0.00			2.75				0.00	0.00		3.12	3.12	1.62	0.00	0.00	0.00							1.88			1.25	0.88	1.75	0.62		4.00	3.75
25-1011.00					0.00	1.38			3.25					0.00				4.25	0.00		0.00	0.00							0.00	0.00	2.75		1.00	2.62	3.12				0.00	0.00	0.00	0.75		4.00	3.62									0.00	3.62				3.00		0.00	3.88		0.00	3.25				5.00	5.25	3.38	2.25	0.00					3.25						0.00	0.00			0.00			2.88				0.00	0.00		5.12	3.62	2.75	0.00	0.00	0.00							2.00			1.62	0.88	2.12	0.75		4.88	5.12
25-1021.00					0.75	0.88			3.75					0.50				3.88	0.88		0.00	0.00							0.00	0.00	2.75		1.62	3.00	3.50				0.00	0.00	0.00	1.25		3.88	3.88									0.38	3.88				2.88		0.00	4.00		0.00	3.00				5.00	5.25	3.62	2.00	0.00					3.50						0.00	0.00			0.00			2.88				0.00	0.00		4.62	3.75	2.25	0.00	0.00	0.00							2.12			1.75	1.50	2.75	0.12		4.88	5.00
25-1022.00					0.00	1.00			3.25					0.00				4.12	0.38		0.00	0.00							0.00	0.00	2.12		0.62	2.50	3.38				0.00	0.00	0.00	0.50		4.12	3.50									0.00	4.75				3.00		0.00	3.88		0.00	4.62				5.00	4.88	3.50	2.12	0.00					3.25						0.00	0.00			0.00			2.75				0.00	0.00		4.88	3.25	2.25	0.00	0.00	0.00							2.62			1.38	0.88	2.12	0.62		4.38	4.50
25-1031.00					0.75	1.75			4.00					0.38				4.12	1.38		0.00	0.00							0.00	0.00	3.25		1.50	3.00	3.88				0.00	0.00	0.00	0.88		4.12	4.12									0.00	3.25				2.88		0.00	4.00		0.00	3.25				5.12	5.25	4.12	2.12	0.00					4.12						0.12	0.25			0.00			2.75				0.00	0.62		5.12	3.62	2.25	0.00	0.00	0.00							2.50			1.88	2.25	4.12	0.62		5.00	5.00
25-1032.00					0.62	1.75			4.12					0.12				4.25	1.25		0.00	0.00							0.00	0.00	3.12		1.25	3.00	3.88				0.00	0.00	0.00	2.12		4.25	4.12									0.00	4.25				2.88		0.00	3.88		0.00	4.25				5.12	5.38	3.88	2.12	0.00					3.75						0.12	0.12			0.00			3.12				0.00	0.00		4.75	4.00	2.75	0.00	0.00	0.00							2.38			1.00	2.50	3.38	0.50		5.12	5.00
25-1041.00					1.12	1.50			3.12					1.75				4.25	1.00		0.00	0.88							0.38	1.00	3.12		2.00	2.38	3.75				0.00	0.75	0.50	1.12		4.25	3.88									1.12	3.25				3.00		1.25	3.38		0.00	3.12				5.00	5.62	3.75	2.12	0.00					3.75						0.75	0.75			0.50			2.25				0.00	0.12		5.00	4.00	2.12	0.00	0.88	1.00							2.00			2.00	1.25	2.00	1.00		4.88	4.88
25-1042.00					1.12	1.50			4.00					1.12				4.12	0.88		0.00	0.00							0.00	0.00	3.00		1.50	2.38	3.62				0.00	0.00	0.00	0.88		4.25	4.00									1.00	3.12				2.88		0.00	4.00		0.00	2.75				5.12	5.50	3.75	2.25	0.00					3.62						0.00	0.00			0.00			2.75				0.00	0.00		4.88	4.00	2.25	0.00	0.00	0.00							2.25			1.62	2.00	2.12	0.12		5.00	5.00
25-1043.00					0.62	1.50			3.25					1.25				4.12	1.88		0.00	0.38							0.38	0.38	3.00		1.00	2.12	3.75				0.75	0.38	0.38	1.62		4.12	3.25									0.00	3.25				2.88		1.38	3.75		0.62	2.88				4.88	5.00	3.75	2.38	0.62					3.75						0.50	0.88			0.75			2.75				0.62	0.75		4.88	4.00	2.00	0.00	0.38	0.62							2.12			0.88	1.75	2.25	0.38		5.00	4.88
25-1051.00					0.12	1.75			4.00					0.00				4.25	0.75		0.00	0.12							0.00	0.00	3.00		0.88	2.75	3.88				0.00	0.00	0.00	1.12		4.25	4.00									0.00	4.00				3.00		0.25	4.00		0.00	3.38				5.12	5.25	3.88	2.12	0.00					4.12						0.00	0.00			0.00			2.75				0.00	0.00		5.12	3.75	2.25	0.00	0.00	0.25							2.12			1.38	1.75	2.25	0.50		5.12	5.12
25-1052.00					0.25	1.75			3.88					0.00				4.50	1.00		0.00	0.00							0.00	0.00	2.88		1.50	3.00	3.38				0.00	0.00	0.00	1.25		4.38	3.75									0.50	3.75				3.12		0.00	3.88		0.00	3.12				5.38	5.50	3.50	2.50	0.00					3.88						0.00	0.00			0.00			3.12				0.00	0.00		4.50	4.00	2.25	0.00	0.00	0.00							2.75			1.75	2.12	2.88	0.25		5.00	5.00
25-1053.00					0.00	1.62			3.25					0.00				4.12	0.75		0.00	0.00							0.00	0.00	3.00		0.62	2.62	3.50				0.00	0.00	0.00	0.75		4.12	3.75									0.00	3.12				2.88		0.00	3.75		0.00	2.50				4.88	5.12	3.50	2.12	0.00					3.38						0.00	0.00			0.00			2.75				0.00	0.00		4.88	3.25	2.12	0.00	0.00	0.00							2.50			1.12	1.62	1.75	0.62		5.00	5.00
25-1054.00					1.50	1.50			3.62					0.88				4.38	1.12		0.00	0.00							0.00	0.25	3.00		1.88	2.12	3.75				0.00	0.00	0.00	1.38		4.38	3.88									1.25	4.00				2.88		0.00	3.88		0.00	3.50				5.75	5.62	3.50	2.12	0.00					3.62						0.50	0.50			0.00			2.75				0.00	0.00		4.88	3.50	2.12	0.00	0.00	0.00							2.12			1.62	2.25	2.38	0.62		4.88	5.00
25-1061.00					0.88	1.88			4.00					0.50				4.12	0.12		0.00	0.00							0.00	0.00	3.25		0.88	2.88	3.88				0.00	0.00	0.00	0.88		4.50	3.75									0.88	3.00				3.12		0.00	4.00		0.00	2.50				5.12	5.38	3.75	2.00	0.00					3.62						0.00	0.00			0.00			3.12				0.00	0.12		4.88	3.75	2.38	0.00	0.00	0.00							2.75			1.25	1.50	2.00	0.88		5.00	5.12
25-1062.00					0.00	1.88			3.00					0.00				3.75	0.38		0.00	0.00							0.00	0.00	2.62		0.75	2.25	3.62				0.00	0.00	0.00	1.25		3.75	3.12									0.00	2.25				2.88		0.00	3.88		0.00	2.12				4.88	5.00	3.75	2.12	0.00					3.25						0.00	0.00			0.00			2.75				0.00	0.00		4.62	3.25	2.12	0.00	0.00	0.00							2.62			1.12	1.25	2.12	0.00		4.88	4.88
25-1063.00					0.00	2.00			3.25					0.00				4.12	0.62		0.00	0.00							0.00	0.00	3.00		1.50	2.75	3.25				0.00	0.00	0.00	1.50		4.12	3.25									0.00	3.75				3.00		0.00	3.88		0.00	4.00				5.00	5.00	3.00	2.50	0.00					3.88						0.00	0.00			0.00			2.75				0.00	0.00		4.75	3.88	2.38	0.00	0.00	0.00							2.50			1.25	1.50	2.62	0.50		5.00	5.00
25-1064.00					0.00	1.38			3.62					0.00				3.88	0.25		0.00	0.00							0.00	0.00	2.75		0.75	2.50	3.62				0.00	0.00	0.00	1.38		3.88	3.62									0.00	2.88				2.50		0.00	3.38		0.00	2.75				4.88	4.88	3.62	2.12	0.00					3.25						0.00	0.00			0.00			2.75				0.00	0.38		4.62	3.75	2.25	0.00	0.00	0.00							2.12			1.75	1.50	2.38	0.00		5.00	4.88
25-1065.00					0.00	1.00			3.12					0.00				3.88	0.12		0.00	0.25							0.00	0.00	2.75		0.25	2.00	3.25				0.00	0.00	0.00	0.62		3.88	3.12									0.00	2.38				2.88		0.00	3.75		0.00	2.00				5.00	5.00	3.25	2.00	0.00					3.25						0.00	0.00			0.00			2.88				0.00	0.00		4.62	3.38	2.00	0.00	0.00	0.00							2.12			1.12	1.25	1.25	0.12		5.00	5.00
25-1066.00					0.00	1.00			3.38					0.00				4.12	0.38		0.00	0.00							0.00	0.00	3.00		0.62	2.38	3.50				0.00	0.00	0.00	0.62		4.12	3.38									0.00	3.12				2.88		0.00	3.50		0.00	2.62				4.88	5.00	3.38	2.12	0.00					3.75						0.00	0.00			0.00			2.50				0.00	0.00		5.00	4.00	2.12	0.12	0.00	0.12							2.00			1.38	0.75	2.00	0.50		5.00	5.00
25-1067.00					0.00	0.62			3.12					0.00				4.12	0.00		0.00	0.12							0.00	0.00	3.00		0.62	2.25	3.25				0.00	0.00	0.00	0.50		4.12	3.25									0.00	2.62				3.00		0.00	3.75		0.00	2.25				5.00	5.00	3.12	2.12	0.00					3.50						0.00	0.00			0.00			2.62				0.00	0.00		4.88	3.88	2.12	0.00	0.00	0.00							2.00			1.25	0.88	1.12	0.38		4.88	5.00
25-1071.00					1.12	1.75			3.50					1.12				3.88	0.75		0.00	0.88							0.50	0.88	2.75		1.62	2.75	3.25				0.00	0.25	0.12	1.25		3.88	3.75									1.00	3.00				2.88		1.12	3.62		0.00	2.88				4.88	5.12	3.75	2.12	0.00					3.75						0.50	0.50			0.00			3.00				0.00	0.00		4.62	3.75	2.75	0.00	0.62	1.12							2.75			1.50	2.25	2.12	0.75		5.00	5.00
25-1072.00					2.88	2.12			3.75					1.75				4.00	1.38		0.00	1.12							0.88	1.50	2.88		2.50	3.00	3.75				0.00	1.12	1.25	1.50		4.00	3.88									2.25	3.00				2.88		2.00	4.00		0.00	2.88				5.00	5.00	3.62	2.50	0.00					4.12						0.00	0.50			0.88			3.00				0.00	0.00		4.88	4.00	2.88	0.00	1.50	1.62							3.00			2.12	2.25	2.62	0.88		5.00	4.88
25-1081.00					0.75	1.12			3.12					0.50				4.25	0.38		0.00	0.12							0.00	0.00	3.12		1.12	2.12	3.25				0.00	0.00	0.00	0.75		4.12	3.38									0.75	2.25				2.75		0.00	4.00		0.00	2.12				5.12	5.12	3.25	2.25	0.00					3.88						0.00	0.00			0.00			2.88				0.00	0.00		5.00	4.00	2.12	0.00	0.00	0.00							2.00			1.75	0.75	1.38	0.50		5.00	5.00
25-1082.00					0.00	1.00			3.62					0.00				4.12	0.62		0.00	0.38							0.00	0.00	3.00		0.88	2.88	3.12				0.00	0.00	0.00	0.75		4.00	3.88									0.00	2.38				2.88		0.00	4.00		0.00	2.25				5.00	4.88	3.00	2.25	0.00					3.62						0.00	0.00			0.00			2.88				0.00	0.00		4.75	3.62	2.25	0.00	0.00	0.00							2.38			1.38	0.88	2.00	0.38		5.00	4.88
25-1111.00					0.00	1.25			3.12					0.00				3.88	0.00		0.00	0.00							0.00	0.00	2.50		0.62	2.25	3.12				0.00	0.00	0.00	0.88		3.88	3.25									0.00	2.38				2.75		0.00	3.62		0.00	2.00				5.00	5.00	3.00	2.00	0.00					3.75						0.00	0.00			0.00			2.75				0.00	0.00		4.50	3.25	2.12	0.00	0.00	0.00							2.50			1.00	1.25	2.00	0.12		5.00	5.00
25-1112.00					0.00	1.25			3.62					0.00				4.88	0.00		0.00	0.00							0.00	0.00	2.38		0.88	2.25	3.75				0.00	0.00	0.00	0.75		4.50	3.62									0.00	2.12				3.12		0.00	4.38		0.00	2.12				5.12	5.38	3.75	2.25	0.00					3.62						0.00	0.00			0.00			2.50				0.00	0.00		5.38	3.88	2.38	0.00	0.00	0.00							2.00			1.38	0.75	1.50	0.62		5.00	5.00
25-1113.00					0.00	1.50			3.25					0.00				4.25	0.50		0.00	0.00							0.00	0.00	3.00		0.88	2.38	3.62				0.00	0.00	0.00	0.88		4.00	3.88									0.00	2.38				2.88		0.00	3.62		0.00	2.00				4.88	5.00	3.62	2.00	0.00					3.75						0.00	0.00			0.00			2.50				0.00	0.00		5.12	4.00	2.12	0.00	0.00	0.00							2.25			1.12	1.00	2.00	0.62		4.88	5.00
25-1121.00					2.12	2.00			3.75					1.88				3.88	0.75		0.12	0.50							0.25	0.38	3.25		2.12	2.38	4.00				0.00	0.25	0.12	1.88		3.75	3.62									2.12	2.00				3.00		1.00	4.00		0.00	1.88				5.00	5.00	4.00	2.12	0.00					3.12						0.25	0.50			0.25			2.75				0.00	0.25		4.62	3.88	2.12	0.12	0.25	0.75							2.38			1.75	3.00	3.00	0.62		5.00	4.75
25-1122.00					0.12	1.62			3.12					0.00				4.00	0.25		0.00	0.00							0.00	0.00	2.75		0.50	2.38	3.25				0.00	0.00	0.00	1.12		3.88	3.12									0.12	2.25				2.88		0.00	3.75		0.00	2.25				4.88	5.00	3.12	2.12	0.00					3.62						0.00	0.00			0.00			2.75				0.12	0.00		4.62	3.75	2.25	0.00	0.00	0.00							2.12			1.62	1.25	2.12	0.25		4.75	4.88
25-1123.00					0.00	0.88			3.50					0.00				3.88	0.00		0.00	0.00							0.00	0.00	2.50		0.25	2.62	3.88				0.00	0.00	0.00	1.00		3.88	3.50									0.00	1.88				3.00		0.00	3.75		0.00	1.88				5.00	5.00	3.75	1.88	0.00					3.62						0.00	0.00			0.00			2.88				0.00	0.00		4.75	3.88	2.38	0.00	0.00	0.00							2.25			0.88	1.25	2.00	0.00		5.00	5.00
25-1124.00					0.00	2.00			3.00					0.00				3.62	0.00		0.00	0.00							0.00	0.00	2.75		0.62	2.38	3.38				0.00	0.00	0.00	1.50		3.75	3.00									0.00	1.88				2.88		0.00	3.75		0.00	1.88				4.88	4.88	3.25	2.00	0.00					3.38						0.00	0.00			0.00			2.88				0.00	0.00		4.88	4.50	2.00	0.00	0.00	0.00							2.00			1.75	1.25	2.00	0.00		4.75	4.75
25-1125.00					0.00	1.12			3.25					0.00				3.88	0.00		0.00	0.25							0.00	0.00	2.88		0.00	2.12	3.38				0.00	0.00	0.00	0.62		3.88	3.50									0.00	2.00				3.00		0.00	3.75		0.00	2.00				4.88	5.00	3.12	2.00	0.00					3.25						0.00	0.00			0.00			3.00				0.00	0.00		4.50	3.25	2.25	0.00	0.00	0.00							2.12			1.00	1.12	1.38	0.12		5.00	5.00
25-1126.00					0.00	1.12			3.12					0.00				4.12	0.00		0.00	0.00							0.00	0.00	2.62		0.62	2.12	3.25				0.00	0.00	0.00	0.75		4.25	3.25									0.00	2.12				2.88		0.00	3.62		0.00	2.12				5.00	5.12	3.25	2.25	0.00					3.25						0.00	0.00			0.00			2.50				0.00	0.00		5.00	3.38	2.12	0.00	0.00	0.00							2.00			1.62	0.88	1.75	0.25		5.00	5.00
25-1192.00					0.00	1.12			3.12					0.12				4.00	0.75		0.00	0.00							0.00	0.12	3.12		1.38	2.38	3.12				0.00	0.00	0.00	1.00		3.75	3.38									0.12	3.00				2.88		0.00	3.62		0.00	2.38				4.88	4.88	3.38	2.25	0.00					3.25						0.00	0.00			0.00			2.75				0.00	0.00		4.62	3.38	2.00	0.00	0.00	0.00							2.00			1.75	2.00	2.38	0.75		4.75	4.50
25-1193.00					0.38	2.00			3.12					0.38				3.88	1.62		0.00	0.38							0.00	0.50	2.88		0.38	2.38	3.12				0.00	0.38	0.50	1.38		3.88	3.62									0.12	2.62				2.88		0.38	3.75		0.00	2.38				4.75	5.00	3.12	2.12	0.00					3.12						0.00	0.00			0.00			2.88				0.00	0.00		4.75	3.38	2.12	0.00	1.00	0.50							2.75			1.38	1.88	2.12	0.12		4.75	4.38
25-1194.00					2.50	2.12			3.12					2.50				3.75	1.88		0.00	1.12							0.62	1.38	3.00		2.50	2.12	3.00				0.62	1.00	1.00	1.50		3.25	3.25									2.25	2.12				2.88		2.00	3.25		0.62	2.25				4.12	4.88	3.00	2.25	0.62					3.25						1.50	1.50			1.38			2.88				0.75	0.62		4.00	3.25	2.00	0.38	1.25	1.88							2.38			2.12	2.00	2.62	1.12		4.00	4.00
25-2011.00					2.00	2.00			3.00					0.75				3.00	1.00		0.00	1.38							0.62	2.50	3.00		2.00	3.00	3.25				0.00	2.00	1.50	2.00		3.00	2.88									2.00	2.00				2.50		2.00	3.12		0.00	2.00				3.88	3.88	3.62	2.00	0.00					3.62						0.00	0.25			0.12			3.00				0.38	0.12		3.25	3.25	2.12	1.00	1.75	2.00							2.75			2.50	2.25	2.50	0.25		3.12	3.00
25-2012.00					2.12	2.12			3.12					0.75				3.62	0.50		0.00	1.38							0.75	1.88	2.88		1.88	2.75	3.38				0.00	1.75	1.75	2.00		3.62	3.12									1.12	2.50				2.75		1.75	3.12		0.00	2.38				3.88	3.88	3.38	2.62	0.00					3.62						0.00	0.00			0.00			3.00				0.12	0.00		3.75	3.75	2.38	0.00	1.25	1.88							3.00			2.50	2.00	2.50	0.50		3.88	4.00
25-2021.00					0.62	2.12			3.12					0.12				3.88	0.50		0.00	0.38							0.38	0.88	3.00		1.50	3.00	3.88				0.00	0.88	0.50	2.00		3.75	3.38									0.50	2.88				2.88		0.88	3.75		0.00	2.62				4.00	4.00	3.88	2.50	0.00					4.00						0.00	0.00			0.00			3.00				0.12	0.00		4.00	3.88	2.50	0.38	1.50	1.00							2.88			2.00	2.12	2.62	0.88		4.00	4.00
25-2022.00					0.50	2.12			3.00					0.50				3.75	0.75		0.00	0.00							0.00	0.00	3.00		1.50	3.00	3.25				0.00	0.25	0.25	2.00		3.62	3.75									0.38	3.00				2.88		0.00	3.38		0.00	3.00				4.00	4.50	3.25	2.75	0.00					3.75						0.00	0.00			0.00			3.00				0.12	0.00		4.12	3.25	2.88	0.00	0.38	0.00							2.75			2.00	2.00	2.62	0.25		4.00	4.00
25-2023.00					1.62	2.50			3.25					1.75				3.88	1.75		0.00	1.00							0.50	1.00	3.25		1.75	2.75	3.38				0.00	1.25	1.00	2.25		3.50	3.00									1.75	2.38				2.62		1.75	3.62		0.00	2.38				4.12	4.25	3.38	3.00	0.00					4.00						0.75	1.50			0.50			3.12				0.00	0.12		4.12	3.75	2.62	0.38	1.38	1.75							2.88			2.12	2.12	3.00	1.50		4.00	4.00
25-2031.00					0.62	2.00			3.12					0.00				4.00	0.62		0.00	0.12							0.12	0.25	3.50		1.12	2.88	3.25				0.00	0.25	0.12	2.00		3.88	3.12									0.12	3.12				2.88		0.12	4.00		0.00	2.88				4.00	4.88	3.88	2.88	0.00					4.00						0.00	0.00			0.00			3.00				0.00	0.25		4.12	4.00	2.75	0.00	0.38	0.25							2.88			2.00	2.00	2.75	0.25		4.00	4.00
25-2032.00					2.75	2.75			3.75					2.25				4.25	2.00		0.00	1.00							0.62	1.75	3.50		2.50	3.00	3.50				0.50	1.25	0.88	2.00		3.88	3.88									2.38	2.88				3.00		1.88	3.75		0.38	2.88				4.38	4.38	3.88	2.75	0.50					4.00						1.00	1.62			1.25			3.12				0.62	0.88		4.12	3.50	3.12	0.50	1.25	1.88							3.00			2.38	2.50	2.88	1.62		4.12	4.00
25-2051.00					2.00	2.50			3.38					1.12				4.12	1.12		0.12	1.62							1.12	1.88	2.88		2.00	2.75	3.38				0.38	1.88	1.50	2.00		4.00	3.50									1.88	1.88				2.62		1.62	3.50		0.00	1.88				4.12	4.00	3.62	2.38	0.12					4.25						0.00	0.00			0.50			3.25				0.50	0.50		3.88	3.50	2.50	0.00	1.50	1.62							2.88			2.25	1.88	2.50	1.38		4.00	4.00
25-2056.00					0.50	2.38			3.38					0.25				4.12	1.12		0.12	0.88							0.75	1.88	3.38		0.62	3.12	4.12				0.12	1.25	0.88	1.75		3.88	3.38									0.38	2.50				2.50		1.25	3.88		0.00	2.38				4.12	4.25	3.75	2.62	0.12					4.00						0.00	0.12			0.12			3.12				0.38	0.25		3.88	3.88	2.88	0.00	1.12	1.12							2.62			2.50	2.12	2.62	1.38		4.00	3.88
25-2057.00					0.25	2.12			3.00					0.00				3.88	0.25		0.00	0.25							0.25	0.25	2.75		0.88	3.00	3.75				0.00	0.38	0.25	1.88		3.88	3.88									0.50	2.75				2.88		0.25	3.12		0.00	2.88				4.00	4.00	3.88	2.25	0.12					4.00						0.12	0.25			0.25			3.00				0.00	0.25		3.88	3.88	2.75	0.25	0.75	0.25							2.75			2.00	2.00	2.62	0.38		4.00	4.00
25-2058.00					0.62	2.50			3.50					0.00				3.88	0.88		0.00	0.12							0.62	0.12	3.12		0.88	3.00	3.25				0.00	1.00	0.75	1.88		3.88	3.38									0.25	2.88				2.88		0.88	3.75		0.00	2.88				4.00	4.00	3.75	2.88	0.12					3.88						0.00	0.00			0.00			3.00				0.00	0.25		4.12	4.12	2.88	0.00	0.75	1.12							3.00			2.00	2.00	2.75	0.38		4.00	4.00
25-2059.01					3.00	2.38			3.25					2.50				3.88	1.88		0.38	2.12							2.12	3.00	3.12		2.75	3.00	3.50				0.00	3.00	2.75	2.12		3.38	3.75									3.00	2.00				2.75		3.00	3.75		0.00	2.00				4.25	4.12	3.50	2.88	0.00					3.88						0.00	1.25			2.00			3.00				0.00	0.88		4.00	3.88	2.75	1.62	3.00	3.00							2.88			3.00	2.12	2.62	0.50		4.00	3.75
25-3011.00					0.00	1.50			3.00					0.00				3.62	0.00		0.00	0.00							0.00	0.00	2.75		1.38	2.88	3.12				0.00	0.00	0.00	2.00		3.62	3.50									0.00	2.75				2.88		0.00	3.12		0.00	2.75				4.12	4.25	3.12	2.62	0.00					3.50						0.00	0.00			0.00			2.88				0.00	0.00		3.88	3.25	2.62	0.00	0.00	0.00							2.62			1.75	2.00	2.00	0.00		4.00	4.00
25-3021.00					1.75	2.00			3.00					1.25				3.12	0.75		0.00	0.75							0.25	1.50	2.62		1.88	2.25	3.12				0.00	0.62	1.00	1.12		3.00	3.12									1.38	1.88				2.38		1.25	3.00		0.00	1.75				4.00	4.00	3.25	2.00	0.00					3.12						0.25	0.25			0.50			2.38				0.00	0.12		3.75	3.12	2.00	0.00	1.00	1.25							2.00			2.00	1.75	2.25	0.62		3.75	3.50
25-3031.00					0.88	1.88			2.88					1.00				3.25	0.25		0.12	0.75							0.12	0.12	2.62		1.38	2.25	2.75				0.00	0.12	0.12	1.38		3.00	2.88									1.00	1.62				2.62		0.38	3.12		0.00	2.00				4.00	4.00	2.75	2.25	0.12					3.38						0.12	0.25			0.12			2.62				0.00	0.50		3.38	3.25	2.00	0.12	0.12	0.12							2.50			1.12	2.25	2.12	0.88		3.75	3.75
25-3041.00					0.62	2.12			3.00					0.50				3.12	0.00		0.00	0.00							0.00	0.00	2.25		1.25	2.88	3.12				0.00	0.00	0.00	1.88		3.12	3.12									0.62	3.00				2.88		0.00	3.12		0.00	2.62				4.00	4.25	3.12	2.12	0.00					3.62						0.00	0.00			0.00			3.12				0.00	0.00		3.75	3.75	2.38	0.00	0.00	0.00							2.75			0.75	1.88	2.00	0.12		4.00	4.00
25-4011.00					2.00	1.50			4.12					0.75				3.75	1.25		0.00	1.12							0.50	1.75	2.88		2.00	2.38	3.00				0.00	0.50	0.50	1.50		3.38	4.00									2.00	2.12				2.62		1.25	4.12		0.00	2.38				4.12	4.12	3.00	2.12	0.00					3.12						0.00	0.00			0.00			3.00				0.00	0.12		3.00	3.00	2.25	0.00	0.75	1.75							2.00			2.00	2.62	2.38	0.38		4.38	4.25
25-4012.00					2.12	1.38			4.12					0.38				4.38	1.25		0.00	0.75							0.12	0.75	3.88		2.12	3.62	4.00				0.12	0.62	0.62	1.38		4.00	3.75									1.88	3.25				2.75		1.25	4.38		0.12	3.12				4.38	4.50	4.12	2.75	0.12					4.12						0.00	0.00			0.12			3.12				0.00	1.12		3.88	3.88	2.50	0.00	1.00	1.88							2.62			2.12	3.62	3.88	0.62		4.75	4.75
25-4013.00					3.38	2.62			3.50					2.88				3.62	2.12		0.00	1.50							0.38	2.12	3.12		3.50	3.12	3.38				0.12	1.50	1.25	1.62		3.50	3.62									3.12	2.88				2.88		2.38	3.88		0.00	2.38				4.00	4.00	3.12	2.88	0.12					3.50						1.25	1.12			1.25			3.00				0.00	0.38		3.38	3.25	2.38	0.00	1.12	2.25							2.38			2.12	3.25	3.38	1.88		3.88	3.88
25-4022.00					1.75	2.00			3.38					1.62				3.25	0.62		0.38	1.12							1.12	1.50	2.88		1.62	3.00	3.12				0.12	0.25	0.25	1.50		3.12	3.50									1.75	2.00				3.25		1.25	3.38		0.50	2.12				4.00	4.00	3.00	2.75	0.12					3.12						0.25	0.38			0.25			2.75				0.25	0.88		3.50	3.75	3.00	0.25	0.12	1.25							2.25			1.88	1.50	1.88	2.00		3.88	3.75
25-4031.00					1.88	2.00			3.00					1.88				3.00	0.25		0.38	1.75							0.25	2.75	2.88		2.38	3.00	2.12				0.00	1.12	1.12	1.50		2.88	3.00									2.12	2.00				2.50		2.00	3.62		0.00	2.12				3.88	3.88	2.12	2.62	0.00					3.00						0.00	0.12			0.12			2.75				0.12	1.12		3.25	3.00	2.00	0.12	1.12	2.00							2.00			2.00	2.00	2.00	1.12		3.75	3.00
25-9021.00					2.12	2.25			4.00					2.50				4.25	2.00		0.25	1.00							0.62	0.75	3.00		1.62	3.12	4.00				1.25	0.75	0.62	2.00		4.38	4.12									1.25	3.25				3.00		2.12	3.12		1.38	3.12				4.88	4.88	4.00	3.00	1.00					4.00						1.50	1.75			1.75			3.00				0.88	2.00		4.12	3.88	3.00	0.25	0.75	0.88							2.88			1.38	2.25	3.00	0.88		4.50	4.38
25-9031.00					0.12	2.00			3.50					0.00				4.12	0.62		0.00	0.00							0.00	0.00	3.25		1.50	3.00	3.75				0.00	0.12	0.00	1.25		4.12	3.88									0.25	2.88				3.12		0.00	3.62		0.00	3.00				4.62	4.75	3.75	2.75	0.00					4.00						0.00	0.00			0.00			3.12				0.00	0.00		4.12	4.12	2.88	0.25	0.38	0.00							2.75			1.25	1.75	3.00	0.50		4.88	4.62
25-9042.00					1.50	2.25			3.00					1.12				3.38	1.25		0.12	1.62							1.25	1.75	3.38		1.75	2.50	3.25				0.38	1.50	1.62	2.00		3.12	3.25									1.50	2.12				2.88		1.62	3.50		0.00	2.50				3.75	3.88	2.88	2.62	0.75					3.50						0.12	0.12			0.12			2.75				0.38	0.25		3.50	3.38	2.38	0.38	1.50	1.62							2.75			2.38	1.75	2.62	1.50		3.50	3.38
25-9043.00					0.50	2.38			2.88					0.25				3.12	0.12		0.00	1.00							0.88	1.50	3.00		0.62	2.38	3.12				0.12	1.75	1.12	2.00		2.88	2.88									0.75	1.38				2.75		1.12	3.50		0.00	1.62				3.88	3.75	2.75	2.12	0.25					3.50						0.00	0.62			0.38			2.62				0.50	0.12		3.25	3.38	2.50	0.12	1.38	1.62							2.12			2.25	2.00	2.12	1.38		3.38	3.38
25-9044.00					0.88	1.75			3.00					0.75				3.75	0.88		0.00	0.00							0.00	0.00	2.88		1.12	2.25	3.25				0.00	0.00	0.00	1.62		3.38	3.00									0.75	2.25				2.25		0.00	3.25		0.00	2.25				4.62	4.38	3.25	2.00	0.12					3.12						0.00	0.00			0.00			2.88				0.12	0.00		3.75	3.25	2.00	0.00	0.00	0.00							2.12			1.88	1.62	2.12	0.62		4.00	4.00
27-1011.00					2.12	1.50			3.88					1.38				4.00	0.50		0.00	0.12							0.00	0.00	3.75		2.00	3.00	4.25				0.00	0.00	0.00	0.88		3.88	3.88									2.00	3.12				2.62		0.00	4.12		0.00	2.62				4.00	4.00	4.38	2.88	0.00					3.75						0.12	0.25			0.00			2.75				0.00	0.12		3.62	3.62	3.00	0.00	0.00	0.00							2.38			1.12	4.00	3.88	0.75		4.00	3.88
27-1012.00					4.00	1.88			3.50					3.00				3.00	2.00		0.00	2.00							0.62	2.50	2.75		4.12	2.00	3.75				0.00	1.25	0.62	1.50		2.88	3.00									3.50	2.12				2.00		3.00	3.75		0.00	2.50				3.12	3.00	4.12	2.00	0.00					2.88						1.62	2.00			1.00			3.00				0.00	0.12		2.88	3.00	2.00	0.00	1.62	2.00							2.00			2.62	3.62	4.12	1.75		3.00	2.62
27-1013.00					3.75	1.75			3.25					3.00				3.00	2.12		0.25	1.88							0.50	1.38	3.38		3.25	2.62	4.12				0.00	0.88	0.75	1.38		3.00	3.00									3.62	1.38				1.25		2.38	3.88		0.00	2.12				3.50	3.38	4.62	2.25	0.00					3.00						1.25	1.50			1.38			3.00				0.00	0.00		2.88	3.12	1.88	0.12	0.88	2.12							2.00			2.38	5.25	4.25	2.12		3.00	3.00
27-1014.00					2.88	1.75			3.62					2.38				3.75	1.75		0.00	0.25							0.00	0.00	3.12		2.62	2.75	4.00				0.00	0.00	0.00	1.62		3.38	3.38									2.25	2.38				2.62		0.50	4.12		0.00	2.50				4.12	4.00	4.00	2.75	0.00					3.50						1.00	0.75			0.50			3.00				0.00	0.00		3.25	3.12	2.75	0.00	0.00	0.00							2.38			1.12	4.00	4.00	1.50		4.00	3.75
27-1021.00					2.75	2.00			3.88					2.12				4.62	2.12		0.00	0.62							0.00	0.00	3.12		2.75	3.75	4.00				0.00	0.00	0.00	1.88		3.88	3.88									1.75	3.38				2.62		0.12	4.12		0.00	2.88				4.00	4.00	4.38	2.75	0.00					3.88						0.62	1.38			0.00			3.12				0.00	0.38		3.25	3.88	2.25	0.00	0.00	0.12							2.38			1.12	3.75	4.25	0.50		4.00	3.88
27-1022.00					2.75	2.00			3.88					2.00				3.75	1.75		0.12	0.50							0.50	1.50	3.00		2.88	2.88	3.88				0.00	0.00	0.50	2.00		3.12	3.12									2.12	1.88				2.00		0.75	3.75		0.00	2.62				4.00	4.00	4.38	2.75	0.00					3.12						0.88	0.62			0.25			3.00				0.00	0.12		3.00	3.38	2.00	0.00	0.00	0.62							2.00			2.00	3.25	3.62	0.62		3.75	3.62
27-1023.00					3.00	1.25			3.12					1.50				3.12	1.62		0.12	1.25							0.62	1.38	3.00		2.62	1.75	3.38				0.25	1.12	1.00	0.75		2.88	3.12									2.38	1.88				1.62		2.12	3.12		0.00	1.50				3.75	3.88	3.12	2.12	0.38					2.75						0.12	0.38			0.62			2.25				0.25	0.62		3.12	3.00	1.75	0.12	1.12	1.50							2.12			2.75	4.00	3.50	1.12		3.00	2.88
27-1024.00					2.50	1.12			3.12					2.00				3.38	1.00		0.00	0.25							0.00	0.00	2.88		2.38	2.75	4.00				0.00	0.00	0.00	1.25		3.12	3.00									2.00	1.75				2.12		0.00	4.12		0.00	2.00				4.00	3.88	4.00	2.25	0.00					3.38						0.00	0.00			0.00			2.88				0.00	0.00		3.25	3.50	2.25	0.00	0.00	0.00							2.12			1.12	3.75	3.62	0.38		3.38	3.62
27-1025.00					0.00	1.38			3.88					0.38				3.75	1.88		0.00	0.00							0.00	0.00	3.12		0.50	3.00	4.00				0.00	0.00	0.00	1.12		3.00	3.62									0.00	2.88				2.25		0.38	4.12		0.00	2.88				4.00	4.00	4.00	2.62	0.00					3.88						0.00	0.00			0.00			2.88				0.00	1.12		3.12	3.75	2.62	0.00	0.00	0.00							2.75			1.38	4.00	4.00	0.38		4.00	3.88
27-1026.00					3.25	2.00			3.12					2.50				3.12	1.12		0.00	2.12							1.00	3.50	3.62		3.25	2.38	3.38				0.00	2.62	2.38	1.38		3.00	3.25									2.88	1.62				1.12		2.62	3.38		0.00	1.88				4.00	3.88	3.25	2.50	0.25					3.00						0.50	1.25			0.25			2.75				0.00	1.25		3.25	3.25	2.00	1.25	2.88	3.00							2.12			3.12	3.38	3.88	0.25		3.00	3.00
27-1027.00					2.62	2.00			3.50					2.62				3.75	2.00		0.00	0.75							0.00	0.75	3.50		2.88	3.00	4.12				1.00	0.75	1.50	1.88		3.50	3.75									2.75	2.75				2.50		1.50	3.75		0.38	2.75				4.12	4.00	3.88	3.00	0.38					3.88						0.88	1.38			0.88			3.00				0.62	1.75		3.75	3.88	2.75	0.88	0.75	1.50							2.75			2.25	2.88	4.50	1.00		3.88	3.75
27-2011.00					1.75	1.88			3.00					0.00				3.00	0.00		0.00	1.88							0.88	1.88	2.62		1.88	2.38	3.38				1.50	2.50	2.00	1.75		3.00	3.00									1.75	0.00				4.00		2.00	3.50		0.00	0.12				4.12	4.00	3.38	1.88	0.00					3.12						0.00	0.00			0.00			3.12				0.00	0.00		4.75	2.88	2.25	0.00	1.75	1.88							2.88			2.38	1.88	2.50	0.25		3.50	3.38
27-2012.00					2.12	2.75			3.75					1.88				4.38	1.88		0.00	0.62							0.25	1.00	3.88		2.12	3.38	4.12				0.50	0.00	0.00	2.62		3.62	3.75									2.00	2.88				2.88		1.38	3.88		0.12	2.75				4.25	4.62	4.25	3.00	0.00					4.00						1.38	1.12			0.75			3.00				0.75	1.50		4.25	4.00	3.12	0.00	0.00	1.25							3.12			2.00	2.62	4.00	1.75		4.25	4.25
27-2012.03					2.00	2.12			3.38					2.12				3.88	1.38		0.00	0.12							0.00	0.00	3.25		2.12	3.00	3.88				0.00	0.00	0.00	1.50		3.88	3.75									1.50	2.75				2.88		0.50	3.88		0.00	2.62				4.00	4.25	3.88	2.25	0.00					4.00						0.88	1.00			0.75			3.25				0.12	0.00		3.88	3.75	2.88	0.38	0.00	0.00							3.00			0.75	2.25	3.00	1.12		4.00	4.00
27-2012.04					0.00	2.62			3.12					0.00				3.75	1.00		0.00	0.62							0.00	0.00	3.12		0.75	2.62	3.62				0.12	0.12	0.00	1.62		3.50	3.25									0.12	2.12				2.38		0.00	3.75		0.00	2.38				3.88	4.12	3.25	2.25	0.00					3.25						0.00	0.00			0.00			2.88				0.00	0.12		3.62	3.62	2.12	0.25	0.25	0.00							2.50			1.00	2.00	2.88	0.88		4.00	3.88
27-2012.05					2.38	2.88			3.38					2.62				4.00	2.25		0.00	0.62							0.38	0.88	4.00		2.50	3.25	3.88				0.00	0.12	0.12	2.25		3.75	3.62									2.25	2.00				2.62		2.00	4.00		0.38	2.12				4.12	4.25	3.75	3.12	0.38					4.00						1.38	1.75			2.00			3.75				0.75	0.62		3.88	3.88	3.12	0.00	0.50	0.75							3.12			1.12	3.88	3.75	1.12		3.88	3.75
27-2021.00					3.12	2.75			2.50					2.25				3.00	2.38		2.25	4.00							4.00	3.75	3.38		3.00	2.75	3.00				1.25	4.00	3.12	2.25		3.12	3.00									3.25	1.50				2.12		3.25	3.50		1.00	1.50				3.88	3.88	3.00	2.88	1.50					3.00						2.00	2.38			2.62			3.12				0.75	1.38		3.12	3.00	2.12	2.62	4.00	3.88							2.88			3.38	2.00	2.88	1.38		3.00	2.88
27-2022.00					2.25	2.88			3.88					1.38				4.12	2.25		0.25	2.38							1.25	1.62	3.12		1.88	3.25	3.88				0.12	2.38	2.38	2.00		4.00	4.00									1.88	2.00				2.88		1.88	3.25		0.00	2.12				3.88	4.75	3.88	3.12	1.25					4.00						0.00	0.00			0.00			3.25				0.12	1.38		4.00	4.00	3.00	0.50	2.62	2.88							3.00			2.88	2.12	4.38	0.38		3.88	3.75
27-2023.00					1.75	2.62			2.62					0.00				3.25	1.62		0.25	2.00							1.00	2.12	4.00		1.25	3.50	1.75				1.12	2.50	2.12	2.00		2.88	2.88									0.75	1.88				2.75		1.88	3.50		0.00	1.88				3.88	3.75	1.75	3.62	1.75					3.75						0.62	2.12			2.12			4.00				0.75	2.12		3.50	3.00	3.12	2.00	2.75	1.62							3.12			2.88	2.50	2.62	0.50		3.00	2.62
27-2031.00					2.38	1.62			2.75					0.75				2.75	1.38		4.25	4.62							2.38	4.88	2.75		2.00	2.62	2.75				1.50	5.50	4.88	2.12		2.62	3.12									2.12	0.50				3.12		3.75	3.12		0.12	0.50				3.88	3.38	3.38	2.50	1.25					2.75						1.62	0.62			0.88			2.88				0.00	1.50		3.00	3.00	2.62	3.38	4.62	3.12							2.00			4.75	1.88	2.75	0.00		2.75	2.50
27-2032.00					2.62	2.25			3.00					0.00				3.62	1.50		3.38	3.75							2.38	3.88	2.88		1.62	2.75	4.00				0.12	5.25	4.38	2.00		3.12	3.38									1.62	1.75				2.88		3.50	3.12		0.00	1.50				4.00	4.12	4.25	2.62	1.50					3.75						0.38	1.00			1.88			3.00				0.00	2.50		3.62	3.25	2.12	2.75	3.75	2.62							2.88			3.75	2.00	3.75	0.75		3.38	3.12
27-2041.00					2.12	4.12			3.62					1.88				4.12	0.12		0.88	1.62							1.00	1.50	2.88		2.12	3.38	4.00				0.12	1.50	1.00	5.12		3.38	4.00									2.25	1.88				3.62		2.62	3.88		0.50	2.25				4.12	4.12	4.12	2.75	0.12					3.38						1.38	0.75			0.88			3.38				2.88	0.62		3.62	3.62	3.00	1.12	1.25	1.00							2.62			2.62	1.25	2.25	1.88		3.88	3.50
27-2042.00					2.62	3.62			3.00					2.62				2.75	0.62		0.75	2.00							1.12	1.75	2.75		2.88	3.12	3.25				0.50	1.25	0.88	4.00		2.75	3.00									2.75	1.75				4.00		3.25	3.75		0.38	1.75				4.00	3.62	3.50	2.75	0.75					3.00						1.38	1.62			1.25			3.25				1.62	0.62		3.62	3.62	3.25	1.00	1.75	1.50							2.62			2.12	1.88	2.62	1.75		3.50	3.00
27-3011.00					1.50	2.25			3.00					1.88				3.62	1.00		0.00	0.38							0.38	0.38	2.25		1.62	2.00	3.25				0.62	0.00	0.00	1.62		3.00	3.12									1.62	1.12				3.75		0.38	3.12		0.38	1.12				4.00	4.12	3.88	2.25	0.50					3.12						1.25	1.38			0.75			3.12				0.75	0.62		4.88	4.00	3.00	0.00	0.00	0.38							3.00			1.75	1.75	1.88	0.75		4.00	3.88
27-3023.00					1.25	2.38			3.12					1.25				3.62	1.25		0.12	0.88							0.12	0.12	3.12		1.12	3.00	3.38				1.50	0.12	0.12	2.00		3.50	3.50									1.12	1.62				2.75		0.12	3.88		0.00	2.00				4.00	4.00	3.12	2.12	0.00					3.50						0.12	0.12			0.12			3.00				0.00	0.50		3.88	3.88	2.50	0.12	0.12	0.38							2.25			1.62	1.75	1.88	2.12		3.62	3.62
27-3031.00					0.00	1.88			3.00					0.00				4.00	0.38		0.00	0.00							0.00	0.12	2.38		1.00	2.25	4.00				0.00	0.00	0.00	1.38		3.75	3.00									0.00	2.12				2.25		0.00	3.62		0.00	2.12				4.25	4.25	3.88	2.00	0.00					4.12						0.00	0.00			0.00			2.75				0.00	0.00		4.00	4.00	2.12	0.00	0.00	0.00							2.62			1.00	1.75	2.50	0.50		4.12	4.25
27-3041.00					1.38	2.00			3.62					0.75				3.75	0.12		0.00	0.50							0.00	0.00	2.75		2.50	3.62	4.25				0.00	0.00	0.00	1.38		3.62	3.62									1.25	1.88				2.75		0.00	4.50		0.00	2.12				4.25	4.12	3.88	3.25	0.00					3.38						0.00	0.00			0.00			3.00				0.00	0.00		3.50	3.88	2.75	0.00	0.00	0.00							2.38			1.25	2.62	3.00	0.88		4.88	5.00
27-3042.00					1.38	1.75			3.12					0.62				4.00	0.38		0.00	0.00							0.00	0.00	1.88		1.88	2.38	3.25				0.00	0.00	0.00	0.88		3.12	4.00									1.00	0.88				1.38		0.00	4.12		0.00	1.00				4.25	4.12	3.00	1.88	0.00					3.12						0.00	0.00			0.00			2.38				0.00	0.25		3.00	3.00	1.38	0.00	0.00	0.00							1.62			0.25	2.00	3.25	0.38		4.50	5.12
27-3043.00					0.25	1.50			3.00					0.25				3.38	0.00		0.12	0.12							0.12	0.12	2.50		0.50	2.62	3.88				0.00	0.12	0.12	0.75		3.50	3.12									0.12	0.50				1.88		0.25	3.75		0.00	0.50				4.25	3.88	3.88	1.75	0.00					3.38						0.12	0.12			0.12			2.50				0.00	0.38		3.50	3.62	2.62	0.12	0.12	0.12							2.00			1.75	1.62	2.50	1.00		4.25	4.75
27-3043.05					1.50	0.88			3.00					0.88				3.50	0.00		0.00	0.62							0.00	0.00	2.88		2.25	2.75	4.25				0.00	0.00	0.00	1.62		3.50	3.38									1.62	1.00				2.12		0.00	3.88		0.00	1.00				4.00	4.12	4.50	1.75	0.00					3.50						0.00	0.00			0.00			3.00				0.00	0.00		3.62	3.00	2.62	0.00	0.00	0.00							1.12			1.38	1.38	2.75	1.25		4.25	4.62
27-3091.00					0.88	3.12			3.00					0.00				3.12	0.75		0.00	0.50							0.50	0.38	2.88		1.50	3.00	3.00				0.00	1.00	0.50	2.88		3.00	3.62									0.50	1.12				2.75		1.00	3.62		0.00	1.12				4.50	4.75	3.00	3.00	0.00					3.62						0.00	0.00			0.12			3.62				0.00	0.00		4.62	4.75	3.00	0.12	1.25	0.38							3.00			2.00	2.00	2.12	0.38		4.00	4.00
27-3092.00					2.25	2.50			2.12					2.50				2.88	0.12		0.00	0.00							0.00	0.12	2.38		3.00	2.00	1.50				0.00	0.00	0.00	1.25		2.50	3.00									2.12	1.12				2.50		0.62	3.88		0.00	1.00				3.88	4.00	1.12	2.25	0.00					2.62						0.12	0.50			0.62			3.00				0.00	0.00		3.00	4.12	1.88	0.00	0.00	0.00							2.12			1.12	0.62	1.25	2.75		4.00	3.75
27-4011.00					3.12	3.00			3.12					3.00				3.38	2.12		0.00	1.62							1.00	1.88	3.62		3.12	3.25	2.88				0.25	1.25	1.12	3.25		3.62	3.88									3.12	2.25				2.12		2.12	4.00		0.12	2.00				4.00	3.88	2.88	3.12	0.00					3.75						1.88	2.00			1.50			3.12				0.88	0.50		3.00	3.00	2.50	0.00	1.38	2.25							2.88			2.00	3.25	3.50	2.00		3.75	3.50
27-4012.00					2.75	3.00			3.12					3.00				3.62	2.12		0.00	1.12							0.25	1.38	3.50		3.00	3.25	3.00				0.75	1.00	0.75	3.00		3.12	3.12									2.38	2.12				2.88		2.62	4.00		0.75	2.12				4.00	4.00	3.00	3.25	0.75					3.75						1.88	2.62			2.00			3.88				0.75	0.75		3.00	3.62	2.88	0.00	1.12	2.12							2.50			2.00	3.38	3.12	1.38		3.50	3.00
27-4014.00					3.00	3.88			3.50					3.12				3.50	1.38		0.00	0.62							0.25	1.25	3.00		3.00	3.25	3.75				0.00	0.00	0.00	4.25		3.12	3.12									2.88	2.00				2.38		2.12	3.62		0.00	2.12				4.12	3.88	3.38	3.12	0.00					3.25						0.75	1.50			1.12			3.12				1.50	0.38		3.00	3.00	3.12	0.00	0.00	1.75							2.75			1.38	2.38	2.88	2.00		3.50	3.38
27-4021.00					3.00	1.50			3.38					2.88				3.75	2.88		0.00	1.25							0.25	1.88	4.00		2.88	3.12	3.75				1.38	1.38	1.25	1.50		3.00	3.00									2.88	1.88				2.00		2.75	4.12		0.62	1.75				4.00	4.00	3.88	2.75	0.75					3.50						2.25	2.50			1.88			3.00				0.12	1.00		3.25	3.00	2.75	0.25	0.75	2.00							2.88			2.12	4.00	4.00	1.38		3.62	3.00
27-4031.00					3.12	2.62			2.88					3.12				3.50	2.62		0.00	1.62							0.88	2.25	4.12		3.00	3.25	3.25				1.88	1.75	1.38	2.25		3.00	3.12									3.00	2.00				2.25		2.88	4.12		1.12	2.00				4.00	3.75	3.12	3.12	0.62					3.25						2.12	2.50			2.12			3.25				0.62	1.50		3.00	3.50	2.25	1.25	1.75	2.88							3.00			2.62	3.62	3.75	2.00		3.25	3.00
27-4032.00					2.38	2.12			3.62					2.25				3.50	0.88		0.00	0.00							0.00	0.25	3.25		2.88	3.12	3.50				0.00	0.00	0.00	2.00		3.38	3.88									2.12	2.00				2.50		0.12	4.00		0.00	2.00				4.00	4.00	3.62	3.12	0.00					3.38						0.62	0.38			0.00			3.25				0.25	0.00		3.12	3.12	2.88	0.00	0.00	0.00							2.38			1.12	3.25	3.75	0.88		4.00	3.62
29-1011.00					3.00	1.75			3.88					2.75				4.38	1.88		0.00	2.25							0.50	3.12	2.12		3.00	3.25	3.12				0.00	2.12	1.50	1.75		4.38	3.88									3.00	2.75				2.75		3.00	3.12		0.00	2.75				4.75	4.25	3.12	2.88	0.00					4.75						0.75	1.50			1.88			2.88				0.00	0.00		3.38	3.62	3.12	1.12	2.00	3.00							2.62			3.00	1.50	3.00	1.75		4.25	4.00
29-1021.00					4.62	2.75			4.00					5.62				4.88	3.00		0.12	1.75							0.00	3.00	2.88		4.75	3.75	3.75				0.00	1.00	1.00	2.88		5.25	4.00									4.62	3.12				2.75		3.75	4.88		0.00	3.00				5.00	4.62	3.88	3.12	0.00					5.12						2.25	2.88			2.88			3.88				0.00	1.50		3.38	3.88	3.50	0.12	1.25	2.00							3.12			2.12	3.62	3.75	2.88		4.25	3.62
29-1022.00					5.00	2.62			3.88					5.38				4.88	2.25		0.00	1.62							0.00	2.50	3.12		5.12	3.75	3.62				0.00	1.38	0.75	2.00		5.00	4.25									5.25	3.00				2.88		3.12	4.75		0.00	3.00				5.12	5.00	3.75	3.12	0.00					5.25						2.12	2.62			2.62			3.75				0.00	0.00		3.50	3.75	2.88	0.25	1.75	1.75							3.00			2.62	3.50	4.12	3.12		4.75	4.12
29-1023.00					3.88	2.12			3.62					3.88				4.00	2.00		0.00	0.25							0.12	2.00	3.00		4.00	3.00	3.38				0.00	0.00	0.12	1.88		4.12	4.00									3.88	2.88				2.75		2.88	4.12		0.00	3.00				4.25	4.12	3.25	3.00	0.00					4.88						1.12	1.38			1.38			3.25				0.00	0.00		3.38	3.50	2.50	0.00	0.00	1.38							2.88			1.38	2.62	3.62	1.50		4.12	4.00
29-1024.00					4.00	2.00			3.12					4.00				4.00	2.00		0.00	1.12							0.38	2.12	2.88		4.12	3.00	3.38				0.50	1.00	1.12	2.12		4.00	3.38									3.62	2.75				2.12		2.75	4.38		0.50	2.25				4.12	4.00	3.12	2.88	0.50					4.12						1.88	2.00			1.75			3.00				0.62	0.62		3.00	3.62	2.38	0.00	0.88	1.75							3.00			2.00	3.12	3.88	1.88		4.12	3.88
29-1031.00					0.00	2.00			4.12					0.00				4.12	0.75		0.00	0.12							0.00	0.12	2.88		1.62	2.88	3.62				0.00	0.00	0.00	1.50		4.12	4.00									0.25	3.12				2.88		0.00	3.75		0.00	3.00				4.88	4.88	3.88	2.88	0.00					4.00						0.00	0.00			0.00			2.88				0.00	0.00		4.00	3.88	2.62	0.12	0.00	0.12							2.25			1.50	2.38	2.50	0.38		4.25	4.25
29-1041.00					3.62	1.88			4.00					3.75				4.75	2.25		0.00	0.25							0.12	0.25	3.75		3.88	4.00	3.12				0.00	0.00	0.00	2.00		4.88	4.00									3.25	3.00				2.88		1.88	4.62		0.00	3.50				5.00	4.12	3.00	3.25	0.00					5.00						1.00	1.38			1.50			3.25				0.00	0.00		3.75	4.00	3.00	0.00	0.00	0.88							2.88			2.00	3.12	3.00	2.00		4.75	4.00
29-1051.00					2.88	1.75			4.25					2.00				4.25	1.00		0.12	0.50							0.12	1.75	2.88		3.00	3.12	3.12				0.00	0.88	0.25	1.12		4.12	4.12									2.75	3.38				3.12		2.00	4.50		0.00	3.62				5.00	4.88	3.00	3.12	0.00					4.62						0.25	0.25			0.12			3.00				0.00	0.00		3.75	3.88	3.00	0.25	1.12	1.38							3.00			2.12	2.88	2.50	0.88		4.88	4.12
29-1071.00					3.00	2.00			3.88					2.00				4.38	1.88		0.00	1.88							1.25	2.00	3.00		3.00	3.75	3.25				0.00	2.00	1.25	2.00		4.88	4.00									2.38	3.00				2.88		2.12	4.00		0.00	3.00				5.00	4.62	3.00	3.00	0.00					4.75						0.00	1.00			0.62			3.00				0.00	0.00		3.50	4.00	3.00	0.88	1.88	2.12							2.75			2.75	3.00	2.88	0.38		4.50	4.12
29-1071.01					3.50	2.88			3.12					3.38				3.88	2.50		0.25	1.62							0.00	2.62	3.00		3.25	3.75	2.88				1.00	2.38	1.38	3.00		3.88	3.75									3.38	3.00				3.00		2.88	4.38		0.00	3.38				4.12	3.88	2.62	3.62	0.00					4.12						2.00	2.62			2.88			3.62				0.00	0.00		3.62	3.50	3.00	1.75	1.88	2.62							3.00			2.62	3.25	3.00	2.12		4.12	3.75
29-1081.00					3.12	1.62			3.88					3.25				4.75	1.88		0.00	0.75							0.50	1.12	3.00		3.12	4.00	3.50				0.00	0.38	0.38	2.00		5.12	3.88									3.25	2.88				3.00		2.50	4.00		0.00	3.00				5.12	5.12	3.38	3.00	0.00					5.38						0.88	1.38			1.25			3.00				0.00	0.00		4.00	4.00	3.12	0.00	0.50	1.75							2.62			2.12	3.00	3.50	1.62		5.12	4.25
29-1122.00					2.88	2.50			3.38					2.12				4.00	2.00		0.00	1.88							0.62	2.12	2.88		3.00	3.00	3.88				0.00	2.00	2.00	2.12		4.00	4.00									2.75	2.50				2.38		2.62	3.38		0.00	2.12				4.12	4.12	3.88	2.88	0.00					4.00						0.00	0.00			0.50			3.12				0.00	0.12		4.00	4.00	2.62	0.62	2.12	2.38							2.75			2.62	2.12	2.88	0.38		4.00	4.00
29-1122.01					1.88	2.25			3.25					1.88				3.88	2.00		0.00	1.75							0.50	1.75	3.00		1.25	3.00	3.38				1.00	2.12	1.38	2.25		3.88	3.88									0.62	2.62				2.88		2.00	3.88		0.75	2.00				4.12	4.12	3.38	2.88	0.50					4.12						0.62	0.62			0.62			3.00				0.50	1.38		3.12	3.25	2.62	0.75	1.75	1.88							2.88			2.12	2.25	2.88	0.38		4.00	4.00
29-1123.00					3.00	2.12			3.50					2.62				4.12	1.88		0.00	2.62							0.75	2.88	2.88		3.00	3.12	3.12				0.00	2.25	2.00	2.00		4.12	3.88									3.00	2.75				2.88		3.00	3.62		0.00	2.75				4.25	4.62	3.12	2.88	0.00					4.12						1.12	1.12			0.75			2.88				0.00	0.12		3.62	3.62	2.75	1.50	2.12	3.12							2.88			3.00	2.12	3.00	1.88		4.00	4.00
29-1124.00					3.50	2.12			3.50					3.12				3.88	2.25		0.00	1.88							0.00	2.25	3.12		3.25	3.12	3.00				0.75	2.00	1.50	2.12		3.25	3.88									3.00	3.00				2.88		3.00	3.75		1.00	2.88				4.00	4.00	2.62	3.12	0.88					3.88						2.25	2.88			2.88			3.12				1.62	1.38		3.50	3.50	2.75	2.00	1.75	2.88							2.88			2.00	2.75	2.88	1.88		4.00	3.38
29-1125.00					3.00	2.00			3.00					1.62				4.00	2.00		0.50	2.00							1.88	2.38	3.00		2.50	2.88	3.25				0.75	2.50	1.62	1.75		3.88	3.62									2.12	2.00				2.25		2.75	3.38		0.62	2.00				4.12	4.00	3.75	3.00	1.00					4.00						0.62	1.38			1.88			3.00				0.50	1.25		3.50	3.50	2.12	1.38	2.38	2.62							3.00			2.88	1.50	2.75	0.75		4.00	4.00
29-1126.00					3.12	2.75			3.38					3.00				3.75	2.12		0.00	1.75							0.00	2.38	3.00		3.12	3.00	2.75				0.62	1.88	1.50	2.75		3.88	3.75									2.88	2.88				2.75		2.88	3.88		0.62	2.88				4.00	4.00	3.00	3.12	1.00					4.00						2.38	2.25			2.38			2.88				0.75	0.50		3.25	3.25	2.75	2.00	2.00	2.38							2.88			2.12	2.88	2.50	2.12		3.75	3.62
29-1127.00					1.38	3.00			4.00					0.12				4.12	0.38		0.00	0.00							0.00	0.38	2.50		1.88	4.00	4.12				0.00	0.00	0.00	3.88		4.38	4.12									0.75	2.88				2.88		0.12	3.75		0.00	2.50				4.88	5.00	3.88	3.12	0.00					4.25						0.00	0.00			0.12			2.88				0.50	0.00		4.62	5.38	3.25	0.00	0.12	0.25							2.62			1.62	1.62	2.62	1.12		4.50	4.75
29-1128.00					2.62	2.12			3.62					2.00				4.00	1.38		0.62	2.12							1.00	2.75	2.88		2.00	3.00	3.50				0.00	1.88	1.88	2.12		4.50	3.62									2.00	2.88				2.38		2.62	3.25		0.00	2.88				4.62	4.75	3.75	2.88	0.00					4.12						1.25	1.00			0.75			2.88				0.00	0.00		4.00	3.88	2.75	1.25	2.62	2.25							2.62			3.00	2.00	2.75	1.25		4.62	4.12
29-1129.01					2.88	1.62			3.25					1.88				4.00	0.38		0.00	0.25							1.12	0.62	3.00		3.00	3.00	4.00				0.00	0.75	0.75	1.88		4.00	3.50									2.12	2.12				2.12		1.25	4.00		0.00	2.12				4.38	4.25	3.88	2.25	0.00					4.00						0.00	1.00			1.12			3.00				0.00	0.00		3.88	3.88	2.50	0.12	1.25	1.75							2.12			0.88	3.12	3.00	0.75		4.12	4.12
29-1129.02					3.00	3.12			3.12					2.62				4.00	1.62		0.00	1.50							1.88	1.25	2.88		2.88	2.88	3.88				0.00	1.25	1.12	3.50		4.00	3.75									2.75	2.00				2.75		2.00	3.12		0.00	2.00				4.00	4.12	3.88	3.00	0.00					4.00						0.00	1.00			1.38			3.75				1.12	0.00		4.00	3.88	2.75	0.50	1.75	2.00							3.00			1.88	2.12	2.75	1.38		4.00	4.00
29-1131.00					3.88	2.25			3.50					3.62				4.25	1.88		0.12	1.88							0.50	2.12	3.00		3.88	3.38	3.38				0.12	2.00	1.00	2.50		4.88	4.00									3.50	3.12				2.38		3.12	4.25		0.12	3.12				4.38	4.25	3.38	2.38	0.12					5.12						1.38	1.50			1.50			3.00				0.00	0.12		3.50	3.50	2.88	0.25	1.88	2.50							2.88			2.25	2.88	3.00	2.00		4.38	4.12
29-1141.00					3.62	3.00			3.88					3.12				4.00	2.00		0.88	2.00							1.12	3.00	3.12		3.12	3.75	3.12				0.00	2.00	1.62	2.00		4.88	4.00									3.00	3.00				3.00		3.00	3.88		0.00	3.00				4.88	4.75	3.12	3.12	0.00					5.00						0.75	2.00			2.12			3.50				0.12	0.50		4.00	3.88	3.12	1.88	2.88	3.12							3.12			3.00	2.88	3.12	1.75		4.25	3.88
29-1141.01					1.50	2.25			3.50					1.50				4.12	1.25		0.25	1.25							1.75	1.50	3.12		2.50	3.12	3.25				0.00	2.00	1.62	2.00		4.25	4.00									1.12	2.88				2.88		1.25	4.00		0.00	2.62				4.50	4.25	3.00	3.00	0.00					4.88						0.62	2.12			2.00			3.12				0.12	0.12		3.75	3.62	3.12	0.38	1.75	2.38							3.00			1.75	2.88	2.88	1.25		4.38	4.12
29-1141.02					0.12	2.00			3.50					0.00				4.12	0.62		0.00	0.38							1.75	0.12	2.88		1.38	3.00	3.38				0.00	1.00	0.88	1.75		4.25	4.00									0.38	2.62				2.75		0.38	3.75		0.00	2.88				4.38	4.75	3.25	2.88	0.00					5.00						0.00	1.38			0.88			2.88				0.00	0.00		3.75	4.00	3.00	0.12	1.25	1.88							2.62			1.38	2.38	2.25	0.38		4.25	4.00
29-1141.03					3.62	2.88			3.88					2.88				4.12	2.38		0.00	2.12							2.12	2.75	3.12		3.12	3.88	3.62				0.50	2.25	2.00	2.88		4.12	3.88									3.00	3.00				2.88		2.88	4.00		0.00	2.88				4.62	4.12	3.25	3.88	0.00					5.00						1.62	2.62			2.12			3.75				0.00	0.00		3.88	4.00	3.62	1.75	2.12	2.88							3.00			3.00	2.88	2.88	2.12		4.00	3.88
29-1141.04					2.88	2.75			4.00					2.50				4.25	2.00		0.00	1.25							0.88	2.00	3.12		2.62	3.00	3.50				0.00	1.62	1.50	2.00		4.25	4.00									2.75	3.00				3.00		2.50	3.88		0.00	3.00				4.88	4.38	3.38	3.00	0.12					4.25						0.50	1.75			1.50			3.12				0.00	0.25		4.12	4.12	3.00	0.38	2.00	2.12							3.00			2.12	3.00	2.75	1.38		4.38	4.12
29-1151.00					3.12	2.88			3.75					3.00				4.12	2.12		0.00	1.62							0.38	2.12	3.12		3.00	3.25	3.75				1.12	1.25	1.25	2.75		4.25	4.00									3.00	3.12				3.00		2.88	4.00		0.00	3.12				5.00	4.25	3.25	3.38	0.00					5.00						2.12	2.50			1.75			4.00				0.00	0.00		3.38	3.38	3.25	0.12	1.88	2.25							3.12			2.25	3.00	3.12	2.12		4.50	4.00
29-1161.00					3.12	2.25			3.88					2.88				4.38	1.88		0.00	1.88							0.38	2.25	2.88		3.12	3.12	3.25				0.00	1.75	1.12	2.00		4.25	4.00									3.00	2.75				3.00		2.75	3.88		0.00	2.88				4.75	4.62	3.00	3.12	0.00					5.12						0.00	0.75			1.12			3.12				0.00	0.12		3.88	3.88	3.12	0.00	2.00	2.38							3.00			2.88	2.88	2.88	0.62		4.50	4.00
29-1171.00					3.00	2.88			3.88					2.75				4.38	1.62		0.00	1.75							1.62	2.12	3.12		2.88	3.62	3.62				0.00	2.00	1.88	2.62		4.88	4.00									2.75	3.12				3.12		2.50	4.00		0.00	3.00				5.00	4.12	3.12	3.00	0.00					5.12						0.25	1.75			1.88			3.00				0.00	0.00		4.00	4.00	3.12	1.38	2.12	2.12							3.00			2.12	3.12	2.88	0.62		5.00	4.25
29-1181.00					3.00	3.25			3.38					3.00				4.62	1.00		0.00	0.00							0.12	0.62	3.00		3.88	3.38	3.25				0.00	0.12	0.00	3.75		4.88	4.00									2.75	3.00				2.88		2.00	4.00		0.00	2.75				5.00	4.75	3.00	3.12	0.00					5.12						0.88	0.75			1.75			2.88				0.62	0.00		4.00	4.12	3.00	0.00	0.00	0.75							2.50			1.88	1.88	2.75	1.12		4.75	4.38
29-1211.00					3.88	2.75			3.25					3.00				4.75	2.12		0.00	1.50							0.00	1.88	2.75		3.75	3.75	3.25				0.12	1.62	1.25	2.62		4.75	4.12									3.12	3.12				2.25		2.62	4.12		0.00	3.00				4.88	5.00	3.00	3.88	0.00					5.50						1.62	2.00			2.88			3.88				0.00	0.00		4.00	3.88	2.88	0.38	1.38	2.12							3.12			2.50	2.88	2.38	2.12		4.88	4.00
29-1213.00					3.75	1.12			3.88					2.62				5.00	1.00		0.00	0.75							0.25	1.75	3.12		3.75	3.75	3.62				0.00	0.88	0.88	1.88		5.25	3.75									3.00	2.88				3.00		2.25	4.25		0.00	2.88				4.75	4.88	3.50	3.00	0.00					5.00						0.00	0.00			0.25			3.00				0.00	0.00		3.75	3.75	3.12	0.00	0.88	1.00							2.38			2.00	3.25	2.88	0.62		4.25	4.12
29-1214.00					3.50	2.75			3.88					2.62				4.88	2.12		0.50	1.75							1.62	2.12	3.25		3.50	4.00	3.88				0.00	2.00	2.00	2.25		5.50	4.62									3.25	3.00				3.62		3.12	4.12		0.00	3.00				5.25	5.12	3.88	3.50	0.50					5.38						1.75	2.50			2.38			3.75				0.25	1.12		4.38	4.12	4.00	2.00	2.00	2.12							3.25			2.38	2.75	3.12	3.12		5.12	4.50
29-1215.00					2.88	2.12			3.62					2.38				4.25	1.38		0.00	0.00							0.00	0.00	2.88		2.75	3.62	3.12				0.00	0.00	0.00	2.75		5.12	3.75									2.75	2.88				2.75		0.12	4.00		0.00	2.62				5.00	5.00	3.12	3.00	0.00					5.25						0.00	0.00			0.00			3.12				0.00	0.00		4.00	4.00	2.75	0.00	0.00	0.00							3.12			1.38	2.88	2.38	0.50		5.00	4.88
29-1216.00					2.75	2.00			4.00					2.12				5.00	1.12		0.00	0.38							0.75	0.62	3.00		3.00	3.88	3.88				0.00	1.12	0.50	2.50		5.38	4.12									2.25	3.00				3.00		0.88	4.12		0.00	3.00				4.88	5.00	3.62	3.25	0.00					5.62						0.25	0.25			0.00			3.12				0.00	0.00		3.75	4.00	3.00	0.62	1.00	0.75							3.00			1.88	2.62	2.88	0.38		5.00	4.75
29-1217.00					1.38	1.75			4.50					0.25				5.00	1.75		0.00	0.00							0.00	0.00	3.38		2.50	4.38	4.38				0.00	0.00	0.00	2.38		5.50	4.25									0.88	3.62				2.88		0.00	4.12		0.00	3.38				5.50	5.25	3.88	3.62	0.00					5.75						0.00	0.12			0.12			3.00				0.00	0.00		4.12	4.12	4.00	0.00	0.00	0.00							2.75			1.62	2.75	3.62	0.12		5.12	4.50
29-1218.00					4.00	2.12			3.88					3.00				4.88	2.12		0.00	1.12							0.75	1.88	3.12		3.50	3.25	3.38				0.00	1.12	1.00	2.75		5.38	4.00									3.62	2.88				2.88		2.88	4.00		0.00	2.88				5.00	5.00	3.12	3.12	0.00					5.88						0.25	1.00			1.38			3.12				0.00	0.00		3.75	4.00	3.00	0.00	1.62	2.12							3.00			2.12	2.88	2.88	0.75		5.00	4.50
29-1221.00					2.75	2.25			3.12					2.12				4.50	1.12		0.00	0.50							0.12	0.00	2.88		2.62	3.25	3.38				0.00	0.50	0.38	2.25		5.25	4.00									2.00	2.88				3.00		0.12	4.00		0.00	2.88				5.00	5.00	3.25	3.00	0.00					5.12						0.00	0.00			0.12			3.25				0.00	0.00		3.50	4.00	3.00	0.00	0.38	0.00							3.00			1.50	2.88	2.38	0.38		5.00	4.88
29-1222.00					3.25	2.00			4.12					2.75				5.12	2.00		0.00	0.50							0.25	0.25	3.12		3.38	4.25	3.50				0.00	0.00	0.00	2.12		5.88	4.12									2.62	3.12				2.75		1.88	4.50		0.00	3.00				5.38	5.25	3.50	3.12	0.00					5.75						0.50	0.50			0.00			3.12				0.00	0.00		4.12	4.00	3.75	0.00	0.00	1.12							2.75			0.88	3.25	3.00	0.38		5.12	4.88
29-1223.00					0.00	2.00			4.12					0.00				4.62	0.25		0.00	0.00							1.25	0.00	3.00		2.00	3.25	3.88				0.00	0.88	0.75	1.50		4.75	4.12									0.00	2.88				3.00		0.00	3.88		0.00	2.62				5.12	4.75	3.62	2.75	0.00					4.88						0.00	1.50			1.75			2.88				0.00	0.00		4.00	4.00	3.00	0.00	0.88	1.25							2.75			0.25	1.50	2.50	0.00		4.62	4.88
29-1224.00					3.00	2.00			4.12					3.00				4.62	1.38		0.00	1.00							0.25	1.38	3.62		3.00	4.50	3.25				0.00	1.12	0.62	2.50		5.00	4.12									2.25	3.12				3.00		2.00	5.00		0.00	3.12				5.00	5.00	3.12	3.38	0.00					5.00						1.50	2.00			0.75			3.25				0.00	0.12		4.12	4.00	3.62	0.00	1.00	1.12							2.88			1.75	3.12	3.62	1.88		5.12	4.62
29-1229.01					1.50	2.00			3.88					0.88				4.75	1.50		0.00	0.75							0.38	0.62	3.00		2.25	3.75	3.88				0.00	0.25	0.38	2.25		5.00	3.75									0.75	3.50				3.00		0.50	4.00		0.00	3.12				5.00	4.38	3.75	3.25	0.00					5.25						0.00	0.00			0.12			3.12				0.00	0.00		3.75	3.75	3.25	0.00	0.38	0.38							3.00			1.75	2.75	2.88	0.62		4.88	4.25
29-1229.02					2.50	2.12			4.25					1.38				5.00	0.88		0.00	1.12							0.88	1.25	3.00		2.88	3.88	3.75				0.00	1.62	1.12	2.00		5.38	4.12									1.50	3.25				3.00		1.12	4.00		0.00	3.12				5.12	5.12	3.75	3.25	0.12					5.25						0.00	1.75			1.62			3.00				0.00	0.12		4.12	4.00	4.00	0.12	1.88	2.12							3.00			2.12	2.88	3.00	0.75		5.00	4.50
29-1229.03					3.88	2.12			4.00					3.25				4.75	2.50		0.00	1.00							0.25	2.00	3.00		3.75	4.00	3.38				0.62	1.62	1.00	2.50		5.25	4.00									3.50	2.88				3.00		2.88	4.12		0.38	3.00				5.00	4.88	3.25	3.25	0.38					5.25						1.75	1.88			2.00			3.38				0.62	0.38		3.75	3.88	3.62	1.12	1.62	2.38							3.00			2.88	3.00	3.00	2.00		5.00	4.88
29-1229.04					2.88	1.62			4.00					2.25				4.62	2.12		0.00	1.75							0.25	1.62	2.75		2.75	3.62	3.88				0.00	1.50	1.00	2.12		5.00	4.38									2.50	3.00				2.75		2.38	3.50		0.00	3.00				5.12	4.75	3.88	2.88	0.00					5.00						1.00	1.38			1.62			3.00				0.00	0.12		3.75	3.62	3.12	0.38	1.38	2.25							2.50			2.25	2.38	3.62	1.38		4.88	4.25
29-1229.05					0.25	1.38			4.50					0.25				5.12	1.50		0.00	0.00							0.00	0.00	2.88		0.50	3.88	4.38				0.00	0.00	0.00	1.38		5.62	4.25									0.12	3.38				3.00		0.25	4.00		0.00	3.12				5.38	5.38	4.00	3.00	0.00					5.50						0.00	0.00			0.00			3.12				0.00	0.00		4.62	4.38	3.38	0.00	0.00	0.00							3.00			1.12	2.12	3.25	0.75		5.25	5.00
29-1229.06					3.25	2.75			3.50					2.88				4.75	2.50		0.00	1.88							0.00	2.38	3.38		3.25	3.75	3.75				0.00	1.75	1.38	2.75		4.88	3.88									2.75	2.88				2.88		2.75	4.25		0.00	2.62				5.00	5.00	3.50	3.50	0.00					5.12						1.62	2.00			2.12			3.12				0.00	0.25		3.62	3.75	3.38	0.38	1.88	2.38							3.25			2.50	3.00	3.62	1.75		4.62	4.50
29-1241.00					4.38	2.00			3.88					4.12				4.88	2.50		0.00	0.38							0.38	1.12	3.75		4.12	3.88	3.88				1.25	0.38	0.75	2.00		5.38	4.00									3.38	3.12				2.88		2.88	5.12		1.62	3.12				5.12	4.88	3.88	3.38	1.25					5.62						2.12	2.25			2.62			3.38				0.88	1.12		4.00	4.00	3.12	0.75	0.62	1.12							2.75			1.38	3.38	3.12	2.25		5.00	4.62
29-1291.00					3.12	1.50			3.00					2.12				3.88	1.50		0.00	1.50							0.12	2.00	2.62		3.50	3.00	3.00				0.00	0.75	0.75	1.38		4.00	3.12									2.88	2.00				2.00		2.00	3.88		0.00	2.00				4.00	4.00	3.00	2.75	0.00					3.88						0.00	0.25			0.00			3.00				0.00	0.12		3.12	3.00	2.00	0.00	1.62	1.62							2.00			1.88	2.00	2.75	1.12		4.00	3.62
29-1292.00					3.75	2.12			3.00					3.12				3.00	2.00		0.00	2.00							0.38	2.62	2.88		3.75	3.12	2.62				0.00	1.75	1.62	2.12		3.38	3.12									3.50	1.88				2.25		2.88	4.00		0.00	1.88				3.88	3.88	2.12	3.00	0.00					4.00						1.50	1.62			1.50			3.12				0.00	0.00		3.12	3.25	2.12	0.00	1.75	1.88							2.88			2.25	3.12	3.00	2.12		3.88	3.50
29-1299.01					1.88	1.88			4.00					0.50				5.00	1.62		0.00	0.12							0.00	0.25	3.00		2.50	3.75	3.88				0.00	0.00	0.00	2.00		5.12	4.00									1.75	2.88				2.62		0.62	4.00		0.00	2.88				5.00	5.00	3.88	3.00	0.00					5.00						0.00	0.00			0.00			3.12				0.00	0.00		4.00	4.00	2.88	0.00	0.00	0.12							2.75			1.12	2.75	2.88	1.00		5.00	4.25
29-1299.02					3.00	2.00			3.50					2.88				4.38	0.88		0.00	0.62							0.25	0.62	3.50		3.38	3.88	3.25				0.00	0.00	0.00	1.38		4.75	3.62									2.88	2.38				2.62		1.88	3.88		0.00	2.25				4.88	4.88	3.12	3.12	0.00					4.88						0.00	0.12			0.12			3.00				0.00	0.00		3.62	3.62	3.00	0.00	0.00	0.88							2.38			1.38	3.00	3.00	1.00		4.50	4.12
29-2011.00					3.88	2.25			4.12					3.50				4.25	2.12		0.00	0.75							0.25	1.75	3.25		3.62	3.88	2.75				0.00	1.25	1.00	2.00		4.38	4.00									3.25	3.00				2.75		2.25	4.75		0.00	2.88				4.88	4.00	2.75	3.25	0.00					4.50						2.00	2.38			1.38			3.50				0.00	0.12		3.12	3.25	3.25	1.25	1.38	1.38							2.38			2.00	3.62	3.00	2.00		4.25	3.75
29-2011.01					3.12	1.75			3.88					2.88				4.12	1.75		0.00	0.38							0.25	0.75	3.25		3.12	3.88	2.88				0.00	0.00	0.00	1.88		4.12	4.00									2.88	3.00				2.12		1.88	4.25		0.00	2.88				4.38	4.50	3.00	3.25	0.00					4.00						1.00	1.00			1.25			3.12				0.00	0.00		3.12	3.12	2.62	0.00	0.00	1.00							2.12			1.38	3.38	3.00	1.12		4.12	4.12
29-2011.02					3.62	1.88			3.75					3.00				3.88	1.88		0.00	0.75							0.25	0.50	3.12		3.75	3.88	2.38				0.00	0.25	0.00	1.88		3.88	4.00									3.12	2.75				2.12		2.38	4.62		0.00	2.38				4.12	3.88	2.25	3.00	0.00					4.00						1.25	1.62			1.38			3.25				0.00	0.00		3.00	3.00	2.88	0.00	0.12	0.88							2.00			1.25	3.75	3.12	1.88		4.00	3.75
29-2011.04					3.25	2.25			3.38					3.00				3.38	2.00		0.50	1.75							1.38	2.25	3.25		3.00	3.38	2.88				0.25	1.25	1.50	1.75		3.25	3.38									2.75	2.25				2.75		2.25	4.38		0.25	2.50				4.12	4.12	2.88	3.00	0.25					3.50						2.12	2.12			1.00			3.12				0.38	0.62		3.00	3.12	2.62	0.38	1.25	1.88							2.25			2.25	3.00	2.88	2.12		3.88	3.62
29-2012.00					3.00	2.62			3.50					3.00				3.00	2.12		0.00	1.50							0.00	2.00	2.88		3.12	3.00	2.88				0.00	2.00	1.12	2.25		3.12	3.62									3.00	2.88				2.75		2.62	3.75		0.00	2.75				3.88	3.88	2.88	2.88	0.00					3.75						2.00	2.12			2.12			3.00				0.00	0.00		2.88	3.00	2.75	1.38	2.00	1.88							2.75			2.25	3.00	2.88	1.88		3.12	3.00
29-2012.01					3.50	1.88			2.88					3.12				3.25	1.38		0.12	1.50							0.88	1.75	3.00		3.38	2.50	2.12				0.00	0.75	0.88	1.75		2.75	3.00									2.75	1.62				1.62		2.12	4.12		0.00	1.88				4.00	3.38	2.12	2.62	0.00					3.00						1.38	3.00			0.75			2.38				0.25	0.12		2.50	2.75	2.00	0.12	1.12	1.50							2.00			2.00	2.75	2.62	2.38		3.50	3.12
29-2031.00					3.12	2.00			3.25					3.12				3.88	2.00		0.12	1.50							0.00	2.38	3.00		3.12	3.25	3.00				0.00	2.00	1.38	2.25		3.88	3.38									2.88	2.75				2.62		2.62	3.62		0.00	2.75				4.00	4.00	2.62	3.25	0.00					4.12						2.12	2.50			2.00			3.25				0.00	0.00		3.12	3.12	3.00	1.38	1.88	2.00							2.88			2.75	2.38	2.62	2.00		3.62	3.50
29-2032.00					3.00	2.25			3.25					3.38				3.38	2.75		0.00	1.88							0.00	2.88	2.88		3.00	3.50	2.88				0.00	2.00	1.25	2.88		3.38	3.12									3.12	2.38				2.88		2.88	4.00		0.00	2.25				3.88	4.00	2.88	3.25	0.00					3.50						2.00	2.00			2.62			3.12				0.00	0.00		3.12	3.25	3.00	1.38	1.88	2.25							2.88			2.38	3.12	3.00	2.00		3.88	3.38
29-2033.00					3.00	1.75			3.38					3.00				3.50	1.88		0.00	1.88							0.00	1.88	2.88		2.88	3.00	2.88				0.00	2.00	1.25	2.00		3.50	3.75									2.88	3.00				2.75		2.00	4.12		0.00	3.00				4.25	3.88	2.75	3.00	0.00					3.88						2.00	2.12			1.75			2.88				0.00	0.00		3.00	3.25	2.38	0.88	1.88	1.88							2.62			2.25	3.00	3.00	1.00		3.75	3.62
29-2034.00					3.12	2.38			3.12					3.00				3.50	2.12		0.38	1.88							1.62	2.62	2.75		2.75	3.38	2.25				0.88	1.62	1.25	2.38		3.38	3.25									2.88	2.00				2.62		2.50	4.00		1.00	2.00				4.12	4.12	2.12	3.25	1.38					3.75						1.75	2.25			2.38			2.88				1.25	1.88		3.00	3.38	2.88	1.00	1.75	2.88							2.75			2.75	2.50	3.00	2.38		3.62	3.00
29-2035.00					3.12	2.88			3.12					3.12				3.38	2.00		0.00	1.62							0.38	2.25	3.12		3.12	3.25	2.75				0.00	1.75	1.25	2.62		3.38	3.62									3.00	2.25				2.75		2.75	4.12		0.00	2.50				4.12	4.12	2.75	3.00	0.12					3.38						2.75	2.88			2.00			3.12				0.00	0.25		3.12	3.12	2.75	0.62	1.75	2.12							2.75			2.12	3.00	3.00	2.00		4.12	3.75
29-2036.00					2.50	2.00			3.50					2.75				4.50	1.75		0.00	1.38							0.00	0.12	3.12		2.12	3.50	3.50				0.00	0.00	0.00	1.88		4.62	4.12									2.38	3.75				2.62		0.38	3.75		0.00	3.38				4.62	4.62	3.38	3.38	0.00					4.50						0.00	0.50			0.25			3.38				0.00	0.25		3.62	3.62	2.88	0.00	0.00	0.12							2.38			2.00	2.50	3.50	1.88		4.50	4.25
29-2051.00					2.88	2.62			3.50					2.25				3.50	1.88		0.00	1.88							0.38	2.25	2.88		2.75	2.88	3.25				0.38	1.75	1.38	2.25		3.25	3.12									2.38	3.00				2.50		2.12	3.75		0.38	2.75				4.00	3.88	3.12	2.75	0.38					3.25						1.25	1.50			2.00			2.88				0.12	0.38		3.12	3.12	2.12	1.25	1.88	2.00							2.88			2.50	2.75	2.88	2.12		3.25	3.12
29-2052.00					3.00	2.12			3.50					2.00				3.25	1.38		0.00	1.12							0.12	2.25	3.00		3.00	2.88	2.12				0.00	1.88	1.25	1.38		3.00	3.25									3.00	2.75				2.38		2.00	4.12		0.00	3.00				4.00	4.00	2.00	3.12	0.00					3.00						0.12	0.50			0.50			3.00				0.00	0.00		3.00	3.75	2.62	1.12	2.00	1.88							2.88			2.62	2.88	2.12	1.38		3.88	3.00
29-2053.00					2.50	2.25			3.00					2.00				3.88	1.12		0.00	1.50							2.25	2.00	3.00		2.50	3.00	3.00				0.12	2.12	2.00	1.75		3.75	3.00									2.00	1.75				2.00		2.00	3.50		0.12	1.75				4.00	4.00	3.00	2.50	0.38					4.00						0.50	2.00			2.00			3.00				0.75	0.75		3.38	3.50	2.12	1.62	2.12	2.88							2.75			2.25	2.12	2.12	0.62		3.62	3.62
29-2055.00					3.88	2.88			3.00					3.00				3.38	2.88		0.00	2.00							0.00	2.88	3.50		3.88	3.38	2.88				1.00	2.25	1.88	2.88		3.12	3.38									3.62	2.12				2.88		2.75	4.00		0.00	2.25				4.00	4.00	2.50	3.75	0.00					3.75						1.38	2.62			2.12			3.88				0.12	0.12		3.00	3.50	2.88	1.62	2.00	3.00							3.00			2.88	2.88	3.00	2.00		3.38	3.00
29-2056.00					3.62	3.00			3.62					3.00				3.88	2.00		0.00	2.00							1.00	2.88	3.00		3.12	3.12	3.00				0.00	2.12	1.50	2.62		3.88	3.38									3.25	3.12				2.88		2.88	4.00		0.00	3.12				4.00	3.88	3.00	3.00	0.00					4.00						1.00	1.75			1.62			3.00				0.00	0.00		3.12	3.12	2.88	1.38	2.62	2.88							2.88			3.00	2.88	2.88	1.75		3.88	3.12
29-2057.00					3.38	1.38			3.00					3.00				3.00	1.88		0.00	0.62							0.00	1.50	3.00		3.25	2.75	2.50				0.00	1.12	0.88	1.25		3.00	3.00									2.75	2.50				2.25		2.00	4.00		0.00	2.50				4.12	4.00	1.88	2.12	0.00					3.50						0.12	0.25			0.12			3.00				0.00	0.00		3.12	3.25	2.12	0.38	0.62	1.00							2.25			1.88	2.88	2.62	0.88		3.75	3.00
29-2061.00					3.00	2.75			3.12					3.00				4.00	2.00		0.00	2.00							2.00	3.00	3.00		3.00	3.00	3.00				0.00	2.62	2.00	2.50		3.75	3.62									3.00	2.38				2.75		3.00	3.88		0.00	2.88				4.12	4.12	2.88	3.00	0.12					4.12						1.12	2.00			2.12			3.00				0.00	0.12		3.50	3.62	2.88	1.62	2.75	3.00							3.00			3.12	2.88	2.88	1.88		4.12	3.62
29-2081.00					3.00	1.88			3.12					2.88				3.00	2.12		0.00	0.75							0.38	0.88	3.00		3.12	2.75	2.88				0.00	0.00	0.00	1.25		3.00	3.00									2.88	2.75				2.25		2.62	4.00		0.00	3.00				3.88	4.00	3.00	2.88	0.00					3.00						1.00	1.38			1.00			2.88				0.00	0.00		3.12	3.50	2.50	0.00	0.00	0.88							2.62			2.00	3.12	2.88	2.00		3.62	3.50
29-2091.00					3.25	2.12			4.12					3.00				4.38	2.00		0.00	1.88							1.00	1.75	2.88		3.50	2.75	3.62				0.50	1.00	0.88	1.38		4.25	4.12									3.00	3.00				2.00		2.88	4.00		0.50	2.50				4.88	4.88	3.62	2.75	0.38					4.12						0.88	2.00			1.00			3.12				0.38	0.75		3.62	3.75	2.50	0.38	1.25	2.12							2.38			2.12	2.75	4.00	1.50		4.25	4.38
29-2092.00					3.12	3.12			3.12					3.12				3.12	1.50		0.00	0.00							0.00	0.62	2.75		3.38	3.12	2.62				0.00	0.00	0.00	3.12		3.00	3.12									3.25	2.00				2.50		2.00	3.75		0.00	2.50				3.88	3.88	2.62	3.00	0.00					3.00						0.12	0.50			0.38			3.00				0.62	0.00		3.88	3.75	2.88	0.00	0.00	0.75							2.38			1.25	2.62	2.88	0.50		3.50	3.12
29-2099.01					3.00	2.12			3.12					2.88				4.00	1.50		0.00	0.75							0.50	2.12	2.88		3.12	3.25	2.62				0.00	1.12	0.88	2.00		4.00	3.88									2.62	2.38				2.25		2.25	3.88		0.00	2.12				4.12	4.12	2.50	3.12	0.00					4.00						0.75	1.50			2.00			3.12				0.12	0.00		3.12	3.12	2.62	0.25	0.88	1.75							2.38			2.12	2.88	2.88	1.12		3.88	3.75
29-2099.05					3.38	1.88			3.00					3.00				3.25	1.62		0.00	1.12							0.38	1.62	3.00		2.88	3.12	2.75				0.00	1.00	1.00	1.88		3.75	3.00									2.75	2.75				2.12		2.12	4.00		0.00	2.50				4.00	4.00	2.75	3.00	0.00					4.00						1.12	1.12			1.00			3.12				0.00	0.00		3.38	3.62	2.38	0.62	1.38	1.25							2.12			2.25	3.12	2.62	1.75		3.75	3.25
29-2099.08					1.50	2.00			3.00					0.38				3.12	0.75		0.00	0.75							0.25	0.88	2.75		1.88	2.88	3.00				0.00	1.75	0.88	1.88		3.12	3.00									0.38	2.38				2.75		0.62	3.88		0.00	2.38				4.00	4.00	3.00	2.62	0.00					3.62						0.00	0.00			0.00			3.00				0.12	0.00		3.62	3.75	2.62	0.00	1.88	1.25							2.88			2.00	2.00	1.88	0.25		3.75	3.75
29-9091.00					2.88	2.38			3.25					2.00				4.12	2.00		1.00	2.25							1.62	2.75	3.00		3.00	3.62	3.38				0.00	2.75	1.50	2.38		4.12	3.88									2.88	2.00				2.75		3.00	3.62		0.00	2.00				4.00	4.00	3.12	3.00	0.00					4.75						0.38	0.38			0.88			3.12				0.00	0.00		3.75	3.75	2.88	1.50	2.88	3.00							2.50			3.00	2.75	3.50	1.25		3.88	3.88
29-9092.00					0.00	1.50			3.50					0.12				4.62	0.00		0.00	0.00							0.00	0.00	2.88		2.25	3.12	3.25				0.00	0.00	0.00	1.75		4.62	4.00									0.00	3.12				2.88		0.00	3.75		0.00	2.88				4.88	5.00	3.12	3.00	0.00					4.00						0.00	0.00			0.00			2.88				0.00	0.00		3.50	3.50	2.88	0.00	0.00	0.00							2.75			0.12	2.50	2.62	0.00		4.88	4.88
29-9093.00					4.00	3.00			3.00					3.62				3.62	2.62		0.38	2.62							2.62	2.88	3.12		4.12	3.38	2.75				1.50	2.25	2.62	3.25		3.62	3.50									3.62	2.50				3.00		3.25	4.25		0.00	2.62				4.00	3.88	2.88	3.50	0.00					3.88						2.00	3.25			1.50			3.50				0.38	0.25		3.75	3.50	3.00	1.50	2.38	3.25							2.88			3.12	3.75	3.25	2.75		3.75	3.50
29-9099.01					3.62	2.12			3.25					1.88				4.62	2.00		0.38	1.62							0.50	2.25	2.62		3.00	3.38	3.38				0.00	1.50	0.62	2.12		4.38	3.75									2.62	2.38				2.88		2.88	3.50		0.00	2.50				4.38	4.25	3.00	3.00	0.00					5.12						0.75	1.50			1.88			3.88				0.00	0.00		3.62	3.62	2.88	0.12	1.88	2.12							2.75			2.25	2.75	2.88	1.88		4.12	4.00
31-1121.00					3.00	2.00			2.88					2.00				3.12	2.00		0.00	2.12							1.75	2.88	2.88		3.00	2.88	2.88				0.25	2.50	2.12	2.12		3.12	3.00									2.38	2.00				1.88		2.12	3.50		0.25	2.00				3.75	3.88	2.88	2.25	0.25					3.50						0.25	1.88			2.00			3.00				0.38	0.88		3.12	3.12	2.25	1.62	2.50	2.88							2.88			2.88	2.25	2.88	0.00		3.00	3.00
31-1122.00					2.62	2.25			2.75					1.50				3.00	2.12		0.00	2.12							1.38	2.50	2.88		2.00	2.12	2.12				0.62	2.12	1.62	2.12		2.88	3.00									1.88	1.75				2.12		2.12	3.00		0.62	1.88				3.62	3.25	2.00	2.12	0.62					3.00						0.88	1.38			1.12			2.50				0.75	0.88		3.12	3.12	2.00	0.88	2.25	2.50							2.38			3.00	2.00	2.25	0.62		3.00	2.88
31-1131.00					3.00	2.12			3.00					2.25				3.00	1.75		0.75	2.12							1.62	3.12	2.88		2.75	2.25	2.12				0.00	2.12	1.88	2.00		3.00	3.00									2.75	2.00				2.12		2.25	3.12		0.00	2.00				3.88	3.75	2.12	2.25	0.00					3.00						0.12	2.00			2.12			2.75				0.12	0.25		2.88	3.00	2.00	1.88	2.75	3.25							2.12			3.12	2.00	2.00	0.88		3.00	2.88
31-1132.00					2.25	2.12			2.75					2.38				2.75	1.62		0.75	2.88							2.62	3.12	2.62		2.38	2.00	1.88				0.00	2.62	2.25	2.12		2.50	2.38									2.50	1.12				1.75		2.12	3.00		0.00	1.25				3.12	3.12	2.00	2.00	0.38					2.75						0.88	2.25			1.75			2.12				0.38	0.88		2.50	2.88	1.88	1.62	2.75	3.88							2.12			3.38	1.62	1.75	1.38		2.75	2.12
31-1133.00					2.62	3.00			3.00					1.88				3.25	2.00		0.00	2.25							2.38	2.50	3.00		2.50	3.00	2.88				0.50	2.25	2.12	2.25		3.12	3.12									2.12	1.88				2.00		2.00	3.25		0.62	1.88				3.88	3.75	2.75	3.00	0.62					3.88						1.00	2.50			2.62			3.12				0.50	1.00		3.00	3.00	2.50	2.00	2.25	3.12							2.88			2.88	2.62	2.12	1.12		3.00	3.12
31-2011.00					2.88	2.12			3.12					2.50				3.62	1.75		0.00	2.12							0.75	2.62	2.88		3.00	2.62	3.12				0.00	2.00	2.00	1.75		3.12	3.25									2.75	2.00				2.50		2.62	3.25		0.00	2.12				4.12	4.12	3.12	2.88	0.00					4.00						0.88	1.50			1.50			3.00				0.12	0.62		3.00	3.12	2.12	1.12	2.25	3.00							2.75			2.62	1.75	2.62	1.38		3.88	3.75
31-2012.00					2.75	2.00			3.00					2.12				3.12	1.62		0.12	2.12							1.62	2.75	2.50		3.00	2.12	2.75				0.50	2.50	2.50	1.75		3.00	3.00									2.75	1.62				2.00		2.88	2.88		0.38	1.88				3.88	3.75	2.62	2.25	0.62					3.50						0.62	1.00			1.50			2.62				0.38	0.50		3.12	3.00	2.00	0.62	2.12	3.00							2.62			2.88	1.75	2.38	0.50		3.12	3.12
31-2021.00					3.00	2.12			3.00					2.25				3.62	2.00		0.00	2.12							0.88	2.88	3.00		2.88	2.88	3.12				0.00	2.38	2.00	2.12		3.25	3.12									2.88	2.12				2.25		2.88	3.88		0.00	2.12				4.00	4.12	2.88	3.00	0.00					3.88						1.00	1.00			0.88			3.00				0.00	0.00		3.50	3.75	2.62	1.38	2.62	3.00							2.75			3.00	2.12	3.00	1.25		3.88	3.25
31-2022.00					2.62	2.12			2.88					1.88				2.88	1.75		0.38	2.12							0.62	2.75	2.62		2.50	2.12	2.12				0.00	2.25	2.00	2.12		3.00	3.00									2.62	1.75				2.12		2.62	3.12		0.00	2.00				3.75	3.12	2.12	2.38	0.00					3.00						0.50	0.88			1.25			2.88				0.00	0.00		3.12	3.25	2.00	1.12	2.25	2.88							2.25			3.00	2.00	2.75	1.62		3.00	2.88
31-9011.00					3.12	1.00			2.75					1.88				3.12	1.12		1.00	3.50							0.88	3.12	2.00		3.25	2.25	2.75				0.00	1.50	1.88	0.88		3.00	3.00									3.12	1.12				2.00		3.12	3.00		0.00	1.12				3.88	3.62	2.88	1.88	0.00					3.38						0.00	0.12			0.25			3.00				0.00	0.25		3.12	3.00	2.12	0.62	3.12	3.00							2.25			3.38	1.25	1.88	2.00		3.12	3.00
31-9091.00					3.38	2.12			3.12					3.12				3.25	2.00		0.25	1.75							0.25	2.62	2.88		3.12	2.25	2.88				0.12	2.00	1.12	1.75		3.00	3.00									3.00	2.00				2.12		2.88	4.00		0.00	2.12				4.00	3.88	2.50	2.38	0.00					3.25						1.50	1.62			1.75			3.00				0.00	0.38		3.00	3.38	2.12	1.38	1.88	1.88							2.88			2.25	2.88	2.62	2.00		3.38	3.00
31-9092.00					3.00	2.12			3.12					2.25				3.50	1.38		0.00	1.25							0.25	1.75	2.88		3.00	3.12	2.88				0.38	1.62	0.75	2.00		3.25	3.12									2.25	2.75				2.75		2.12	3.88		0.25	3.00				4.12	4.00	2.75	2.88	0.38					3.75						0.75	1.12			1.38			2.88				0.25	0.62		3.12	3.25	2.62	0.62	1.88	2.12							3.00			2.25	2.88	2.12	1.25		3.75	3.62
31-9093.00					3.12	2.62			3.00					3.00				3.12	1.75		0.25	2.00							0.12	2.62	2.88		3.25	2.88	2.00				0.75	2.00	0.75	2.50		2.62	3.00									3.00	1.88				2.00		2.62	3.88		0.75	2.00				3.75	3.12	2.00	3.12	0.75					3.12						2.00	2.38			1.88			2.88				1.25	1.62		2.75	2.88	2.00	2.12	2.12	3.00							2.75			3.00	3.00	3.25	2.12		3.12	2.50
31-9094.00					2.12	2.12			3.00					2.12				3.00	0.00		0.00	0.25							0.00	0.00	2.12		3.12	2.88	1.75				0.00	0.12	0.12	1.50		3.00	3.00									2.25	1.50				2.00		0.12	3.88		0.00	1.62				4.88	4.00	1.50	2.88	0.00					3.00						0.00	0.00			0.00			3.12				0.00	0.00		2.88	4.25	2.12	0.00	0.25	0.00							2.00			1.00	1.12	1.12	1.75		4.12	4.12
31-9095.00					2.25	1.38			2.75					1.38				3.00	1.25		0.38	1.25							0.00	2.38	2.75		2.88	2.12	1.75				0.00	1.12	0.75	1.00		2.75	2.75									2.12	2.25				1.88		2.12	3.62		0.00	2.25				4.00	3.50	1.50	2.62	0.00					3.00						0.50	0.62			1.00			2.25				0.00	0.38		3.00	3.38	1.75	0.25	1.38	2.00							2.12			2.75	2.50	2.12	0.88		3.12	2.75
31-9096.00					3.00	2.12			3.00					2.25				3.00	2.00		0.50	1.88							0.50	3.00	3.00		3.00	2.88	2.25				0.00	2.12	2.12	2.12		3.00	3.00									2.88	2.12				2.00		2.88	3.25		0.00	2.12				3.75	3.00	2.00	2.88	0.00					3.75						1.25	2.00			1.38			2.62				0.00	0.00		3.00	3.00	2.12	1.75	2.12	2.88							2.00			3.00	2.50	2.12	1.88		3.00	3.00
31-9097.00					3.88	2.25			3.12					2.12				3.25	2.00		0.12	1.12							0.88	2.25	2.88		3.38	3.12	2.25				0.00	1.88	1.00	1.75		3.00	3.25									3.00	2.00				2.12		2.12	4.00		0.00	2.12				4.00	4.00	2.12	3.00	0.00					3.12						1.00	1.50			1.00			3.00				0.00	0.12		3.00	3.00	2.00	1.00	1.75	2.00							2.12			2.25	2.62	2.62	0.75		3.88	3.00
31-9099.01					2.00	3.00			2.88					1.88				3.38	0.12		0.00	0.00							0.00	0.00	2.88		2.00	2.88	3.12				0.00	0.00	0.00	3.25		3.38	3.38									1.88	2.12				2.75		0.00	3.62		0.00	2.25				4.00	4.00	3.12	2.88	0.00					3.88						0.00	0.00			0.00			2.88				0.12	0.00		4.00	4.75	2.75	0.00	0.00	0.00							2.75			1.25	2.38	2.12	0.62		4.00	4.00
31-9099.02					3.38	1.75			3.12					3.25				3.12	2.25		0.12	2.12							0.62	2.50	2.88		3.12	3.00	2.25				0.50	2.00	1.25	2.00		3.00	3.00									3.00	2.00				2.25		3.12	4.12		0.38	2.00				3.88	3.88	2.00	3.00	0.50					3.38						2.00	2.00			1.88			3.12				0.38	0.75		3.12	3.12	2.12	0.50	1.75	2.75							2.88			2.62	2.88	2.88	1.88		3.62	3.00
33-1011.00					2.50	3.00			3.00					2.12				4.00	2.00		0.50	2.12							3.00	2.12	3.25		2.00	3.25	3.00				1.50	2.88	3.00	2.00		3.88	3.12									2.25	2.00				2.38		2.25	3.25		1.00	2.25				4.00	4.00	2.75	3.12	2.12					4.00						0.88	3.12			2.88			3.62				1.50	2.00		3.75	3.25	2.75	1.88	3.00	3.88							3.00			3.12	1.88	2.50	0.75		3.88	4.00
33-1012.00					3.00	2.88			3.62					2.88				4.12	2.38		0.00	2.12							2.50	2.00	3.50		2.75	3.62	3.38				1.88	2.12	2.00	2.62		4.00	3.88									3.00	2.62				3.00		2.88	3.75		1.88	2.75				4.00	4.00	3.12	3.00	2.25					4.12						2.38	3.12			2.88			3.25				1.88	2.25		3.62	3.62	3.00	1.88	2.12	2.88							3.12			2.62	2.75	2.88	1.38		4.00	4.00
33-1021.00					3.00	3.00			3.38					3.00				3.75	2.38		1.00	2.62							2.62	3.00	3.25		2.88	3.62	3.50				2.38	2.50	2.75	2.75		3.62	3.75									3.38	2.38				3.25		2.88	3.75		2.00	2.62				4.00	4.00	3.25	3.38	2.25					3.62						2.50	2.88			2.62			3.50				1.88	2.12		3.50	3.75	3.25	1.62	2.88	3.12							3.12			3.38	3.00	3.25	2.12		3.88	3.75
33-1091.00					2.38	2.50			3.00					2.50				3.50	2.25		0.12	1.75							1.75	1.88	4.12		2.12	3.50	2.75				1.62	1.88	1.25	2.25		3.88	3.12									2.00	2.00				2.62		2.38	3.75		2.12	2.12				3.62	3.88	2.75	2.88	2.12					3.88						1.62	2.12			2.75			3.75				2.00	2.00		3.38	3.88	3.50	0.12	1.75	1.88							2.62			2.50	2.75	2.62	2.00		3.38	3.62
33-2011.00					3.62	3.62			3.25					3.88				3.88	3.25		1.88	3.75							3.38	3.75	3.88		3.00	3.88	3.12				2.75	3.25	3.12	3.00		3.88	3.50									3.38	2.75				3.12		3.88	3.62		2.62	2.62				4.25	4.00	2.75	3.50	2.62					4.50						3.00	4.00			3.38			2.88				2.62	3.00		3.38	3.38	3.25	2.50	3.88	4.38							2.88			3.88	3.50	3.50	2.62		3.38	3.50
33-2021.00					2.38	2.38			3.62					2.12				4.00	2.38		0.12	2.00							2.00	2.12	3.00		2.12	3.75	3.00				2.12	1.75	1.88	2.25		3.88	3.62									2.12	2.25				2.88		2.38	3.38		1.62	2.38				4.12	4.00	3.00	3.12	1.62					3.88						1.38	2.25			1.62			3.38				1.50	2.50		3.75	3.88	2.75	0.50	1.50	2.25							2.75			2.62	2.62	2.88	2.25		4.00	4.00
33-2022.00					2.75	2.25			3.12					2.88				3.62	3.00		0.50	2.00							0.88	2.25	3.62		2.62	3.88	2.88				1.62	2.00	1.62	2.12		3.62	3.12									2.38	2.62				2.25		3.00	3.62		1.12	2.62				4.00	4.00	3.00	3.25	1.38					4.12						1.38	2.00			2.00			3.12				1.12	2.38		3.38	3.00	3.25	1.38	2.12	2.25							2.88			2.75	2.62	2.88	1.12		3.50	3.38
33-3011.00					1.50	2.00			2.25					0.88				3.00	1.50		0.00	2.25							3.12	2.12	2.88		1.38	2.25	1.62				0.62	2.25	2.00	1.25		3.00	2.88									1.25	0.50				1.88		2.12	3.12		0.75	0.88				3.25	3.25	1.38	2.25	1.00					3.88						0.75	2.88			2.50			3.12				0.75	0.88		3.12	3.25	2.25	2.00	2.25	3.25							2.50			3.00	1.50	1.38	0.38		3.00	2.25
33-3012.00					3.00	3.12			3.00					2.88				3.50	2.75		0.25	3.00							3.00	3.00	3.38		3.00	3.25	2.88				1.88	2.75	2.50	2.75		3.75	3.00									3.00	1.88				2.38		3.00	3.50		1.75	2.12				3.88	3.88	2.25	3.00	2.62					4.00						2.00	3.00			3.00			3.75				2.12	2.12		3.62	3.25	2.88	2.75	3.12	3.75							3.00			3.12	2.38	3.00	1.38		3.00	3.00
33-3021.00					2.38	2.88			3.62					2.25				4.25	2.38		0.62	1.75							2.62	2.38	3.50		2.12	3.62	3.75				2.25	2.00	1.75	2.12		4.12	3.88									2.25	2.38				3.00		2.25	3.75		2.25	2.25				4.12	3.88	3.12	3.00	2.62					4.38						2.38	3.12			3.00			3.25				1.88	2.38		3.62	4.00	3.38	2.12	2.25	2.50							3.12			2.75	2.50	2.88	2.00		4.00	3.62
33-3021.02					3.00	2.38			3.88					2.62				4.00	2.12		0.00	1.12							0.75	2.00	3.00		2.75	3.75	3.00				1.50	1.88	1.00	2.00		4.00	4.00									2.62	2.88				2.00		2.75	4.12		1.12	2.25				4.00	4.00	2.88	3.00	1.25					3.75						1.75	2.00			2.00			3.00				0.88	2.00		3.62	3.38	2.38	1.25	1.38	2.00							3.00			2.12	3.00	2.88	2.12		3.88	4.00
33-3021.06					0.75	2.00			3.75					0.62				4.62	0.25		0.00	0.38							0.00	0.00	3.00		0.75	4.00	4.00				0.00	0.00	0.00	2.00		4.75	4.00									0.62	2.88				2.75		0.12	3.88		0.00	2.75				4.75	4.50	3.50	3.12	0.00					4.12						0.00	0.00			0.00			3.00				0.00	0.00		4.00	4.12	3.62	0.00	0.00	0.00							2.38			1.25	2.12	2.75	0.62		4.75	4.62
33-3031.00					2.62	2.12			3.12					3.25				3.75	3.00		0.00	2.00							1.75	2.12	4.00		2.50	3.50	3.00				3.00	2.38	2.25	2.38		4.00	3.12									2.50	2.25				2.25		3.00	3.75		2.12	2.50				4.12	4.00	3.00	2.75	2.25					4.12						2.62	3.00			2.88			3.25				2.25	3.25		3.88	3.25	3.00	2.25	2.88	2.88							3.00			2.75	2.75	2.38	0.88		3.75	3.75
33-3041.00					2.12	2.12			2.38					2.75				3.00	2.12		0.00	1.62							1.50	2.12	3.12		2.25	2.25	2.25				2.00	2.00	1.62	2.12		2.75	3.00									2.12	1.50				2.25		2.62	3.12		2.00	1.75				3.50	3.88	2.25	2.50	1.62					3.12						1.75	2.38			2.38			2.25				1.75	2.25		2.88	2.62	2.12	1.62	2.00	2.12							2.12			2.75	2.38	2.12	1.00		3.00	2.50
33-3051.00					3.12	3.00			3.50					2.62				4.12	2.75		0.75	2.62							3.25	2.88	3.88		2.38	3.75	3.00				2.75	2.88	2.62	2.75		3.88	3.62									2.88	1.88				3.12		3.00	3.88		2.50	2.25				4.00	4.12	2.75	3.25	2.62					4.25						3.38	3.62			3.50			3.25				2.62	2.62		3.50	4.00	2.88	2.88	3.00	3.38							3.25			3.00	2.88	2.62	2.50		3.75	3.50
33-3051.04					2.25	2.50			3.12					2.62				4.00	2.38		0.00	1.62							1.88	2.50	3.38		2.88	3.38	2.88				2.00	2.00	1.75	1.75		4.00	3.38									2.62	2.12				2.25		2.75	4.12		1.25	2.50				4.00	4.00	2.38	3.12	1.38					4.12						1.88	2.75			2.25			3.38				1.12	1.50		3.88	4.12	2.75	1.88	2.00	2.75							2.75			2.25	2.75	2.38	0.88		4.00	3.75
33-3052.00					2.88	2.88			3.00					2.75				3.88	2.88		0.00	2.88							3.12	2.50	3.88		2.50	3.38	3.00				2.62	2.75	2.25	2.75		3.88	3.00									2.75	2.00				2.25		3.00	3.25		3.00	2.12				4.00	4.00	3.00	3.00	2.62					4.00						2.50	3.12			3.12			3.25				2.12	2.75		3.25	3.25	3.12	2.12	3.00	3.12							2.75			3.25	2.75	2.88	2.12		3.25	3.25
33-9011.00					3.00	2.00			3.00					2.75				3.12	2.00		0.25	1.88							1.25	2.62	3.00		2.62	2.88	2.88				2.00	2.00	1.75	2.00		3.75	3.00									3.00	1.75				2.00		2.88	3.00		1.25	1.50				3.88	4.00	2.75	2.00	1.88					3.88						2.00	2.00			2.12			3.00				2.00	1.88		3.00	3.00	2.00	1.25	1.88	3.00							3.00			2.88	2.00	2.00	1.00		3.38	3.00
33-9021.00					1.75	1.75			3.12					2.50				4.00	2.00		0.00	0.38							0.25	0.62	3.38		2.25	3.50	3.38				1.12	0.50	0.38	2.00		4.12	3.38									1.75	2.25				2.12		2.12	3.75		0.88	2.38				4.00	4.00	3.12	3.00	0.88					4.12						0.62	1.75			2.12			3.25				0.75	1.12		3.62	3.75	2.75	0.00	0.12	0.50							2.62			1.88	2.00	2.25	1.00		4.00	4.00
33-9031.00					1.75	2.25			2.62					1.62				3.50	1.12		0.00	0.62							1.38	1.00	4.00		1.75	3.50	2.12				0.00	0.88	0.88	1.50		3.75	3.12									1.50	1.38				2.12		0.62	3.88		0.25	1.50				3.75	3.75	2.12	3.25	1.00					4.12						0.00	0.88			1.25			4.00				0.00	0.38		3.12	3.25	3.38	0.38	1.12	1.62							3.00			1.75	2.12	2.25	0.88		3.12	3.12
33-9032.00					2.12	2.50			2.00					2.25				3.00	2.12		0.00	2.00							2.12	2.12	3.38		1.88	3.12	2.12				2.00	2.12	1.75	2.38		3.00	3.12									1.62	1.12				2.00		2.12	3.12		1.50	1.12				3.62	3.50	2.12	3.00	1.38					3.75						1.62	2.00			2.00			3.88				1.75	2.00		3.00	3.12	2.38	1.00	2.38	2.75							2.38			2.88	2.25	2.25	1.12		3.00	2.50
33-9091.00					2.00	2.12			1.88					0.88				2.62	1.50		0.25	1.00							0.62	1.75	3.12		1.88	1.38	0.88				1.50	2.00	0.88	1.75		2.62	2.38									1.88	0.38				1.00		2.00	2.75		0.62	0.50				3.12	3.62	0.88	2.00	1.12					3.12						0.50	2.50			1.12			2.88				0.75	1.50		3.00	3.00	1.38	1.75	2.00	1.50							2.50			2.88	1.88	1.25	0.50		2.00	1.75
33-9092.00					2.25	2.50			2.38					1.12				3.12	2.12		0.50	2.12							1.38	2.62	3.75		1.50	3.62	2.25				1.38	2.88	1.88	1.88		3.00	2.88									2.12	0.75				2.25		2.38	3.00		0.38	1.00				3.75	4.00	2.00	3.00	1.12					4.12						1.00	2.12			2.00			3.25				1.38	1.62		3.25	3.00	3.00	1.88	3.00	3.50							3.00			3.00	1.75	2.00	0.00		2.88	2.62
33-9093.00					2.88	3.12			3.00					2.50				3.38	2.12		0.38	2.38							1.50	2.88	3.75		2.75	3.88	2.50				1.25	2.50	2.00	2.50		3.50	3.25									3.00	1.50				2.62		2.62	3.75		0.25	1.50				3.75	3.62	2.38	3.62	0.62					3.88						2.50	3.12			2.62			3.75				0.50	0.38		3.50	3.88	2.88	1.88	2.62	3.38							2.88			2.75	2.62	2.75	1.75		3.12	2.62
33-9099.02					1.88	1.88			3.00					1.88				3.12	2.12		0.00	1.12							1.62	1.25	3.38		2.25	3.12	2.75				1.12	2.00	1.50	2.12		3.50	3.00									2.00	2.12				2.25		2.00	3.12		1.38	2.62				3.62	3.62	2.75	2.75	1.38					3.62						1.25	2.38			2.12			3.50				1.62	1.88		3.00	3.12	2.62	1.75	1.62	2.12							2.25			2.25	2.00	2.62	0.62		3.12	3.38
35-1011.00					3.00	2.50			3.25					2.62				4.12	2.00		0.75	2.25							0.88	3.00	2.62		3.00	2.88	3.75				0.88	1.88	1.50	2.00		3.38	3.75									3.12	3.00				3.00		2.25	3.50		0.62	3.00				4.00	4.00	3.88	3.25	0.88					4.12						1.62	2.38			2.00			3.25				0.75	0.75		3.62	3.38	2.25	1.75	2.12	2.12							3.25			3.00	3.12	3.12	2.62		3.25	3.38
35-1012.00					2.75	2.88			3.00					2.00				3.00	2.00		0.12	1.88							0.38	2.12	3.00		2.62	2.62	3.00				0.00	2.00	1.00	1.50		3.00	3.00									2.62	2.88				2.88		2.00	3.00		0.25	3.00				4.00	4.00	2.88	2.88	0.12					3.12						0.62	1.12			0.50			3.00				0.12	0.88		3.00	3.00	2.00	1.00	2.00	2.00							3.00			2.25	2.75	3.00	2.00		3.75	3.00
35-2011.00					2.50	1.25			2.25					1.25				2.75	0.25		0.00	1.88							1.38	2.00	2.00		2.00	1.38	2.00				0.00	1.62	1.25	0.88		2.25	2.88									2.50	1.12				2.00		2.00	3.00		0.00	1.62				3.00	2.75	2.00	1.88	0.00					2.62						0.50	1.12			0.75			2.62				0.00	0.00		2.62	2.88	1.75	1.12	1.88	2.25							2.50			2.62	2.00	1.50	1.25		2.75	1.88
35-2012.00					3.00	2.12			3.00					2.25				3.00	2.00		0.50	2.00							0.25	2.12	2.62		3.00	2.00	2.38				0.00	2.00	1.50	1.88		3.00	3.12									3.00	2.12				2.12		2.25	3.00		0.00	2.75				3.50	3.38	2.50	2.50	0.12					3.12						1.62	1.88			1.38			3.00				0.00	0.12		2.88	2.88	1.88	1.50	2.00	2.25							3.00			3.00	2.62	2.75	2.25		3.00	2.62
35-2013.00					3.00	1.62			3.00					2.25				3.12	2.00		0.38	2.12							1.38	2.50	2.75		3.00	2.12	3.12				0.00	1.75	1.12	2.00		3.00	3.00									2.88	2.00				2.00		2.88	3.25		0.00	2.12				3.38	3.00	3.12	2.25	0.00					3.12						1.00	1.12			1.62			3.00				0.00	0.00		2.88	3.00	2.00	0.00	1.75	2.62							2.12			3.00	3.00	2.38	2.12		3.00	2.62
35-2014.00					3.00	2.25			2.88					3.00				2.75	1.25		0.75	2.00							0.88	2.62	2.75		3.00	2.38	2.38				0.00	2.00	1.12	2.12		2.38	3.00									3.25	1.88				2.00		2.75	3.38		0.00	2.12				3.00	3.12	2.62	3.00	0.12					3.00						0.75	1.88			1.50			2.88				0.12	0.50		2.50	2.75	2.00	1.25	2.00	2.25							3.00			3.00	3.00	2.38	2.50		2.75	2.25
35-2015.00					2.88	2.25			2.75					2.50				2.38	0.88		0.25	2.00							0.75	2.75	2.75		2.88	1.88	1.88				0.00	1.88	1.75	2.12		2.25	3.00									3.00	1.75				2.12		2.25	3.12		0.00	1.88				3.00	2.75	1.62	2.75	0.12					2.62						1.50	1.88			1.00			2.75				0.12	0.12		2.38	2.75	2.12	1.00	2.00	2.12							2.88			3.12	2.62	2.12	1.12		2.25	1.88
35-2021.00					2.75	2.12			2.62					2.00				2.12	1.88		0.25	2.00							1.00	2.50	2.25		2.88	1.88	1.75				0.00	1.62	1.25	1.75		2.00	2.50									2.88	1.38				1.75		1.88	3.00		0.00	1.62				3.00	2.38	1.75	1.88	0.12					2.12						0.38	0.75			0.25			2.00				0.00	0.88		2.50	2.75	1.75	0.62	2.00	2.00							1.88			3.00	1.88	1.88	1.50		2.12	1.75
35-3011.00					3.00	3.00			2.88					2.62				3.00	2.12		0.00	2.00							0.62	2.88	2.88		3.00	2.75	2.88				0.00	2.50	2.00	2.50		3.00	3.00									3.00	2.12				2.75		2.88	3.50		0.00	2.25				3.75	3.75	2.75	2.62	0.12					3.25						1.38	1.38			1.38			3.00				0.25	0.12		3.00	3.50	2.12	1.50	2.12	2.62							2.88			2.88	2.62	2.62	1.75		3.00	2.88
35-3023.00					2.12	2.00			2.00					1.88				2.00	0.50		0.00	1.75							0.12	2.00	2.50		2.00	1.88	1.88				0.00	1.38	1.00	1.00		2.00	2.00									2.12	1.62				2.00		1.25	2.88		0.00	1.88				3.00	3.00	1.75	2.00	0.38					2.38						0.38	1.12			0.62			2.00				0.00	0.75		3.00	3.00	1.75	0.38	1.88	0.88							2.00			2.38	1.75	1.12	0.62		2.00	1.88
35-3023.01					2.88	2.62			2.75					2.62				2.62	1.62		0.25	2.00							1.75	2.88	2.12		3.12	2.62	2.38				0.00	1.75	1.50	2.12		2.50	2.75									2.88	1.88				2.50		2.62	3.00		0.00	2.00				3.25	3.50	2.12	2.50	0.00					2.75						1.75	2.50			0.75			2.50				0.38	0.38		3.12	3.25	2.62	0.75	2.00	2.25							2.50			3.00	2.38	2.38	2.00		3.12	2.62
35-3031.00					2.38	2.38			2.12					1.88				2.38	0.75		0.50	2.12							0.88	2.75	2.25		2.25	2.00	2.00				0.00	2.75	1.88	2.00		2.00	2.25									2.75	1.50				2.62		2.25	3.00		0.00	1.88				3.00	3.25	1.88	2.12	0.12					3.12						0.12	0.50			0.00			2.38				0.12	0.88		3.00	3.12	2.00	0.62	2.75	2.25							2.75			3.00	2.25	1.75	0.12		2.88	2.12
35-3041.00					2.62	2.12			2.12					2.00				2.12	1.50		0.00	1.25							0.50	2.12	2.25		2.25	2.00	1.88				0.00	2.12	1.38	2.00		2.25	2.12									2.25	1.12				1.75		2.00	3.00		0.00	1.88				3.00	3.00	1.88	2.12	0.00					2.62						1.12	1.12			0.62			2.25				0.00	0.62		3.00	3.00	1.25	0.75	2.12	2.12							2.12			2.38	1.88	2.12	0.88		2.75	2.12
35-9011.00					2.75	2.00			2.25					1.88				2.12	1.62		0.88	2.12							0.75	3.00	2.88		2.75	1.75	2.12				0.00	2.12	1.88	2.00		2.12	2.25									3.00	1.25				1.50		2.88	3.00		0.00	1.25				2.75	2.50	1.75	1.88	0.12					2.12						0.12	0.50			0.75			2.12				0.00	0.50		2.25	2.88	1.38	1.50	2.88	3.00							2.00			3.00	1.88	2.00	1.50		2.00	1.25
35-9021.00					3.00	2.00			2.12					2.00				2.00	1.38		0.12	1.88							0.88	3.12	2.00		2.12	2.00	1.75				0.62	2.00	1.75	1.50		2.00	2.12									3.50	0.62				1.12		2.75	2.25		0.38	0.75				2.12	2.00	1.75	2.00	0.62					2.00						2.00	2.00			1.50			2.00				0.50	0.75		2.00	2.00	1.25	1.75	2.12	2.75							1.88			3.00	1.75	1.75	0.88		2.00	1.50
35-9031.00					2.00	2.00			2.62					1.62				2.75	0.88		0.00	0.88							0.25	1.75	2.88		2.00	2.38	1.88				0.00	1.75	0.88	1.12		2.75	2.75									2.00	1.88				2.12		1.88	3.00		0.00	2.12				3.00	3.00	1.75	2.12	0.25					2.88						0.12	0.12			0.12			2.62				0.00	0.50		3.00	3.12	2.12	0.50	2.00	1.88							2.50			3.00	1.62	1.88	0.12		2.88	2.00
37-1011.00					2.25	1.25			3.00					2.25				3.00	1.88		0.12	2.12							0.62	2.25	3.00		2.12	2.25	2.62				0.38	2.00	1.62	1.50		3.00	3.00									2.12	2.00				2.00		2.00	3.12		0.62	2.62				3.75	3.75	2.25	2.12	0.62					3.00						1.50	1.12			1.50			2.25				0.38	1.12		3.12	3.12	2.12	1.50	2.25	2.25							2.12			2.88	2.12	2.12	1.38		3.00	3.00
37-1012.00					3.00	2.75			3.00					3.12				3.12	2.75		0.62	2.00							1.25	2.62	3.12		3.00	3.12	3.00				1.88	2.12	1.88	2.12		3.12	3.12									3.00	2.50				2.25		3.00	3.25		1.12	2.50				4.00	4.00	3.00	3.12	1.25					3.12						2.25	2.75			2.12			3.12				1.38	1.88		3.00	3.00	2.12	0.75	2.12	3.00							2.88			2.88	2.88	3.25	1.38		3.62	3.12
37-2011.00					2.75	1.88			2.62					2.12				2.62	2.00		0.25	2.00							0.88	3.00	2.75		2.50	2.12	1.88				0.62	2.38	2.12	1.88		2.50	2.75									2.38	0.88				1.50		2.62	3.12		0.00	0.75				2.88	2.88	1.88	2.00	0.00					2.75						1.12	1.12			0.88			2.12				0.00	0.25		2.25	2.25	1.38	0.88	2.38	3.00							2.00			3.00	2.25	2.12	1.00		2.38	2.00
37-2012.00					2.12	1.38			2.00					1.88				2.12	1.12		0.62	2.25							0.38	3.12	2.88		2.12	2.00	1.88				0.00	2.38	1.38	1.12		2.12	2.12									2.12	1.00				1.25		1.88	3.00		0.00	1.25				2.88	3.00	1.88	2.00	0.00					2.12						0.50	0.38			0.62			2.12				0.00	0.00		2.12	2.50	1.25	1.25	2.88	2.12							2.00			3.25	1.88	1.88	0.88		2.50	2.00
37-2021.00					2.88	2.25			3.00					3.00				3.00	2.62		0.25	2.00							1.00	3.25	3.12		2.75	3.25	2.75				2.00	2.38	2.25	2.50		3.00	3.00									2.88	2.25				2.12		2.75	3.25		2.00	2.88				3.62	3.62	2.75	3.00	2.00					3.00						2.12	2.25			2.50			2.88				1.88	2.25		3.12	3.38	2.38	1.75	2.25	2.50							2.88			3.00	2.75	2.88	1.88		3.00	3.00
37-3011.00					2.75	2.25			2.38					3.50				2.38	2.50		1.12	2.38							1.50	3.12	2.62		2.50	1.88	1.88				1.75	2.62	2.12	2.00		2.50	2.62									3.12	0.50				1.25		3.62	2.88		1.12	1.00				3.00	2.75	1.88	1.88	1.62					2.88						2.12	2.50			2.12			2.88				0.88	1.62		2.00	2.00	1.25	1.75	2.50	3.75							1.88			3.50	2.25	2.75	0.88		2.00	1.38
37-3012.00					2.62	2.00			3.00					3.00				3.00	2.88		0.25	2.12							0.88	2.38	2.62		3.00	2.50	2.25				1.38	2.12	1.62	2.00		2.88	3.00									3.00	2.00				1.75		3.00	3.25		1.38	2.62				3.25	3.00	2.12	2.25	1.25					2.88						2.50	2.50			2.00			2.62				1.25	1.62		2.88	2.50	2.38	1.75	2.12	3.00							2.25			2.75	2.38	2.38	1.62		3.00	2.62
37-3013.00					3.25	3.25			2.88					4.00				3.00	3.50		1.12	3.38							0.88	4.00	3.12		3.00	2.75	2.25				2.12	2.88	3.12	2.62		3.00	3.00									3.75	1.00				1.75		3.75	3.25		1.38	0.88				3.38	3.12	2.25	2.38	2.12					3.25						3.12	4.00			2.88			3.12				1.88	2.50		2.75	2.75	2.00	2.75	3.12	3.88							2.88			3.88	2.38	3.12	2.38		2.62	2.50
39-1013.00					2.12	2.88			2.50					2.12				3.38	0.75		0.50	1.62							2.00	1.75	3.25		2.50	3.00	2.25				1.75	1.62	1.62	1.88		3.50	3.25									2.25	2.25				3.12		1.88	3.50		1.25	2.62				3.75	4.00	2.62	2.75	1.00					3.75						0.88	1.12			0.88			3.38				1.12	0.88		3.25	3.62	2.88	0.75	2.00	1.75							3.12			2.75	2.00	2.12	1.75		3.62	3.38
39-1022.00					2.00	2.00			3.00					0.50				3.50	0.75		0.00	1.38							0.50	2.00	2.88		1.75	2.50	3.00				0.00	1.00	0.88	2.00		3.12	3.00									1.75	2.00				2.00		1.25	3.12		0.00	2.00				3.88	3.88	3.00	2.62	0.00					3.75						0.00	0.00			0.12			2.88				0.00	0.00		3.38	3.75	2.00	0.00	2.00	1.62							2.88			2.50	1.75	2.12	1.00		3.62	3.50
39-2011.00					2.75	2.38			2.88					2.75				3.50	2.38		0.25	2.75							0.50	3.12	3.12		2.75	2.75	3.12				1.38	2.88	1.88	2.25		3.25	3.00									2.88	1.75				2.25		3.00	3.12		1.50	1.88				3.88	4.00	3.25	2.38	1.88					4.00						1.75	2.38			2.50			2.88				1.75	1.88		3.00	2.88	2.50	2.25	2.75	3.00							2.88			3.00	2.12	2.50	1.62		3.00	2.88
39-2021.00					2.75	2.12			2.62					1.88				3.00	1.50		0.38	2.12							0.62	3.00	2.62		2.38	2.12	1.75				0.00	2.00	1.25	1.62		2.88	2.75									2.25	1.50				2.00		2.12	3.00		0.00	1.75				3.25	3.25	1.88	2.12	0.12					3.25						0.00	0.62			0.75			2.38				0.75	0.50		2.88	3.00	2.00	1.38	2.25	3.12							2.12			3.00	2.00	2.00	0.50		2.75	2.25
39-3011.00					2.50	2.25			2.75					1.75				3.00	0.88		0.38	1.12							0.12	2.00	2.75		2.88	2.75	1.88				0.00	0.88	0.75	1.75		2.88	3.12									2.75	2.00				2.25		2.00	3.25		0.00	2.75				3.75	3.75	1.75	2.88	0.38					3.12						0.00	0.25			0.50			3.00				0.12	0.12		3.00	3.00	2.75	0.12	1.62	1.25							2.62			2.25	2.12	2.12	1.25		2.88	1.88
39-3012.00					2.00	2.12			2.75					1.75				3.12	1.12		0.12	0.38							0.00	0.50	3.00		2.38	2.38	2.12				0.00	0.75	0.00	1.75		2.75	3.12									2.12	2.38				2.25		1.25	3.50		0.00	2.62				3.88	3.88	1.75	2.75	0.38					2.88						1.12	1.25			0.38			3.00				0.00	0.12		3.12	2.88	2.12	1.12	1.12	0.50							2.75			2.12	2.00	2.12	0.50		3.12	2.75
39-3021.00					2.88	2.62			2.88					3.00				2.75	2.00		0.00	1.00							0.38	1.75	4.00		2.88	2.75	1.88				1.38	1.12	0.50	2.75		2.88	3.00									2.88	0.38				1.38		2.50	3.88		1.50	1.00				3.50	3.12	2.00	2.88	0.62					2.88						2.38	2.88			1.38			3.00				1.00	0.75		3.00	3.00	1.88	0.50	1.00	2.00							2.12			2.00	3.25	2.88	1.25		3.00	2.50
39-3031.00					2.00	2.12			2.12					1.75				2.38	1.38		0.00	1.25							0.62	1.38	2.62		1.88	2.12	2.00				0.00	1.38	1.38	2.00		2.25	2.25									1.88	1.25				1.75		1.50	3.00		0.50	1.75				2.88	3.00	2.00	2.12	0.25					2.88						0.75	0.75			0.62			2.12				0.00	0.75		2.88	3.00	2.00	0.50	1.38	1.62							2.00			2.38	2.00	1.88	0.88		2.50	2.12
39-3091.00					2.25	1.88			2.00					2.00				2.50	1.50		0.00	1.12							1.38	2.00	2.25		2.00	2.12	2.00				0.62	1.50	1.38	1.50		2.12	2.38									2.00	1.38				2.00		2.00	3.00		0.00	1.50				3.00	3.62	2.00	2.12	0.12					3.00						0.88	1.00			1.50			2.25				0.12	0.50		3.00	3.00	2.12	0.38	1.75	2.00							2.12			2.12	1.25	2.00	1.25		2.75	2.00
39-3092.00					3.00	1.50			3.00					2.62				2.88	1.62		0.00	1.62							0.88	1.88	2.62		3.00	2.50	3.12				0.62	1.38	1.12	1.62		2.88	3.00									2.88	1.00				1.00		2.25	3.25		0.00	1.25				3.88	3.12	3.12	2.25	0.00					3.00						0.62	1.12			0.50			2.75				0.00	0.00		2.88	2.50	1.62	0.38	1.50	2.12							1.38			2.00	3.00	2.75	1.25		2.88	2.88
39-3093.00					1.62	0.50			2.25					1.38				2.62	0.00		0.00	0.62							0.00	2.88	2.00		1.38	1.00	1.62				0.00	1.25	1.00	0.25		2.38	2.62									1.50	0.25				1.00		1.12	3.00		0.00	0.38				3.00	3.25	0.88	0.88	0.00					2.88						0.00	0.00			0.00			2.12				0.00	0.12		2.75	3.00	0.88	0.50	1.75	1.25							1.62			2.38	1.12	0.50	0.00		2.88	2.25
39-4011.00					4.00	1.50			2.75					3.00				3.12	2.00		0.00	1.25							0.62	2.00	2.88		3.12	2.75	2.88				1.12	1.75	1.50	1.50		3.00	3.25									3.12	1.50				1.62		2.75	4.00		1.12	1.62				4.00	3.88	2.75	2.25	1.12					3.25						1.12	1.25			1.25			2.25				1.12	1.50		3.12	3.25	1.38	0.75	1.88	3.00							2.12			3.00	3.50	3.00	1.75		3.25	3.00
39-4021.00					2.25	1.12			2.12					2.12				2.88	2.00		0.12	1.38							0.62	1.50	2.62		1.75	1.12	1.88				1.00	1.62	0.75	1.38		2.50	2.62									2.00	0.88				1.75		2.12	3.00		0.75	1.12				3.62	3.62	1.62	1.25	1.00					3.00						0.88	1.00			1.25			2.00				0.50	1.62		3.00	3.12	1.00	0.38	1.50	2.62							2.12			2.38	1.75	2.12	0.50		3.00	2.75
39-4031.00					3.00	2.12			3.12					2.88				3.50	2.12		0.12	1.38							0.88	2.12	3.00		2.38	2.75	3.00				1.12	1.75	1.12	2.00		3.00	3.12									2.75	2.75				2.38		2.88	3.62		1.00	2.88				3.88	4.00	3.00	2.25	1.00					3.50						1.62	1.75			2.00			3.00				1.00	2.00		3.75	3.75	2.38	0.62	1.62	2.75							3.00			2.38	2.25	2.88	2.00		3.75	3.75
39-5011.00					3.50	1.62			2.12					3.00				2.88	1.25		0.12	2.00							0.25	1.38	1.50		3.12	2.00	2.25				0.00	0.62	0.75	0.88		2.88	2.38									3.00	0.88				1.50		2.38	3.25		0.00	1.25				3.38	3.38	2.62	1.38	0.00					2.88						0.38	0.50			0.25			3.00				0.00	0.00		2.62	3.12	1.62	0.00	1.12	1.00							2.25			2.88	2.38	3.00	2.00		2.88	2.00
39-5012.00					3.75	2.00			3.00					3.00				3.12	1.88		0.12	1.88							0.75	2.75	2.62		3.75	2.88	3.12				0.00	1.25	1.00	1.88		3.00	3.00									3.75	1.88				2.12		2.75	4.00		0.00	2.00				3.25	3.38	3.12	2.50	0.00					3.12						0.00	0.00			0.00			2.88				0.00	0.00		3.00	3.25	2.12	0.00	1.50	1.88							3.00			3.00	3.00	3.62	1.88		3.00	2.12
39-5091.00					4.00	2.12			3.62					2.25				3.38	1.75		0.50	1.75							0.50	2.38	3.25		3.50	2.75	3.62				1.25	1.12	0.88	1.50		3.00	3.00									3.50	2.00				2.25		2.50	4.12		0.00	2.25				4.00	3.88	3.62	2.62	0.00					3.25						0.00	0.00			0.00			3.25				0.00	0.00		2.75	3.12	2.50	0.75	1.50	1.75							2.12			2.62	4.75	4.00	1.50		3.00	3.00
39-5092.00					3.12	1.75			2.50					2.25				2.38	1.25		0.00	0.88							0.00	0.00	2.12		3.00	2.00	2.00				0.00	0.00	0.00	1.75		2.25	2.12									2.38	0.38				0.88		1.50	3.12		0.00	1.12				2.75	2.75	2.12	2.00	0.00					2.50						0.25	0.25			0.25			2.25				0.00	0.00		2.75	3.00	1.75	0.00	0.12	0.50							2.00			0.88	2.25	2.00	0.62		2.25	1.75
39-5093.00					2.75	1.25			2.25					2.12				2.38	0.75		0.38	2.00							0.00	2.38	1.75		2.75	1.75	1.75				0.00	1.00	0.38	1.25		2.38	2.00									2.88	0.75				1.38		1.75	2.88		0.00	0.88				2.62	2.88	1.62	1.62	0.00					2.25						0.00	0.00			0.00			2.38				0.00	0.00		2.50	2.75	1.38	0.50	1.88	1.50							2.25			2.75	2.00	1.62	1.12		2.50	2.00
39-5094.00					3.25	1.12			3.12					2.88				3.00	1.25		0.00	1.50							0.12	2.12	2.25		3.00	2.38	3.00				0.12	0.50	0.25	1.38		3.00	2.88									2.75	0.75				1.50		2.12	3.88		0.00	1.00				3.75	3.88	2.75	2.00	0.00					3.00						0.25	0.38			0.38			2.75				0.00	0.00		3.00	3.25	1.75	0.00	1.38	1.50							2.00			2.12	2.88	2.12	1.12		3.12	2.88
39-6011.00					2.25	2.62			2.25					2.75				2.25	2.12		0.25	2.62							1.25	2.88	2.75		2.25	2.12	2.12				1.25	2.75	2.00	2.12		2.12	2.50									2.50	1.62				2.12		2.75	3.12		1.00	1.50				3.12	3.62	2.00	2.38	1.25					2.75						1.50	1.75			2.00			2.88				1.38	2.25		3.00	3.00	2.00	1.25	2.88	3.75							2.88			3.12	2.00	2.12	1.12		2.88	2.12
39-6012.00					0.50	2.00			2.88					0.00				3.00	0.75		0.00	0.25							0.38	0.00	2.75		0.50	2.00	3.00				0.00	0.50	0.38	1.25		2.88	3.00									0.12	2.00				2.88		0.38	3.00		0.00	2.12				4.00	4.00	3.00	2.00	0.12					3.12						0.00	0.00			0.00			2.62				0.00	0.50		3.88	4.00	2.12	0.00	0.38	1.00							2.00			1.88	1.12	1.75	0.88		2.88	3.00
39-7011.00					0.62	1.50			2.75					0.38				2.88	0.62		0.00	0.62							0.25	0.25	3.12		0.38	2.12	2.38				0.25	1.50	1.00	1.00		2.88	2.88									0.62	1.12				2.75		0.38	2.88		0.12	1.12				4.00	3.88	2.62	1.38	0.00					3.00						0.00	0.00			0.00			2.25				0.12	1.50		4.00	3.25	1.50	0.38	1.62	0.50							2.50			2.00	1.25	1.38	0.25		3.12	2.25
39-7012.00					2.12	2.25			3.00					2.38				3.25	2.00		0.00	1.00							0.75	0.88	3.12		1.88	2.75	3.25				1.00	0.88	0.50	2.12		3.00	3.00									1.88	2.00				2.75		2.00	3.38		1.00	2.62				4.00	4.00	3.25	2.62	1.25					3.38						1.00	2.00			1.88			2.88				0.88	2.50		4.12	4.12	2.12	0.00	1.12	1.00							3.00			1.50	2.00	2.62	0.75		3.62	3.00
39-9011.00					2.62	2.25			2.88					0.00				3.00	1.38		0.25	1.75							0.62	2.62	3.00		2.38	2.88	3.00				0.00	2.00	1.88	2.00		3.00	3.00									2.00	1.88				2.62		2.00	3.00		0.00	1.88				3.75	3.50	2.88	2.38	0.00					3.38						0.00	0.25			0.12			3.12				0.12	0.25		3.00	3.12	2.75	0.88	2.12	2.25							2.88			2.25	2.38	2.62	0.50		3.12	3.00
39-9011.01					2.75	2.25			2.75					2.00				3.25	2.00		0.25	2.00							1.38	2.75	2.88		2.12	2.88	3.00				1.25	2.12	1.88	2.25		3.00	3.00									2.25	0.62				2.75		2.75	3.00		1.88	1.62				3.88	3.88	3.00	2.38	2.00					4.00						1.12	1.88			2.62			3.00				1.25	1.88		3.12	3.12	2.75	0.62	2.12	2.88							3.00			3.00	2.00	2.62	1.00		3.00	2.88
39-9031.00					2.88	2.00			3.00					1.00				3.00	1.38		3.25	3.75							2.88	4.00	3.12		1.88	2.00	3.00				0.00	3.75	3.00	1.00		3.00	3.00									3.00	1.00				2.25		3.00	2.88		0.00	1.12				3.75	4.00	3.00	2.00	0.75					3.00						0.50	0.38			0.38			3.00				0.00	0.88		3.62	3.00	2.00	1.75	4.00	3.75							2.88			4.00	1.12	2.00	0.75		3.00	2.88
39-9032.00					2.00	2.00			3.00					1.12				3.25	1.75		0.12	2.00							1.00	2.12	3.00		2.00	2.50	3.12				0.25	2.88	1.88	1.88		3.00	3.00									0.75	2.00				2.00		1.88	3.25		0.00	2.12				4.00	4.00	3.50	2.25	0.00					3.12						0.00	0.88			0.62			3.00				0.00	0.00		3.25	3.12	2.62	1.00	2.75	2.12							2.88			2.62	1.62	2.50	0.62		3.25	3.12
39-9041.00					1.00	2.12			2.88					0.38				3.25	1.00		0.00	1.12							0.50	1.12	3.00		1.75	2.38	3.00				0.38	1.12	1.00	2.12		3.00	2.88									1.00	2.00				2.00		1.38	3.12		0.50	2.00				4.00	4.00	3.00	2.00	0.50					3.62						0.38	0.88			0.88			2.75				0.50	0.62		3.38	4.00	2.12	0.62	1.25	1.25							2.12			2.12	2.00	2.12	0.25		3.75	3.25
41-1011.00					2.38	2.25			3.00					1.50				3.62	0.88		0.00	2.00							0.75	2.50	3.00		2.38	2.75	3.12				0.00	2.00	1.62	2.00		3.00	3.12									2.00	2.88				2.75		2.25	3.50		0.00	2.88				3.88	4.00	3.12	2.62	0.00					3.62						0.38	0.50			0.88			2.75				0.12	0.25		3.25	3.88	2.88	0.88	1.75	2.25							2.38			2.25	2.50	2.75	1.75		3.38	3.75
41-1012.00					0.50	1.88			3.12					0.62				3.88	0.88		0.00	0.25							0.12	0.00	3.00		2.25	2.75	3.62				0.00	0.00	0.00	1.38		3.88	3.12									0.75	3.12				2.75		0.00	3.62		0.00	3.12				4.00	4.12	3.38	2.75	0.00					3.12						0.12	0.25			0.00			2.75				0.00	0.12		4.00	4.00	2.00	0.00	0.25	0.00							2.25			1.38	1.38	2.88	0.50		4.00	3.88
41-2011.00					2.00	1.50			2.75					2.00				2.62	0.75		0.00	1.12							0.88	2.00	2.12		2.25	2.00	2.00				0.00	1.62	1.25	2.00		2.62	2.75									2.12	2.00				2.25		2.00	3.12		0.00	2.25				3.50	3.00	2.00	2.25	0.00					2.75						0.50	0.50			0.88			2.75				0.00	0.00		2.88	3.00	1.88	0.00	1.88	2.00							2.75			2.62	1.88	1.50	1.38		3.00	2.50
41-2012.00					2.38	2.75			3.00					2.12				2.88	1.38		0.12	1.25							0.25	1.88	3.00		2.62	2.50	2.12				0.00	1.62	1.12	2.00		2.62	3.00									2.12	2.38				2.12		1.88	3.12		0.00	3.00				3.25	3.25	2.12	3.00	0.00					3.00						1.00	1.12			1.25			2.88				0.62	0.25		3.00	3.00	2.12	0.88	1.25	1.75							2.25			2.00	2.50	2.12	1.62		2.88	2.25
41-2021.00					2.12	2.12			2.88					2.50				2.88	1.88		0.00	1.12							0.50	1.38	2.75		2.00	2.62	2.12				0.62	1.50	1.12	2.00		2.75	3.00									2.00	2.38				2.12		2.00	3.12		0.75	2.75				3.88	3.75	2.12	2.12	0.88					2.75						1.12	1.62			1.75			3.00				0.62	0.75		3.25	3.38	2.00	0.50	1.38	2.00							2.62			2.00	2.00	2.12	1.38		3.12	3.00
41-2022.00					2.88	2.25			3.12					2.12				3.00	1.12		0.00	1.62							0.62	2.50	3.00		2.88	2.88	2.75				1.00	1.88	1.75	2.12		3.00	3.00									2.38	2.25				2.88		2.00	3.88		0.62	2.75				3.88	4.00	2.50	3.00	0.75					2.88						0.88	1.12			1.25			3.00				0.75	1.12		3.25	3.75	2.88	0.12	1.88	2.50							2.75			2.75	2.88	2.88	1.12		3.25	2.88
41-2031.00					2.00	2.12			2.88					2.00				3.00	1.25		0.00	1.12							0.75	1.62	2.38		2.25	2.12	2.88				0.00	1.75	1.38	1.75		2.88	2.88									1.88	2.25				2.25		1.75	3.00		0.00	2.62				3.62	3.88	2.62	2.12	0.00					3.25						0.38	0.50			0.00			2.62				0.00	0.00		3.12	3.62	2.12	0.50	1.75	1.75							2.50			2.75	2.00	2.12	0.38		3.00	3.00
41-3011.00					0.38	1.88			3.25					1.38				3.62	1.75		0.00	0.00							0.00	0.00	2.75		1.12	2.75	3.88				0.25	0.00	0.00	1.75		3.25	3.38									0.00	2.88				3.00		0.88	3.75		0.25	2.88				4.00	4.00	3.38	2.62	0.25					3.12						0.38	0.38			0.38			2.88				0.50	0.50		4.00	4.00	2.62	0.00	0.00	0.00							2.88			2.00	2.62	2.88	0.25		3.88	3.75
41-3021.00					0.00	1.38			3.25					0.50				3.62	0.38		0.00	0.00							0.00	0.00	2.38		1.12	2.75	3.00				0.00	0.00	0.00	0.75		3.25	3.00									0.00	3.00				2.50		0.38	3.62		0.00	3.00				4.12	4.12	3.00	2.25	0.00					3.50						0.00	0.00			0.00			2.50				0.00	0.00		3.75	3.75	2.12	0.00	0.00	0.00							2.38			1.25	1.38	1.75	0.50		4.00	3.75
41-3031.00					0.12	2.00			3.25					0.12				4.25	0.38		0.00	0.00							0.00	0.12	2.62		0.00	3.12	3.75				0.12	0.00	0.00	1.50		3.50	3.38									0.12	3.38				2.75		0.12	3.62		0.12	3.62				3.88	4.12	3.00	3.12	0.12					3.75						0.00	0.25			0.12			2.62				0.12	0.50		3.50	4.00	3.38	0.00	0.00	0.00							2.75			1.62	1.12	2.25	1.62		4.12	3.62
41-3041.00					0.75	2.12			3.00					0.50				3.75	0.62		0.00	0.38							0.00	0.00	1.88		1.50	2.38	3.50				0.00	0.00	0.00	0.75		3.00	3.00									0.75	2.00				2.75		0.00	3.88		0.00	2.88				4.00	4.00	3.00	2.00	0.00					2.88						0.00	0.00			0.12			2.38				0.00	0.00		3.62	4.00	2.00	0.00	0.00	0.00							2.88			1.50	0.88	2.12	1.75		3.75	3.00
41-4011.00					0.00	1.62			3.00					1.88				3.88	1.50		0.00	0.00							0.00	0.00	2.75		2.00	2.75	3.62				0.00	0.00	0.00	1.62		3.25	3.25									0.00	2.75				3.12		1.88	3.62		0.00	3.12				4.50	4.62	3.62	2.12	0.00					3.62						0.00	0.00			0.00			2.25				0.00	0.00		4.12	4.00	2.88	0.00	0.00	0.00							2.12			1.75	2.00	2.25	0.00		4.00	3.88
41-4011.07					1.25	1.00			3.25					0.38				3.62	2.00		0.00	0.12							0.00	0.38	3.25		1.25	3.00	3.00				0.12	0.12	0.12	1.00		3.12	3.12									0.50	2.88				2.38		0.12	3.25		0.00	2.88				4.00	4.00	3.00	2.25	0.25					3.25						0.00	0.00			0.00			2.75				0.00	1.00		3.62	3.62	2.75	0.00	0.25	0.25							2.00			1.38	2.12	3.00	0.38		3.75	3.50
41-4012.00					1.75	1.25			3.00					1.88				3.25	1.25		0.12	0.50							0.50	0.75	2.25		2.00	2.25	3.12				0.75	0.62	0.38	0.88		3.12	3.12									1.38	2.38				2.25		2.00	3.25		0.62	2.50				4.00	4.12	3.00	2.12	0.75					3.25						0.62	0.75			1.00			2.38				0.50	0.75		3.88	4.00	2.12	0.25	0.75	0.62							2.12			1.62	1.75	2.25	0.62		3.88	3.75
41-9011.00					1.88	2.62			3.00					1.12				3.00	2.00		0.00	1.88							0.88	2.00	3.25		1.75	2.38	3.00				0.00	1.88	1.38	2.00		3.00	3.00									1.38	2.12				2.88		2.00	3.38		0.00	2.12				3.75	3.88	3.00	2.50	0.00					3.00						0.62	0.62			0.00			2.88				0.00	0.38		4.00	3.88	2.00	0.00	1.75	2.12							3.00			2.12	2.25	3.12	0.50		3.00	3.00
41-9012.00					1.62	0.38			2.62					0.00				2.00	0.50		0.62	1.50							0.25	2.75	2.12		0.38	0.62	2.12				0.62	2.62	2.62	0.25		2.00	2.00									0.50	0.88				1.12		2.00	2.12		0.00	0.62				3.00	2.62	2.12	0.38	0.25					2.00						0.12	0.25			0.62			2.25				0.00	0.88		2.62	2.75	0.25	0.25	2.00	1.38							2.12			2.75	2.12	2.00	0.00		2.38	2.25
41-9021.00					0.12	1.00			2.50					0.62				4.00	1.38		0.00	0.00							0.00	0.00	2.38		0.25	2.12	2.62				0.00	0.00	0.00	0.62		3.12	3.00									0.12	2.75				2.00		0.38	4.12		0.00	2.12				4.00	4.00	2.62	2.00	0.00					3.50						0.00	0.12			0.12			2.00				0.00	0.50		3.25	3.75	1.25	0.00	0.00	0.00							2.12			1.75	0.75	1.50	0.88		4.00	3.62
41-9022.00					0.75	1.62			3.12					1.38				3.88	1.88		0.12	0.38							0.25	0.25	3.25		1.50	3.00	3.12				1.00	0.25	0.25	1.75		3.25	3.00									0.62	3.00				2.75		1.50	4.00		1.12	3.00				4.00	4.00	2.75	2.62	0.88					3.50						0.88	1.25			0.88			2.50				0.88	1.75		3.38	4.00	2.38	0.50	0.38	0.50							2.50			1.75	2.75	2.88	0.62		4.00	3.12
41-9031.00					1.38	1.50			4.00					1.25				4.00	2.00		0.00	0.00							0.00	0.00	3.25		2.00	2.88	4.00				0.00	0.00	0.00	1.38		4.00	4.00									1.50	3.62				3.12		0.50	3.88		0.00	3.88				4.88	5.00	3.75	2.88	0.00					4.00						0.00	0.00			0.00			2.88				0.00	0.00		4.12	4.00	3.00	0.00	0.00	0.00							2.62			1.25	2.50	3.12	0.62		4.62	4.12
41-9041.00					0.75	1.62			2.25					0.50				2.62	0.25		0.00	0.00							0.00	0.00	1.00		1.12	1.25	2.25				0.00	0.00	0.00	1.12		2.62	2.12									0.50	0.75				1.50		0.00	3.00		0.00	1.00				3.75	3.75	2.12	0.75	0.00					2.62						0.00	0.00			0.00			2.62				0.00	0.00		3.75	3.50	0.75	0.00	0.00	0.00							2.12			1.12	0.62	0.75	0.62		3.00	2.88
41-9091.00					0.12	0.75			2.75					0.12				2.88	0.00		0.00	0.00							0.00	0.00	2.12		0.75	1.38	3.00				0.00	0.00	0.00	0.50		2.88	2.88									0.25	1.62				2.12		0.12	2.88		0.12	2.00				3.62	3.75	3.00	0.50	0.00					2.88						0.00	0.00			0.00			2.38				0.00	0.25		3.50	3.50	1.12	0.00	0.25	0.38							2.12			1.88	1.00	1.25	0.50		3.00	2.88
43-1011.00					0.62	2.38			3.00					0.00				3.62	1.38		0.00	0.62							0.38	0.62	2.88		2.12	2.38	3.00				0.00	0.38	0.25	2.00		3.25	3.25									0.50	2.75				2.50		0.88	3.50		0.00	2.88				4.00	4.00	3.38	2.62	0.00					3.62						0.00	0.00			0.00			2.62				0.00	0.00		3.75	3.50	2.38	0.00	0.50	0.62							2.88			0.88	1.88	2.62	0.50		4.00	4.00
43-2011.00					1.88	2.00			2.25					1.75				2.62	0.12		0.00	0.50							0.00	0.00	2.25		2.00	2.00	1.88				0.00	0.00	0.00	2.00		2.50	2.38									1.75	1.00				2.12		0.62	3.25		0.00	1.75				3.75	4.00	1.75	2.12	0.00					2.75						0.00	0.12			1.00			2.38				0.00	0.00		3.88	4.00	2.38	0.00	0.00	0.00							2.38			1.00	1.25	1.50	1.12		2.88	2.88
43-2021.00					1.62	2.00			2.25					1.62				2.62	0.50		0.00	0.50							0.00	0.00	1.75		2.38	2.12	1.75				0.00	0.00	0.00	2.00		2.75	2.62									1.38	1.38				1.50		0.00	2.88		0.00	1.38				3.62	3.75	1.75	2.00	0.00					2.88						0.75	1.12			0.50			3.00				0.00	0.00		3.75	4.12	2.12	0.00	0.00	0.00							2.00			1.25	1.12	0.88	0.62		3.00	2.62
43-3011.00					0.75	2.12			3.00					0.50				2.88	0.75		0.00	0.12							0.00	0.00	2.62		1.75	2.88	2.75				0.00	0.00	0.00	2.00		3.12	2.88									0.50	2.62				2.12		0.00	3.50		0.00	2.75				3.88	3.88	2.62	2.62	0.00					3.00						0.00	0.00			0.00			3.00				0.00	0.00		3.00	3.00	2.12	0.00	0.00	0.00							2.12			0.62	1.50	2.00	0.38		3.75	3.50
43-3021.00					1.38	1.75			3.00					1.25				3.38	0.00		0.00	0.75							0.00	0.00	1.88		1.50	2.62	2.00				0.00	0.00	0.00	1.00		3.12	3.25									1.25	2.75				2.62		0.00	3.62		0.00	3.00				3.50	3.75	1.75	2.50	0.00					3.12						0.00	0.00			0.25			2.50				0.12	0.00		3.00	3.38	2.38	0.00	0.00	0.00							2.00			1.88	1.25	1.50	2.25		3.25	3.00
43-3031.00					1.75	1.25			3.00					1.75				3.12	0.00		0.00	0.50							0.00	0.00	2.38		2.38	2.88	2.00				0.00	0.00	0.00	1.00		3.25	3.12									1.75	3.88				2.25		0.00	4.00		0.00	3.88				4.00	3.75	1.75	2.88	0.00					3.00						0.00	0.00			0.00			2.88				0.00	0.00		3.25	3.12	2.25	0.00	0.00	0.00							2.00			1.25	1.50	1.75	0.88		3.88	3.62
43-3041.00					2.12	2.75			2.88					2.00				3.12	0.38		0.00	1.00							0.38	2.00	2.12		2.00	2.12	2.12				0.00	1.12	0.62	0.88		3.00	3.00									2.12	2.50				2.25		1.50	3.50		0.00	2.88				3.75	3.88	1.88	2.88	0.00					3.12						0.25	0.12			0.12			3.00				0.00	0.12		3.00	3.12	2.12	0.38	1.88	1.50							2.75			2.62	1.62	1.50	0.50		3.00	3.00
43-3051.00					0.88	1.25			2.88					0.50				3.00	0.00		0.00	0.38							0.00	0.00	2.12		1.62	2.62	2.12				0.00	0.00	0.00	1.12		3.00	3.12									1.00	3.38				2.00		0.00	3.75		0.00	3.38				3.88	3.88	2.12	2.62	0.00					3.25						0.00	0.00			0.00			2.88				0.00	0.00		3.12	3.12	2.12	0.00	0.00	0.00							2.12			1.50	1.12	1.75	0.88		3.88	3.50
43-3061.00					0.62	1.50			2.88					0.00				3.12	0.00		0.00	0.50							0.25	0.50	1.62		0.62	2.12	2.38				0.00	0.00	0.00	1.25		3.00	3.00									0.62	2.88				1.88		0.50	3.88		0.00	2.50				3.88	4.00	2.25	2.12	0.00					3.12						0.00	0.00			0.00			2.38				0.00	0.00		3.00	3.00	2.00	0.00	0.00	0.50							2.00			1.12	1.38	1.25	0.50		4.00	3.12
43-3071.00					2.12	1.62			3.00					2.00				3.25	1.00		0.00	0.88							0.38	0.75	2.62		2.38	2.62	2.38				0.00	0.75	0.25	1.50		3.12	3.00									2.12	3.00				2.12		1.88	3.38		0.00	3.12				3.75	3.88	2.25	2.75	0.00					3.25						1.00	0.88			0.88			3.00				0.00	0.00		3.62	3.62	2.25	0.50	0.75	1.50							2.88			2.00	2.25	2.00	1.62		3.12	3.00
43-4011.00					1.62	2.00			3.00					1.62				3.75	0.62		0.00	0.00							0.00	0.00	2.75		2.62	2.75	2.38				0.00	0.00	0.00	1.88		3.12	3.00									1.62	3.00				2.38		0.00	3.88		0.00	3.75				3.88	4.00	2.38	2.62	0.00					3.12						0.00	0.00			0.00			3.00				0.00	0.00		3.50	3.75	2.50	0.00	0.00	0.00							2.75			0.25	1.88	2.00	0.38		3.75	3.62
43-4021.00					0.12	1.50			3.00					0.00				3.00	0.25		0.00	0.12							0.00	0.00	2.25		1.12	2.62	3.00				0.00	0.00	0.00	0.75		3.00	3.00									0.12	2.62				2.00		0.00	3.62		0.00	2.62				3.88	3.88	2.75	2.12	0.00					3.00						0.00	0.00			0.00			3.00				0.00	0.00		2.88	3.00	2.62	0.00	0.00	0.00							1.88			1.25	1.00	2.00	1.62		4.00	4.00
43-4031.00					1.75	1.62			2.75					1.38				3.12	0.00		0.00	0.88							0.00	0.00	2.25		1.88	2.62	2.50				0.00	0.00	0.00	1.62		3.12	3.00									1.38	2.12				2.50		0.00	3.88		0.00	2.12				3.62	3.75	2.00	2.12	0.00					2.88						0.00	0.12			0.38			2.38				0.00	0.00		3.12	3.38	2.38	0.00	0.00	0.00							2.38			1.75	1.12	1.62	2.25		3.62	3.38
43-4041.00					0.25	1.38			2.88					0.00				3.12	0.50		0.00	0.75							0.00	0.00	2.00		0.25	2.88	2.25				0.88	0.00	0.00	0.88		3.12	3.12									0.38	2.50				2.25		0.00	3.62		0.00	2.50				3.75	3.62	2.12	2.12	0.00					3.00						0.00	0.00			0.00			2.50				0.00	0.12		2.88	3.00	2.25	0.00	0.00	0.00							2.00			1.62	1.00	1.62	1.38		3.50	3.25
43-4051.00					1.62	2.00			2.88					1.00				3.12	0.25		0.00	0.38							0.25	0.38	2.62		2.12	2.88	2.62				0.00	0.25	0.12	1.88		3.12	3.00									1.38	2.12				2.12		0.25	3.25		0.00	2.25				3.75	3.88	2.62	2.38	0.00					3.25						0.00	0.00			0.00			2.88				0.00	0.00		3.25	3.25	2.12	0.00	0.25	0.38							2.12			0.62	1.88	2.12	0.62		3.12	3.12
43-4061.00					1.50	1.50			3.12					1.12				3.75	0.00		0.00	0.12							0.00	0.00	2.12		1.25	2.75	2.75				0.00	0.00	0.00	1.38		3.62	3.25									1.25	2.62				2.00		0.00	3.62		0.00	2.38				4.00	4.12	2.62	2.25	0.00					3.38						0.00	0.00			0.00			2.88				0.00	0.00		4.00	3.88	2.00	0.00	0.00	0.00							2.12			1.38	1.50	2.00	0.75		3.88	3.88
43-4071.00					2.12	1.00			3.38					1.50				3.00	0.62		0.12	1.00							0.25	1.75	2.75		2.62	2.88	2.88				0.00	1.25	1.25	0.75		2.88	3.00									2.25	2.12				2.25		1.25	4.00		0.12	2.00				3.38	3.38	2.50	2.88	0.00					3.00						0.12	0.25			0.00			3.00				0.00	0.00		2.88	3.00	2.12	0.12	1.25	2.00							2.12			2.00	1.88	2.12	2.00		3.12	3.25
43-4081.00					2.00	2.12			3.00					1.75				3.00	0.50		0.00	0.88							0.75	0.62	2.75		2.00	2.25	3.00				0.00	0.50	0.62	1.88		3.00	3.00									2.00	2.00				2.50		0.75	3.50		0.00	2.38				3.75	4.00	2.38	2.38	0.00					3.00						0.00	0.00			0.00			2.88				0.00	0.75		3.25	3.62	2.12	0.00	0.50	1.00							2.25			2.00	2.00	2.12	0.38		3.12	3.00
43-4111.00					1.12	2.00			3.12					1.00				3.25	0.12		0.00	0.25							0.00	0.00	2.12		1.75	2.50	2.25				0.62	0.00	0.00	2.00		3.12	3.12									1.00	2.12				2.38		0.12	3.75		0.00	2.25				3.88	4.00	2.25	2.25	0.00					3.12						0.00	0.00			0.12			3.00				0.00	0.00		4.00	4.00	2.38	0.00	0.00	0.00							2.12			0.88	1.75	1.25	0.50		3.88	3.38
43-4121.00					2.12	2.12			3.00					1.38				2.62	0.50		0.00	1.25							0.25	2.25	2.75		2.12	2.62	2.12				0.00	1.12	1.38	1.88		2.75	3.12									2.12	1.88				2.25		1.75	3.62		0.25	2.25				3.50	3.75	2.00	2.62	0.25					2.88						0.00	0.00			0.00			2.62				0.00	1.12		3.00	3.12	2.12	0.00	1.00	2.00							2.12			2.00	1.88	2.25	0.62		3.12	3.00
43-4131.00					0.38	2.00			3.25					0.50				3.75	0.50		0.00	0.25							0.00	0.00	2.75		2.12	2.88	3.00				0.00	0.00	0.00	2.00		3.50	3.62									0.38	3.25				2.75		0.00	3.88		0.00	3.25				4.12	4.12	2.75	2.75	0.00					3.38						0.00	0.00			0.00			3.00				0.00	0.00		3.38	4.00	2.75	0.00	0.00	0.00							2.50			0.75	1.75	2.38	0.50		4.00	3.88
43-4141.00					1.00	2.00			2.75					1.12				3.12	0.00		0.00	0.38							0.25	0.00	2.00		1.88	2.00	2.38				0.00	0.25	0.12	1.25		3.00	3.00									1.50	2.75				2.25		0.00	3.88		0.00	2.88				4.00	4.00	1.75	2.12	0.00					2.88						0.00	0.00			0.00			2.12				0.00	0.00		3.12	3.62	2.12	0.00	0.25	0.00							2.12			1.38	0.88	1.88	0.75		4.00	3.00
43-4151.00					1.38	2.12			3.12					0.62				3.00	0.50		0.00	0.62							0.00	0.38	2.62		1.50	2.75	2.50				0.00	0.00	0.12	1.25		3.00	3.00									1.12	2.25				2.25		0.25	4.00		0.00	2.88				3.88	3.88	2.00	3.00	0.00					3.12						0.12	0.38			0.12			2.88				0.00	0.00		3.38	3.88	2.88	0.00	0.12	0.00							2.38			1.62	2.25	2.12	1.50		3.38	3.00
43-4161.00					0.00	1.25			2.88					0.00				3.12	0.25		0.00	0.38							0.00	0.00	2.62		1.38	2.62	2.62				0.00	0.00	0.00	0.88		3.00	3.12									0.00	2.00				2.12		0.00	3.62		0.00	2.12				4.00	4.00	2.25	2.25	0.00					3.25						0.00	0.00			0.00			2.38				0.00	0.00		3.25	3.38	2.00	0.00	0.00	0.00							2.50			1.00	1.25	2.00	0.38		3.88	4.00
43-4171.00					1.88	2.00			2.62					1.38				2.88	0.25		0.00	0.25							0.00	0.00	2.88		2.00	2.38	2.50				0.12	0.00	0.00	2.00		2.75	2.75									1.62	2.00				2.12		0.50	3.38		0.00	2.12				3.75	3.88	2.00	2.50	0.00					2.88						0.00	0.00			0.00			2.88				0.00	0.25		3.12	3.62	1.88	0.00	0.00	0.25							2.62			0.62	2.00	1.88	0.25		3.00	3.00
43-4181.00					2.12	2.75			3.00					2.00				3.12	0.62		0.00	1.50							0.50	1.00	2.88		2.50	2.62	2.88				0.75	1.50	1.00	1.88		3.00	3.00									2.00	2.00				2.38		2.00	3.75		0.00	2.38				3.62	4.00	2.75	2.25	0.00					3.00						1.38	1.38			0.38			2.88				0.00	0.25		4.00	3.75	2.38	0.12	1.38	2.38							2.75			2.12	2.00	2.00	0.50		3.38	3.00
43-5011.00					1.25	2.12			3.12					1.25				3.00	1.25		0.00	0.88							1.00	1.12	2.75		2.12	2.38	2.50				0.62	0.62	0.50	1.75		3.00	3.00									1.38	2.50				2.12		1.12	3.12		0.62	2.62				4.00	4.00	2.25	2.75	0.75					3.00						0.75	1.00			0.88			3.00				0.62	0.75		3.00	3.00	2.00	0.00	0.75	1.00							2.75			1.12	2.00	2.00	0.75		3.75	3.12
43-5011.01					1.12	2.12			3.12					1.12				3.75	1.25		0.00	0.50							0.75	1.00	2.88		1.75	2.88	3.00				0.50	0.50	0.62	2.00		3.00	3.00									1.00	3.00				2.62		0.88	3.38		0.50	3.00				3.88	3.88	2.75	3.00	0.50					3.25						0.75	0.88			0.62			2.62				0.50	0.88		3.00	3.38	2.75	0.00	0.62	0.88							2.88			1.12	2.25	2.88	0.75		3.75	3.50
43-5021.00					2.62	2.38			2.75					3.00				2.88	2.62		0.75	2.12							0.75	2.75	2.75		2.50	2.12	1.75				2.25	2.12	1.75	2.00		2.25	3.00									2.75	1.62				1.88		3.12	3.25		1.38	1.88				3.12	3.00	1.88	2.62	1.88					2.62						2.38	2.25			3.12			2.62				2.00	2.25		2.88	3.50	2.00	1.62	2.62	2.62							2.88			2.88	2.12	2.12	1.00		3.00	2.38
43-5031.00					2.12	3.12			3.00					2.12				3.88	1.75		0.00	0.50							0.38	1.12	2.88		2.38	3.00	3.00				0.12	0.50	0.50	2.12		3.00	3.75									2.12	2.00				3.00		1.50	3.88		0.00	2.00				4.00	4.00	2.88	3.50	0.00					4.00						0.38	1.88			2.00			4.00				0.00	0.38		4.00	4.62	3.00	0.38	0.50	0.62							3.62			1.38	2.38	2.88	1.88		3.00	3.25
43-5032.00					1.12	2.25			3.00					1.88				3.62	0.75		0.00	0.12							0.00	0.00	2.88		2.12	2.62	2.75				0.00	0.00	0.00	2.00		3.12	3.00									1.38	2.25				2.50		0.00	3.75		0.00	2.25				4.00	4.00	2.75	2.75	0.00					3.25						0.00	0.00			0.12			3.12				0.00	0.12		4.00	4.12	2.88	0.00	0.00	0.00							2.75			1.12	1.50	2.12	0.62		3.25	3.25
43-5041.00					2.50	2.12			2.88					2.88				2.75	2.12		0.00	1.62							1.00	3.00	3.00		2.38	2.50	2.00				2.25	2.12	2.00	2.12		2.75	2.88									2.50	2.00				2.00		2.88	3.25		1.88	2.12				3.25	3.00	2.00	2.88	1.88					2.88						2.25	2.75			2.62			2.50				1.88	2.12		2.75	2.75	2.00	1.62	2.12	2.38							2.25			3.00	2.75	2.38	2.00		3.00	2.38
43-5051.00					2.75	2.25			2.75					2.12				3.00	1.75		0.00	2.12							0.75	2.62	2.75		2.88	2.50	2.00				0.38	2.12	1.12	1.75		3.00	2.88									2.88	2.12				2.00		2.12	3.62		0.00	2.88				3.75	4.00	1.88	2.75	0.00					2.88						0.75	0.75			0.38			2.88				0.00	0.12		3.12	3.12	2.12	1.25	1.75	2.62							2.75			2.88	2.00	2.00	1.00		3.25	2.75
43-5052.00					2.88	2.25			3.00					3.00				2.75	2.38		0.62	2.00							1.00	2.75	2.75		2.88	2.25	1.25				1.88	2.00	2.00	2.00		2.75	2.88									3.00	1.00				1.25		2.88	3.00		1.75	1.25				3.62	3.50	1.38	2.62	1.50					2.75						1.88	1.88			2.25			2.75				1.50	2.00		2.38	2.38	1.25	1.25	2.38	2.62							2.62			2.62	1.88	1.88	1.12		3.00	2.25
43-5053.00					2.50	2.12			2.62					2.88				2.50	2.12		0.88	2.12							0.75	3.00	2.25		3.00	2.00	1.75				0.00	2.00	1.00	1.88		2.50	2.62									3.25	1.25				1.62		3.25	3.75		0.12	1.62				3.00	3.00	1.62	2.62	0.12					2.62						2.12	2.38			1.75			2.62				0.00	0.25		2.75	2.75	2.12	1.25	2.12	3.38							2.00			3.00	2.00	2.00	2.00		2.75	2.00
43-5061.00					1.75	2.12			3.00					1.38				3.50	1.38		0.00	0.75							0.00	0.50	2.88		1.88	2.88	2.75				0.00	0.38	0.38	1.62		3.12	3.62									1.62	2.62				1.50		0.50	3.75		0.00	2.75				3.88	3.88	2.62	2.75	0.00					3.50						1.25	0.75			0.50			3.00				0.00	0.12		3.00	3.00	2.12	0.50	0.50	0.50							2.12			1.62	2.00	2.62	0.88		3.38	3.38
43-5071.00					2.50	2.12			3.00					2.38				2.88	2.12		0.38	1.75							1.12	2.88	2.88		2.38	2.38	2.12				1.00	1.88	1.50	1.88		2.88	3.00									2.88	2.12				2.12		2.38	3.25		1.00	2.38				3.12	3.12	2.12	2.88	1.62					3.00						1.88	1.88			1.75			2.38				1.00	1.38		3.00	2.88	2.12	1.25	2.12	2.88							2.25			2.88	2.38	2.62	1.88		3.00	2.62
43-5111.00					2.62	2.75			3.25					2.50				3.12	1.38		0.00	1.88							1.00	2.38	3.00		2.88	3.12	2.12				0.75	1.88	1.62	2.12		3.00	3.00									2.38	2.62				2.25		2.38	4.00		0.75	2.75				3.50	3.12	2.12	3.12	0.88					2.88						1.12	2.38			0.88			3.12				0.88	0.88		3.00	3.12	2.25	1.25	2.00	2.00							2.25			2.12	2.50	2.50	0.75		3.00	3.00
43-6011.00					0.88	2.12			3.12					0.75				3.12	0.25		0.00	0.25							0.25	0.25	3.12		2.25	3.00	3.00				0.00	0.00	0.00	1.50		3.12	3.12									1.00	2.62				2.75		0.62	4.12		0.00	2.75				4.00	4.00	3.00	2.75	0.00					3.00						0.00	0.00			0.25			3.00				0.00	0.00		3.88	4.12	2.50	0.00	0.00	0.38							2.88			0.88	1.75	2.25	1.88		4.00	4.00
43-6012.00					1.25	1.62			3.00					1.00				3.00	0.38		0.00	0.38							0.00	0.00	2.88		1.88	2.00	2.88				0.00	0.00	0.00	1.50		2.88	3.00									1.12	2.00				1.88		0.00	4.62		0.00	2.12				4.00	4.00	2.25	2.00	0.00					3.00						0.00	0.00			0.00			2.38				0.00	0.00		3.12	3.62	2.12	0.00	0.00	0.00							2.00			1.25	1.50	2.12	1.88		4.00	4.00
43-6013.00					1.62	1.38			3.00					1.25				3.00	0.12		0.00	0.25							0.00	0.00	2.12		2.75	2.00	2.12				0.00	0.00	0.00	0.88		3.00	2.88									1.38	2.00				2.00		0.00	3.12		0.00	2.00				4.00	4.00	2.00	2.12	0.00					2.88						0.00	0.00			0.00			2.75				0.00	0.00		3.00	3.12	1.75	0.00	0.00	0.00							2.25			0.88	1.62	2.00	0.62		3.50	3.00
43-6014.00					1.25	1.38			3.00					1.00				2.88	0.00		0.00	0.12							0.00	0.00	2.12		1.62	2.12	2.00				0.00	0.00	0.00	1.12		2.88	3.12									1.38	1.75				1.88		0.00	3.88		0.00	1.75				4.00	4.00	2.00	2.00	0.00					3.00						0.00	0.00			0.00			2.88				0.00	0.00		3.25	3.75	2.00	0.00	0.00	0.00							2.75			0.88	1.50	2.00	2.00		3.88	3.88
43-9021.00					2.00	2.12			3.00					1.88				2.75	1.12		0.00	0.88							0.75	1.50	2.75		3.00	2.75	2.38				0.00	0.50	0.62	1.75		2.88	3.00									1.75	2.00				1.88		0.62	3.88		0.00	2.00				3.12	3.00	2.00	2.75	0.00					2.88						1.00	0.75			0.00			2.88				0.00	0.00		3.00	3.38	2.38	0.00	0.62	0.75							2.00			1.75	1.62	2.00	3.62		3.00	2.88
43-9022.00					1.25	2.00			2.88					1.75				2.88	0.50		0.00	0.62							0.00	0.00	2.25		2.38	2.38	1.88				0.00	0.00	0.00	1.12		2.62	3.00									1.75	1.88				1.75		0.12	4.00		0.00	2.00				3.50	3.12	1.75	3.00	0.00					2.75						0.00	0.00			0.25			2.38				0.00	0.00		2.88	3.25	2.12	0.00	0.00	0.00							1.88			1.62	1.75	2.00	3.88		3.62	3.25
43-9031.00					2.50	1.50			3.62					2.38				3.62	1.88		0.00	0.88							0.00	0.50	3.00		2.62	3.62	3.75				0.38	0.38	0.38	1.75		3.00	3.88									2.50	2.00				2.00		1.00	4.12		0.50	2.00				4.00	3.88	3.88	3.00	0.38					3.25						0.50	0.38			1.00			3.00				0.50	0.50		3.12	3.62	2.62	0.38	0.62	0.38							2.50			1.50	4.00	4.00	1.88		4.00	3.75
43-9041.00					1.00	2.00			3.12					1.12				2.62	0.25		0.00	0.75							0.00	0.12	2.00		1.25	2.62	2.38				0.25	0.00	0.00	1.62		2.62	3.00									1.00	2.25				2.25		0.25	3.75		0.00	3.00				3.50	3.50	2.12	2.38	0.25					2.62						0.25	0.38			0.38			2.50				0.12	0.38		3.00	3.62	2.38	0.25	0.12	0.12							2.25			1.62	1.88	1.62	1.62		3.62	3.25
43-9051.00					2.75	2.00			2.75					2.38				2.75	1.62		0.50	2.00							1.12	2.38	2.50		3.12	2.12	2.00				0.12	2.00	1.50	1.88		2.75	2.88									3.00	1.62				2.00		2.50	3.12		0.25	1.75				3.00	3.00	2.00	2.75	0.75					3.00						2.00	2.25			1.50			2.62				0.25	1.00		2.75	2.88	2.12	1.00	2.12	2.75							2.12			2.62	2.12	2.12	1.88		3.00	2.75
43-9061.00					1.75	2.00			3.00					1.75				2.88	0.50		0.00	0.62							0.00	0.00	2.75		1.88	2.75	2.00				0.00	0.00	0.00	1.88		2.88	3.00									1.62	2.62				2.00		0.75	3.25		0.00	2.62				3.62	3.62	2.00	2.50	0.00					2.75						0.00	0.00			0.00			2.75				0.00	0.00		3.00	3.12	2.00	0.00	0.00	0.50							2.12			1.00	2.00	2.00	0.75		3.12	3.00
43-9071.00					2.88	2.50			2.88					2.88				2.62	1.75		0.00	1.88							0.75	2.62	2.75		2.88	2.62	2.12				0.25	1.75	1.12	2.50		2.50	2.88									2.75	2.00				2.00		2.12	3.12		0.00	2.50				3.12	3.00	2.12	2.75	0.25					2.75						2.38	2.38			1.50			2.88				0.12	0.00		2.38	2.88	2.00	1.12	1.75	2.12							2.12			2.38	2.38	2.50	1.75		3.00	2.38
43-9081.00					1.00	0.88			2.38					0.38				3.00	0.00		0.00	0.50							0.00	0.00	0.88		1.38	2.50	1.62				0.00	0.00	0.00	0.50		2.62	3.00									1.00	1.00				2.00		0.00	3.88		0.00	0.50				4.00	3.75	1.62	2.62	0.00					3.00						0.00	0.12			0.00			2.38				0.00	0.00		2.75	2.88	1.25	0.00	0.00	0.00							1.25			0.88	0.88	1.50	0.50		4.25	4.00
43-9111.00					1.00	1.38			3.38					0.62				3.88	0.25		0.00	0.62							0.00	0.00	3.00		1.62	3.00	3.50				0.00	0.00	0.00	1.00		3.38	3.75									1.00	4.88				2.75		0.00	4.00		0.00	4.62				4.12	4.00	3.12	2.75	0.00					3.38						0.00	0.00			0.00			3.00				0.00	0.00		3.00	3.12	2.88	0.00	0.00	0.00							2.25			0.75	1.88	2.75	0.75		4.00	3.88
45-1011.00					2.50	2.38			3.38					3.38				3.50	3.00		1.00	2.12							1.88	3.12	3.25		2.62	3.12	3.00				2.25	2.38	2.12	2.62		3.38	3.25									2.75	2.75				2.50		3.12	3.38		1.38	2.62				3.62	3.62	3.00	3.12	2.00					3.62						2.50	2.75			2.88			2.75				1.75	2.38		3.50	3.25	2.88	0.50	2.50	2.88							2.88			2.88	2.50	3.00	2.38		3.38	3.38
45-2011.00					2.75	3.12			3.62					2.38				3.88	2.00		0.00	1.12							0.00	1.88	3.25		2.25	3.75	2.62				1.50	1.88	1.00	2.00		3.88	3.00									2.12	2.25				2.25		2.38	3.75		0.88	2.25				3.88	3.88	2.50	3.25	0.88					4.00						1.75	2.12			1.62			3.12				0.88	2.00		3.00	3.25	3.00	1.75	1.75	2.00							2.62			2.00	2.62	3.00	1.25		3.75	3.50
45-2021.00					3.00	1.75			3.00					2.75				3.12	2.12		0.12	2.50							1.12	2.50	2.88		3.12	2.75	1.75				0.88	2.12	1.75	2.00		3.00	3.00									2.75	2.00				1.50		3.00	3.12		0.50	2.12				3.12	3.00	1.88	2.62	0.50					3.00						1.62	1.62			2.00			2.25				1.00	1.25		2.88	2.50	1.88	1.88	2.12	2.88							1.75			3.00	2.12	2.50	0.88		3.00	2.12
45-2041.00					2.50	1.38			2.62					2.00				2.12	0.88		0.50	1.50							0.38	1.88	1.62		2.75	1.88	0.50				0.00	1.38	1.25	0.75		2.00	1.88									3.12	0.75				0.75		2.12	2.88		0.00	1.00				2.88	2.62	0.62	1.50	0.00					2.25						1.62	1.75			0.38			2.12				0.00	0.00		2.38	2.50	0.75	0.38	1.75	2.50							1.00			2.88	1.88	0.88	1.00		1.75	1.62
45-2091.00					2.88	2.75			2.75					3.88				2.88	3.25		0.38	1.62							1.25	3.00	3.25		2.88	2.62	2.12				1.75	2.00	1.62	3.50		2.75	3.00									3.00	0.88				1.38		3.88	3.25		1.38	1.00				3.50	3.12	1.38	2.75	2.00					3.00						3.12	3.38			3.25			2.88				2.00	2.00		2.75	2.75	2.00	1.88	2.25	3.12							2.12			3.12	2.62	2.75	2.12		2.50	2.00
45-2092.00					3.25	1.88			2.62					3.50				2.88	2.50		2.38	3.12							3.25	3.75	3.00		3.00	2.50	2.12				1.62	2.88	2.62	2.00		2.75	2.50									3.62	1.88				2.00		3.50	3.38		1.38	1.88				2.88	3.12	2.00	2.25	2.00					3.50						2.88	3.62			2.75			2.50				1.38	2.25		2.50	2.88	2.00	2.12	3.00	3.75							2.75			3.88	2.12	2.62	2.25		2.50	2.62
45-2093.00					3.12	2.38			3.00					3.38				3.12	2.75		0.62	2.38							1.25	2.88	3.00		3.00	2.88	2.12				1.75	2.50	2.12	2.50		2.88	2.88									3.12	1.50				2.00		3.25	3.25		1.50	2.00				3.62	3.12	2.25	2.75	1.38					3.25						2.62	2.75			2.75			2.88				1.00	2.00		2.75	2.75	2.12	1.88	2.50	3.75							2.75			3.12	2.62	2.75	2.00		3.00	2.62
45-3031.00					3.25	2.50			2.88					3.00				2.75	3.25		1.38	3.00							2.12	3.25	4.12		3.00	3.75	2.50				3.00	2.50	2.50	3.00		2.62	2.75									2.88	1.50				1.62		2.88	3.25		2.75	1.62				3.00	3.38	2.38	2.50	2.62					3.12						3.00	3.38			2.62			2.62				2.88	4.88		2.50	2.38	2.88	1.25	2.88	3.38							2.38			3.38	2.88	2.62	2.75		2.38	1.75
45-4011.00					3.00	2.12			3.00					3.25				3.00	3.00		0.88	3.12							1.25	3.12	3.00		2.88	3.00	2.25				1.88	2.25	2.00	2.12		3.00	3.00									3.00	1.75				2.00		3.25	2.88		1.00	1.88				3.50	3.38	2.12	3.00	1.88					3.25						1.75	2.38			2.75			3.00				2.00	2.38		3.00	2.88	2.00	2.00	3.12	3.88							2.62			3.75	2.75	3.00	2.00		2.88	2.38
45-4021.00					3.00	3.63			2.63					3.75				3.00	3.63		1.13	3.13							1.50	3.88	3.25		2.75	3.25	1.50				2.00	3.25	3.00	2.75		2.75	2.75									3.38	1.38				1.50		3.88	3.00		1.50	1.75				2.50	2.63	1.75	3.00	2.38					3.13						3.00	4.25			3.38			2.63				2.13	2.63		2.50	2.38	2.50	3.75	3.38	4.50							2.63			3.88	2.88	3.38	2.63		1.63	1.50
45-4022.00					3.12	3.38			3.00					4.00				2.75	3.62		0.12	2.12							0.75	2.75	3.50		2.50	2.38	2.00				2.38	1.88	1.75	2.88		2.38	3.00									3.12	2.00				2.00		4.00	3.12		2.00	2.00				2.88	3.00	2.12	3.12	2.75					2.88						3.25	4.12			3.62			2.88				2.12	2.88		2.62	2.50	2.00	1.75	1.88	2.88							2.12			2.25	3.00	3.00	2.00		2.12	2.25
45-4023.00					2.75	3.12			3.75					3.12				3.00	2.88		0.25	1.88							1.12	2.25	3.12		2.75	3.25	2.38				1.38	2.12	1.38	1.88		3.00	3.00									2.75	2.88				1.50		3.12	3.88		0.88	3.00				3.38	3.50	2.12	3.12	1.00					3.00						2.12	2.38			2.25			3.00				0.88	2.00		2.88	2.88	2.38	1.75	2.12	2.75							2.88			2.38	3.12	3.00	1.25		3.00	2.88
47-1011.00					3.00	2.75			3.00					3.00				3.62	2.50		0.25	1.62							1.00	2.00	3.00		3.00	2.88	3.00				2.00	1.62	2.00	2.62		3.25	3.25									3.00	3.00				2.00		3.00	3.25		1.38	3.12				4.00	4.00	3.12	3.00	1.50					3.25						2.00	2.25			2.00			3.00				1.12	1.88		3.25	3.12	2.12	1.00	2.00	2.25							3.00			2.50	2.75	3.12	1.38		3.75	3.25
47-1011.03					3.00	2.25			3.00					3.00				3.62	2.62		0.50	1.75							0.88	2.62	3.12		2.75	3.12	3.00				2.12	2.38	2.62	2.25		3.50	3.50									2.88	3.00				2.50		2.88	3.50		1.00	3.00				4.00	4.00	3.12	3.00	1.50					3.75						2.00	2.25			2.12			3.00				1.25	1.75		3.38	3.50	2.62	1.25	2.12	2.25							2.88			2.62	3.12	3.50	1.25		3.88	3.75
47-2011.00					3.00	3.00			3.00					4.00				3.12	2.88		0.12	2.12							1.12	3.12	3.00		3.00	3.00	3.00				2.00	2.50	2.88	2.88		3.00	3.00									3.00	2.00				2.00		3.00	4.00		1.50	2.00				3.25	3.00	2.00	3.00	2.00					3.25						3.00	3.00			2.88			3.00				1.88	2.00		3.00	2.88	2.25	1.12	2.12	3.00							3.00			3.00	2.88	3.38	2.00		3.00	3.00
47-2021.00					3.12	2.12			3.00					2.88				2.75	2.75		1.38	3.25							1.62	3.88	3.00		3.00	2.38	2.12				2.00	2.75	3.00	2.25		2.75	3.12									3.25	2.25				2.00		3.25	3.62		1.38	2.25				3.12	3.00	2.12	2.38	1.38					3.00						2.00	2.88			1.88			3.00				1.12	2.00		2.38	2.62	2.00	1.75	2.88	4.00							2.75			4.12	2.88	3.88	2.00		2.88	2.12
47-2022.00					3.00	2.38			3.00					3.00				3.00	2.88		1.25	3.25							1.62	3.50	3.00		3.00	2.75	2.50				1.88	2.88	2.62	2.25		2.88	3.12									3.62	2.38				2.12		3.00	3.50		1.25	2.38				3.12	3.00	2.62	2.62	1.88					3.00						1.62	2.88			2.38			2.88				1.50	2.00		2.38	2.62	2.12	2.25	3.12	4.88							2.25			3.88	2.75	3.38	2.12		2.38	2.25
47-2031.00					3.62	2.75			3.12					3.50				3.50	2.88		0.88	3.00							2.62	3.00	3.00		3.50	3.25	2.88				1.62	2.38	2.62	2.50		3.25	3.25									4.00	2.75				2.38		3.50	3.50		1.38	2.75				3.62	3.62	3.00	3.12	2.12					3.62						2.25	3.12			2.88			3.00				1.50	2.50		2.88	3.00	2.62	1.50	2.62	3.62							2.75			3.50	2.88	4.00	2.62		3.00	2.62
47-2041.00					3.12	2.12			2.75					2.88				2.75	2.38		0.75	3.12							1.25	3.88	2.88		2.88	3.00	2.38				2.00	2.50	1.88	2.12		2.75	3.00									2.88	2.12				2.00		2.75	3.12		1.00	2.38				3.38	3.12	2.12	2.38	1.38					2.88						1.38	2.12			1.62			2.62				1.00	2.00		2.38	2.88	2.00	2.25	3.00	4.25							2.25			3.62	2.62	3.50	2.12		2.50	1.75
47-2042.00					3.00	2.25			2.63					2.88				3.00	2.13		0.50	2.63							0.00	3.50	2.63		2.75	2.13	2.13				1.25	1.75	1.38	1.63		2.88	3.00									3.13	1.00				0.63		2.88	3.50		1.00	1.38				3.63	3.13	2.13	1.75	0.50					2.63						1.50	2.00			1.25			2.88				0.50	1.00		2.63	2.50	1.38	0.88	2.13	3.13							2.50			3.50	2.13	3.50	1.25		2.88	2.13
47-2043.00					2.88	2.12			2.50					3.00				2.62	2.12		0.50	2.88							1.00	3.62	2.75		2.88	2.12	1.88				0.75	2.50	1.88	1.38		2.12	2.88									2.88	1.50				1.38		3.00	3.12		0.75	1.38				3.00	3.00	2.00	2.38	1.12					2.50						2.62	3.00			2.12			2.62				0.62	1.25		2.25	2.38	1.50	2.38	3.12	3.12							1.88			3.88	2.62	2.75	2.75		2.12	2.00
47-2044.00					3.00	2.12			3.00					3.00				3.00	2.25		0.25	2.50							0.50	3.75	3.12		3.12	2.62	2.50				1.75	2.75	2.50	1.75		3.00	3.00									3.00	2.50				2.00		3.12	3.38		0.50	2.62				3.12	3.00	2.88	2.25	1.00					2.88						1.75	2.75			2.12			3.00				0.62	2.00		2.62	2.75	2.12	2.12	2.88	3.25							2.12			3.38	3.00	3.75	2.00		2.88	2.25
47-2051.00					3.00	2.25			2.50					3.12				2.62	2.75		1.25	3.00							1.38	3.50	3.00		2.88	2.75	2.12				2.12	2.75	2.25	2.00		2.38	2.88									3.38	1.88				1.50		3.25	3.50		1.00	2.00				3.00	2.88	2.00	2.88	1.38					2.75						2.38	3.00			2.25			2.75				0.88	1.88		2.12	2.62	1.75	2.75	2.88	4.00							2.38			4.25	2.25	3.25	2.25		2.00	1.88
47-2053.00					3.12	2.75			2.62					3.25				2.50	2.50		1.25	3.12							1.62	3.88	3.00		3.25	2.62	2.12				2.00	2.50	2.12	2.00		2.25	2.62									3.38	1.75				1.75		3.00	3.25		1.00	1.75				2.88	2.75	2.00	2.88	1.12					2.50						2.25	2.88			2.50			2.88				1.62	1.50		2.38	2.88	1.88	2.12	3.12	3.88							2.62			3.75	3.12	3.12	2.62		2.00	1.12
47-2061.00					3.12	3.00			2.88					3.38				2.62	3.00		1.12	3.12							1.38	3.12	3.00		3.00	2.00	2.12				2.00	2.75	2.62	2.00		2.62	3.00									3.75	1.75				1.75		3.38	3.25		1.38	1.12				3.38	3.12	2.00	2.25	2.12					3.00						2.62	3.12			3.00			2.88				1.50	2.12		2.88	2.88	1.88	2.00	3.12	4.00							2.12			3.75	2.88	2.88	1.62		2.88	2.00
47-2071.00					3.00	2.88			2.25					3.88				2.75	3.12		1.00	2.25							1.25	3.00	3.00		3.00	2.25	1.50				2.38	2.12	1.88	2.88		2.50	3.00									2.88	1.75				1.75		4.00	2.88		1.00	2.00				3.00	3.00	1.62	2.88	2.25					2.88						3.25	3.50			3.25			3.00				1.50	2.50		2.62	2.75	1.75	2.00	2.38	3.25							2.88			3.25	2.00	3.00	2.12		2.12	1.62
47-2072.00					2.88	3.00			2.12					4.00				2.88	4.00		0.25	2.38							0.75	2.75	3.12		2.88	2.38	2.00				2.88	2.25	2.12	2.75		2.75	2.75									3.00	1.25				1.25		4.00	3.00		1.50	1.12				3.12	2.88	1.88	2.88	2.75					3.00						3.38	4.00			3.75			3.12				1.75	2.75		2.62	2.38	1.75	2.00	2.12	2.62							2.88			2.62	1.62	3.25	2.25		2.38	2.00
47-2073.00					3.25	3.00			3.00					4.12				3.00	3.88		0.00	2.12							0.62	3.00	3.25		3.00	2.38	2.12				2.62	2.00	1.50	3.00		3.00	3.00									3.25	1.38				1.88		4.00	3.50		2.00	1.38				3.50	3.00	2.12	3.12	2.25					3.00						3.38	3.88			3.25			3.25				2.00	3.00		3.00	3.00	2.12	1.75	1.88	3.00							3.12			2.75	3.00	3.25	2.00		2.88	2.25
47-2081.00					3.12	2.25			2.75					3.00				2.88	2.75		0.62	2.75							1.38	3.88	3.00		3.25	2.38	2.25				1.38	2.88	3.25	1.88		2.75	2.88									3.25	1.88				1.88		3.00	3.25		0.75	2.12				3.00	3.00	2.12	2.62	0.88					2.88						1.75	2.88			1.88			2.88				0.75	1.75		2.38	2.50	1.88	2.00	3.12	3.12							2.38			3.25	2.62	3.50	1.88		2.75	2.50
47-2082.00					3.00	1.50			2.25					2.50				2.62	2.12		0.50	1.50							1.50	3.38	2.38		2.88	1.88	1.88				1.25	2.50	2.62	1.50		2.62	2.62									3.00	0.50				1.50		2.62	3.38		0.75	0.75				2.75	2.88	1.50	2.00	1.12					2.50						1.50	1.75			1.62			2.50				1.00	1.62		2.12	2.12	1.00	1.12	2.25	2.50							2.12			3.25	2.25	2.38	0.00		2.38	1.88
47-2111.00					3.12	2.88			3.25					3.25				4.00	2.88		0.38	2.75							1.62	3.75	3.62		3.25	3.25	3.00				2.12	2.88	3.00	2.75		3.88	3.88									3.25	3.00				3.00		3.00	4.12		1.62	3.00				4.00	3.88	3.00	3.12	1.75					3.88						1.88	3.00			2.75			3.12				1.88	2.25		3.12	3.12	2.88	1.75	3.00	3.25							2.88			3.38	4.00	4.00	1.88		3.12	3.00
47-2121.00					3.25	2.12			3.00					3.12				3.00	2.88		0.25	2.12							1.00	3.12	3.00		3.00	2.12	2.12				1.62	2.12	3.00	2.12		2.88	3.00									3.12	2.00				1.62		3.12	3.50		1.12	2.12				3.50	3.00	2.00	2.25	1.25					3.00						1.50	2.25			2.12			3.00				1.00	1.25		3.00	2.88	2.12	1.38	2.75	3.00							2.25			3.12	2.88	3.12	1.75		3.00	2.25
47-2131.00					2.88	2.38			2.88					3.00				2.50	2.75		0.75	2.62							1.38	4.12	2.88		2.88	2.62	2.12				2.00	2.88	3.00	2.25		2.12	2.88									3.12	1.75				2.12		3.12	3.12		1.88	2.00				2.88	2.88	2.12	2.62	1.88					2.75						2.38	2.75			2.62			2.88				1.62	2.00		2.25	2.25	2.12	2.12	2.75	3.00							2.12			3.38	2.25	3.00	0.75		2.62	2.12
47-2132.00					3.12	2.38			2.88					2.75				2.75	2.62		0.75	2.38							0.88	3.25	2.88		3.00	2.12	2.12				1.12	3.00	2.88	2.12		2.75	2.88									3.00	2.00				1.00		3.00	3.12		1.00	2.00				3.00	2.88	2.00	2.62	1.00					2.88						2.00	2.00			2.00			3.00				1.00	1.38		2.75	2.88	2.00	1.00	2.75	3.00							2.25			3.25	2.50	2.88	1.38		2.75	2.00
47-2141.00					3.00	2.00			2.38					2.88				2.75	2.00		0.25	2.38							0.50	3.00	3.00		3.00	2.00	2.00				1.12	3.00	3.00	1.50		2.62	3.00									3.00	1.38				1.00		2.88	3.00		0.62	2.00				3.00	3.00	2.00	2.00	0.88					2.75						1.75	2.00			2.00			3.00				0.75	1.25		2.75	2.75	1.75	1.12	2.88	3.00							2.00			3.12	3.12	2.88	1.50		3.00	2.00
47-2142.00					3.12	1.88			2.62					3.12				2.50	2.38		0.50	2.12							0.25	3.75	2.38		3.12	2.00	1.62				1.25	3.12	2.88	1.62		2.62	2.88									3.25	1.12				0.75		3.00	3.25		1.00	1.12				2.88	2.62	1.75	2.50	1.00					2.62						2.12	1.38			1.75			2.75				1.00	1.62		2.38	2.25	1.38	2.38	2.88	2.88							2.50			3.25	2.50	3.00	0.25		2.50	2.00
47-2151.00					3.00	2.00			2.88					3.12				2.88	3.00		0.25	2.25							2.00	3.00	2.88		3.00	3.00	2.00				1.88	2.25	2.25	2.00		2.75	3.00									3.00	2.00				1.88		3.00	3.00		1.75	1.50				3.62	3.00	2.00	2.88	2.00					2.88						2.88	3.00			2.00			3.00				1.62	2.38		2.88	2.88	2.00	1.38	3.00	3.25							2.00			3.25	2.00	3.00	0.75		2.88	2.12
47-2152.00					3.12	2.75			2.75					3.00				3.38	2.50		1.12	2.88							2.25	3.38	3.12		3.12	3.25	2.62				1.75	2.38	2.50	2.62		3.38	3.38									3.25	2.25				2.12		3.00	3.25		1.50	2.38				3.25	3.38	2.62	3.12	1.75					3.50						2.25	2.62			2.50			2.75				1.88	2.12		2.62	2.62	2.62	0.88	2.50	3.12							2.50			3.25	2.75	3.75	2.62		2.75	2.38
47-2152.04					3.38	2.88			3.12					3.25				3.12	2.50		0.62	2.75							2.88	3.38	3.12		3.12	3.25	3.00				2.12	2.62	2.62	2.62		3.12	3.25									3.00	2.50				2.62		2.62	3.62		1.38	2.62				3.62	3.50	3.00	3.25	1.50					3.25						2.12	2.62			2.25			2.88				1.38	2.25		3.00	3.25	2.75	1.12	2.38	3.00							3.00			3.12	3.25	3.62	2.25		3.25	3.12
47-2161.00					3.00	2.25			2.88					3.12				2.75	2.12		0.62	2.88							1.25	3.62	2.88		3.00	2.25	2.12				2.00	2.75	2.88	2.12		2.75	2.88									3.50	1.88				1.88		3.12	3.25		1.62	2.00				2.75	3.12	2.12	2.50	1.50					2.75						2.62	2.88			1.88			2.88				1.38	1.62		2.25	2.25	2.12	2.38	3.00	3.62							2.00			3.62	2.75	3.00	2.25		2.62	2.25
47-2171.00					3.12	2.88			2.62					3.25				2.75	2.88		1.00	3.00							1.50	3.62	2.88		3.12	2.50	2.12				2.00	3.00	2.75	2.38		2.38	2.75									3.38	1.62				1.62		3.38	3.12		1.00	1.88				2.88	2.88	2.00	2.50	1.75					2.75						2.62	3.12			3.00			2.75				1.50	2.25		1.88	2.12	1.88	2.50	3.25	4.00							2.25			3.75	1.88	3.12	2.38		2.12	1.62
47-2181.00					3.12	2.62			2.88					3.00				3.12	3.00		1.12	2.38							1.50	3.75	3.12		3.12	2.38	2.12				2.12	3.12	4.00	1.75		2.88	3.00									3.12	1.50				1.38		3.25	3.38		1.38	2.00				3.75	3.00	2.25	2.88	1.38					2.88						2.75	3.12			2.38			3.00				1.12	1.75		2.62	2.75	1.62	2.12	3.25	3.25							2.62			3.75	2.38	3.00	2.12		2.88	2.12
47-2211.00					3.00	3.00			3.12					3.25				3.00	3.00		0.75	2.38							1.38	3.12	3.00		3.12	3.00	2.38				1.75	2.50	2.75	2.00		3.00	3.12									3.12	2.88				2.00		3.25	3.38		0.75	2.38				3.12	3.12	2.25	3.00	1.25					3.00						3.00	3.00			2.75			3.00				0.88	2.12		2.88	2.88	2.00	2.38	3.00	3.25							2.75			3.12	2.50	4.00	2.25		3.00	2.12
47-2221.00					3.88	3.62			2.75					4.00				3.00	3.75		0.50	3.75							1.50	3.88	3.75		3.88	2.75	2.75				2.75	3.12	3.88	3.00		3.00	3.25									3.88	2.00				1.88		4.00	3.75		1.88	2.25				3.12	3.12	2.50	3.12	2.62					3.00						3.12	3.88			3.50			3.00				2.25	2.12		3.00	3.00	2.00	2.62	3.12	4.50							2.88			3.88	2.88	3.88	2.50		3.00	2.25
47-2231.00					3.00	2.75			3.00					2.88				3.12	2.50		0.25	2.25							1.12	3.25	3.00		3.00	2.75	2.50				2.25	2.25	3.00	2.50		3.00	3.75									3.12	2.12				2.00		3.00	3.25		1.25	2.25				3.75	3.00	2.38	3.12	1.75					3.12						1.75	2.75			2.12			3.00				1.50	2.00		2.25	3.00	2.25	1.50	2.62	3.12							2.75			3.12	3.38	3.62	1.62		3.00	2.75
47-3011.00					2.88	2.88			2.38					3.00				2.25	3.12		1.38	3.00							1.50	3.62	3.00		3.00	2.50	1.88				2.50	2.88	3.00	2.25		2.00	2.38									3.00	1.75				1.75		3.25	3.00		1.00	1.88				2.88	2.75	1.75	2.50	1.75					2.50						2.62	3.00			2.12			2.75				1.38	2.25		2.25	2.25	1.88	2.75	3.00	4.12							2.12			3.75	3.12	3.00	2.75		2.12	1.50
47-3012.00					3.00	2.12			2.75					2.88				2.88	2.88		0.25	2.75							1.00	3.38	2.88		2.88	2.00	2.25				2.00	2.75	2.50	2.12		2.25	2.75									2.88	2.00				2.25		3.00	3.12		1.88	2.25				3.25	3.00	2.38	2.25	1.50					3.00						2.12	3.00			2.25			2.88				1.75	1.88		2.38	2.50	2.12	2.12	2.75	3.50							2.25			3.00	2.38	3.38	2.00		2.25	2.00
47-3013.00					3.25	2.25			2.88					3.12				3.00	2.50		0.38	2.25							1.25	3.62	3.00		3.25	2.38	2.00				2.00	2.88	3.00	1.62		2.88	3.12									3.75	1.62				2.25		3.00	3.88		1.12	2.00				3.62	3.00	2.12	2.50	1.12					3.00						1.38	2.25			2.12			3.00				0.62	1.38		2.75	2.88	1.38	1.62	2.50	3.00							2.25			3.12	3.62	3.12	2.12		2.75	2.25
47-3014.00					2.88	2.25			2.38					2.25				2.25	2.13		0.50	2.63							0.50	3.75	2.88		2.88	2.00	1.63				1.75	2.88	3.00	2.13		2.25	2.13									2.88	0.25				1.50		2.63	2.75		1.38	0.38				2.13	2.50	1.88	2.25	1.88					2.38						1.50	2.13			1.88			2.38				1.25	1.63		2.25	2.63	1.75	2.25	2.63	3.63							1.88			3.63	2.75	2.25	1.13		1.88	1.50
47-3015.00					3.00	2.12			2.75					3.12				2.75	2.25		0.75	2.62							0.88	3.75	2.12		2.88	2.00	2.00				1.62	2.38	2.38	1.38		2.50	3.00									2.88	1.50				1.12		3.00	3.00		0.88	1.38				3.25	2.88	2.00	1.88	0.88					2.62						1.25	2.38			1.88			2.38				0.75	1.88		2.38	2.50	1.38	2.12	2.12	3.38							2.00			3.25	1.75	3.12	2.00		2.12	1.12
47-3016.00					2.75	3.00			2.50					2.75				2.50	2.75		1.25	3.38							1.25	3.88	2.88		3.00	3.00	2.12				2.50	3.00	4.00	2.25		2.38	2.25									3.12	1.75				1.88		2.88	2.62		1.38	1.75				2.75	2.50	1.75	2.62	1.62					2.88						2.12	2.88			2.25			2.50				1.88	2.25		2.12	2.62	2.00	2.62	3.38	4.00							2.00			4.12	2.12	3.00	2.38		2.62	1.88
47-4011.00					2.00	2.12			3.12					1.75				4.00	2.00		0.00	1.00							0.25	2.00	3.75		1.25	3.12	3.00				1.88	2.00	2.00	2.00		4.00	3.25									0.88	2.88				2.25		2.00	3.88		1.12	2.88				4.00	4.00	3.00	3.00	1.12					4.00						1.00	1.38			0.88			3.12				1.25	2.00		3.00	3.12	2.88	0.38	1.88	1.12							2.88			2.12	3.00	3.00	0.50		4.00	4.00
47-4011.01					2.88	2.12			3.25					3.00				3.88	2.12		0.00	1.50							0.50	2.75	3.00		2.88	3.50	3.50				1.75	1.62	1.88	2.12		3.88	3.62									2.88	3.62				2.75		2.75	3.75		1.38	3.62				4.00	4.00	3.00	3.00	1.62					3.88						1.50	1.50			1.62			3.00				1.50	2.00		3.12	3.12	2.88	0.25	1.38	2.12							2.88			2.25	2.88	3.00	1.88		4.00	4.00
47-4021.00					3.25	2.12			3.12					3.12				3.12	2.75		0.25	1.88							1.00	3.75	2.88		3.25	3.00	2.88				1.75	2.50	3.00	2.38		3.00	3.00									3.00	2.38				2.25		3.00	3.62		0.88	2.12				3.75	3.25	2.75	3.12	0.88					3.50						2.12	3.00			2.75			3.00				1.38	2.00		2.25	2.75	2.25	1.12	2.00	2.50							2.38			3.12	3.25	3.50	2.00		3.12	2.75
47-4031.00					2.88	2.75			2.12					3.00				2.62	2.88		0.62	3.12							1.75	3.38	2.75		3.00	2.12	2.00				2.12	2.88	2.00	2.00		2.75	2.88									3.25	2.00				1.75		3.25	3.00		1.12	2.00				3.00	3.00	1.75	2.12	1.75					2.88						2.25	2.88			2.88			2.38				1.50	2.00		2.25	2.50	1.75	2.62	3.12	4.00							1.88			3.88	1.88	3.12	2.12		2.38	2.00
47-4041.00					3.12	2.50			3.50					3.75				3.62	3.12		0.25	2.25							1.25	3.25	3.00		2.88	3.12	2.88				2.12	2.25	2.25	2.12		3.25	3.25									3.00	2.00				2.62		3.75	3.25		1.75	2.00				3.88	3.50	2.75	3.12	1.62					4.00						2.62	3.12			2.62			3.00				1.25	1.88		3.12	3.12	2.50	1.25	2.25	3.12							3.00			3.00	2.88	3.38	1.62		3.50	3.00
47-4051.00					3.00	3.25			2.88					3.75				2.88	2.88		0.00	2.50							1.12	3.25	3.12		3.00	3.00	2.00				2.12	2.38	2.00	2.88		2.88	2.88									3.12	2.00				1.88		3.88	3.00		1.75	2.00				3.38	3.00	2.00	2.88	2.00					3.00						2.88	3.12			3.12			3.00				2.12	2.50		2.75	2.88	1.88	2.88	3.12	3.62							3.00			3.25	2.62	3.12	2.12		2.75	2.38
47-4061.00					3.00	3.12			2.62					4.00				3.00	3.38		0.25	3.25							1.38	3.25	3.75		2.88	3.38	2.12				2.88	3.00	2.38	2.88		2.88	2.88									3.12	1.50				1.88		4.00	3.00		1.75	1.88				3.25	3.00	2.12	3.12	2.00					3.00						3.12	3.62			3.25			3.12				1.38	2.38		2.38	2.25	2.38	2.75	2.88	3.75							2.88			3.50	2.62	3.50	2.38		2.75	2.25
47-4071.00					3.00	3.00			2.62					3.62				3.00	2.88		0.75	2.88							1.38	3.12	3.00		3.00	2.88	2.38				2.50	2.62	2.50	3.00		3.00	2.88									3.12	2.00				2.12		3.00	3.12		1.88	2.38				3.25	3.00	2.00	3.00	2.00					3.00						2.88	3.50			3.12			3.00				2.00	2.25		2.75	2.75	2.38	2.00	2.75	3.12							2.88			3.50	2.62	3.00	2.38		2.62	2.62
47-4091.00					3.12	2.88			2.88					3.38				3.00	2.75		0.00	2.88							0.25	2.00	2.88		2.75	2.25	2.62				2.00	2.50	1.62	2.62		2.88	3.12									3.00	2.00				1.88		3.25	3.25		1.00	2.00				3.50	3.12	2.75	2.50	1.62					2.88						2.25	3.00			2.75			3.25				1.25	2.38		3.00	3.00	2.25	2.12	2.38	3.25							2.88			3.12	2.38	3.12	1.75		2.75	2.62
47-4099.03					3.00	2.88			3.00					3.12				3.00	2.88		0.50	2.25							1.00	3.25	3.12		3.00	3.12	2.88				2.12	2.50	2.38	2.38		3.00	3.12									3.12	2.38				2.12		3.12	3.38		1.25	2.62				3.50	3.62	2.62	2.88	1.25					3.25						2.00	2.88			2.25			2.88				1.62	2.12		3.12	3.00	2.25	1.75	2.50	3.00							2.88			3.12	3.00	3.12	2.12		3.00	3.00
47-5011.00					3.13	4.00			2.50					4.00				2.88	4.00		0.38	2.88							0.50	4.13	3.13		3.38	3.50	2.13				2.63	3.13	3.38	3.38		2.88	3.13									3.63	2.00				2.38		3.88	3.25		1.75	2.00				3.75	3.75	2.00	3.38	2.00					3.38						3.38	4.00			3.38			3.50				2.13	2.25		3.13	2.50	2.75	3.25	3.25	4.00							3.13			3.75	2.75	3.38	2.63		2.63	2.63
47-5012.00					3.00	3.50			3.13					3.75				3.38	2.88		0.00	2.50							0.25	2.88	3.00		3.13	2.88	2.75				2.13	2.63	2.50	2.75		3.25	3.75									3.38	2.00				2.50		3.50	3.38		2.13	2.25				3.75	3.63	2.63	3.00	1.50					3.50						3.25	3.13			2.88			4.00				1.50	2.00		2.63	2.88	2.38	1.75	2.13	3.38							3.00			3.13	2.75	3.13	1.38		3.00	3.13
47-5013.00					3.00	3.25			3.00					3.88				3.25	3.38		0.00	2.12							0.38	3.00	3.12		3.12	2.88	2.25				2.25	2.75	2.88	3.12		3.12	3.00									3.12	2.38				2.12		3.62	3.25		2.00	2.62				3.50	3.62	2.38	3.38	1.88					3.50						3.00	3.25			3.12			3.12				2.38	2.12		3.12	3.12	2.75	2.25	2.50	3.00							2.88			3.00	3.12	3.25	2.38		2.88	2.88
47-5022.00					3.12	4.12			2.88					4.00				3.00	3.88		0.25	2.75							0.25	2.88	3.75		3.12	3.00	2.12				2.88	2.38	1.88	3.12		2.88	2.88									3.12	1.88				2.00		4.12	3.25		2.25	2.00				3.62	3.62	2.12	3.00	3.12					3.12						3.75	4.12			4.00			3.12				2.88	3.00		3.00	3.00	2.75	3.00	2.25	3.75							3.00			3.00	3.00	3.50	2.88		2.88	2.25
47-5023.00					3.12	3.00			3.12					4.00				3.12	3.62		0.25	1.38							1.50	2.38	3.12		3.00	3.00	2.12				2.00	1.38	1.88	3.00		3.12	3.12									3.38	1.75				2.12		3.88	3.25		2.00	2.12				3.50	3.00	2.12	3.50	1.88					3.62						3.12	3.88			2.88			3.00				1.88	2.38		2.88	2.88	2.38	1.38	1.62	2.38							2.88			2.62	2.62	3.25	1.88		2.88	2.88
47-5032.00					3.50	3.00			3.38					3.75				3.75	3.13		0.50	2.25							0.50	3.25	3.50		3.50	3.38	3.00				2.38	2.38	2.50	3.00		3.75	4.00									4.13	2.25				2.00		3.50	4.13		1.50	2.38				3.88	3.50	3.00	3.63	1.50					3.88						2.75	4.00			2.88			3.50				1.88	1.88		2.88	2.88	2.63	2.50	2.50	2.88							3.00			3.00	3.75	3.38	1.88		3.25	2.75
47-5041.00					3.12	3.88			3.00					4.00				3.00	3.50		0.75	2.50							1.38	3.25	3.50		3.12	3.12	2.38				2.62	2.62	2.00	3.38		3.12	3.00									3.38	1.38				2.12		3.88	3.25		2.62	1.38				3.50	3.00	2.25	3.25	2.00					3.62						3.50	4.00			3.50			3.00				2.62	2.62		2.38	2.25	2.62	2.25	2.75	3.50							2.88			3.25	3.00	3.00	1.75		2.38	2.12
47-5043.00					3.12	3.38			2.50					4.00				3.00	3.38		1.12	3.38							1.62	4.00	3.12		3.12	2.50	2.12				2.75	2.75	3.00	3.00		2.88	3.25									3.75	1.25				2.12		3.88	3.12		2.50	1.88				3.38	3.00	2.12	2.50	2.12					3.38						3.12	3.88			3.38			3.25				2.50	2.75		3.00	3.00	2.00	2.50	3.12	3.75							2.88			3.62	2.38	3.00	2.75		2.12	2.25
47-5044.00					3.25	3.00			3.00					3.88				2.75	3.75		0.12	2.12							1.12	3.00	3.00		2.88	2.38	1.38				2.25	2.50	2.00	3.00		2.88	3.00									3.38	1.25				1.62		3.25	3.25		2.25	1.25				3.00	3.00	1.38	3.00	2.38					3.00						3.12	3.88			3.12			3.00				1.62	2.38		3.00	2.88	2.12	2.12	2.75	2.88							2.88			3.00	2.62	3.00	1.50		2.88	2.25
47-5051.00					3.38	2.75			2.88					3.25				2.75	2.88		0.25	3.25							0.50	3.62	2.25		3.12	2.50	1.50				1.38	3.25	3.00	2.38		2.75	2.88									3.38	1.25				1.50		3.38	3.25		1.38	1.50				3.00	2.88	1.88	2.50	1.25					2.75						2.88	3.38			2.75			2.75				0.75	1.88		2.50	2.62	1.38	2.75	3.38	3.75							2.62			3.62	2.88	2.88	1.75		2.50	2.12
47-5071.00					3.12	2.88			2.75					3.25				2.62	3.00		0.62	2.25							1.50	3.62	3.00		3.00	2.75	1.88				2.25	2.75	2.88	3.00		2.50	2.88									3.00	1.12				2.00		3.25	3.00		1.88	1.75				3.00	2.88	2.12	3.00	2.12					2.88						2.50	2.88			2.75			3.00				2.12	2.12		2.38	2.75	1.88	1.88	3.00	3.75							2.38			3.38	2.62	3.00	1.88		2.12	1.62
47-5081.00					3.12	3.25			2.88					3.75				2.88	3.38		0.50	3.00							1.12	3.62	3.38		3.25	2.88	2.25				2.75	3.00	3.00	3.12		2.88	2.88									3.25	2.00				2.12		3.88	3.12		1.50	2.00				2.88	2.75	2.25	2.75	2.25					3.00						3.12	3.88			3.25			3.00				2.00	2.88		2.38	2.75	2.12	2.62	3.00	3.88							2.75			3.88	2.62	3.00	2.25		2.38	2.12
49-1011.00					3.00	3.00			3.75					3.00				3.88	2.88		0.00	1.88							0.88	2.12	3.25		3.00	3.62	3.38				1.88	1.88	1.62	3.00		3.75	4.00									3.00	3.00				3.00		3.00	3.88		1.12	3.00				4.00	4.00	3.38	3.12	1.25					3.88						2.12	3.00			2.50			3.12				2.12	1.50		3.75	3.62	3.00	1.25	1.75	2.75							3.00			2.75	3.00	3.75	2.00		4.00	4.00
49-2011.00					3.25	2.12			3.00					3.12				3.12	2.00		0.00	1.25							0.75	2.38	2.38		3.38	2.88	2.75				1.12	1.75	1.12	2.38		3.12	3.12									3.12	1.62				2.25		2.50	3.88		1.00	1.88				3.62	3.75	2.88	2.88	1.12					3.00						2.00	2.00			1.88			3.00				1.38	1.50		2.88	2.62	2.00	0.75	1.12	2.00							2.75			2.12	3.00	3.50	1.88		3.38	3.00
49-2021.00					3.25	2.12			3.00					3.12				3.25	2.75		0.88	2.12							1.62	3.25	3.12		3.25	3.00	2.88				2.00	2.12	2.25	2.38		3.12	3.38									2.88	2.38				2.25		3.12	3.38		1.50	2.38				3.88	3.75	2.88	3.00	1.50					3.50						2.00	2.50			2.38			3.00				1.38	2.12		3.00	3.00	2.38	1.38	2.50	2.88							2.38			3.00	3.00	3.62	2.25		3.25	3.00
49-2022.00					3.25	3.00			3.00					3.12				3.25	2.88		0.25	2.75							0.88	3.75	3.38		3.38	3.12	3.00				2.12	2.88	3.00	2.88		3.25	3.50									3.12	2.12				2.88		3.12	4.00		1.88	2.25				4.00	3.50	2.88	3.25	1.75					3.25						1.75	2.88			2.88			3.00				1.88	2.25		3.12	3.12	2.62	1.75	2.75	3.00							2.88			3.12	3.88	3.75	2.12		3.50	3.00
49-2091.00					3.12	2.75			3.00					3.25				3.88	2.25		0.00	1.75							0.62	2.38	3.00		3.75	3.25	3.00				0.75	1.50	1.50	2.88		3.75	3.88									3.25	2.25				2.38		3.00	4.12		0.62	2.12				4.12	3.88	2.75	2.88	0.62					3.88						1.50	1.88			1.38			3.25				0.88	0.88		2.88	3.00	2.25	0.00	1.38	2.12							2.62			2.25	3.50	3.88	1.62		4.25	3.75
49-2092.00					3.50	3.62			3.25					3.75				3.25	3.25		0.25	2.12							1.12	3.38	2.88		4.00	3.12	2.88				1.88	2.00	1.88	3.25		3.25	3.38									3.75	2.00				2.25		3.12	3.75		1.00	2.25				3.75	3.12	2.88	3.00	1.25					3.12						2.88	3.12			3.00			3.50				2.12	1.25		2.75	2.75	3.12	1.88	2.00	2.88							2.88			2.62	3.62	3.62	2.75		3.00	2.88
49-2093.00					3.50	2.12			3.12					3.12				3.00	2.38		0.00	1.50							1.12	3.38	3.00		3.50	3.00	2.38				1.00	2.12	1.88	2.25		3.00	3.12									3.12	2.12				1.75		3.00	4.00		0.88	2.12				3.75	3.25	2.25	3.00	0.88					3.25						1.38	2.00			1.38			2.88				1.00	1.00		3.00	3.00	2.12	0.38	1.88	2.12							2.38			3.00	3.38	3.12	1.38		3.00	3.00
49-2094.00					3.25	2.88			3.75					3.12				3.88	2.50		0.00	2.00							0.88	3.12	3.00		3.88	3.75	3.00				1.00	2.00	2.00	3.00		3.62	4.00									3.75	2.88				3.00		2.62	4.12		1.00	2.88				4.00	3.88	3.00	3.75	1.00					4.00						2.38	2.75			2.00			3.00				1.25	1.00		3.00	3.00	2.75	1.25	2.00	2.50							2.12			2.75	3.88	3.75	2.00		3.62	3.00
49-2095.00					3.25	2.50			3.00					3.25				3.00	2.75		0.00	2.25							1.12	2.75	3.00		3.12	3.12	2.88				1.75	2.25	2.25	2.38		3.00	3.12									3.12	2.88				2.75		2.88	4.00		1.12	2.75				3.88	3.88	3.00	3.12	1.00					3.25						1.88	2.38			1.88			3.00				1.25	1.25		3.00	2.88	2.12	1.00	2.12	2.12							2.75			2.50	3.62	3.25	2.00		3.50	3.25
49-2096.00					3.75	3.00			3.25					3.12				3.12	2.38		0.12	1.75							1.00	3.75	2.88		3.75	2.88	3.00				1.75	2.12	1.75	3.00		3.12	3.25									3.25	2.38				2.12		3.00	3.50		1.38	2.25				3.88	3.00	2.88	2.88	1.25					3.12						2.12	2.75			2.00			3.12				2.00	1.88		3.00	3.00	2.25	1.38	1.75	2.50							2.75			2.88	3.50	3.62	1.88		3.00	3.00
49-2097.00					3.00	2.62			3.00					2.88				3.00	2.25		0.00	2.38							0.50	2.88	3.12		3.75	3.12	2.75				1.50	2.12	1.25	3.12		3.00	3.25									3.00	2.12				2.50		2.62	3.75		0.75	2.25				3.38	3.25	2.88	3.00	1.38					3.00						1.50	1.75			2.00			2.62				2.12	1.75		2.75	2.88	2.50	1.38	2.00	2.38							2.25			2.50	3.62	3.75	1.50		3.50	2.75
49-2098.00					3.12	2.75			2.88					3.00				3.12	2.12		0.25	2.12							0.75	3.12	3.12		3.25	2.88	2.62				1.50	2.00	2.00	2.50		3.12	3.00									3.12	1.88				2.00		3.00	3.62		1.00	2.12				3.75	3.62	2.75	2.88	1.00					3.25						1.38	1.88			2.12			2.75				1.38	2.00		3.00	3.00	2.12	0.75	2.00	2.25							2.75			2.75	3.25	3.38	1.50		3.12	2.88
49-3011.00					3.75	3.38			3.50					4.12				4.00	3.25		0.75	2.50							1.00	3.50	3.25		4.25	3.75	3.00				2.00	2.12	2.12	3.75		4.12	4.12									4.00	2.88				2.75		4.00	4.25		1.75	2.50				4.12	4.00	2.88	3.38	1.62					4.38						2.88	3.38			3.25			3.25				2.00	2.12		3.00	3.00	3.12	2.12	2.25	3.12							2.75			3.00	3.75	4.12	2.50		4.25	3.12
49-3021.00					3.25	2.88			3.00					3.12				3.00	2.75		1.00	2.25							2.00	3.88	3.12		3.25	3.00	2.75				1.50	2.50	2.00	2.25		3.00	3.12									3.25	2.00				2.12		3.00	3.88		1.50	2.25				3.50	3.12	2.38	2.88	1.75					3.12						2.00	2.75			2.38			3.00				1.62	1.88		2.88	2.75	1.88	2.25	2.38	3.12							2.25			3.12	3.75	3.88	2.38		2.88	2.12
49-3022.00					3.00	2.00			2.25					3.00				2.88	2.75		0.38	1.75							0.12	3.00	2.88		3.00	2.00	1.88				2.62	2.12	1.12	1.88		2.75	2.88									3.00	1.50				1.75		2.88	3.25		1.50	1.75				2.88	2.88	2.00	2.12	1.50					2.75						1.75	2.12			2.00			2.75				1.25	1.75		2.62	2.62	1.88	2.00	2.00	3.12							2.38			2.88	2.38	3.00	2.00		2.50	2.12
49-3023.00					3.50	3.12			3.00					3.50				3.75	2.50		1.12	2.50							2.25	4.00	2.50		3.88	3.50	2.75				1.75	2.00	2.00	3.25		3.62	3.50									3.88	2.00				2.88		3.25	3.38		1.62	2.12				3.62	3.50	2.75	3.38	1.75					3.50						2.12	2.75			2.75			2.88				2.50	2.38		2.62	2.75	3.00	0.62	2.12	2.75							2.75			3.00	3.25	3.62	2.62		3.12	2.50
49-3031.00					3.25	3.12			3.00					3.75				3.38	3.00		0.38	2.25							1.25	3.88	3.12		3.62	3.12	2.88				2.12	2.12	2.38	3.88		3.38	3.38									3.25	1.75				2.12		3.50	4.00		1.75	2.12				3.75	3.12	2.75	3.00	1.75					3.25						2.25	3.00			2.75			3.00				2.62	1.75		3.00	2.88	2.25	1.75	2.75	3.12							3.00			3.12	3.25	3.75	2.25		3.12	2.62
49-3041.00					3.75	3.38			3.00					4.00				3.25	3.00		0.12	2.62							2.00	4.38	2.62		3.75	3.38	2.75				2.00	2.25	1.88	3.88		3.50	3.38									3.50	2.50				2.75		4.00	3.75		1.00	2.62				3.50	3.38	2.12	3.00	1.62					3.38						2.62	3.12			3.00			3.25				2.38	2.12		2.88	3.00	3.00	1.75	2.50	3.50							2.62			3.38	3.50	3.88	2.75		3.00	2.62
49-3042.00					3.25	3.00			3.12					4.00				3.62	3.25		0.50	2.88							1.50	4.25	3.25		3.75	3.25	2.88				2.25	3.00	2.75	3.38		3.62	3.88									4.00	2.25				2.75		4.00	3.88		1.38	2.38				3.88	3.62	2.88	3.38	2.00					3.62						3.12	3.50			3.25			3.50				2.12	2.12		2.88	2.88	2.88	2.38	2.50	3.75							2.88			3.25	3.50	4.00	3.00		3.38	2.75
49-3043.00					3.50	3.25			3.00					3.75				3.00	3.00		0.38	2.88							1.25	3.50	3.12		3.75	3.25	2.12				2.12	2.88	3.00	3.00		3.00	3.00									3.75	2.12				2.12		3.75	3.75		1.75	2.12				3.00	3.00	2.12	3.12	1.88					3.25						2.38	3.75			2.75			3.12				2.00	2.12		2.50	2.38	2.62	2.25	3.00	3.62							2.50			3.75	3.75	3.88	2.62		2.88	2.38
49-3051.00					3.00	3.12			2.88					3.75				3.25	3.00		0.00	2.00							1.38	3.62	3.00		3.50	3.12	2.00				2.00	1.88	1.62	3.50		3.50	3.38									3.00	2.00				2.00		3.50	3.38		1.25	2.00				3.62	3.38	2.00	2.88	1.38					3.38						1.88	2.88			2.12			3.00				1.88	1.38		2.62	2.75	2.12	1.38	2.00	2.88							2.50			3.00	2.88	3.38	2.00		2.88	2.38
49-3052.00					3.62	3.38			3.00					3.88				3.25	2.12		0.25	2.25							1.25	3.25	2.38		3.88	2.88	3.00				0.88	2.00	1.38	3.75		3.00	3.00									3.75	1.88				2.00		3.12	3.88		0.62	2.12				3.75	3.50	3.00	2.38	0.38					3.12						1.75	2.38			3.12			3.00				2.25	1.75		2.88	2.88	2.00	1.62	2.12	3.12							2.88			3.12	2.25	4.00	2.12		2.75	2.88
49-3053.00					3.12	2.88			3.00					3.12				3.12	2.75		0.12	2.00							0.75	3.38	2.50		3.62	3.00	2.50				0.88	1.75	1.12	3.00		3.12	3.12									3.12	2.00				2.12		3.12	3.38		0.88	2.00				3.12	3.25	2.12	2.88	1.12					3.00						2.00	2.88			2.38			3.12				2.00	1.62		2.75	2.75	2.25	1.75	2.00	3.00							2.50			3.00	2.75	3.88	2.50		2.75	2.75
49-3091.00					3.12	2.12			3.00					3.00				2.88	2.25		0.38	2.00							1.25	2.75	2.12		3.75	2.25	2.75				0.75	1.88	1.88	2.12		2.88	3.12									3.62	1.75				2.12		2.62	3.12		0.50	2.12				3.50	3.38	2.50	2.25	0.62					3.00						1.38	1.75			1.00			2.88				0.50	0.50		3.00	3.12	2.12	1.38	1.75	3.00							2.12			3.00	2.12	3.75	2.00		3.00	2.50
49-3092.00					3.00	3.00			3.00					3.50				3.00	2.75		0.00	2.00							1.25	3.75	3.00		3.62	3.00	2.62				1.62	2.00	2.88	3.50		3.00	3.75									3.12	1.38				2.00		3.00	3.75		0.75	1.50				3.75	3.75	2.62	3.00	1.12					3.62						1.88	2.12			2.50			2.88				1.88	1.25		3.00	3.00	2.62	0.50	2.00	2.88							2.25			3.00	3.62	3.38	2.12		3.00	2.75
49-3093.00					2.25	2.12			2.25					3.00				2.88	2.12		0.12	2.12							1.12	3.62	2.88		3.12	2.25	2.00				1.75	2.00	1.50	2.12		2.12	2.88									3.12	1.62				2.00		3.00	3.25		1.75	2.00				3.12	3.00	2.00	2.00	1.38					2.88						2.75	3.00			2.62			2.62				1.50	1.75		2.25	2.50	2.00	2.12	2.25	3.88							2.12			3.50	2.25	2.25	2.00		2.25	2.00
49-9011.00					3.12	2.12			2.88					3.12				3.00	2.75		0.38	2.75							1.38	3.75	2.88		3.12	2.62	2.12				2.00	2.88	2.88	2.62		3.00	2.88									3.25	2.12				2.12		3.00	3.38		1.75	2.00				3.12	3.12	2.12	2.62	1.38					3.00						1.88	2.88			2.00			2.75				2.00	2.12		3.00	2.88	2.75	2.00	2.50	3.62							2.38			3.25	3.12	3.62	2.00		2.88	2.75
49-9012.00					3.12	2.62			3.12					3.00				3.25	2.88		0.50	2.12							0.75	3.62	3.00		3.12	2.88	2.75				2.25	2.12	2.62	2.25		3.12	3.38									3.12	2.12				2.00		3.00	3.50		1.50	2.12				3.75	3.25	2.75	3.00	1.00					3.12						1.75	2.38			2.38			3.00				1.25	1.50		3.00	3.00	1.75	1.88	2.12	2.25							2.75			2.50	2.75	3.25	1.50		3.12	2.88
49-9021.00					3.62	2.62			3.38					3.25				3.75	2.62		1.00	2.88							1.75	3.75	2.75		3.75	3.62	2.88				1.75	2.25	2.00	3.38		3.62	3.50									3.38	2.38				2.62		3.00	3.62		1.88	2.62				3.88	3.62	2.62	3.00	2.00					3.88						1.75	2.62			2.38			2.75				2.12	2.00		2.88	3.12	2.62	1.38	2.50	3.38							2.88			3.12	3.88	3.62	2.38		3.25	2.50
49-9031.00					3.62	2.75			3.00					3.12				3.00	2.25		0.12	2.00							1.25	3.62	2.25		3.75	3.00	2.75				1.38	2.12	1.88	3.62		3.00	3.00									3.38	2.12				2.12		3.00	3.25		1.38	2.50				3.25	3.12	2.12	2.88	1.50					3.12						1.88	2.12			2.12			3.00				1.50	1.12		2.75	2.75	2.12	0.75	2.38	2.88							2.88			3.00	3.25	3.75	2.00		3.00	2.88
49-9041.00					3.38	3.50			3.12					3.88				3.25	3.00		0.50	2.50							0.88	3.75	2.88		3.88	3.00	2.75				1.88	2.62	2.50	3.75		3.00	3.88									3.62	2.38				2.38		3.62	3.75		1.50	2.12				3.38	3.12	2.88	2.88	1.88					3.12						2.88	3.88			3.00			3.00				2.38	1.75		2.88	3.00	2.88	2.62	2.38	3.12							2.88			3.00	3.25	4.00	3.00		3.00	2.88
49-9043.00					3.25	2.88			2.88					3.12				3.00	2.62		0.00	2.00							1.88	3.12	2.88		3.00	3.00	2.00				1.12	2.00	2.00	2.38		3.00	3.00									3.00	2.00				2.12		3.00	3.25		1.12	2.00				3.12	3.12	2.00	3.00	1.00					3.00						2.38	3.00			2.00			3.00				1.75	1.88		2.38	2.75	2.00	1.25	2.12	3.00							2.50			3.00	3.00	3.12	2.00		3.00	2.75
49-9044.00					3.25	3.00			3.00					4.00				3.00	3.00		0.38	3.00							1.62	3.88	3.12		4.00	3.12	2.75				2.50	3.00	3.00	3.38		3.00	3.88									4.00	2.38				2.12		3.88	4.00		2.00	2.62				3.50	3.38	2.50	3.12	2.00					3.62						3.00	3.38			3.12			3.00				2.00	2.00		3.00	3.00	2.62	1.75	2.50	3.62							3.00			3.38	3.12	3.88	2.25		3.00	2.88
49-9045.00					3.38	3.00			2.88					3.25				3.00	2.88		0.38	2.13							0.38	3.38	2.75		3.13	2.50	1.88				2.13	2.50	2.88	2.75		2.88	3.13									3.25	1.63				1.13		3.13	3.38		1.25	1.75				3.00	3.00	1.88	2.75	1.25					2.88						2.38	3.13			2.25			3.38				1.25	1.75		2.75	2.63	2.00	1.88	2.38	2.38							2.38			3.00	2.50	3.00	1.88		3.00	2.63
49-9051.00					3.38	2.50			3.00					3.75				3.25	3.00		0.88	2.88							1.00	3.75	3.38		3.75	3.12	2.88				2.25	2.75	3.00	2.38		2.88	3.88									3.38	1.62				2.00		4.00	3.88		1.25	2.00				3.88	3.25	2.75	2.75	1.62					4.00						3.00	3.38			3.12			3.00				1.25	2.12		2.88	2.88	2.38	1.75	3.12	3.88							2.88			3.12	3.12	3.12	2.00		2.88	2.75
49-9052.00					3.12	2.38			2.88					3.62				3.00	2.75		0.75	2.25							1.00	3.75	2.88		3.00	3.00	2.38				1.88	2.12	2.75	2.12		3.00	2.88									3.12	2.00				2.00		3.38	3.38		1.50	2.12				3.62	3.50	2.38	3.00	1.75					3.00						1.75	2.38			2.62			2.88				1.88	2.00		2.75	2.75	2.00	1.62	2.12	3.00							2.62			2.88	3.25	3.12	1.88		3.00	2.62
49-9061.00					3.75	2.12			3.00					3.25				3.25	2.50		0.00	0.25							0.38	1.00	3.50		3.88	2.75	2.38				0.00	0.00	0.00	2.00		3.25	3.38									3.25	2.25				2.38		2.12	4.00		0.00	2.62				3.38	3.25	2.62	2.88	0.00					3.38						0.50	0.75			1.25			2.75				0.00	0.00		3.00	2.88	2.38	0.00	0.00	1.62							2.00			1.88	3.25	3.75	0.75		3.38	2.50
49-9062.00					3.38	2.25			3.00					3.25				3.50	2.25		0.00	1.75							1.12	3.00	3.00		4.00	3.25	2.88				1.38	1.75	1.38	3.00		3.25	4.00									3.12	2.75				2.75		2.88	4.00		1.38	2.88				3.88	4.00	2.88	3.00	1.38					3.25						1.62	2.12			2.12			3.00				1.12	1.25		3.00	2.88	3.00	1.12	1.88	2.12							2.25			2.75	3.25	4.00	1.88		3.75	3.00
49-9063.00					4.00	3.75			3.12					4.12				3.00	2.25		0.25	1.75							1.75	2.25	2.88		4.50	3.25	2.88				0.50	1.50	1.38	4.88		3.25	3.12									3.88	1.75				2.38		3.00	4.25		0.38	2.00				3.25	3.25	2.75	2.88	0.38					3.50						1.88	2.12			2.00			3.25				1.38	0.62		2.88	2.88	3.00	0.75	1.00	2.50							2.50			2.25	3.00	3.75	2.25		3.00	2.62
49-9064.00					4.12	1.88			3.00					4.00				3.00	2.25		0.00	0.25							0.12	0.62	2.25		4.88	2.88	2.25				0.00	0.00	0.00	2.00		3.00	3.12									3.12	1.88				2.12		2.38	4.75		0.00	2.00				3.25	3.00	2.62	2.38	0.00					3.12						1.50	1.62			1.38			3.00				0.00	0.00		2.50	2.62	2.00	0.00	0.00	0.88							2.38			1.00	2.38	3.25	1.88		3.00	2.38
49-9071.00					3.25	3.00			3.00					3.25				3.25	2.88		1.00	2.12							1.50	3.75	3.00		3.38	3.12	2.38				1.88	2.88	2.38	3.00		3.25	3.75									3.38	2.25				2.25		3.62	3.62		1.25	2.25				3.75	3.25	2.38	3.00	1.25					3.25						2.00	2.38			2.25			3.00				1.38	1.88		3.00	3.00	2.62	1.75	2.50	3.12							2.25			3.12	3.25	3.75	2.00		3.12	3.00
49-9081.00					3.38	3.00			3.12					3.88				3.88	2.88		0.75	3.25							0.88	3.88	3.38		3.50	3.38	3.12				2.38	2.88	3.00	3.00		3.12	3.25									3.12	2.25				2.88		3.62	3.88		0.75	2.25				4.00	3.62	2.88	3.12	1.62					3.62						2.12	3.00			2.88			3.12				2.00	1.88		3.00	3.00	2.75	1.75	3.00	3.12							3.12			3.25	3.12	3.62	2.12		3.25	2.88
49-9091.00					3.00	2.12			2.88					3.00				3.00	2.00		0.25	1.38							0.75	2.62	2.38		3.25	2.50	2.12				1.62	1.50	1.00	2.12		2.88	2.88									3.12	2.00				2.00		2.88	3.12		0.88	2.12				3.00	3.00	2.00	2.88	0.75					3.00						1.75	1.75			2.50			2.88				1.00	1.75		2.75	2.75	1.38	1.50	1.62	2.38							2.62			2.12	2.88	3.25	1.88		3.00	2.62
49-9092.00					3.62	2.62			3.12					3.62				3.50	3.50		0.88	3.00							1.75	4.00	3.38		3.50	3.75	3.00				2.12	3.12	2.88	2.75		3.50	3.25									3.25	2.00				2.25		3.75	4.12		2.12	2.25				4.00	3.88	3.00	3.62	2.00					3.75						2.38	3.12			2.88			3.25				1.88	3.00		3.12	3.12	2.75	1.88	3.12	3.12							3.00			3.12	2.88	3.38	2.00		3.50	3.12
49-9094.00					3.75	2.25			3.12					3.25				3.00	2.88		0.00	1.88							1.62	2.88	2.75		3.62	2.88	2.50				2.00	2.00	1.75	2.12		3.00	3.12									3.12	2.00				2.00		3.00	4.25		1.12	2.12				3.00	3.12	2.12	2.62	1.12					3.00						1.75	2.38			2.12			2.88				1.75	1.50		2.88	2.88	2.50	0.75	1.75	2.50							2.00			3.00	2.75	3.88	2.50		3.00	2.62
49-9095.00					3.38	3.00			3.00					3.63				3.63	3.63		0.63	3.00							1.25	3.88	3.50		3.50	3.25	2.88				2.38	3.50	3.13	2.88		3.25	3.50									3.50	2.25				3.00		4.13	3.63		1.88	2.63				3.88	3.75	2.88	3.00	2.25					3.25						3.00	4.00			3.63			3.25				1.88	2.88		2.88	3.13	2.63	3.13	3.25	4.00							3.13			3.75	3.63	4.25	3.38		3.25	2.63
49-9096.00					3.00	2.88			3.00					3.50				3.00	4.00		0.12	2.25							1.25	3.12	3.38		3.00	2.62	2.12				2.50	2.88	3.12	2.50		3.00	3.12									3.12	0.75				2.00		3.38	3.12		1.75	0.88				3.12	3.75	2.25	3.00	2.12					3.25						2.50	3.12			2.75			3.00				1.62	2.00		2.88	2.75	2.12	1.75	2.88	3.12							2.62			3.25	2.38	3.88	2.12		2.75	2.38
49-9097.00					3.25	3.00			3.00					3.75				3.75	2.88		0.00	2.25							0.75	2.88	3.50		3.75	3.62	2.38				2.50	2.12	2.25	3.00		3.38	3.00									3.38	2.50				2.75		3.12	3.62		2.00	2.12				3.75	3.00	2.00	3.25	2.12					3.38						2.25	3.25			2.88			3.12				2.12	2.75		2.62	2.88	2.75	1.88	2.38	2.88							3.00			3.12	3.75	3.62	2.00		3.00	3.00
49-9098.00					3.00	3.00			2.75					3.38				2.62	2.62		1.00	2.75							1.38	4.00	2.88		3.12	2.88	2.00				2.00	2.62	2.88	2.75		2.50	2.88									3.12	1.88				2.00		3.12	3.00		0.75	1.75				3.62	2.88	2.00	2.88	1.50					2.62						1.75	2.88			2.12			3.00				2.00	1.88		2.50	2.88	2.00	2.00	3.00	3.75							2.38			3.00	2.88	3.25	2.00		2.25	2.00
49-9099.01					3.12	3.38			3.12					3.88				3.38	3.00		0.50	2.00							1.12	3.12	3.12		3.12	3.25	3.00				2.00	2.12	2.50	2.88		3.12	3.12									3.12	3.00				2.38		3.50	4.00		1.75	2.88				3.75	3.62	2.88	3.88	1.88					3.75						3.00	3.25			2.75			3.75				2.00	2.12		2.62	3.00	2.88	1.75	2.00	2.88							3.00			2.88	3.12	3.75	2.00		3.00	3.00
51-1011.00					2.88	2.75			3.00					3.00				3.75	2.50		0.00	2.00							0.88	2.00	3.00		3.00	2.88	3.25				1.12	2.00	1.25	2.50		3.62	3.62									2.88	2.88				2.38		2.62	3.00		0.62	2.88				4.00	4.00	3.62	3.00	1.12					3.88						2.25	2.88			2.00			3.12				1.00	1.00		3.62	3.38	2.38	1.25	2.00	2.00							3.00			2.38	2.38	3.12	2.00		3.62	3.75
51-2011.00					3.12	3.00			3.00					3.38				3.25	2.75		0.25	2.12							1.12	3.50	3.00		3.88	2.88	2.88				1.88	2.12	2.25	2.88		3.00	3.62									3.25	2.12				2.00		3.12	3.50		1.38	2.62				3.75	3.12	2.50	3.00	1.75					3.38						1.88	2.75			2.38			3.38				1.88	1.75		2.88	3.00	2.38	1.62	2.00	2.75							2.50			3.00	3.12	3.88	2.12		3.62	2.75
51-2021.00					3.12	1.62			2.50					3.12				2.62	2.38		0.12	2.12							0.88	2.25	2.50		3.25	2.12	2.00				0.50	1.00	1.00	2.12		2.62	2.62									3.12	1.00				1.00		2.75	3.00		0.25	1.25				2.88	2.88	0.88	2.88	0.50					3.00						2.12	2.75			2.12			3.00				0.25	0.50		2.75	2.62	1.25	0.62	1.38	2.38							2.12			2.50	2.50	2.25	1.12		2.75	2.00
51-2022.00					3.62	2.38			2.88					3.12				3.00	1.75		0.00	1.62							0.12	2.38	2.75		3.75	2.75	2.38				0.12	0.88	0.62	2.25		3.12	3.12									3.25	1.50				1.50		2.88	3.88		0.12	1.75				3.50	3.12	2.12	2.88	0.00					3.00						1.88	2.38			2.00			2.88				0.38	0.62		2.75	2.62	2.00	0.62	1.50	2.62							2.00			2.50	3.38	3.75	2.00		3.00	2.62
51-2023.00					3.38	2.25			3.00					3.25				3.00	2.00		0.00	1.62							0.62	2.25	3.00		3.75	2.75	2.12				0.00	1.00	1.00	2.75		3.00	3.62									3.25	1.88				1.75		2.38	3.75		0.00	1.75				3.12	2.88	2.00	2.88	0.00					3.25						1.12	1.75			1.00			2.88				0.38	0.00		2.50	2.88	1.88	0.12	1.12	2.38							1.88			2.62	2.50	3.50	1.38		2.88	2.62
51-2031.00					3.12	3.00			3.00					3.25				3.00	2.88		0.12	2.00							0.25	3.12	2.88		3.25	3.00	2.00				2.00	2.00	1.38	2.88		3.00	3.00									3.25	2.00				2.00		3.38	3.12		0.88	2.00				3.12	3.00	2.00	3.00	1.12					3.00						2.00	3.00			2.00			3.00				1.12	1.88		3.00	3.00	2.00	2.00	1.88	3.00							2.75			2.88	2.88	3.88	2.00		3.12	2.25
51-2041.00					3.12	2.38			3.00					3.50				3.00	2.62		0.88	2.00							1.25	2.62	3.00		3.00	2.12	1.12				1.12	2.12	1.88	2.00		2.88	3.12									3.00	1.62				1.25		3.12	3.25		0.75	1.62				3.00	3.00	1.12	2.25	0.75					3.00						2.00	2.75			1.88			3.00				0.62	1.12		2.25	2.38	1.25	1.38	2.00	3.12							2.38			3.00	2.12	3.75	1.62		3.00	2.12
51-2051.00					3.25	2.88			3.00					3.12				2.88	2.88		0.38	2.75							1.12	3.25	2.88		3.00	3.38	2.62				1.88	2.88	2.12	2.75		2.88	3.12									3.38	2.00				2.00		3.50	3.50		1.50	2.00				3.00	3.00	2.00	3.00	1.75					2.88						3.00	3.00			2.50			2.88				1.62	1.75		2.25	2.62	1.88	1.75	2.62	3.12							2.62			3.00	3.12	3.38	1.88		2.88	2.62
51-2061.00					3.88	2.25			2.88					3.12				2.88	2.62		0.00	0.00							0.00	0.00	2.38		4.75	2.62	2.38				0.88	0.00	0.00	2.50		2.88	3.25									3.25	2.00				1.88		2.50	3.88		0.88	1.75				3.00	3.12	2.25	2.25	0.88					3.00						1.88	2.12			2.12			2.88				0.88	1.00		2.62	2.62	1.88	1.25	0.00	1.25							2.62			0.62	2.75	3.38	1.88		2.88	2.38
51-2092.00					3.00	2.12			3.00					3.00				2.88	2.38		0.00	2.00							1.00	2.75	3.00		3.25	2.25	2.12				0.62	2.00	1.38	2.25		2.88	3.25									3.12	1.25				2.00		2.88	3.25		0.50	1.38				3.50	3.00	2.12	2.62	0.75					2.88						2.50	2.75			1.38			3.00				0.62	0.88		3.00	3.00	2.00	1.50	2.12	2.75							2.88			3.00	2.62	3.00	1.75		3.00	3.00
51-3011.00					2.88	2.25			3.00					2.62				2.88	1.50		0.50	1.00							0.12	1.88	2.38		3.00	2.50	2.75				0.00	1.25	1.00	2.25		2.75	3.00									2.88	1.62				1.88		2.50	3.62		0.00	2.00				3.62	3.12	2.62	3.00	0.00					2.75						1.12	1.25			1.12			3.00				0.00	0.00		2.50	2.75	1.88	1.50	1.50	1.88							2.38			2.62	3.12	3.00	1.75		2.88	2.38
51-3021.00					3.12	2.12			3.00					3.12				2.88	2.12		0.50	2.00							1.00	2.25	2.50		3.12	2.25	2.25				0.62	1.88	1.88	2.12		2.88	3.00									3.25	2.12				2.00		3.00	3.25		0.50	2.25				3.00	3.12	2.00	2.38	0.62					2.88						2.12	2.38			2.12			2.50				0.50	0.62		3.00	3.00	2.25	1.50	1.88	3.00							2.38			2.88	3.00	2.75	2.25		2.88	2.25
51-3022.00					3.25	2.25			2.75					3.00				2.75	2.12		0.25	2.25							1.12	2.50	2.50		2.88	2.25	2.12				0.62	2.12	1.62	2.25		2.25	2.75									2.75	1.50				2.00		2.50	3.25		0.88	2.12				3.00	3.00	2.12	2.12	0.75					2.75						2.38	2.38			1.88			2.25				0.75	0.75		2.75	3.00	1.62	1.50	2.12	2.25							2.12			3.12	2.38	2.25	2.25		2.88	2.12
51-3023.00					3.00	2.62			2.00					3.12				2.00	1.62		0.62	2.12							1.12	2.75	2.12		3.00	1.50	0.88				0.38	1.88	1.12	1.50		2.00	2.50									3.00	0.88				0.88		2.88	3.00		0.00	1.00				2.75	2.62	0.88	2.00	0.00					2.38						2.12	3.00			1.62			2.50				0.00	0.00		1.88	2.00	0.88	1.25	2.12	3.12							1.75			3.00	1.38	1.75	2.38		1.75	1.38
51-3091.00					3.12	3.25			3.12					3.25				2.88	2.00		0.00	2.00							0.88	2.88	2.88		3.00	2.88	2.12				0.75	2.00	1.62	3.00		2.88	3.00									3.00	0.62				2.12		2.88	3.75		0.62	1.00				3.12	3.00	2.12	3.12	0.62					3.12						2.38	2.25			2.00			3.12				1.00	0.50		2.88	2.75	2.00	1.75	2.12	2.50							2.12			2.88	3.12	3.00	1.88		2.88	2.88
51-3092.00					2.38	2.88			3.00					3.00				2.88	2.00		0.00	1.62							0.88	2.75	1.75		2.12	2.62	2.12				0.50	1.88	1.50	2.75		2.88	3.12									2.88	2.12				2.00		2.12	3.25		0.62	2.12				3.12	3.12	2.00	3.12	0.38					3.00						2.00	2.88			1.88			3.00				1.12	1.25		2.75	2.88	1.75	1.38	2.12	2.12							2.12			2.88	2.00	2.25	1.88		3.00	2.75
51-3093.00					2.75	2.75			2.88					2.88				2.88	2.00		0.12	2.12							0.88	2.50	2.12		2.25	2.25	2.00				0.38	2.00	1.62	2.12		2.75	3.12									2.50	1.88				1.88		2.75	3.25		0.50	2.12				3.00	2.88	1.50	2.75	0.38					3.00						2.00	3.12			1.25			2.75				0.88	0.38		2.25	2.75	2.00	1.62	1.88	2.38							2.12			2.25	2.12	2.25	1.88		2.88	2.50
51-4021.00					3.00	3.25			2.88					3.50				3.00	2.88		0.50	2.62							1.38	3.00	3.00		3.25	2.88	2.00				1.50	2.38	2.00	2.12		2.62	3.00									3.00	1.88				2.00		3.25	3.12		1.50	2.00				3.12	2.75	2.00	3.00	1.75					2.88						3.12	3.50			3.00			3.12				1.38	1.50		2.62	2.50	1.88	2.12	2.62	3.12							2.38			3.12	3.00	3.12	2.38		2.88	2.00
51-4022.00					3.12	3.00			3.00					3.50				3.00	2.75		0.25	2.12							1.12	2.38	2.38		3.12	2.75	2.12				1.25	2.00	1.50	2.50		3.00	3.00									3.12	1.88				1.75		3.00	3.38		1.25	2.00				3.12	3.00	2.12	3.12	1.12					3.00						2.88	3.12			2.50			3.00				1.25	1.25		2.50	2.25	2.00	1.75	2.00	2.38							2.00			3.00	2.25	3.12	2.12		3.00	2.75
51-4023.00					3.12	3.38			3.00					3.88				3.00	3.00		0.25	2.62							0.88	2.75	3.00		3.12	3.00	2.25				1.50	2.50	2.00	2.88		2.88	3.00									3.00	2.12				2.12		3.75	3.38		1.38	2.00				3.38	3.38	2.12	3.38	1.88					3.12						3.62	3.88			3.25			3.38				1.62	1.75		2.75	2.50	2.38	2.75	2.75	3.38							2.50			3.12	2.62	3.00	2.88		3.00	2.38
51-4031.00					3.25	2.88			2.88					3.75				3.00	3.00		0.00	2.00							1.25	3.00	2.88		3.00	3.00	2.00				1.00	2.00	1.75	2.00		3.00	3.00									3.00	2.00				1.75		3.38	3.62		0.62	2.00				3.00	3.00	2.00	3.00	1.12					3.00						3.00	3.25			2.75			3.00				1.50	1.75		2.75	2.75	2.00	1.62	2.25	3.00							2.38			3.00	2.62	3.00	2.00		3.00	2.38
51-4032.00					3.00	2.62			3.00					3.62				3.00	2.88		0.00	1.88							1.50	2.38	2.75		3.62	2.50	2.12				1.00	1.75	1.38	2.88		3.00	3.12									3.12	2.25				2.00		3.00	3.75		1.00	2.50				3.12	2.88	2.00	3.25	1.00					3.12						2.88	3.50			2.50			3.12				1.12	1.38		2.50	2.25	2.00	0.75	2.00	2.88							2.88			2.75	2.88	3.38	1.75		2.88	2.75
51-4033.00					3.00	3.12			3.00					4.00				2.88	3.12		0.25	2.12							0.88	2.88	3.12		3.00	2.88	2.25				0.75	2.12	2.00	2.62		2.88	3.25									3.12	2.00				2.00		3.12	3.62		0.25	2.38				3.00	2.88	1.75	3.12	0.50					3.12						3.00	3.75			2.50			3.00				1.00	1.00		2.12	2.25	2.25	2.12	1.88	3.12							2.00			3.00	2.38	3.38	2.62		3.00	2.12
51-4034.00					3.12	2.50			2.88					3.12				3.00	2.62		0.38	2.12							1.25	2.75	2.75		3.00	2.75	2.00				0.75	1.88	1.12	2.00		2.88	3.00									3.12	2.25				2.00		3.12	3.12		0.88	2.25				3.00	3.00	2.00	3.00	1.00					3.00						2.88	3.12			2.12			3.00				1.00	0.88		2.25	2.25	1.50	0.88	2.12	3.00							2.00			3.00	2.12	3.00	2.00		3.00	2.00
51-4035.00					3.50	3.12			2.88					3.50				3.00	2.12		0.00	2.12							1.38	2.75	2.75		3.12	2.75	2.12				0.38	1.88	1.25	2.25		3.00	3.00									3.25	2.38				2.00		3.12	3.12		0.75	2.25				3.25	3.00	2.00	2.88	1.12					3.00						2.62	3.25			2.25			3.12				0.88	0.88		2.75	2.75	1.88	0.88	2.25	2.88							2.12			3.00	2.00	3.12	2.25		3.00	2.38
51-4041.00					3.38	3.12			3.12					3.75				3.25	2.62		0.62	2.25							1.25	3.00	2.88		3.62	3.00	2.88				0.75	2.00	1.88	2.75		3.00	3.00									3.12	2.88				2.12		3.12	3.50		0.50	2.88				3.12	3.00	2.88	3.00	1.00					3.12						3.12	3.12			2.62			3.25				1.00	1.75		2.88	3.00	2.62	2.00	2.12	2.62							2.62			3.00	2.50	3.88	2.62		3.00	2.88
51-4051.00					3.12	3.25			2.88					4.00				2.88	3.00		0.62	2.62							1.38	3.12	2.88		3.00	2.88	2.00				2.88	2.50	2.00	3.00		2.88	3.00									3.25	2.00				2.00		3.62	3.12		1.88	2.38				3.00	3.00	2.00	3.12	1.88					3.00						2.88	3.25			2.75			3.25				2.00	1.75		2.38	2.38	2.12	1.75	2.88	3.12							2.75			3.25	2.88	3.00	2.12		2.88	2.25
51-4052.00					3.12	2.50			3.00					3.00				2.88	2.50		0.00	2.00							1.38	2.75	2.88		2.88	2.88	1.88				2.00	2.00	1.88	2.25		2.75	2.88									3.00	1.50				2.00		3.00	3.62		1.62	1.75				3.00	2.88	1.88	3.12	1.75					3.00						2.62	3.25			2.12			3.00				1.62	1.75		2.62	2.75	1.88	1.25	2.12	3.12							2.75			3.00	3.00	2.62	2.00		2.38	2.00
51-4061.00					3.50	3.00			2.88					3.75				3.00	2.62		0.25	2.12							1.50	2.25	3.00		3.50	2.88	2.50				0.75	2.00	1.38	2.38		2.88	3.38									3.38	2.50				2.00		3.25	4.00		0.62	2.25				3.75	3.25	2.88	2.75	0.75					3.12						3.00	3.88			3.00			3.00				1.00	1.25		2.38	2.62	2.00	1.00	2.00	3.00							2.62			3.00	2.62	3.88	2.62		3.12	2.62
51-4062.00					3.25	2.62			3.12					3.25				3.00	2.62		0.38	1.50							1.12	2.38	3.00		3.12	2.62	2.62				1.25	1.62	1.12	2.50		2.88	3.12									3.12	2.12				1.75		3.12	3.62		0.88	2.25				3.00	3.00	2.50	2.88	0.75					3.12						2.62	2.88			2.12			3.25				0.75	0.88		2.88	3.00	1.88	1.12	1.75	2.12							2.62			2.50	2.88	3.38	2.00		3.00	2.88
51-4071.00					3.12	2.75			2.75					3.00				2.12	2.75		0.75	2.88							1.62	2.88	2.75		3.00	2.12	1.50				1.25	2.38	1.62	2.12		2.12	2.75									3.62	1.25				1.25		3.00	3.00		0.50	1.88				2.88	2.38	1.38	2.12	1.12					2.75						2.62	3.25			1.88			2.88				0.75	1.00		2.12	2.25	2.00	1.25	2.75	3.50							2.12			3.12	2.00	3.00	1.38		2.00	2.00
51-4072.00					3.12	3.25			3.00					3.12				2.88	2.75		0.38	2.88							1.75	2.75	2.88		3.12	2.88	2.25				2.00	2.75	2.25	2.62		2.62	3.12									3.00	2.12				2.00		3.00	3.25		0.62	2.12				3.12	3.00	2.25	3.12	0.62					3.00						3.00	3.12			2.00			3.00				1.00	1.00		2.75	2.88	2.12	1.50	2.50	3.38							2.38			3.00	2.62	3.00	2.38		3.00	2.12
51-4081.00					3.25	3.00			3.12					4.00				3.00	2.12		0.00	1.88							0.75	3.00	3.25		3.12	2.88	2.38				1.25	2.00	1.88	3.00		3.00	3.12									3.38	2.00				2.12		3.00	3.50		0.88	2.00				3.62	3.38	2.12	3.00	1.25					3.12						3.00	3.25			2.00			3.50				1.12	1.25		3.00	3.00	2.00	1.12	2.00	3.00							3.00			2.75	2.88	3.88	2.12		3.00	2.88
51-4111.00					3.25	2.12			4.00					3.88				3.12	2.75		0.50	2.00							0.62	2.25	2.88		3.38	2.50	2.75				1.38	1.75	1.25	2.00		3.00	3.75									3.12	2.62				2.00		3.25	3.75		0.62	2.38				3.88	3.50	2.62	2.88	0.75					3.00						2.38	3.12			2.62			3.25				0.88	1.00		2.88	2.88	2.00	1.75	2.00	2.88							2.00			3.00	2.12	3.88	2.12		3.38	3.00
51-4121.00					3.50	2.38			3.00					3.25				3.00	2.88		1.00	2.00							1.88	2.75	2.88		3.12	2.75	2.12				2.25	1.62	1.75	2.38		2.88	2.50									2.88	1.75				1.50		2.75	3.50		1.25	1.50				3.12	2.75	2.12	2.62	1.62					3.12						2.50	2.75			2.50			2.88				1.62	1.75		2.00	2.12	2.25	0.50	2.00	2.88							2.50			2.88	2.50	3.38	1.62		2.38	1.50
51-4122.00					3.12	2.88			3.00					3.25				3.00	2.62		0.50	2.00							1.25	3.00	3.00		3.00	2.88	2.00				2.00	1.88	1.38	2.25		3.00	3.00									3.12	1.38				1.50		3.00	3.25		1.00	1.38				3.00	3.12	1.88	3.00	1.12					3.00						3.00	3.00			2.25			3.00				0.75	1.00		2.62	2.88	2.00	0.62	2.00	3.00							2.12			3.00	2.12	3.25	1.88		2.88	2.12
51-4191.00					3.00	3.25			3.38					3.62				3.00	3.12		0.25	2.38							1.00	3.12	3.00		3.00	3.00	1.88				1.88	2.50	1.50	2.88		2.88	3.25									3.12	2.00				2.00		3.38	3.38		0.75	2.12				3.25	3.38	1.88	3.38	1.75					3.12						3.00	3.75			3.00			3.75				1.75	1.75		2.62	2.62	2.25	2.00	3.00	3.62							2.50			3.25	2.75	3.12	2.00		3.00	2.62
51-4192.00					3.25	3.12			3.25					2.75				3.12	2.75		0.50	2.12							0.88	3.00	3.00		3.12	3.00	2.75				1.75	2.00	1.12	1.75		3.00	3.12									3.12	2.88				2.00		3.00	3.88		0.62	3.00				3.50	3.12	2.25	3.12	0.75					3.25						1.88	2.50			2.00			3.12				0.88	1.25		2.25	2.25	2.12	1.25	2.00	2.75							2.50			2.88	2.62	3.88	1.88		3.00	2.50
51-4193.00					3.12	3.00			3.00					3.25				3.00	2.62		0.12	2.00							1.00	2.50	2.88		3.00	3.00	2.25				0.88	2.00	1.62	2.62		3.00	3.00									3.25	1.38				1.50		3.38	3.38		0.62	1.50				3.75	3.12	2.25	3.00	0.62					3.00						2.12	2.62			2.00			3.00				0.75	0.88		2.75	2.38	2.00	1.38	2.25	3.00							2.12			3.12	2.50	2.50	1.38		3.00	2.88
51-4194.00					3.25	3.00			3.00					3.50				3.00	2.50		0.00	2.12							1.38	2.75	2.88		3.50	3.12	2.25				0.62	2.00	1.62	2.88		2.62	3.00									3.50	2.88				2.12		3.00	4.12		0.50	2.88				3.12	3.12	2.12	3.12	0.50					3.00						3.00	3.50			1.88			3.25				0.75	0.75		2.38	2.25	2.38	1.25	1.75	3.00							2.38			2.88	2.62	3.38	2.50		3.00	2.38
51-5111.00					3.00	2.12			3.12					3.00				3.00	1.88		0.00	0.50							0.00	0.50	2.75		2.75	2.88	2.88				0.00	0.00	0.00	1.88		3.00	3.00									2.75	2.00				2.00		1.25	4.00		0.00	1.75				3.12	3.12	3.00	2.88	0.00					3.12						1.62	1.38			0.88			2.88				0.00	0.00		2.88	2.88	1.50	0.00	0.00	0.75							2.12			0.88	3.12	3.25	1.75		3.00	3.00
51-5112.00					3.12	2.50			3.00					3.88				3.12	2.75		0.12	1.50							0.50	3.00	2.88		3.50	2.88	2.62				0.25	2.12	1.75	2.50		3.00	3.12									3.12	2.00				2.00		3.12	4.12		0.00	2.00				3.38	3.12	2.38	3.00	0.25					3.12						2.88	2.88			2.38			3.12				0.25	0.62		3.00	3.00	2.12	1.62	2.00	3.00							2.25			2.75	3.12	3.12	2.12		3.00	3.00
51-5113.00					3.25	2.75			3.00					3.25				2.88	2.25		1.00	2.25							1.88	2.62	2.88		3.25	3.12	2.50				1.25	2.12	1.75	2.75		2.88	3.25									3.12	1.75				2.12		2.75	3.62		1.25	2.12				3.50	3.38	2.38	3.12	1.38					3.00						2.50	3.25			2.25			2.88				1.75	1.62		2.75	2.75	2.25	0.75	2.62	2.75							2.75			3.00	2.88	3.38	2.00		2.88	2.75
51-6011.00					2.88	2.00			2.62					3.12				2.75	1.38		0.38	2.12							1.12	2.38	2.25		3.00	2.25	2.00				0.00	2.00	1.62	2.00		2.50	2.38									2.62	1.12				1.50		2.25	3.12		0.00	1.12				2.88	3.00	2.00	2.12	0.00					2.62						2.12	2.12			1.38			2.38				0.00	0.00		2.50	2.25	1.75	0.62	2.12	2.12							2.00			3.00	2.25	2.00	1.00		2.25	2.00
51-6021.00					3.38	2.12			2.25					3.12				2.12	2.38		0.75	2.25							0.88	2.88	2.38		3.12	2.38	1.38				0.00	2.00	1.12	1.75		2.12	2.12									3.00	0.62				0.88		3.12	3.00		0.00	0.62				2.00	2.00	1.25	2.25	0.00					2.12						2.62	3.00			2.00			2.25				0.00	0.00		1.75	2.00	0.88	1.75	2.25	2.25							0.62			2.88	2.25	2.00	2.00		1.75	1.25
51-6031.00					3.75	2.12			2.88					3.25				2.75	2.75		0.12	2.00							0.50	2.25	2.75		3.25	2.62	1.38				0.00	1.62	1.00	2.12		2.12	2.62									3.25	1.62				1.00		3.00	3.38		0.00	1.62				2.38	2.50	1.25	2.62	0.00					2.75						3.00	3.00			2.25			2.50				0.00	0.12		1.75	2.12	2.00	0.88	1.62	2.12							2.12			2.12	2.88	3.00	2.12		2.50	1.88
51-6041.00					3.88	2.12			3.00					3.12				2.88	2.12		0.12	1.88							1.62	2.25	2.25		3.12	2.12	1.50				0.38	1.12	1.25	2.25		2.38	3.00									3.12	1.38				0.88		2.50	3.25		0.50	1.38				3.00	2.75	1.50	2.00	0.38					2.75						2.12	2.38			1.50			2.50				0.62	0.50		2.50	2.50	1.62	0.38	1.75	2.12							2.00			2.25	2.88	3.00	1.88		2.75	2.12
51-6042.00					3.38	2.00			3.00					3.12				2.75	2.62		0.12	2.00							0.50	3.00	3.00		3.25	2.75	2.00				0.75	1.50	1.50	2.62		2.75	3.00									3.00	1.88				1.38		2.88	3.75		0.25	2.00				2.88	3.00	1.88	3.00	0.25					2.88						2.88	3.00			2.12			3.00				0.38	0.50		2.75	2.25	1.75	0.12	2.00	2.12							2.00			3.00	2.25	2.88	2.12		2.88	2.00
51-6051.00					4.12	2.12			3.00					3.25				2.25	2.62		0.25	0.50							0.12	0.75	2.75		4.12	2.12	2.12				0.00	0.00	0.25	1.75		2.25	3.00									3.88	1.75				2.00		2.88	3.75		0.00	2.00				2.38	2.25	2.25	2.50	0.00					2.50						1.88	1.88			1.62			2.75				0.00	0.38		1.88	2.38	2.00	0.00	0.12	1.88							1.88			1.25	3.00	3.25	2.38		2.00	1.88
51-6052.00					3.88	1.75			3.00					3.25				2.88	1.62		0.00	1.38							0.50	2.12	2.00		3.88	2.75	3.00				0.00	0.75	0.50	1.75		2.75	3.12									3.25	1.62				2.00		2.75	3.75		0.00	1.75				3.62	3.00	3.00	2.12	0.00					2.88						2.25	2.25			1.38			2.38				0.00	0.12		2.38	2.88	2.12	0.00	1.00	1.50							2.00			1.88	2.88	3.38	1.75		2.88	2.62
51-6061.00					3.25	2.25			3.00					3.38				2.88	2.12		0.25	2.00							1.12	2.88	2.62		3.00	3.00	2.00				0.88	2.00	1.75	2.25		2.62	3.00									3.12	2.12				1.75		3.00	3.12		0.62	2.00				3.00	3.00	2.00	3.12	0.62					3.00						3.00	3.25			2.12			3.00				0.62	1.00		2.50	2.62	2.00	1.62	2.25	2.88							2.38			3.00	3.00	3.00	2.00		2.75	2.00
51-6062.00					3.75	3.00			3.00					3.38				3.00	3.00		0.62	2.25							0.88	3.12	3.00		3.12	3.00	2.00				0.88	2.00	1.75	2.75		2.62	3.00									3.00	1.88				2.00		3.00	3.25		0.50	2.00				3.00	3.00	2.00	3.00	1.38					3.00						3.00	3.62			3.00			3.12				1.88	1.00		2.88	2.75	2.12	1.75	2.38	3.00							2.12			3.00	2.88	3.50	2.12		2.75	2.00
51-6063.00					3.62	2.88			2.75					3.50				2.62	2.00		0.25	1.62							0.50	2.88	2.25		3.50	2.38	1.50				0.25	2.00	1.00	2.38		2.38	2.62									3.12	1.00				1.12		3.12	3.00		0.00	1.00				3.12	3.00	1.50	2.88	0.00					3.00						2.25	2.88			2.12			3.00				0.38	0.12		2.50	2.50	1.50	1.00	2.38	2.50							2.12			3.00	2.88	3.00	2.12		2.50	2.12
51-6064.00					4.00	3.00			2.88					3.50				2.62	2.75		0.75	2.38							1.00	3.25	3.00		3.75	2.88	2.00				0.38	2.88	1.88	2.75		2.38	2.88									3.38	1.88				1.88		3.12	3.38		0.00	2.00				2.75	2.75	2.00	3.12	0.38					3.00						3.12	3.62			2.62			3.12				0.12	0.50		2.50	2.75	2.38	2.00	2.75	3.00							2.12			3.00	3.12	2.88	3.00		2.38	2.00
51-6091.00					3.12	3.25			3.00					3.12				3.12	2.62		0.12	2.25							1.00	2.88	2.62		3.12	3.00	2.12				1.25	2.00	1.88	2.75		3.00	3.12									3.25	2.00				2.00		3.12	3.25		1.00	2.12				3.50	3.00	2.12	3.12	1.25					3.12						3.00	3.50			2.88			3.50				1.62	1.50		2.88	2.75	1.88	1.75	1.88	3.00							2.88			3.00	2.50	3.00	2.50		3.00	3.00
51-6092.00					3.50	2.12			3.75					3.00				3.62	2.25		0.00	2.12							0.25	1.75	3.00		3.12	3.12	3.62				0.00	1.62	1.25	2.12		3.25	3.75									2.88	3.00				2.50		2.38	3.88		0.00	3.00				3.62	3.75	3.88	3.12	0.00					3.38						1.62	1.75			1.38			3.12				0.00	0.00		3.12	3.00	2.50	0.12	1.50	2.00							2.88			2.12	3.12	4.25	2.38		3.00	3.00
51-6093.00					4.12	2.12			3.00					3.62				3.00	2.88		0.38	2.62							1.75	3.00	2.88		4.00	2.88	2.88				1.50	2.62	2.00	2.12		2.88	3.12									3.88	2.25				2.00		3.75	4.00		1.12	2.25				3.00	3.00	3.00	2.75	1.38					3.00						2.62	2.62			2.38			3.00				1.38	1.75		2.88	2.88	2.00	1.38	1.88	3.50							2.62			3.12	3.88	3.88	1.88		3.00	2.12
51-7011.00					3.62	3.12			2.88					3.62				2.88	2.75		0.25	2.88							1.25	3.25	3.12		3.88	2.75	2.75				1.12	2.88	1.62	2.50		2.88	3.38									3.75	2.25				1.88		3.25	3.62		1.00	2.25				3.38	3.12	2.75	2.88	0.75					2.88						2.88	3.50			2.62			3.12				1.12	1.38		2.75	2.88	2.50	2.25	2.88	3.50							2.25			3.25	3.12	3.88	2.38		3.12	2.25
51-7021.00					3.12	2.88			3.12					3.25				3.00	2.50		0.38	2.88							1.12	3.00	3.00		3.25	3.12	2.88				0.88	2.25	2.00	2.12		3.00	3.12									3.75	1.50				2.00		3.12	4.12		0.38	2.00				3.12	3.12	2.88	2.88	0.75					2.88						2.25	2.38			1.88			3.12				0.50	0.50		2.38	2.75	2.12	2.25	2.75	3.12							2.38			3.12	3.75	3.88	2.50		3.00	2.25
51-7031.00					3.75	2.50			3.00					3.50				3.00	2.38		0.00	2.00							0.88	2.75	2.75		3.75	3.00	3.00				0.62	2.00	1.88	2.12		3.00	3.12									3.25	2.38				2.00		3.00	3.62		0.50	2.38				3.62	3.12	3.00	2.88	0.88					3.00						2.38	3.25			2.25			3.25				0.62	1.12		2.88	2.88	2.00	1.00	1.88	2.25							2.62			2.75	2.75	3.88	2.12		3.12	2.88
51-7032.00					3.88	3.12			3.12					4.00				3.00	3.00		0.25	2.00							0.62	2.88	3.00		3.62	2.75	2.25				0.75	2.00	1.12	2.12		3.00	3.12									4.00	2.62				2.00		3.12	3.88		0.62	2.75				3.62	3.12	2.50	3.00	1.38					3.00						2.75	3.75			3.00			3.12				1.25	1.25		2.88	3.00	2.12	2.50	2.12	3.12							2.50			3.00	2.88	3.88	2.62		3.00	2.50
51-7041.00					3.12	2.75			2.62					3.50				2.75	3.00		0.38	2.12							0.38	2.75	2.88		3.12	2.75	1.75				0.75	1.88	1.25	2.25		2.88	2.88									3.00	1.75				1.75		3.12	3.12		0.75	1.75				3.00	2.88	1.75	2.88	1.12					2.88						2.75	3.25			2.50			3.12				0.75	0.88		2.50	2.38	1.75	2.00	3.00	2.88							1.88			3.12	2.38	3.12	2.00		2.75	1.88
51-7042.00					3.12	3.38			2.88					3.62				2.88	3.00		0.75	2.88							1.12	3.00	3.00		3.25	2.88	2.00				0.50	2.25	1.62	2.50		2.75	2.88									3.25	1.88				1.88		3.12	3.50		0.38	2.00				3.50	3.00	2.00	3.00	1.25					2.88						2.88	3.88			2.62			3.62				1.00	1.12		2.62	2.75	2.50	2.38	2.12	3.12							2.62			3.12	2.50	3.75	2.62		2.88	1.75
51-8011.00					2.88	3.00			3.25					2.88				3.88	2.12		0.00	0.00							0.00	0.00	3.12		2.75	3.25	3.00				0.75	0.12	0.12	2.88		3.88	4.00									2.00	3.12				2.88		2.00	3.75		0.00	3.00				4.00	4.00	3.00	4.00	0.12					4.12						2.12	2.88			2.50			3.38				0.00	0.12		3.12	3.12	3.00	0.00	0.00	0.00							3.00			1.75	3.00	2.88	2.00		4.00	3.88
51-8012.00					2.00	2.12			3.00					2.38				3.88	2.00		0.00	0.38							0.00	0.38	3.00		2.12	3.00	3.00				0.38	0.00	0.62	2.00		3.88	3.50									1.75	2.88				2.00		1.00	3.62		0.25	2.88				4.00	4.00	2.75	3.38	0.12					4.00						0.75	1.62			1.25			3.00				0.12	0.75		3.12	3.00	2.75	0.38	0.38	0.25							2.62			1.50	2.75	3.00	0.75		3.62	3.62
51-8013.00					3.00	3.00			3.00					3.00				3.62	2.50		0.00	1.88							1.00	2.75	3.00		3.00	3.00	2.75				1.50	2.00	2.00	3.00		3.25	3.38									3.00	2.00				2.12		2.88	4.00		1.25	2.12				3.88	3.75	2.75	3.88	1.00					3.88						2.75	3.12			2.88			3.62				2.00	1.88		3.00	2.88	2.12	1.50	2.12	2.00							3.00			2.38	2.88	3.00	2.00		3.00	3.00
51-8013.03					3.00	2.25			2.88					3.75				3.12	2.62		0.00	2.00							0.75	2.38	3.12		3.00	2.88	2.00				2.00	2.00	2.12	2.88		3.12	3.38									3.12	2.12				2.75		3.38	3.88		1.88	2.50				3.62	3.00	2.12	3.75	2.00					3.25						3.12	3.38			2.75			3.38				1.75	1.88		3.00	3.00	2.75	2.00	2.00	2.62							2.88			2.75	3.12	3.00	2.62		3.00	3.00
51-8013.04					3.00	3.38			3.00					3.50				3.62	2.50		0.25	2.62							2.00	3.38	3.25		3.00	3.12	2.88				2.12	2.62	2.75	2.88		3.50	3.62									3.00	2.88				2.75		3.12	4.00		1.62	3.00				4.00	3.25	2.88	3.88	1.75					4.12						2.50	3.25			2.75			3.50				2.00	2.00		3.00	3.00	2.88	0.12	2.50	2.62							2.75			3.00	3.12	3.25	2.00		3.50	3.12
51-8021.00					3.00	3.25			3.12					3.12				3.12	2.50		0.00	1.88							1.12	2.88	3.00		3.12	2.88	2.50				1.75	2.00	2.00	2.75		3.12	3.12									3.12	2.12				2.12		3.00	3.62		0.50	2.12				3.62	3.50	2.25	3.75	1.50					3.38						2.25	3.12			2.38			3.25				1.88	1.62		2.88	2.88	2.25	1.25	1.88	2.75							2.62			2.50	2.88	2.88	2.00		3.12	3.12
51-8031.00					3.00	2.50			3.00					3.00				3.00	2.88		0.00	2.00							0.75	2.88	3.00		2.88	3.00	2.88				1.50	2.00	2.00	2.12		3.00	3.00									3.00	2.75				2.00		3.00	3.62		0.88	2.88				3.88	3.75	2.38	3.00	1.25					3.75						2.12	3.00			2.88			3.00				1.12	2.00		3.00	3.00	2.12	1.00	1.88	2.12							2.75			2.88	3.12	3.00	2.00		3.50	3.00
51-8091.00					3.12	3.38			3.00					3.75				3.75	2.12		0.00	2.12							1.00	2.75	3.50		3.12	3.00	2.12				1.75	2.00	2.25	2.75		3.62	3.62									3.00	2.62				2.62		2.88	3.75		0.62	2.88				3.75	3.88	2.12	3.62	0.75					3.75						2.75	3.50			2.12			3.75				1.00	1.12		3.12	3.12	3.00	1.25	1.88	2.50							2.88			2.75	2.75	2.88	2.25		3.62	3.00
51-8092.00					3.00	3.75			2.88					3.50				3.50	2.50		0.00	1.88							0.75	2.62	3.38		3.00	3.75	2.50				2.12	2.00	2.00	3.00		3.25	3.25									2.88	2.38				2.25		3.00	3.38		1.50	2.75				3.75	3.62	2.75	3.88	1.75					3.75						2.75	3.75			2.88			3.38				1.75	1.88		3.00	3.00	2.75	1.25	1.88	2.12							2.88			2.50	3.00	3.12	2.12		3.50	3.00
51-8093.00					3.00	3.50			3.12					3.00				3.75	2.38		0.00	2.12							1.00	3.00	3.38		2.88	3.75	2.50				2.12	2.38	2.75	3.00		3.50	3.75									3.00	2.88				2.50		2.88	3.50		1.12	2.75				3.75	3.62	2.38	4.00	1.62					3.62						2.88	3.62			2.62			3.62				1.88	1.88		3.00	3.00	2.88	1.62	2.00	2.62							3.00			2.75	3.00	3.00	2.38		3.38	3.00
51-8099.01					3.25	3.12			3.50					3.62				3.12	2.75		0.75	2.75							2.62	2.88	3.25		3.25	3.25	2.88				2.12	2.50	2.38	2.88		3.12	3.38									3.25	2.88				3.00		3.38	3.75		1.50	3.00				3.62	3.62	2.75	3.75	1.75					3.38						3.25	3.38			2.62			3.62				2.25	2.12		3.12	3.38	2.62	0.00	2.38	2.88							2.88			2.88	3.38	3.12	2.25		3.75	3.12
51-9011.00					3.00	3.25			3.75					3.50				3.12	3.00		0.25	1.88							1.00	2.75	3.12		3.00	3.12	2.50				1.62	2.00	2.25	2.50		3.12	3.50									3.00	2.12				2.25		3.50	3.62		0.88	2.50				4.00	3.88	2.25	3.88	1.38					3.88						3.12	3.38			2.88			3.50				0.88	1.75		2.88	2.88	2.75	1.75	1.88	2.75							2.75			2.62	2.88	3.12	1.88		3.62	3.12
51-9012.00					3.00	3.00			3.00					3.00				3.00	2.75		0.25	2.12							1.12	3.12	3.00		3.00	3.12	2.25				2.12	2.62	2.75	2.88		3.00	3.00									3.00	2.00				2.50		3.00	3.75		1.75	2.12				3.50	3.62	2.12	3.38	1.75					3.25						2.75	3.50			2.62			3.00				1.50	1.88		2.88	2.88	2.38	1.50	2.62	3.38							2.75			3.00	3.00	3.00	2.12		2.88	2.88
51-9021.00					3.00	3.12			3.12					3.62				3.00	2.75		1.00	2.50							1.75	3.12	3.12		3.12	3.00	1.75				1.50	2.25	2.00	3.00		3.00	3.00									3.12	2.00				2.00		3.25	3.50		1.38	2.12				3.00	3.00	1.75	3.12	1.62					3.00						3.25	3.62			3.25			3.12				1.88	2.12		2.88	3.00	2.25	1.75	2.75	3.12							2.88			3.12	3.00	3.12	2.12		3.00	2.25
51-9022.00					3.75	2.62			3.00					3.50				2.62	2.25		0.00	2.25							1.25	2.75	2.88		3.50	2.75	2.12				1.38	1.88	1.75	2.38		2.62	3.00									3.38	1.25				1.88		3.12	3.75		1.12	1.62				3.12	3.00	2.00	2.88	1.25					2.88						2.75	3.00			2.75			2.88				1.38	1.25		2.75	2.75	2.00	1.12	1.62	2.62							2.50			2.62	2.88	2.88	2.25		2.75	2.50
51-9023.00					3.00	2.62			3.25					3.12				3.12	2.62		0.50	2.12							0.62	2.62	3.12		3.00	2.62	2.00				1.00	2.00	2.00	2.38		3.00	3.12									3.00	2.00				2.00		3.12	3.25		0.50	2.00				3.38	3.00	2.00	3.12	1.38					3.12						3.00	3.25			3.00			3.12				1.88	1.75		2.62	2.75	2.12	1.75	2.12	3.00							2.50			2.88	3.00	2.25	2.12		3.00	2.62
51-9031.00					3.12	2.00			2.88					3.12				2.62	1.50		0.12	1.62							1.25	2.38	2.75		3.12	2.38	2.00				0.38	1.88	1.38	2.00		2.62	3.00									3.12	1.00				1.38		2.88	3.25		0.00	1.25				3.12	2.88	1.75	2.25	0.00					2.62						2.00	2.62			1.38			3.00				0.00	0.25		2.38	2.62	1.25	0.88	1.12	3.00							2.00			2.12	2.62	2.38	1.75		2.62	2.00
51-9032.00					3.25	3.00			2.88					3.62				2.88	3.25		0.62	2.12							1.00	3.12	2.88		3.62	2.88	2.25				0.88	1.88	1.00	2.25		2.88	3.12									3.38	2.00				2.00		3.38	3.38		0.88	2.00				3.25	3.00	2.00	3.25	0.88					2.88						3.12	3.50			2.88			3.25				0.88	1.25		2.62	2.12	2.38	1.62	2.38	3.12							2.12			3.00	2.25	3.38	2.75		3.00	2.62
51-9041.00					3.25	3.25			3.00					3.12				2.88	3.00		1.00	2.38							0.75	3.12	3.25		3.25	2.75	2.00				1.50	2.38	1.38	2.88		2.88	3.12									3.12	1.75				1.88		3.25	3.25		0.25	2.00				3.12	2.88	2.00	3.75	0.50					2.88						3.12	3.75			2.88			3.38				0.88	1.25		2.75	2.75	1.88	1.88	2.50	3.25							2.50			3.12	2.75	3.62	2.38		2.88	2.12
51-9051.00					3.00	2.75			3.00					3.50				2.88	2.50		0.00	2.12							0.75	3.25	2.12		2.88	2.50	1.50				0.88	2.00	2.25	1.38		2.88	3.00									2.88	2.00				1.25		3.00	3.88		0.75	1.50				3.62	3.38	1.12	3.25	0.50					3.12						2.50	3.38			2.12			3.25				0.50	1.12		2.88	2.88	1.12	1.62	2.12	3.00							2.00			3.00	2.00	2.12	2.00		3.12	2.75
51-9061.00					3.00	2.88			3.00					2.88				3.00	2.00		0.00	1.38							1.38	2.25	3.00		3.12	3.12	2.25				0.75	1.50	1.38	2.00		3.00	3.00									3.00	2.38				2.00		2.62	3.75		0.75	2.12				3.50	3.62	2.00	3.25	0.75					3.12						2.00	2.12			1.38			3.00				0.62	1.00		3.00	3.00	2.00	0.62	1.50	2.00							2.25			2.38	3.12	3.00	1.62		3.38	3.00
51-9071.00					3.62	1.75			3.12					3.12				3.00	2.12		0.25	1.62							0.88	1.62	2.00		3.75	3.25	2.88				0.12	0.50	0.50	1.38		3.00	3.12									3.00	1.75				1.88		2.12	4.38		0.12	2.12				3.38	3.38	3.25	2.38	0.50					3.00						1.38	1.88			0.75			3.00				0.12	0.62		2.50	2.62	2.25	0.50	0.62	1.25							2.12			1.88	3.00	3.25	1.75		3.00	2.88
51-9071.06					5.25	2.00			3.50					4.25				3.12	2.38		0.00	0.25							0.25	0.12	2.38		4.38	3.75	2.50				0.00	0.00	0.00	1.75		3.12	2.75									3.38	2.62				1.62		2.25	6.00		0.25	2.62				3.62	3.50	2.75	2.75	0.00					2.88						1.62	1.62			1.75			2.62				0.00	0.00		2.88	3.00	2.62	0.38	0.00	1.12							2.00			0.38	4.38	3.38	2.00		3.12	2.75
51-9081.00					3.75	2.12			3.00					3.88				2.88	2.12		0.00	0.62							0.38	1.00	2.88		4.00	3.12	2.75				0.50	0.00	0.00	2.00		2.88	3.25									3.12	2.00				2.00		2.75	4.38		0.38	2.12				3.88	3.00	2.75	3.00	0.38					3.00						1.88	2.38			1.25			3.25				0.38	0.88		2.88	2.38	2.12	0.00	0.00	1.50							2.38			1.88	3.12	3.75	2.25		2.88	2.38
51-9082.00					3.50	2.88			3.00					3.62				3.62	3.00		0.00	2.12							1.12	2.12	2.88		3.62	3.00	3.00				0.00	1.88	1.62	3.00		3.12	3.12									3.25	2.75				2.25		2.88	4.00		0.00	2.88				3.88	4.00	3.00	2.62	0.00					3.62						1.88	2.75			2.12			2.88				0.00	0.00		3.12	3.38	2.25	0.00	1.75	2.62							2.88			2.50	3.38	3.75	2.38		3.12	3.00
51-9083.00					4.12	2.50			2.88					4.25				3.00	2.62		0.00	0.62							0.75	1.88	3.00		3.75	2.75	2.00				0.00	1.25	0.25	1.88		2.50	3.00									3.38	2.00				1.88		2.88	4.38		0.00	2.25				3.62	3.25	1.88	2.88	0.00					3.00						2.88	3.00			1.38			3.12				0.00	0.00		2.62	2.75	2.00	1.50	1.50	1.12							2.12			2.12	3.00	3.12	2.88		3.00	2.25
51-9111.00					3.12	3.00			3.00					3.62				2.88	2.62		0.25	2.12							1.00	2.88	2.88		3.38	3.00	2.12				1.12	2.38	2.00	2.50		2.75	3.00									3.50	2.12				2.00		3.00	3.38		1.12	2.00				3.00	3.00	2.25	3.00	1.12					2.88						3.00	3.25			2.62			3.00				1.12	1.75		3.00	2.88	2.12	2.25	2.38	2.88							2.75			3.00	2.62	2.88	2.62		3.00	2.88
51-9123.00					3.50	2.00			2.50					2.88				2.75	2.12		0.12	1.38							0.88	2.25	2.50		3.00	2.12	1.88				0.38	1.75	1.25	2.00		2.75	2.38									2.88	1.12				1.12		2.62	3.75		0.00	1.12				3.00	3.00	2.00	2.12	0.00					2.62						0.75	0.62			0.88			2.12				0.00	0.38		2.38	2.25	1.38	0.38	1.75	2.12							2.12			2.75	3.75	2.12	1.38		2.62	1.88
51-9124.00					3.12	3.12			2.88					3.62				2.75	2.88		0.50	3.12							0.75	3.12	3.25		3.12	3.12	2.12				1.50	2.50	2.00	2.62		2.75	3.00									3.12	1.88				2.00		3.12	3.38		0.88	2.00				3.00	2.88	2.00	3.12	1.88					2.75						2.88	2.88			2.62			3.00				1.38	1.88		2.38	2.62	2.25	1.50	2.88	2.88							2.38			3.12	3.88	3.12	2.00		2.88	2.25
51-9141.00					3.38	2.00			3.00					3.25				3.13	2.50		0.00	1.75							0.00	2.25	2.50		3.63	2.63	2.13				1.13	1.88	1.13	1.88		3.00	3.25									3.13	1.88				2.38		2.88	3.63		0.75	1.75				3.38	3.38	2.13	3.13	0.75					3.00						2.50	2.63			2.75			3.00				0.75	0.50		2.63	2.88	1.63	1.13	2.00	2.63							2.13			2.50	2.88	3.00	1.88		3.38	3.38
51-9151.00					2.88	2.50			3.12					2.88				3.12	2.00		0.25	2.00							2.00	2.75	2.88		2.88	3.00	2.62				0.00	1.50	1.38	2.12		3.12	3.12									2.75	2.25				2.75		2.50	3.75		0.50	2.25				3.38	3.12	2.75	3.00	0.00					3.12						2.00	2.50			1.25			3.12				0.00	0.25		3.00	3.12	2.38	0.12	2.00	2.12							2.88			2.50	3.50	3.00	1.75		3.12	2.88
51-9161.00					3.50	3.88			3.12					3.88				3.00	3.38		0.25	2.12							0.88	2.50	3.25		3.38	3.12	3.00				1.50	2.00	1.62	3.50		3.00	3.38									3.38	3.00				2.75		3.25	3.50		1.12	3.00				3.75	3.62	2.88	3.12	1.88					3.62						3.12	3.50			2.88			3.50				2.25	1.75		2.88	3.00	3.00	2.12	2.00	2.88							2.75			3.00	3.12	3.75	2.88		3.00	3.00
51-9162.00					3.00	3.00			3.12					3.00				3.50	2.62		0.00	1.00							0.62	2.00	3.00		3.00	3.00	3.00				0.25	1.88	0.88	2.62		3.00	3.88									2.75	3.62				2.75		2.88	4.00		0.12	3.00				3.88	3.75	3.00	3.00	0.38					3.12						2.12	3.00			2.00			3.12				0.25	0.75		3.00	2.88	2.88	0.50	1.88	2.00							2.62			2.50	2.12	3.88	2.00		3.75	3.12
51-9191.00					3.00	3.12			3.00					3.38				2.75	2.88		0.75	2.75							1.12	3.38	2.88		3.12	2.75	1.75				1.25	2.75	2.00	2.75		2.75	3.00									3.00	2.00				1.75		3.62	3.25		1.12	2.12				3.12	3.00	1.75	3.12	1.50					3.00						3.12	3.38			2.88			3.25				1.12	1.25		2.62	2.75	2.00	1.75	2.62	3.50							2.25			3.12	2.62	3.12	2.38		3.00	2.25
51-9192.00					3.00	2.88			2.75					3.00				2.38	2.12		0.12	2.00							0.88	3.00	2.38		2.88	2.25	2.00				1.62	2.25	1.88	2.25		2.38	2.75									2.88	1.38				1.75		2.88	3.12		0.88	1.38				2.88	2.38	1.50	3.00	0.75					2.50						1.75	2.62			2.12			2.75				0.75	0.88		2.50	2.25	2.00	1.75	2.25	2.62							2.25			3.00	2.12	2.38	1.88		2.50	2.12
51-9193.00					3.00	3.00			2.88					3.12				3.00	2.75		0.12	2.25							0.88	3.00	2.88		3.12	2.75	2.38				1.88	2.12	2.25	2.12		3.00	3.00									3.12	2.38				2.25		3.00	3.38		1.25	2.50				3.00	3.00	2.38	3.50	0.88					3.12						2.88	3.12			2.12			3.25				1.38	1.50		2.75	2.75	2.25	1.62	2.38	3.12							2.25			3.12	3.00	3.12	2.25		3.00	2.75
51-9194.00					4.00	1.62			3.00					3.75				3.00	2.12		0.00	1.75							0.88	1.62	2.62		3.62	2.62	2.62				0.75	1.38	1.25	2.00		2.88	3.12									3.38	1.88				2.00		2.88	4.25		0.75	2.00				3.25	3.38	2.50	2.75	0.62					3.00						2.25	2.50			1.75			3.00				0.62	0.88		3.00	3.00	1.88	0.00	1.38	2.25							2.12			2.50	2.62	3.12	1.88		3.00	2.88
51-9195.00					3.00	2.25			2.75					3.12				2.62	1.75		0.38	2.25							2.00	2.75	3.00		3.12	2.75	2.12				1.75	2.25	2.12	2.25		2.75	3.38									2.88	1.50				2.00		3.00	3.50		1.25	1.75				3.25	3.00	2.00	2.88	1.25					2.62						2.62	2.75			2.00			2.75				1.25	1.50		2.62	2.75	1.88	0.88	2.25	2.75							2.50			3.12	2.75	3.12	2.12		3.00	2.62
51-9195.03					4.00	2.50			3.00					3.75				2.75	2.25		0.62	2.38							1.12	3.25	2.75		3.62	2.62	2.62				0.88	2.00	1.12	1.62		2.75	2.88									3.62	1.38				1.38		3.00	3.62		0.50	1.50				2.88	2.88	2.75	2.38	0.62					3.00						1.62	2.50			1.50			3.12				0.50	0.88		2.25	2.38	1.25	0.88	2.38	3.25							1.62			3.00	2.62	3.25	2.12		2.88	1.75
51-9195.04					4.00	2.75			3.00					3.75				2.88	2.75		0.00	2.00							1.25	2.38	3.25		3.62	2.75	2.88				2.00	2.00	1.50	2.62		2.88	3.00									3.62	2.12				2.12		3.12	3.88		0.88	2.38				3.12	3.00	2.75	3.12	0.75					3.00						3.00	3.50			2.62			3.50				0.62	0.88		2.75	2.88	2.00	1.62	2.00	2.62							2.75			2.88	3.75	3.88	2.62		3.00	2.62
51-9195.05					4.00	1.88			3.12					4.00				3.12	2.62		0.50	2.25							0.62	2.88	2.62		3.75	2.50	2.88				0.62	2.00	1.50	1.75		3.00	3.12									3.88	1.50				1.62		3.62	3.75		0.50	1.38				3.00	3.00	3.50	2.75	1.00					3.12						2.88	2.38			2.75			3.00				0.50	1.00		2.88	3.00	1.50	1.50	2.12	2.88							2.12			2.88	3.00	3.75	2.88		3.00	2.88
51-9196.00					3.12	3.00			3.12					3.00				2.75	2.25		0.38	1.75							1.25	3.00	2.50		3.00	2.75	2.12				0.88	1.88	1.38	2.88		2.75	3.00									3.00	1.50				1.50		3.00	3.25		0.38	1.75				3.00	3.00	2.12	2.88	0.50					2.75						2.50	3.00			1.50			3.12				0.88	0.75		2.25	2.38	1.88	1.38	2.12	2.50							2.50			3.00	2.75	2.88	2.00		2.88	2.25
51-9197.00					3.12	3.25			2.38					3.62				2.62	2.38		0.12	2.25							0.88	3.50	2.25		3.12	2.50	1.88				1.38	2.75	2.00	2.38		2.50	2.50									3.50	1.12				1.25		3.62	3.12		0.75	1.25				2.75	2.75	2.00	2.50	0.75					2.62						3.12	3.38			2.88			3.12				0.75	0.88		2.25	2.50	1.12	2.12	3.00	3.12							1.62			3.25	2.25	2.88	2.25		2.25	1.88
51-9198.00					3.12	2.88			2.75					3.38				2.62	2.75		0.38	2.12							1.12	3.12	2.75		3.00	2.12	1.62				0.88	2.00	1.75	2.12		2.75	2.62									3.12	1.62				1.12		3.00	3.25		0.88	1.75				2.88	2.88	1.62	3.00	1.12					2.75						2.25	3.00			2.25			2.75				0.75	1.00		2.12	2.25	1.75	2.00	2.75	3.25							2.00			3.38	2.38	2.62	1.88		2.25	2.00
53-1041.00					2.62	3.25			3.00					3.00				3.12	3.00		0.88	2.25							1.12	3.12	3.25		2.75	3.12	3.00				2.25	2.25	1.88	2.75		3.00	3.12									3.12	2.88				2.38		3.00	3.25		1.25	3.00				3.88	3.88	3.00	3.12	2.00					3.50						2.50	3.00			2.62			3.50				1.75	2.00		3.25	3.00	3.00	2.00	2.50	3.75							3.12			3.00	2.88	3.62	2.00		3.00	2.88
53-1042.00					2.62	2.62			3.00					2.62				3.75	2.00		0.50	2.00							1.12	2.38	3.00		2.75	2.62	3.00				1.38	2.00	1.38	1.88		3.12	3.38									3.00	2.12				2.00		2.25	3.12		0.88	2.38				4.00	4.00	3.00	2.38	1.38					3.62						2.12	2.12			1.88			3.00				1.25	1.38		3.12	3.38	2.12	0.62	2.00	2.38							2.88			2.88	1.88	3.00	0.88		3.75	3.25
53-1042.01					2.12	2.38			2.88					2.50				3.25	2.12		0.00	0.00							0.00	0.00	2.75		2.38	2.62	2.88				1.12	0.12	0.00	1.75		3.12	3.12									1.88	2.50				2.00		2.75	3.00		1.12	2.62				3.75	3.62	2.50	2.38	0.88					3.00						1.25	1.88			2.00			2.62				0.75	1.50		3.25	3.12	2.12	1.12	0.12	1.75							2.38			2.00	2.00	2.12	1.25		3.25	3.25
53-1043.00					2.75	2.38			3.00					2.38				3.75	2.62		0.00	0.62							0.12	1.25	3.00		2.38	3.00	3.00				0.75	1.88	0.88	2.12		3.00	3.50									2.38	2.75				2.12		2.62	3.38		0.62	2.75				4.00	4.00	3.12	2.88	1.25					3.75						2.00	2.12			2.12			3.00				1.50	1.75		3.12	3.00	2.75	0.75	1.62	2.12							3.00			2.25	2.38	3.00	1.50		3.88	3.75
53-2011.00					3.75	4.00			3.38					4.50				4.38	4.38		0.00	0.88							0.50	2.50	5.38		3.12	4.12	3.12				4.25	0.75	1.88	4.00		4.25	4.12									3.25	3.12				3.12		4.25	4.38		3.88	3.62				4.75	4.38	3.00	4.25	4.00					5.00						5.00	5.00			5.62			4.12				2.88	4.62		3.88	4.00	4.00	2.75	0.62	2.12							4.25			1.38	3.38	4.00	2.75		4.12	3.25
53-2012.00					3.12	3.25			3.12					4.50				4.00	4.12		0.00	1.88							1.00	2.12	4.75		3.00	3.88	3.12				3.50	1.75	1.62	3.12		4.00	4.00									3.12	3.00				2.62		4.12	3.88		3.00	2.75				4.25	4.12	3.00	4.00	3.12					4.88						4.00	4.12			4.62			4.00				2.62	3.88		3.88	3.62	3.50	1.62	1.50	2.12							4.00			2.25	3.25	3.38	2.12		4.00	3.75
53-2021.00					2.38	3.88			4.00					2.88				4.38	2.62		0.00	0.00							0.00	0.12	4.25		3.00	4.50	3.75				1.38	0.00	0.00	2.75		4.00	4.12									2.00	3.12				3.00		0.38	4.12		2.12	3.25				4.62	4.75	3.50	4.38	0.75					4.62						0.62	1.00			0.88			4.88				0.88	1.00		4.00	4.38	4.88	0.00	0.00	0.00							5.62			1.12	3.00	4.50	0.12		3.88	3.38
53-2022.00					2.00	3.25			3.12					2.88				4.00	2.62		0.00	1.00							0.38	1.25	4.00		2.12	3.12	3.00				2.12	1.12	1.12	2.38		3.50	3.75									2.25	2.38				2.12		2.12	3.75		2.00	2.12				4.00	4.00	3.00	3.12	2.12					4.25						1.00	2.00			2.12			3.38				1.50	2.38		3.00	3.12	2.75	0.62	0.88	1.12							3.00			1.75	2.75	3.00	1.00		4.00	3.75
53-2031.00					2.75	3.62			3.00					1.88				3.62	1.88		0.00	2.12							0.88	3.12	3.12		2.75	2.75	2.38				0.62	2.75	3.12	2.12		3.25	3.00									2.75	1.88				2.00		2.62	3.25		0.38	2.00				4.00	4.00	2.12	3.12	0.12					3.88						0.75	2.12			1.50			3.12				0.25	0.25		4.00	3.88	2.75	1.88	2.62	2.88							2.88			3.00	2.62	2.00	0.50		3.00	2.88
53-3011.00					3.00	2.75			3.00					3.12				3.62	2.88		0.00	2.50							0.88	3.00	3.25		3.00	3.00	2.75				1.75	2.75	1.38	2.12		3.12	3.00									3.00	1.38				1.88		3.12	3.50		2.12	1.25				4.00	4.00	2.38	3.12	2.12					3.75						3.00	3.62			3.12			3.00				1.12	3.12		2.88	3.12	2.75	2.75	2.25	3.88							3.12			3.00	2.00	2.88	0.62		3.12	3.00
53-3031.00					2.25	2.12			3.00					3.00				3.00	2.00		0.00	2.12							0.75	2.88	3.00		2.88	2.12	2.75				2.00	2.25	1.62	2.12		2.88	3.00									2.88	1.75				2.00		3.00	3.12		1.88	1.88				3.75	3.75	2.00	2.75	2.00					3.00						2.25	2.50			2.62			2.62				2.00	2.12		3.00	3.25	2.00	1.38	2.25	3.00							2.62			3.00	2.25	2.12	1.75		3.00	3.00
53-3032.00					3.00	3.12			3.00					3.88				3.00	3.50		0.88	2.38							1.12	2.75	3.88		2.75	2.75	2.00				2.88	1.88	2.00	3.00		2.88	2.88									3.00	1.88				1.88		4.00	3.12		2.88	2.00				3.00	3.00	1.75	2.88	3.00					3.00						4.00	4.00			4.00			3.12				2.88	3.50		2.88	2.88	2.25	2.62	2.12	3.38							3.00			2.75	2.50	3.00	2.75		3.00	2.12
53-3033.00					2.62	2.25			2.62					3.00				2.88	2.88		0.38	2.25							0.50	3.00	3.38		2.25	2.12	2.00				2.12	2.25	1.25	2.38		2.62	2.88									2.88	2.00				1.75		3.25	3.00		2.25	2.00				3.00	3.62	1.88	2.62	2.25					2.88						2.88	3.00			3.00			2.88				2.00	3.12		2.88	3.00	2.00	1.75	2.62	3.62							2.88			3.12	2.50	2.75	1.62		3.00	2.25
53-3051.00					2.75	3.00			2.50					3.25				2.88	3.00		0.62	1.88							1.12	1.75	3.50		2.00	2.62	2.25				2.25	1.75	1.38	3.12		2.75	3.12									2.62	1.50				2.50		3.12	3.25		2.25	2.00				3.38	3.12	2.25	2.88	3.25					3.00						3.38	3.50			3.50			3.12				2.62	3.12		3.00	3.00	2.75	0.88	1.38	1.75							3.25			2.62	2.62	2.62	2.25		3.00	2.75
53-3052.00					2.88	3.00			2.00					3.38				2.25	2.88		0.12	1.25							0.62	2.00	3.62		2.12	2.25	1.62				2.75	1.50	0.75	2.75		2.25	2.62									2.12	1.12				2.00		3.50	2.88		2.75	1.25				2.88	3.00	1.75	2.88	3.00					3.00						3.25	3.75			3.88			3.25				2.12	2.88		2.88	2.88	2.12	1.50	0.88	1.88							3.25			2.12	2.50	2.25	1.12		2.50	2.00
53-3053.00					2.75	2.75			2.75					3.25				2.88	2.75		0.25	1.38							1.00	2.62	3.62		2.50	2.75	2.38				2.50	1.62	1.50	2.50		2.75	2.88									2.62	1.50				2.62		3.00	3.12		2.38	2.00				3.50	3.50	2.50	2.75	2.62					2.88						3.25	3.62			3.38			2.88				2.75	3.25		3.00	3.12	2.25	0.62	1.12	2.12							3.12			2.62	2.50	2.00	1.38		2.88	2.50
53-4011.00					3.00	4.00			2.75					4.00				3.12	3.50		0.00	2.00							0.50	2.12	4.50		3.00	3.50	2.00				2.88	2.00	1.50	2.88		3.12	3.25									3.00	2.25				2.25		3.88	3.38		2.50	2.50				3.88	3.88	2.00	3.75	2.75					3.38						3.75	4.38			4.00			4.00				2.12	3.12		3.00	3.00	2.88	2.25	1.50	2.62							3.50			2.50	2.88	3.00	2.50		3.12	2.75
53-4013.00					3.00	3.50			2.88					3.75				3.12	3.12		0.12	2.25							0.88	3.12	4.12		2.88	3.12	2.12				2.88	2.75	2.75	2.88		3.00	3.00									3.00	2.00				2.12		3.75	3.38		1.75	2.00				3.88	3.75	2.00	3.12	2.50					4.12						3.00	3.88			3.75			3.25				1.88	3.00		3.00	3.12	2.75	2.50	2.12	3.12							3.00			3.00	3.12	3.25	2.25		3.12	2.62
53-4022.00					2.88	3.12			2.62					3.62				3.12	2.75		0.50	2.62							2.38	3.12	3.75		2.75	3.00	2.38				2.38	2.50	2.88	2.88		3.00	3.00									3.00	1.75				1.75		3.38	3.50		2.50	2.00				3.62	3.25	2.50	3.12	1.88					3.12						3.25	3.75			3.25			3.00				1.88	2.25		2.88	3.00	2.25	0.88	2.50	2.88							3.12			3.25	3.12	2.62	2.12		3.25	2.62
53-4031.00					2.88	3.88			3.12					3.12				3.75	3.00		0.00	1.62							0.00	2.75	3.88		2.75	3.00	2.75				2.62	2.38	2.50	2.88		3.12	3.75									2.62	2.12				2.00		2.88	3.50		1.75	2.25				4.00	4.00	2.75	3.12	2.12					3.75						2.88	3.50			2.62			3.25				1.62	2.25		3.50	3.12	2.38	2.00	2.38	2.50							2.88			2.62	2.75	3.38	1.75		3.00	3.00
53-4041.00					2.88	3.62			3.00					4.00				3.00	3.00		0.00	2.00							1.88	1.75	3.62		2.88	3.00	1.88				2.88	2.12	2.00	3.00		3.00	3.00									3.00	1.88				2.62		3.88	3.00		2.12	2.00				3.38	3.50	1.88	3.00	2.50					3.12						3.25	4.38			3.62			3.25				3.25	2.88		3.00	3.00	2.50	2.25	2.00	2.00							3.12			2.12	3.00	2.88	1.88		3.00	2.75
53-5011.00					3.12	3.88			3.00					3.75				3.00	3.88		0.25	2.88							1.38	3.38	4.38		3.12	3.88	2.25				3.50	3.00	3.12	3.38		3.00	3.12									3.12	2.12				2.12		3.75	3.75		2.50	2.12				3.88	3.25	2.25	3.25	2.50					3.50						3.00	3.25			2.88			3.12				2.88	2.88		3.00	3.00	2.50	2.25	2.88	3.62							3.12			3.50	3.38	3.25	2.62		3.12	2.88
53-5021.00					3.25	3.25			3.12					3.25				3.50	3.50		1.00	2.75							2.38	2.88	4.12		3.12	3.38	2.75				3.75	2.38	2.75	3.12		3.38	3.75									3.12	2.50				3.00		3.25	3.62		2.88	2.75				3.88	3.88	2.62	3.50	2.75					3.62						3.12	3.62			2.88			3.62				2.62	4.38		3.50	3.62	3.12	1.00	2.12	2.75							3.25			3.25	3.00	3.25	2.00		3.50	3.50
53-5022.00					3.00	3.38			2.88					4.00				3.00	3.12		0.00	2.38							0.88	2.88	4.62		3.12	3.38	2.25				3.62	2.00	2.50	2.88		3.00	3.12									3.12	1.88				2.62		3.12	3.25		2.75	1.88				3.50	3.62	2.50	3.50	2.88					3.50						3.12	3.38			3.50			3.62				2.50	3.88		3.00	3.00	2.50	1.88	1.62	3.12							3.25			3.00	3.00	3.50	2.12		2.88	2.75
53-5031.00					3.12	3.25			3.12					3.88				4.00	2.25		0.50	2.12							1.38	3.38	3.00		3.25	3.12	3.00				1.88	2.12	2.00	3.38		3.75	3.62									3.00	2.38				2.38		3.12	3.75		1.25	2.62				4.12	4.00	3.00	3.12	1.50					4.12						3.00	3.12			3.00			3.62				2.25	2.25		3.25	3.12	2.88	0.50	2.38	3.00							3.00			3.00	3.25	3.62	2.38		4.00	3.50
53-6011.00					2.75	3.00			2.88					3.25				2.88	2.88		0.00	2.00							1.00	2.00	3.75		2.62	2.75	2.12				3.00	2.00	2.00	3.00		2.75	3.00									2.50	1.88				2.25		3.00	3.00		2.00	2.00				3.12	3.00	2.12	2.88	2.12					2.88						2.62	3.12			2.62			3.12				2.12	1.75		3.12	3.00	2.38	1.88	1.75	2.25							2.88			2.38	2.50	2.00	2.00		2.88	2.88
53-6021.00					2.12	2.25			2.62					2.88				2.50	2.75		0.12	1.75							1.62	2.62	3.00		2.50	3.00	1.75				1.88	2.12	1.62	1.75		2.50	2.50									2.50	1.75				2.00		2.62	3.00		2.38	2.12				2.88	3.38	1.75	2.75	2.38					2.88						1.75	2.75			2.62			3.12				1.75	2.75		2.75	3.00	2.00	1.62	2.38	2.38							2.38			2.62	2.50	2.62	1.00		2.25	2.00
53-6031.00					3.00	2.75			2.38					3.00				2.50	2.25		0.00	2.12							0.88	3.38	2.88		3.12	2.38	1.88				1.38	2.25	1.75	2.62		2.38	2.75									3.00	1.75				1.88		3.12	3.12		1.38	2.12				3.12	3.88	1.88	2.38	1.50					2.50						1.62	2.75			2.62			2.75				1.88	1.88		2.88	3.00	2.00	1.75	3.00	3.00							2.38			3.25	2.88	3.00	2.25		2.88	2.12
53-6041.00					2.50	2.38			3.25					2.62				3.88	2.00		0.00	0.88							1.00	1.12	3.25		2.62	3.12	3.12				1.75	0.50	0.62	2.12		3.38	3.50									2.25	3.00				2.25		2.00	3.12		1.75	3.00				3.88	4.00	3.00	3.00	1.75					3.38						1.62	2.38			1.88			3.00				1.38	1.88		3.00	3.12	2.50	0.50	0.62	1.00							2.38			1.25	2.75	3.12	0.75		3.62	3.38
53-6051.00					1.88	2.12			3.38					1.75				3.50	2.38		0.00	1.50							1.38	2.12	3.25		0.50	3.38	3.00				1.62	1.75	1.75	2.00		3.50	3.38									0.75	2.88				2.62		2.00	3.38		1.25	2.75				4.00	4.00	2.75	3.12	1.88					4.00						1.38	2.00			2.12			2.88				1.50	2.38		3.12	3.50	2.75	0.12	1.62	1.75							2.50			2.50	2.50	3.00	1.75		3.75	3.62
53-6051.01					3.00	3.25			3.25					3.25				4.00	2.62		0.00	1.50							0.62	2.38	3.38		3.00	3.25	2.88				1.88	1.88	1.38	3.12		4.00	3.62									3.00	2.50				2.38		2.88	4.00		1.38	2.38				4.00	4.00	2.88	3.38	1.38					4.38						2.00	2.50			2.50			3.12				2.00	2.00		3.12	3.25	3.12	0.88	1.75	2.00							3.00			2.25	3.25	3.25	1.50		4.00	3.88
53-6051.07					3.12	2.75			2.88					3.00				3.00	2.62		0.00	1.25							0.25	3.12	2.75		3.00	3.00	2.12				1.75	1.75	1.38	2.88		3.00	3.00									2.88	1.75				1.88		2.75	3.88		1.62	1.75				3.62	3.25	2.00	2.88	1.75					3.12						2.25	2.38			2.12			2.88				1.25	1.88		3.00	2.88	2.25	0.88	1.88	2.12							2.62			2.62	2.75	2.75	1.75		3.00	2.75
53-6061.00					2.12	2.38			2.88					2.12				2.88	1.88		0.00	1.75							1.88	2.12	2.62		1.88	2.50	2.12				0.88	2.38	2.12	2.25		2.88	2.62									2.00	1.50				2.00		2.12	3.00		1.00	1.62				3.62	4.00	2.12	2.50	1.00					3.25						0.75	1.50			1.88			2.75				0.75	1.00		3.50	3.38	2.00	1.12	1.88	2.00							2.75			2.75	1.88	2.00	0.75		3.00	2.38
53-7011.00					3.12	3.00			3.00					3.50				3.00	3.12		0.25	2.12							1.38	3.00	3.12		3.00	2.88	2.25				2.25	2.00	2.00	3.00		3.00	3.50									3.12	1.75				2.00		3.50	3.12		1.38	1.75				3.50	3.38	2.12	3.25	1.38					3.12						3.12	3.12			2.88			3.12				1.50	1.38		2.88	2.88	2.25	1.25	1.75	3.00							2.50			3.00	2.75	3.00	1.50		2.88	2.88
53-7021.00					3.12	2.88			2.50					4.12				3.00	4.12		0.00	2.00							0.50	2.62	4.12		3.00	2.62	2.12				3.00	2.00	2.12	2.88		2.50	2.75									3.12	2.12				2.00		4.00	3.62		1.88	2.12				3.50	3.12	2.12	3.12	2.75					2.88						3.75	3.88			3.50			3.12				2.00	2.75		3.00	2.62	2.12	2.25	1.75	2.88							2.50			2.62	3.00	3.12	2.50		2.88	2.38
53-7031.00					3.12	3.38			2.25					4.00				2.62	3.62		0.25	2.25							0.38	1.88	3.50		2.88	3.00	2.00				2.62	1.88	1.62	2.62		2.38	2.88									2.88	1.38				1.62		4.00	2.88		1.12	1.38				3.25	2.88	1.75	3.12	1.88					2.75						2.75	3.62			3.38			3.00				1.62	2.38		2.50	2.50	2.00	1.75	1.50	2.88							2.50			2.75	2.25	2.75	2.12		2.25	2.00
53-7041.00					2.63	2.88			2.63					3.88				2.38	3.50		0.13	2.00							0.13	3.50	2.75		2.75	2.50	2.13				2.38	2.00	2.50	2.88		2.63	2.88									2.75	1.50				2.25		3.63	2.75		1.63	2.00				3.63	2.88	2.13	3.38	2.00					2.88						2.63	3.50			3.25			2.75				2.13	1.75		2.38	2.50	2.00	2.38	1.88	3.13							2.63			2.63	2.38	2.88	2.00		2.50	2.13
53-7051.00					2.88	3.12			2.38					4.00				3.00	3.88		0.88	2.50							1.25	3.12	3.38		3.00	2.38	2.00				1.75	2.00	2.00	2.75		2.25	2.62									3.00	2.00				1.50		4.00	3.00		1.50	2.25				3.12	2.88	1.62	3.00	3.00					3.00						3.25	3.50			3.25			3.12				2.00	3.00		2.25	2.25	1.75	1.75	2.25	3.62							2.75			3.00	2.62	3.00	2.00		2.12	2.00
53-7061.00					2.50	1.38			2.25					3.00				2.50	2.12		0.62	2.38							0.75	3.12	2.12		2.75	1.75	1.12				1.00	2.38	1.12	0.75		2.25	2.38									3.00	0.88				1.12		3.00	2.88		0.88	1.12				3.00	2.38	0.75	1.75	1.00					2.50						1.75	2.00			2.00			2.00				0.38	1.50		2.12	2.25	1.25	1.50	2.62	2.12							2.12			3.00	1.88	2.00	1.62		2.00	1.25
53-7062.00					3.00	2.00			2.75					3.12				2.88	2.62		1.12	3.00							1.62	3.75	3.00		2.88	2.12	2.00				1.25	2.25	1.62	2.00		2.75	2.88									3.00	1.38				1.38		3.62	3.12		1.25	1.88				3.00	2.88	2.00	2.12	1.88					2.88						2.38	2.88			2.50			2.88				1.25	1.88		2.12	2.62	2.00	1.75	3.12	4.00							2.38			3.75	2.38	2.88	1.12		2.88	2.00
53-7062.04					3.25	2.25			3.00					3.62				2.50	3.00		0.38	2.00							0.25	2.88	2.88		3.12	2.75	2.12				1.75	2.62	1.88	2.25		2.50	2.88									3.38	1.38				1.88		3.75	3.38		1.62	1.50				2.88	2.88	1.88	2.75	1.62					2.50						2.88	3.25			2.75			2.75				1.50	2.12		2.62	2.88	2.00	2.88	2.38	3.00							2.62			3.00	2.62	2.38	2.50		2.75	2.62
53-7063.00					3.25	2.75			2.88					3.75				2.75	2.62		0.38	2.12							1.12	2.75	2.75		2.88	2.88	1.88				0.38	2.12	1.88	2.50		2.75	2.88									3.00	1.75				1.75		2.75	3.12		0.38	2.00				3.00	3.00	1.75	3.00	0.38					2.75						3.00	3.25			2.00			2.88				0.38	0.50		2.75	2.75	1.50	1.62	2.00	3.00							2.50			2.88	2.12	2.62	2.25		3.00	2.75
53-7064.00					2.25	1.88			2.12					2.25				2.12	2.00		0.50	2.12							0.38	2.88	2.00		2.62	2.00	0.88				0.50	2.00	1.00	1.25		2.00	2.12									3.12	1.12				1.25		2.75	3.12		0.50	1.38				3.00	2.88	0.62	2.12	0.88					2.50						1.50	1.88			1.12			2.12				0.50	1.12		2.00	2.12	1.50	2.00	2.25	3.00							1.75			3.12	1.88	1.88	1.62		2.00	1.88
53-7065.00					2.75	2.25			2.88					2.62				2.62	2.38		0.88	2.25							1.88	3.38	3.00		2.50	2.25	2.25				1.25	2.25	2.38	1.88		2.50	2.75									2.88	1.50				2.00		3.00	3.25		1.00	2.00				3.12	3.12	2.12	2.62	1.25					2.88						1.75	1.50			1.75			2.62				1.25	1.62		2.75	2.88	1.88	0.38	2.25	2.88							2.25			2.88	2.25	2.62	1.50		2.88	2.38
53-7071.00					3.12	3.00			3.00					3.12				3.25	2.62		0.00	1.88							1.12	2.25	3.12		3.12	3.00	2.25				2.00	2.00	2.00	2.75		3.12	3.00									3.12	2.12				2.12		3.12	3.25		1.25	2.12				3.12	3.00	2.12	3.50	1.38					3.25						3.12	3.25			2.88			3.00				1.50	1.88		2.88	2.75	2.75	1.62	1.88	2.38							2.75			2.88	2.38	2.75	2.00		2.88	2.88
53-7072.00					3.12	3.50			3.12					3.25				3.00	3.00		0.00	2.25							0.75	3.12	3.12		3.12	3.00	2.12				2.00	2.12	2.12	3.00		3.00	3.12									3.12	2.75				2.12		3.12	3.38		1.25	2.75				3.62	3.25	2.00	3.75	1.88					3.25						2.88	3.12			2.75			3.25				1.25	2.12		2.88	2.88	2.75	1.88	2.25	3.00							2.75			2.88	3.25	3.25	2.12		3.00	2.88
53-7073.00					2.88	2.62			3.00					4.00				3.00	2.00		0.75	2.38							0.88	3.12	2.50		2.88	2.25	1.88				1.50	2.62	2.88	2.00		3.00	3.00									3.00	1.38				2.12		3.38	3.25		0.75	1.62				2.88	3.00	1.75	3.38	1.25					3.25						2.12	3.50			3.00			3.12				0.75	1.88		2.50	2.75	1.75	1.50	2.38	3.12							2.25			3.12	1.62	3.12	1.62		2.75	2.38
53-7081.00					2.25	2.25			2.38					2.88				2.12	2.62		0.00	2.25							1.25	2.88	3.12		2.12	2.00	1.38				2.12	2.00	2.00	2.38		2.00	2.50									2.62	0.00				1.75		3.00	2.88		1.88	0.00				2.88	2.88	1.00	2.12	2.00					2.12						2.38	3.00			2.62			2.12				2.00	2.12		2.75	2.62	1.62	1.50	2.25	3.25							2.25			3.00	2.75	2.25	1.00		2.25	2.00
53-7121.00					3.12	3.00			2.88					4.00				2.88	3.62		0.50	2.75							1.12	3.75	3.12		3.12	3.00	2.12				2.75	2.88	3.00	3.00		2.88	2.88									3.12	2.12				2.00		3.88	3.25		2.00	2.12				3.38	3.25	2.12	3.12	2.12					3.00						3.12	3.75			2.75			3.00				2.00	2.00		2.88	2.75	2.00	2.25	2.88	3.88							2.88			3.62	2.88	3.00	2.00		3.00	2.75
