id	ext_ids	ext_urls	label	description	tags	source	grade_start	grade_end
khan.counting-out-1-20-objects			Count with small numbers		math	khan	1.0	6.0
khan.which-has-more-			Compare size		math	khan	1.0	6.0
khan.naming-shapes	dbpedia.Elementary_shapes	http://dbpedia.org/resource/Category:Elementary_shapes	Name shapes 1		math	khan	1.0	6.0
khan.count-to-100	lcsh.sh85062987	http://id.loc.gov/authorities/subjects/sh85062987	Numbers to 100		math	khan	1.0	6.0
khan.count-from-any-number	wd.Q102442006	https://www.wikidata.org/wiki/Q102442006	Missing numbers		math	khan	7.0	9.0
khan.counting-in-scenes			Count in pictures		math	khan	9.0	12.0
khan.counting-objects	lcsh.sh85033451	http://id.loc.gov/authorities/subjects/sh85033451	Count in order		math	khan	9.0	12.0
khan.one-more--one-less			Find 1 more or 1 less than a number		math	khan	1.0	6.0
khan.how-many-objects-1	lcsh.sh85033451	http://id.loc.gov/authorities/subjects/sh85033451	Count objects 1		math	khan	9.0	12.0
khan.compare-groups-through-10			Compare numbers of objects 1		math	khan	7.0	9.0
khan.comparing-numbers-through-10	lcsh.sh85133805	http://id.loc.gov/authorities/subjects/sh85133805	Comparing numbers to 10		math	khan	1.0	6.0
khan.how-many-objects-2	lcsh.sh85033451	http://id.loc.gov/authorities/subjects/sh85033451	Count objects 2		math	khan	9.0	12.0
khan.making-five	dbpedia.5	http://dbpedia.org/resource/Category:5	Making 5		math	khan	1.0	6.0
khan.put-together			Add within 10		math	khan	1.0	6.0
khan.sort-groups-by-count			Compare numbers of objects 2		math	khan	7.0	9.0
khan.addition_1	dbpedia.5	http://dbpedia.org/resource/Category:5	Add within 5		math	khan	1.0	6.0
khan.take-apart			Subtract within 10		math	khan	3.0	3.0
khan.making-totals-in-different-ways-within-10			Making small numbers in different ways		math	khan	1.0	6.0
khan.making-ten	khan.making-ten-2		Make 10 (grids and number bonds)		math	khan	4.0	4.0
khan.naming-shapes-2	dbpedia.Elementary_shapes	http://dbpedia.org/resource/Category:Elementary_shapes	Name shapes 2		math	khan	1.0	6.0
khan.subtraction_1			Subtract within 5		math	khan	7.0	9.0
khan.addition-word-problems-within-10	lcsh.sh85148106	http://id.loc.gov/authorities/subjects/sh85148106	Addition word problems within 10		math	khan	1.0	6.0
khan.teen-numbers-1	lcsh.sh2008108510	http://id.loc.gov/authorities/subjects/sh2008108510	Teen numbers		math	khan	1.0	6.0
khan.compare-shapes	lcsh.sh91003389	http://id.loc.gov/authorities/subjects/sh91003389	Compare shapes		math	khan	7.0	9.0
khan.relate-addition-and-subtraction			Relate addition and subtraction		math	khan	1.0	6.0
khan.subtraction-word-problems-within-10	lcsh.sh85148106	http://id.loc.gov/authorities/subjects/sh85148106	Subtraction word problems within 10		math	khan	1.0	6.0
khan.compose-shapes	dbpedia.Geometric_shapes	http://dbpedia.org/resource/Category:Geometric_shapes	Compose shapes		math	khan	1.0	6.0
khan.numbers-to-120	dbpedia.1207	http://dbpedia.org/resource/Category:1207	Numbers to 120		math	khan	1.0	6.0
khan.understanding-2-digit-numbers	lcsh.sh85102561	http://id.loc.gov/authorities/subjects/sh85102561	2-digit place value challenge		math	khan	1.0	6.0
khan.order-by-length	dbpedia.Ordering	http://dbpedia.org/resource/Category:Ordering	Order by length		math	khan	1.0	6.0
khan.attributes-of-shapes			Name shapes 3		math	khan	1.0	6.0
khan.addition_2	dbpedia.20	http://dbpedia.org/resource/Category:20	Add within 20		math	khan	1.0	6.0
khan.groups-of-tens	lcsh.sh00009348	http://id.loc.gov/authorities/subjects/sh00009348	Groups of ten objects		math	khan	7.0	9.0
khan.tens-and-ones	junyi.OVGQBBcCHSOyJ89uwY+z15n2iuZYrv8Tajf37jiGzqc=;【基礎】幾個十幾個一(1);junyi.lvobiTtwUsd1ylmrciW7NzJnmmcqFC1J9PmoZ6R8xK0=;【基礎】幾個十幾個一(2);lcsh.sh85133936	http://id.loc.gov/authorities/subjects/sh85133936	Tens and ones		math;elementary	khan	1.0	6.0
khan.comparing_whole_numbers			Compare 2-digit numbers		math	khan	7.0	9.0
khan.measuring-lengths-1	lcsh.sh85075978	http://id.loc.gov/authorities/subjects/sh85075978	Measure lengths 1		math	khan	1.0	6.0
khan.halves-and-fourths			Halves and fourths		math	khan	1.0	6.0
khan.subtraction_2			Subtract within 20		math	khan	3.0	3.0
khan.comparing-two-digit-numbers-1			Compare 2-digit numbers 2		math	khan	7.0	9.0
khan.meaning-of-equal-sign-1	wd.Q214796	https://www.wikidata.org/wiki/Q214796	Equal sign		math	khan	7.0	9.0
khan.addition-and-subtraction-word-problems-within-20--level-1	lcsh.sh85148106	http://id.loc.gov/authorities/subjects/sh85148106	Addition and subtraction word problems 1		math	khan	7.0	9.0
khan.adding-three-numbers	dbpedia.3_(number)	http://dbpedia.org/resource/Category:3_(number)	Add 3 numbers		math	khan	1.0	6.0
khan.addition-and-subtraction-word-problems-within-20--level-2	lcsh.sh85148106	http://id.loc.gov/authorities/subjects/sh85148106	Addition and subtraction word problems 2		math	khan	7.0	9.0
khan.addition-and-subtraction-word-problems-within-20--level-3			Word problems with \more\ and \fewer\ 1		math	khan	7.0	9.0
khan.breaking-apart-two-digit-addition-problems			Break apart 2-digit addition problems		math	khan	1.0	6.0
khan.add-within-100--level-1			Add 1 or 10		math	khan	1.0	6.0
khan.addition-and-subtraction-word-problems-within-20--level-4			Word problems with \more\ and \fewer\ 2		math	khan	1.0	6.0
khan.adding-1s-or-10s-to-two-digit-numbers			Add 1s or 10s (no regrouping)		math	khan	1.0	6.0
khan.solving-problems-with-bar-graphs-1			Solve problems with bar graphs 1		math	khan	1.0	6.0
khan.regroup-two-digit-plus-one-digit			Regroup when adding 1-digit numbers		math	khan	1.0	6.0
khan.add-within-100--level-2	dbpedia.Three-digit_telephone_numbers	http://dbpedia.org/resource/Category:Three-digit_telephone_numbers	Add 2-digit numbers (no regrouping)		math	khan	1.0	6.0
khan.subtract-with-in-100-level-1			Subtract 1 or 10		math	khan	3.0	3.0
khan.making-100			Add 2-digit numbers by making tens		math	khan	1.0	6.0
khan.subtracting-1s-or-10s			Subtracting 1s or 10s (no regrouping)		math	khan	3.0	3.0
khan.hundreds--tens--and-ones	lcsh.sh2006002915	http://id.loc.gov/authorities/subjects/sh2006002915	Hundreds tens and ones		math	khan	1.0	6.0
khan.measuring-lengths-2	lcsh.sh85075978	http://id.loc.gov/authorities/subjects/sh85075978	Measure lengths 2		math	khan	1.0	6.0
khan.making-100-level-2			Add 2-digit numbers by making tens 2		math	khan	1.0	6.0
khan.subtract-within-100-level-2			Subtract 2-digit numbers (no regrouping)		math	khan	1.0	6.0
khan.regroup-two-dig-minus-one-dig			Subtract 1-digit numbers with regrouping		math	khan	1.0	6.0
khan.writing-numbers-to-1000	lcsh.sh85102561	http://id.loc.gov/authorities/subjects/sh85102561	3-digit place value challenge		math	khan	1.0	6.0
khan.solving-problems-with-picture-graphs-1			Solve problems with picture graphs 1		math	khan	7.0	9.0
khan.solving-problems-with-line-plots-1			Solve problems with line plots		math	khan	1.0	6.0
khan.estimating-lengths	khan.estimate-lengths--us-customary-units-;lcsh.sh85075978	http://id.loc.gov/authorities/subjects/sh85075978	Estimate lengths		math	khan	1.0	6.0
khan.recognizing-shapes	dbpedia.Elementary_shapes	http://dbpedia.org/resource/Category:Elementary_shapes	Name shapes 4		math	khan	1.0	6.0
khan.comparing-numbers-within-1000	dbpedia.Three-digit_telephone_numbers	http://dbpedia.org/resource/Category:Three-digit_telephone_numbers	Compare 3-digit numbers		math	khan	7.0	9.0
khan.creating-line-plots-1	lcsh.sh85103533	http://id.loc.gov/authorities/subjects/sh85103533	Make line plots		math	khan	1.0	6.0
khan.equal-parts-of-circles-and-rectangles			Equal parts of circles and rectangles		math	khan	1.0	6.0
khan.subtraction_3			Subtract within 100		math	khan	3.0	3.0
khan.add-sub-within-100-w-num-line			Add and subtract using a number line		math	khan	1.0	6.0
khan.select-strategies-for-adding-within-100			Select strategies for adding within 100		math	khan	1.0	6.0
khan.addition-and-subtraction-word-problems-within-100--level-1			Add and subtract within 100 word problems 1		math	khan	1.0	6.0
khan.addition-and-subtraction-word-problems-within-100--level-2			Add and subtract within 100 word problems 2		math	khan	1.0	6.0
khan.repeated-addition	lcsh.sh85000819	http://id.loc.gov/authorities/subjects/sh85000819	Repeated addition		math	khan	1.0	6.0
khan.find-the-missing-number-add-sub-within-100	khan.find-the-missing-number--addition-and-subtraction-within-1000-;lcsh.sh85062987	http://id.loc.gov/authorities/subjects/sh85062987	Find the missing number (add and subtract within 100)		math	khan	1.0	6.0
khan.addition-and-subtraction-word-problems-within-100--level-3			Add and subtract within 100 word problems 3		math	khan	1.0	6.0
khan.telling_time_0.5	lcsh.sh85135409	http://id.loc.gov/authorities/subjects/sh85135409	Tell time with a labeled clock		math	khan	1.0	6.0
khan.addition-and-subtraction-word-problems-within-100--level-4	lcsh.sh85148106	http://id.loc.gov/authorities/subjects/sh85148106	Challenging add and subtract word problems (within 100)		math	khan	1.0	6.0
khan.break-apart-three-dig-add			Break apart 3-digit addition problems		math	khan	1.0	6.0
khan.adding-and-subtracting-on-the-number-line-word-problems			Add and subtract on the number line word problems		math	khan	1.0	6.0
khan.telling_time			Tell time without labels		math	khan	1.0	6.0
khan.meaning-of-multiplication			Meaning of multiplication		math	khan	1.0	6.0
khan.counting-money--us-	esco.42cad89f-afd4-4418-8439-8ce87eff1f26;http://data.europa.eu/esco/skill/42cad89f-afd4-4418-8439-8ce87eff1f26	http://data.europa.eu/esco/skill/42cad89f-afd4-4418-8439-8ce87eff1f26	Count money (U.S.)	Count money by sorting and wrapping money and coins.	math;skill competence	khan	1.0	6.0
khan.add-within-1000--level-1			Add 10s and 100s (no regrouping)		math	khan	1.0	6.0
khan.length-word-problems	lcsh.sh85148106	http://id.loc.gov/authorities/subjects/sh85148106	Length word problems		math	khan	1.0	6.0
khan.solving-problems-with-bar-graphs-2			Solve problems with bar graphs 2		math	khan	1.0	6.0
khan.multiplying-by-3	dbpedia.3_(number)	http://dbpedia.org/resource/Category:3_(number)	Multiply by 3		math	khan	1.0	6.0
khan.multiplying-by-2	dbpedia.2_(number)	http://dbpedia.org/resource/Category:2_(number)	Multiply by 2		math	khan	7.0	9.0
khan.multiplying-by-0-or-1			Multiply by 0 or 1		math	khan	1.0	6.0
khan.add-within-1000--level-2	dbpedia.Three-digit_telephone_numbers	http://dbpedia.org/resource/Category:Three-digit_telephone_numbers	Add 2- and 3-digit numbers (no regrouping)		math	khan	1.0	6.0
khan.subtract-within-1000--level-1			Subtract 10s and 100s (no regrouping)		math	khan	3.0	3.0
khan.multiplying-by-6	lcsh.sh85123063	http://id.loc.gov/authorities/subjects/sh85123063	Multiply by 6		math	khan	1.0	6.0
khan.multiplying-by-4	dbpedia.4_(number)	http://dbpedia.org/resource/Category:4_(number)	Multiply by 4		math	khan	1.0	6.0
khan.multiplying-by-5			Multiply by 5		math	khan	5.0	5.0
khan.subtract-within-1000--level-2			Subtract 2- and 3-digit numbers (no regrouping)		math	khan	1.0	6.0
khan.that-s-not-fair-			Cut shapes into equal parts		math	khan	1.0	6.0
khan.multiplying-by-7	lcsh.sh85120410	http://id.loc.gov/authorities/subjects/sh85120410	Multiply by 7		math	khan	1.0	6.0
khan.multiplying-by-9	lcsh.sh85091979	http://id.loc.gov/authorities/subjects/sh85091979	Multiply by 9		math	khan	1.0	6.0
khan.multiplying-by-8			Multiply by 8		math	khan	1.0	6.0
khan.adding-and-subtracting-within-1000-using-a-number-line			Add and subtract on a number line		math	khan	1.0	6.0
khan.cutting-shapes-into-equal-parts			Identify unit fractions		math	khan	1.0	6.0
khan.meaning-of-division	lcsh.sh00006400	http://id.loc.gov/authorities/subjects/sh00006400	Meaning of division		math	khan	1.0	6.0
khan.recognizing_fractions_0.5			Recognize fractions		math	khan	7.0	9.0
khan.dividing-by-3	dbpedia.3_(number)	http://dbpedia.org/resource/Category:3_(number)	Divide by 3		math	khan	1.0	6.0
khan.dividing-by-2			Divide by 2		math	khan	1.0	6.0
khan.dividing-by-1	lcsh.sh00006400	http://id.loc.gov/authorities/subjects/sh00006400	Divide by 1		math	khan	1.0	6.0
khan.dividing-by-6	lcsh.sh85123063	http://id.loc.gov/authorities/subjects/sh85123063	Divide by 6		math	khan	1.0	6.0
khan.dividing-by-4	dbpedia.4_(number)	http://dbpedia.org/resource/Category:4_(number)	Divide by 4		math	khan	1.0	6.0
khan.dividing-by-5			Divide by 5		math	khan	1.0	6.0
khan.addition_4	dbpedia.1000	http://dbpedia.org/resource/Category:1000	Add within 1000		math	khan	1.0	6.0
khan.dividing-by-7	lcsh.sh85120410	http://id.loc.gov/authorities/subjects/sh85120410	Divide by 7		math	khan	1.0	6.0
khan.dividing-by-9	lcsh.sh85091979	http://id.loc.gov/authorities/subjects/sh85091979	Divide by 9		math	khan	1.0	6.0
khan.dividing-by-8			Divide by 8		math	khan	1.0	6.0
khan.dividing-by-10	lcsh.sh85133805	http://id.loc.gov/authorities/subjects/sh85133805	Divide by 10		math	khan	1.0	6.0
khan.multiplication_0.5	lcsh.sh85088383	http://id.loc.gov/authorities/subjects/sh85088383	Basic multiplication		math	khan	1.0	6.0
khan.understanding-area	dbpedia.Units_of_area	http://dbpedia.org/resource/Category:Units_of_area	Compare area with unit squares		math	khan	1.0	6.0
khan.making-100-and-1000			Add using groups of 10 and 100		math	khan	1.0	6.0
khan.subtraction_4	opensalt.77ad8918-4d44-11ec-8ff9-0242ac140003;opensalt.3.ASWT;opensalt.8b7dbb72-3082-11ec-9345-0242ac140003;opensalt.Khan_3.NBT.A.2;csp.EEF68020A1C044E3A6FF1E0D0348CEFF;S2726876;EEF68020A1C044E3A6FF1E0D0348CEFF		Subtract within 1000		math;unit;content;archived british columbia	khan	3.0	3.0
khan.multiply-1-digit-number-by-10--100-1000			Multiply 1-digit numbers by 10 100 and 1000		math	khan	1.0	6.0
khan.converting_repeating_decimals_to_fractions_1	dbpedia.Decimalisation	http://dbpedia.org/resource/Category:Decimalisation	Converting repeating decimals to fractions		math	khan	1.0	6.0
khan.multiplication_1	junyi.Iivwb5nkQMEAcelv+J6uucjr4biBoKM554pqeUoGhs4=;【基礎】整十的整十倍;lcsh.sh85133936	http://id.loc.gov/authorities/subjects/sh85133936	Multiply by tens		math;elementary	khan	1.0	6.0
khan.division_0.5	lcsh.sh00006400	http://id.loc.gov/authorities/subjects/sh00006400	Basic division		math	khan	1.0	6.0
khan.writing-fractions-as-whole-numbers			Write fractions as whole numbers		math	khan	1.0	6.0
khan.fractions_on_the_number_line_1			Fractions on the number line		math	khan	1.0	6.0
khan.fractions-greater-than-one			Recognize fractions greater than 1		math	khan	1.0	6.0
khan.recognizing_fractions			Identify numerators and denominators		math	khan	1.0	6.0
khan.area_1			Find area by counting unit squares		math	khan	1.0	6.0
khan.perimeter_1			Find perimeter by counting unit squares		math	khan	1.0	6.0
khan.rounding-to-the-nearest-ten-or-hundred			Round to nearest 10 or 100		math	khan	1.0	6.0
khan.patterns-in-the-addition-table-and-multiplication-table	lcsh.sh85088382	http://id.loc.gov/authorities/subjects/sh85088382	Patterns in multiplication tables		math	khan	1.0	6.0
khan.multiply-by-tens-word-problems	lcsh.sh85148106	http://id.loc.gov/authorities/subjects/sh85148106	Multiply by tens word problems		math	khan	1.0	6.0
khan.division_1			Find missing divisors and dividends (1-digit division)		math	khan	1.0	6.0
khan.multiplying-tens			Multiplying 10s		math	khan	1.0	6.0
khan.multiplying-with-arrays	dbpedia.Arrays	http://dbpedia.org/resource/Category:Arrays	Multiply with arrays		math	khan	1.0	6.0
khan.fractions_on_the_number_line_2			Unit fractions on the number line		math	khan	1.0	6.0
khan.equivalent-fraction-models-1			Equivalent fraction models		math	khan	5.0	5.0
khan.naming-the-whole			Compare fractions of different wholes		math	khan	1.0	6.0
khan.time-differences	khan.time-differences--over-the-hour-		Time differences (within the hour)		math	khan	1.0	6.0
khan.find-area-of-rectangles-by-counting-unit-squares			Create rectangles with a given area		math	khan	1.0	6.0
khan.measure-to-find-area	lcsh.sh85006984	http://id.loc.gov/authorities/subjects/sh85006984	Measure to find area		math	khan	1.0	6.0
khan.solving-problems-with-bar-graphs-3			Read bar graphs and solve 1-step problems		math	khan	1.0	6.0
khan.reading_pictographs_2	khan.solving-problems-with-picture-graphs-2		Read picture graphs (multi-step problems)		math	khan	7.0	9.0
khan.commutative-property-of-multiplication	lcsh.sh85029267	http://id.loc.gov/authorities/subjects/sh85029267	Commutative property of multiplication		math	khan	7.0	9.0
khan.distributive-property-of-multiplication-			Distributive property of multiplication		math	khan	7.0	9.0
khan.relate-division-to-multiplication	lcsh.sh85038612	http://id.loc.gov/authorities/subjects/sh85038612	Relate division to multiplication		math	khan	1.0	6.0
khan.dividing-with-visuals			Divide with visuals		math	khan	1.0	6.0
khan.letters-and-symbols-in-multiplication-and-division-equations			Letters and symbols in multiplication and division equations		math	khan	1.0	6.0
khan.finding-1-on-the-number-line	dbpedia.1_(number)	http://dbpedia.org/resource/Category:1_(number)	Find 1 on the number line		math	khan	1.0	6.0
khan.equivalent-fraction-models			Equivalent fractions on the number line		math	khan	1.0	6.0
khan.telling-time-word-problems-with-the-number-line			Time word problems with number line		math	khan	1.0	6.0
khan.finding-area-by-multiplying			Transition from unit squares to area formula		math	khan	1.0	6.0
khan.measure-to-find-perimeter			Measure to find perimeter		math	khan	1.0	6.0
khan.perimeter-2			Find perimeter when given side lengths		math	khan	1.0	6.0
khan.categorize-quadrilaterals	lcsh.sh85074180	http://id.loc.gov/authorities/subjects/sh85074180	Analyze quadrilaterals		math	khan	7.0	9.0
khan.estimating-volume			Estimate volume (milliliters and liters)		math	khan	1.0	6.0
khan.estimating-mass			Estimate mass (grams and kilograms)		math	khan	1.0	6.0
khan.estimating-length--inches--feet--yards--and-miles-	khan.estimating-length--millimeters--centimeters--meters--kilometers-		Estimating length (in ft yd and mi)		math	khan	1.0	6.0
khan.comparing-fractions-with-the-same-numerator-or-denominator			Visually compare fractions 1		math	khan	1.0	6.0
khan.measuring-area-with-unit-squares			Find area with partial unit squares		math	khan	1.0	6.0
khan.find-a-missing-side-length-when-given-perimeter			Find a missing side length when given perimeter		math	khan	1.0	6.0
khan.creating_bar_charts_1	dbpedia.Bar_chart_templates	http://dbpedia.org/resource/Category:Bar_chart_templates	Create bar graphs		math	khan	1.0	6.0
khan.reading_bar_charts_2			Read bar graphs (2-step problems)		math	khan	1.0	6.0
khan.creating-picture-and-bar-graphs-2			Create picture graphs (picture more than 1)		math	khan	7.0	9.0
khan.rounding-to-the-nearest-10-or-100-on-the-number-line			Round to nearest 10 or 100 on the number line		math	khan	1.0	6.0
khan.two-step-word-problems-with-addition--subtraction--multiplication--and-division	lcsh.sh85148106	http://id.loc.gov/authorities/subjects/sh85148106	2-step word problems		math	khan	1.0	6.0
khan.estimating-volume--cups--pints--quarts--and-gallons-			Estimating volume (cups pints quarts and gallons)		math	khan	1.0	6.0
khan.volume-word-problems-1			Word problems with volume		math	khan	1.0	6.0
khan.estimating-mass--ounces-and-pounds-			Estimating mass (ounces and pounds)		math	khan	1.0	6.0
khan.patterns	khan.math-patterns;lightcast.KSJORLJ467DCXGZ0HH1A;KSJORLJ467DCXGZ0HH1A;lcsh.sh2020005895	https://skills.emsidata.com/skills/KSJORLJ467DCXGZ0HH1A;http://id.loc.gov/authorities/subjects/sh2020005895	Math patterns 1		math;specialized skill	khan	1.0	6.0
khan.relate-division-to-multiplication-word-problems	lcsh.sh85148106	http://id.loc.gov/authorities/subjects/sh85148106	Relate division to multiplication word problems		math	khan	1.0	6.0
khan.telling-time-word-problems	khan.telling-time-word-problems-		Telling time word problems (within the hour)		math	khan	1.0	6.0
khan.find-a-missing-side-length-when-given-area-of-a-rectangle			Find a missing side length when given area		math	khan	1.0	6.0
khan.decompose-figures-to-find-area-1			Decompose figures to find area 1		math	khan	1.0	9.0
khan.comparing-areas-by-multiplying			Compare areas by multiplying		math	khan	1.0	6.0
khan.rounding-challenge	junyi.eRdS2Lfw8wCLAeMb0UNbMsFEJ7BUXHLFDmkwPctkCOM=;【基礎】四捨五入法 2;junyi.51yeHVqlt292oD7kSlyIajwHuUui7mT8PnYSMxUExjs=;【基礎】四捨五入法 1		Rounding challenge		math;elementary	khan	1.0	6.0
khan.place_value	lcsh.sh85102561	http://id.loc.gov/authorities/subjects/sh85102561	Intro to place value		math	khan	1.0	6.0
khan.measurement-units	khan.converting-larger-units-to-smaller-units--ounces-and-pounds-;khan.converting-larger-units-to-smaller-units--grams-and-kilograms-;khan.converting-larger-units-to-smaller-units--milliliters-and-liters-;khan.converting-larger-units-to-smaller-units--inches--feet--yards--and-miles-;khan.converting-larger-units-to-smaller-units--cups--pints--quarts--and-gallons-;khan.converting-larger-units-to-smaller-units--millimeters--centimeters--meters--and-kilometers-		Convert to smaller units (sec min & hr)		math	khan	1.0	6.0
khan.measure-mass			Word problems with mass		math	khan	7.0	9.0
khan.comparing_fractions_1			Compare fractions with the same numerator or denominator		math	khan	1.0	6.0
khan.decompose-shapes-to-find-area			Decompose figures to find area 2		math	khan	1.0	9.0
khan.comparing-area-and-perimeter			Compare area and perimeter		math	khan	1.0	6.0
khan.perimeter-word-problems	lcsh.sh85148106	http://id.loc.gov/authorities/subjects/sh85148106	Perimeter word problems		math	khan	1.0	6.0
khan.creating-line-plots-2	lcsh.sh85103533	http://id.loc.gov/authorities/subjects/sh85103533	Graph data on line plots		math	khan	1.0	6.0
khan.multiplying-by-10			Multiply whole numbers by 10		math	khan	1.0	6.0
khan.dividing-whole-numbers-by-10			Divide whole numbers by 10		math	khan	1.0	6.0
khan.number_line			Whole numbers on the number line		math	khan	1.0	6.0
assistments.48	khan.equivalent_fractions;khan.visualizing-equivalent-fractions;khan.equivalent-fractions-with-denominators-of-10-and-100;csp.B610834BFEB54606805DAD5279357B4B;S2726908;B610834BFEB54606805DAD5279357B4B		Equivalent Fractions		math;k-12;archived british columbia	assistments	5.0	5.0
khan.understanding-whole-number-representations	lcsh.sh85102561	http://id.loc.gov/authorities/subjects/sh85102561	Whole number place value challenge		math	khan	1.0	6.0
khan.multiplying-and-dividing-by-10			Multiply and divide by 10		math	khan	1.0	6.0
khan.quotients-that-are-multiples-of-10			Quotients that are multiples of 10		math	khan	1.0	6.0
khan.place-value-blocks			Place value blocks		math	khan	1.0	6.0
khan.numbers-in-expanded-form			Write whole numbers in expanded form		math	khan	1.0	6.0
khan.creating-largest-or-smallest-number			Creating largest or smallest number		math	khan	1.0	6.0
khan.understanding-place-value-1			Place value when multiplying and dividing by 10		math	khan	1.0	6.0
khan.cancelling-zeros-in-division	lcsh.sh00006400	http://id.loc.gov/authorities/subjects/sh00006400	Cancel zeros when dividing		math	khan	1.0	6.0
khan.division_1.5	khan.multi-digit-division-with-visual-models		Divide by 1-digit numbers (no remainders)		math	khan	1.0	6.0
khan.equivalent_fractions_2			Equivalent fractions 2		math	khan	1.0	6.0
khan.different-wholes			Equivalent fractions and different wholes		math	khan	5.0	5.0
khan.visually-comparing-fractions			Visually compare fractions with unlike denominators		math	khan	1.0	6.0
khan.comparing-multi-digit-numbers			Compare multi-digit numbers		math	khan	1.0	6.0
khan.numbers-in-written-form	lcsh.sh85093232	http://id.loc.gov/authorities/subjects/sh85093232	Write numbers in written form		math	khan	1.0	6.0
khan.zeros-in-the-dividend-no-remainders			Zeros in the dividend (no remainders)		math	khan	9.0	12.0
khan.zeros-in-the-quotient-no-remainders			Zeros in the quotient (no remainders)		math	khan	7.0	9.0
khan.adding_fractions_with_common_denominators			Add fractions with common denominators		math	khan	1.0	6.0
khan.measuring_angles	lcsh.sh85055855	http://id.loc.gov/authorities/subjects/sh85055855	Measure angles		math	khan	1.0	9.0
khan.naming-angles	lcsh.sh85045551	http://id.loc.gov/authorities/subjects/sh85045551	Name angles		math	khan	1.0	9.0
khan.comparing-multi-digit-numbers-pv-challenge	lcsh.sh85102561	http://id.loc.gov/authorities/subjects/sh85102561	Compare numbers: place value challenge		math	khan	7.0	9.0
khan.multiplication-with-place-value-understanding	lcsh.sh85102561	http://id.loc.gov/authorities/subjects/sh85102561	Multiply using place value		math	khan	1.0	6.0
khan.multiplying-by-4-digit-numbers-with-visual-models			Multiply 2- 3- and 4-digits by 1-digit with area models		math	khan	1.0	6.0
khan.equivalent-fractions-with-denominators-of-10-and-100-intuition			Equivalent fractions with fraction models (denominators 10 & 100)		math	khan	5.0	5.0
khan.multiplying-fractions-and-whole-numbers-intuition			Multiply fractions and whole numbers intuition		math	khan	5.0	5.0
khan.area_of_squares_and_rectangles			Area of squares and rectangles		math	khan	1.0	6.0
khan.angles-in-circles	lcsh.sh85045551	http://id.loc.gov/authorities/subjects/sh85045551	Angles in circles		math	khan	1.0	6.0
khan.angle_types	lcsh.sh85005043	http://id.loc.gov/authorities/subjects/sh85005043	Angle types		math	khan	4.0	4.0
khan.drawing-angles	lcsh.sh85055855	http://id.loc.gov/authorities/subjects/sh85055855	Draw angles		math	khan	4.0	4.0
khan.axis_of_symmetry			Identify lines of symmetry		math	khan	7.0	9.0
khan.rounding_whole_numbers			Round whole numbers		math	khan	1.0	6.0
khan.multiplying-2-digit-numbers-with-area-models			Multiply 2-digit numbers with area models		math	khan	1.0	6.0
khan.division_2	khan.division-with-remainders-1		Divide with remainders		math	khan	1.0	6.0
khan.division-using-place-value-understanding	lcsh.sh85102561	http://id.loc.gov/authorities/subjects/sh85102561	Divide using place value		math	khan	1.0	6.0
khan.multiplying-unit-fractions-and-whole-numbers			Multiply unit fractions and whole numbers		math	khan	5.0	5.0
khan.area-and-perimeter-of-rectangles-word-problems	lcsh.sh85148106	http://id.loc.gov/authorities/subjects/sh85148106	Area & perimeter of rectangles word problems		math	khan	1.0	6.0
khan.benchmark-angles			Benchmark angles		math	khan	1.0	9.0
khan.drawing-lines-of-symmetry-and-symmetrical-figures			Draw lines of symmetry and symmetrical figures		math	khan	1.0	6.0
khan.rounding-whole-numbers-2			Round whole numbers challenge		math	khan	1.0	6.0
khan.multiplication_3			Multiply 2-digit numbers		math	khan	1.0	6.0
khan.decompose-fractions-with-denominators-of-100			Decompose fractions with denominators of 100		math	khan	1.0	6.0
khan.adding_fractions_0.5			Add fractions (denominators 10 & 100)		math	khan	1.0	6.0
khan.subtracting_fractions_with_common_denominators			Subtract fractions with common denominators		math	khan	1.0	6.0
khan.understanding-multiplying-fractions-and-whole-numbers			Equivalent unit fraction and whole number multiplication expressions		math	khan	7.0	9.0
khan.measuring-time-word-problems	dbpedia.Time_in_words_conversion_templates	http://dbpedia.org/resource/Category:Time_in_words_conversion_templates	Time conversion word problems		math	khan	1.0	6.0
khan.identifying-triangles-by-angles	lcsh.sh85055855	http://id.loc.gov/authorities/subjects/sh85055855	Identify triangles by angles		math	khan	7.0	9.0
khan.recognizing-triangles	dbpedia.Triangles_of_numbers	http://dbpedia.org/resource/Category:Triangles_of_numbers	Identify triangles by side lengths		math	khan	1.0	6.0
khan.drawing-right--acute--and-obtuse-angles			Draw right acute and obtuse angles		math	khan	1.0	9.0
khan.multi-step-word-problems-with-whole-numbers	lcsh.sh85148106	http://id.loc.gov/authorities/subjects/sh85148106	Multi-step word problems with whole numbers		math	khan	1.0	6.0
khan.comparing-with-multiplication			Compare with multiplication		math	khan	1.0	6.0
khan.arithmetic_word_problems	khan.multiplication-and-division-word-problems--within-100-;lcsh.sh85148106	http://id.loc.gov/authorities/subjects/sh85148106	Multiplication and division word problems		math	khan	1.0	6.0
khan.decimal-intuition-with-grids	opensalt.8bb86948-3082-11ec-bf0c-0242ac140003;opensalt.Khan_4.NF.C.6		Write decimal numbers shown in grids		math;content	khan	4.0	4.0
khan.decomposing-fractions			Decompose fractions		math	khan	1.0	6.0
khan.multiplying-fractions-and-whole-numbers-word-problems			Multiply fractions and whole numbers word problems		math	khan	5.0	5.0
khan.unit-sense	csp.E13FFF52D68540D59E2ECF6C308ECDF6;E13FFF52D68540D59E2ECF6C308ECDF6		Estimating time (seconds minutes and hours)		math;elementary french immersion: grades p 6	khan	4.0	4.0
khan.multiplicative-comparison-word-problems	lcsh.sh85148106	http://id.loc.gov/authorities/subjects/sh85148106	Compare with multiplication word problems		math	khan	1.0	6.0
khan.decimals-in-words	dbpedia.Decimalisation	http://dbpedia.org/resource/Category:Decimalisation	Decimals in words		math	khan	1.0	6.0
khan.decimals_on_the_number_line_1	dbpedia.Decimalisation	http://dbpedia.org/resource/Category:Decimalisation	Decimals on the number line: tenths		math	khan	4.0	4.0
khan.converting_mixed_numbers_and_improper_fractions			Rewrite mixed numbers and improper fractions		math	khan	1.0	6.0
khan.adding-and-subtracting-fractions-with-like-denominators-word-problems	khan.adding-and-subtracting-fractions-with-unlike-denominators-word-problems		Add and subtract fractions word problems (same denominator)		math	khan	1.0	6.0
khan.recognizing-parallel-and-perpendicular-lines			Identify parallel and perpendicular lines		math	khan	7.0	9.0
khan.factor-pairs	lcsh.sh85046846	http://id.loc.gov/authorities/subjects/sh85046846	Factor pairs		math	khan	7.0	9.0
khan.decimals_on_the_number_line_2	dbpedia.Decimalisation	http://dbpedia.org/resource/Category:Decimalisation	Decimals on the number line: hundredths		math	khan	1.0	6.0
khan.comparing_fractions_2			Compare fractions with different numerators and denominators		math	khan	1.0	6.0
khan.common-denominators			Common denominators		math	khan	1.0	6.0
khan.adding_subtracting_mixed_numbers_0.5	khan.adding-and-subtracting-mixed-numbers-with-like-denominators-2		Add and subtract mixed numbers (no regrouping)		math	khan	5.0	5.0
khan.classifying-shapes-by-line-and-angle-types			Classify shapes by line and angle types		math	khan	1.0	6.0
khan.identifying-factors-and-multiples	lcsh.sh85046818	http://id.loc.gov/authorities/subjects/sh85046818	Identify factors and multiples		math	khan	7.0	9.0
khan.fraction-decimal-intuition	dbpedia.Decimalisation	http://dbpedia.org/resource/Category:Decimalisation	Write number as a fraction and decimal		math	khan	1.0	6.0
khan.decimals-greater-than-one-intuition	dbpedia.Decimalisation	http://dbpedia.org/resource/Category:Decimalisation	Place value for decimals greater than 1		math	khan	1.0	6.0
khan.comparing_improper_fractions_and_mixed_numbers			Compare fractions and mixed numbers		math	khan	1.0	6.0
khan.measuring-and-converting-money-word-problems	lcsh.sh85148106	http://id.loc.gov/authorities/subjects/sh85148106	Convert money word problems		math	khan	1.0	6.0
khan.composite_numbers			Identify composite numbers		math	khan	1.0	6.0
khan.prime_numbers	lcsh.sh85093218	http://id.loc.gov/authorities/subjects/sh85093218	Identify prime numbers		math	khan	1.0	6.0
khan.converting_fractions_to_decimals_0.5			Rewrite fractions as decimals (denominators of 10 & 100)		math	khan	1.0	6.0
khan.converting_decimals_to_fractions_1	dbpedia.Decimalisation	http://dbpedia.org/resource/Category:Decimalisation	Rewrite decimals as fractions		math	khan	1.0	6.0
khan.ordering_fractions			Order fractions		math	khan	7.0	9.0
khan.quadrilateral_types	lcsh.sh85074180	http://id.loc.gov/authorities/subjects/sh85074180	Quadrilateral types		math	khan	1.0	6.0
khan.estimating-with-subtracting-decimals			Estimating with subtracting decimals		math	khan	1.0	6.0
khan.identifying-decimal-place-values	dbpedia.Place_names	http://dbpedia.org/resource/Category:Place_names	Place value names		math	khan	1.0	6.0
khan.comparing-decimals-visually			Compare decimals visually		math	khan	1.0	6.0
khan.converting_decimals_to_fractions_2	dbpedia.Decimalisation	http://dbpedia.org/resource/Category:Decimalisation	Rewriting decimals as fractions challenge		math	khan	1.0	6.0
khan.subtracting-decimals-without-the-standard-algorithm-1	dbpedia.Decimalisation	http://dbpedia.org/resource/Category:Decimalisation	Subtract decimals like 0.9-0.7		math	khan	1.0	6.0
khan.powers-of-ten	csp.93E91C9865DD4EBCA018209754052948;S2677606;93E91C9865DD4EBCA018209754052948;csp.5623D7B81E0342729E7A766B230E4E02;5623D7B81E0342729E7A766B230E4E02;csp.7B63D3AA4469456F98D41BC2F9CCB284;7B63D3AA4469456F98D41BC2F9CCB284;wd.Q11238960;lcsh.sh85133805	https://www.wikidata.org/wiki/Q11238960;http://id.loc.gov/authorities/subjects/sh85133805	Powers of ten		math;cte	khan	10.0	12.0
khan.fractions_as_division_by_a_multiple_of_10			Fractions as division by a multiple of 10		math	khan	7.0	9.0
khan.comparing_decimals_1	dbpedia.Decimalisation	http://dbpedia.org/resource/Category:Decimalisation	Compare decimals (tenths and hundredths)		math	khan	1.0	6.0
khan.common-fractions-and-decimals	lcsh.sh85036192	http://id.loc.gov/authorities/subjects/sh85036192	Common fractions and decimals		math	khan	1.0	6.0
khan.understanding-multiplying-fractions-and-whole-numbers-2			Multiply fractions and whole numbers visually		math	khan	5.0	5.0
khan.volume_with_unit_cubes	dbpedia.Units_of_volume	http://dbpedia.org/resource/Category:Units_of_volume	Volume with unit cubes 1		math	khan	1.0	6.0
khan.subtracting-decimals-without-the-standard-algorithm-2			Subtract decimals like 1.6-0.3		math	khan	1.0	6.0
khan.estimating-with-adding-decimals			Estimating with adding decimals		math	khan	1.0	6.0
khan.decimals-in-written-form	dbpedia.Decimalisation	http://dbpedia.org/resource/Category:Decimalisation	Decimals in written form		math	khan	1.0	6.0
khan.value-of-a-decimal-digit	lcsh.sh85133805	http://id.loc.gov/authorities/subjects/sh85133805	Value of a digit		math	khan	1.0	6.0
khan.cc-4th-comparing-decimals-and-fractions	lcsh.sh85036192	http://id.loc.gov/authorities/subjects/sh85036192	Compare decimals and fractions		math	khan	1.0	6.0
khan.graphing_points	dbpedia.Graph_drawing	http://dbpedia.org/resource/Category:Graph_drawing	Graph points		math	khan	7.0	9.0
khan.subtracting_fractions			Subtracting fractions with unlike denominators		math	khan	1.0	6.0
khan.using-visuals-to-add-and-subtract-fractions-with-unlike-denominators-			Visually add and subtract fractions		math	khan	1.0	6.0
khan.adding_fractions			Add fractions with unlike denominators		math	khan	1.0	6.0
khan.volume-formula-intuition			Volume formula intuition		math	khan	7.0	7.0
khan.subtracting-decimals-without-the-standard-algorithm-3			Subtract decimals like 78.4-3		math	khan	1.0	6.0
khan.adding-decimals-without-the-standard-algorithm-1	dbpedia.Decimalisation	http://dbpedia.org/resource/Category:Decimalisation	Add decimals like 0.7+0.5		math	khan	1.0	6.0
khan.comparing-decimal-place-value			Compare decimal place value		math	khan	1.0	6.0
khan.regrouping-whole-numbers			Regroup whole numbers		math	khan	1.0	6.0
khan.identify-coordinates	dbpedia.Coordinates_needed	http://dbpedia.org/resource/Category:Coordinates_needed	Identify coordinates		math	khan	7.0	9.0
khan.adding-and-subtracting-fractions-with-unlike-denominators			Add and subtract fractions challenge		math	khan	7.0	9.0
khan.adding_subtracting_mixed_numbers_1	opensalt.b7294ece-4fa6-11ec-b256-0242ac140003;opensalt.5.ASFUD7;khan.adding-and-subtracting-mixed-numbers-with-unlike-denominators-2		Add and subtract mixed numbers with unlike denominators (no regrouping)		math;objective	khan	5.0	5.0
khan.fraction-multiplication-as-scaling			Fraction multiplication as scaling		math	khan	7.0	9.0
khan.properties-of-shapes	dbpedia.Geometric_shapes	http://dbpedia.org/resource/Category:Geometric_shapes	Properties of shapes		math	khan	1.0	6.0
khan.expressions-with-parentheses	lcsh.sh85098006	http://id.loc.gov/authorities/subjects/sh85098006	Evaluate expressions with parentheses		math	khan	1.0	6.0
khan.subtracting-decimals-without-the-standard-algorithm-4			Subtract decimals like 56.8-17.9		math	khan	1.0	6.0
khan.adding-decimals-without-the-standard-algorithm-2	dbpedia.Decimalisation	http://dbpedia.org/resource/Category:Decimalisation	Add decimals like 4+5.7		math	khan	1.0	6.0
khan.multiplying-and-dividing-decimals-by-10	dbpedia.Decimalisation	http://dbpedia.org/resource/Category:Decimalisation	Multiply and divide decimals by 10		math	khan	1.0	6.0
khan.writing-and-interpreting-decimals	dbpedia.Decimalisation	http://dbpedia.org/resource/Category:Decimalisation	Decimals in expanded form		math	khan	1.0	6.0
khan.regrouping-decimals	dbpedia.Decimalisation	http://dbpedia.org/resource/Category:Decimalisation	Regroup decimals		math	khan	1.0	6.0
khan.estimating-with-dividing-decimals			Estimating with dividing decimals		math	khan	1.0	6.0
khan.visualizing-and-interpreting-relationships-between-patterns			Relationships between 2 patterns		math	khan	1.0	6.0
khan.identifying-points			Identify points		math	khan	7.0	9.0
khan.understanding-fractions-as-division	lcsh.sh00006400	http://id.loc.gov/authorities/subjects/sh00006400	Fractions as division		math	khan	7.0	9.0
khan.volume_1	csp.FEB82C50D42D433BB0556B9433610EED;S2726939;FEB82C50D42D433BB0556B9433610EED		Volume of rectangular prisms		math;archived british columbia	khan	6.0	6.0
khan.subtracting-decimals-without-the-standard-algorithm-5			Subtract decimals like 0.75-0.56		math	khan	1.0	6.0
khan.adding-decimals-without-the-standard-algorithm-3			Add decimals like 40.1+7.6		math	khan	1.0	6.0
khan.estimating-with-multiplying-decimals			Estimating with multiplying decimals		math	khan	1.0	6.0
khan.comparing_decimals_2	dbpedia.Decimalisation	http://dbpedia.org/resource/Category:Decimalisation	Compare decimals through thousandths		math	khan	1.0	6.0
khan.dividing-decimals-without-the-standard-algorithm-1			Divide whole numbers like 7÷5 to get a decimal		math	khan	5.0	5.0
khan.distance-between-points-in-first-quadrant-of-coordinate-plane			Distance between points in first quadrant		math	khan	7.0	9.0
khan.shapes-on-the-coordinate-plane	dbpedia.Geometric_shapes	http://dbpedia.org/resource/Category:Geometric_shapes	Shapes on the coordinate plane		math	khan	7.0	9.0
khan.coordinate-plane-word-problems--quadrant-1---basic-	khan.coordinate-plane-word-problems-in-the-first-quadrant		Coordinate plane word problems (quadrant 1)		math	khan	7.0	9.0
khan.understanding-multiplying-fractions-by-fractions			Multiplying fractions with visuals		math	khan	5.0	5.0
khan.multiplying_fractions_0.5	opensalt.b0362104-4fa7-11ec-b242-0242ac140003;opensalt.5.MF		Multiplying fractions		math;unit	khan	5.0	5.0
khan.dividing-whole-numbers-by-unit-fractions-introduction	lcsh.sh00006400	http://id.loc.gov/authorities/subjects/sh00006400	Dividing whole numbers by unit fractions visually		math	khan	1.0	6.0
khan.dividing-fractions-by-whole-numbers-introduction			Dividing unit fractions by whole numbers visually		math	khan	1.0	6.0
khan.understanding-fractions-as-division--word-problems			Fractions as division word problems		math	khan	7.0	9.0
khan.decompose-figures-to-find-volume	khan.decompose-figures-to-find-volume--unit-cubes-		Decompose figures to find volume		math	khan	1.0	6.0
khan.volume_2			Volume word problems		math	khan	1.0	6.0
khan.subtracting-decimals-without-the-standard-algorithm-6			Subtract decimals like 0.6-0.43		math	khan	1.0	6.0
khan.adding-decimals-without-the-standard-algorithm-6			Add decimals like 0.76+0.21		math	khan	1.0	6.0
khan.multiplying-decimals-without-the-standard-algorithm-1	dbpedia.Decimalisation	http://dbpedia.org/resource/Category:Decimalisation	Multiply decimals like 0.6x0.4		math	khan	1.0	6.0
khan.comparing-decimals-challenge	dbpedia.Decimalisation	http://dbpedia.org/resource/Category:Decimalisation	Compare decimals challenge		math	khan	1.0	6.0
khan.ordering_decimals	dbpedia.Decimalisation	http://dbpedia.org/resource/Category:Decimalisation	Order decimals		math	khan	1.0	6.0
khan.rounding-decimals-using-a-number-line	dbpedia.Decimalisation	http://dbpedia.org/resource/Category:Decimalisation	Round decimals using a number line		math	khan	1.0	6.0
khan.dividing-decimals-without-the-standard-algorithm-2			Divide whole numbers like 63÷12 to get a decimal		math	khan	5.0	5.0
khan.dividing_fractions	lcsh.sh00006400	http://id.loc.gov/authorities/subjects/sh00006400	Dividing whole numbers by unit fractions		math	khan	1.0	6.0
khan.dividing_fractions_0.5	lcsh.sh00006400	http://id.loc.gov/authorities/subjects/sh00006400	Dividing unit fractions by whole numbers		math	khan	1.0	6.0
khan.subtracting-decimals-without-the-standard-algorithm-7			Subtract decimals like 67.89-6		math	khan	1.0	6.0
khan.adding-decimals-without-the-standard-algorithm-4			Add decimals like 5.53+6.1		math	khan	1.0	6.0
khan.multiplying-decimals-without-the-standard-algorithm-2	dbpedia.Decimalisation	http://dbpedia.org/resource/Category:Decimalisation	Multiply decimals like 0.56x4		math	khan	1.0	6.0
khan.understanding_moving_the_decimal	dbpedia.Decimalisation	http://dbpedia.org/resource/Category:Decimalisation	Understanding moving the decimal		math	khan	1.0	6.0
khan.rounding-decimals	dbpedia.Decimalisation	http://dbpedia.org/resource/Category:Decimalisation	Round decimals challenge		math	khan	1.0	6.0
khan.dividing-decimals-without-the-standard-algorithm-3	dbpedia.Decimalisation	http://dbpedia.org/resource/Category:Decimalisation	Divide decimals like 1.86÷2		math	khan	5.0	5.0
khan.multiplying_mixed_numbers_1	opensalt.433ba00e-4fa9-11ec-a786-0242ac140003;opensalt.5.MF9		Multiply mixed numbers		math;objective	khan	5.0	5.0
khan.multiplying-fractions-by-fractions-word-problems	lcsh.sh85148106	http://id.loc.gov/authorities/subjects/sh85148106	Multiply fractions word problems		math	khan	5.0	5.0
khan.area-of-rectangles-with-fractional-side-lengths			Area of rectangles with fraction side lengths		math	khan	1.0	6.0
khan.subtracting-decimals-without-the-standard-algorithm-8	dbpedia.Decimalisation	http://dbpedia.org/resource/Category:Decimalisation	Subtract decimals like 15-7.45		math	khan	1.0	6.0
khan.adding-decimals-without-the-standard-algorithm-5			Add decimals like 47.75+11.98		math	khan	1.0	6.0
khan.multiplying-decimals-without-the-standard-algorithm-3	dbpedia.Decimalisation	http://dbpedia.org/resource/Category:Decimalisation	Multiply decimals like 1.7x0.12		math	khan	1.0	6.0
khan.multiplying-by-taking-out-factors-of-10			Multiply by taking out factors of 10		math	khan	1.0	6.0
khan.dividing-by-taking-out-factors-of-10			Divide by taking out factors of 10		math	khan	1.0	6.0
khan.dividing-decimals-without-the-standard-algorithm-4			Divide decimals like 16.8÷40 by factoring out a 10		math	khan	1.0	6.0
khan.division-with-fractions-and-whole-numbers			Divide fractions and whole numbers word problems		math	khan	1.0	6.0
mooccubex.cs.运算次序	运算次序;khan.order_of_operations_2;khan.order-of-operations--no-exponents-;wd.Q845118;dbpedia.Orders_of_precedence	https://www.wikidata.org/wiki/Q845118;http://dbpedia.org/resource/Category:Orders_of_precedence	order of operations		computer science;math	mooccubex	7.0	9.0
khan.adding_decimals_0.5	dbpedia.Decimalisation	http://dbpedia.org/resource/Category:Decimalisation	Adding decimals: tenths		math	khan	1.0	6.0
khan.subtracting_decimals_0.5	dbpedia.Decimalisation	http://dbpedia.org/resource/Category:Decimalisation	Subtracting decimals: tenths		math	khan	1.0	6.0
khan.multiplying_decimals_0.5			Multiplying decimals like 4x0.6 (standard algorithm)		math	khan	1.0	6.0
khan.multiplication_4			Multi-digit multiplication		math	khan	1.0	6.0
khan.basic-multi-digit-division	lcsh.sh00006400	http://id.loc.gov/authorities/subjects/sh00006400	Basic multi-digit division		math	khan	1.0	6.0
khan.dividing-decimals-without-the-standard-algorithm-5			Divide whole numbers like 80÷200 to get a decimal		math	khan	5.0	5.0
khan.adding_decimals	dbpedia.Decimalisation	http://dbpedia.org/resource/Category:Decimalisation	Adding decimals: hundredths		math	khan	1.0	6.0
khan.subtracting_decimals	dbpedia.Decimalisation	http://dbpedia.org/resource/Category:Decimalisation	Subtracting decimals: hundredths		math	khan	1.0	6.0
khan.multiplying_decimals_1			Multiplying decimals like 2.45x3.6 (standard algorithm)		math	khan	1.0	6.0
khan.division_3	lcsh.sh00006400	http://id.loc.gov/authorities/subjects/sh00006400	Division by 2-digits		math	khan	1.0	6.0
khan.converting-measurements-word-problems	khan.converting-units-word-problems--us-customary-;dbpedia.Metricated_units	http://dbpedia.org/resource/Category:Metricated_units	Convert units multi-step word problems (metric)		math	khan	1.0	6.0
khan.dividing-decimals-without-the-standard-algorithm-6			Divide decimals like 0.72÷0.08		math	khan	5.0	5.0
khan.writing-expressions-with-variables-1			Writing basic expressions with variables		math	khan	7.0	9.0
khan.evaluating_expressions_1			Evaluating expressions with one variable		math	khan	7.0	9.0
khan.dividing_decimals_0.5	opensalt.8bd412ec-3082-11ec-b06b-0242ac140003;opensalt.Khan_5.NBT.B.7		Dividing whole numbers like 56÷35 to get a decimal		math;content	khan	5.0	5.0
khan.dividing-decimals-without-the-standard-algorithm-7	dbpedia.Decimalisation	http://dbpedia.org/resource/Category:Decimalisation	Divide decimals and whole numbers by 0.1 or 0.01		math	khan	1.0	6.0
khan.writing_expressions_1			Writing expressions with variables		math	khan	7.0	9.0
khan.exponents	assistments.86;mooccubex.cs.幂指数;幂指数;khan.positive_and_zero_exponents;lcsh.sh85046490;dbpedia.Mohiniyattam_exponents	http://id.loc.gov/authorities/subjects/sh85046490;http://dbpedia.org/resource/Category:Mohiniyattam_exponents	Exponents	Power (Algebra)	math;k-12;computer science;lcsh	khan	10.0	12.0
khan.dividing-decimals-without-the-standard-algorithm-8			Divide decimals like 1.32÷0.12		math	khan	5.0	5.0
khan.negative_number_word_problems	lcsh.sh85093215	http://id.loc.gov/authorities/subjects/sh85093215	Interpreting negative numbers		math	khan	7.0	9.0
khan.area_of_parallelograms	junyi.7+zCeocizYIObv87m8EGftFwibVwD/QmbxfbCVzvqmM=;【基礎】平行四邊形的面積		Area of parallelograms		math;elementary	khan	1.0	6.0
khan.intro-to-simple-data			Data set warm-up		math	khan	7.0	12.0
khan.evaluating-numerical-expressions-with-exponents	dbpedia.Orders_of_precedence	http://dbpedia.org/resource/Category:Orders_of_precedence	Order of operations challenge		math	khan	7.0	9.0
khan.powers-of-fractions	junyi.3nGnL8DTmGw+c/xyCRcMO0ZPv1fw3aecHbw/ZjJC5KY=;【基礎】分數的乘方;lcsh.sh2001002947	http://id.loc.gov/authorities/subjects/sh2001002947	Powers of fractions		math;junior	khan	7.0	9.0
assistments.317	khan.greatest_common_divisor;wd.Q131752	https://www.wikidata.org/wiki/Q131752	Greatest Common Factor		math;k-12	assistments	7.0	9.0
assistments.65	khan.least_common_multiple;junyi.vOj4Z8p9VKUkpLIbagpQRE/n8WQ3XrWMBl+kWtdlktI=;【基礎】最小公倍數;wd.Q102761	https://www.wikidata.org/wiki/Q102761	Least Common Multiple		math;k-12;elementary	assistments	1.0	6.0
khan.understanding-dividing-fractions-by-fractions			Understanding dividing fractions by fractions		math	khan	7.0	9.0
khan.adding_decimals_2	dbpedia.Decimalisation	http://dbpedia.org/resource/Category:Decimalisation	Adding decimals: thousandths		math	khan	1.0	6.0
khan.subtracting_decimals_2	dbpedia.Decimalisation	http://dbpedia.org/resource/Category:Decimalisation	Subtracting decimals: thousandths		math	khan	1.0	6.0
khan.dividing_decimals_1	dbpedia.Decimalisation	http://dbpedia.org/resource/Category:Decimalisation	Dividing decimals 1		math	khan	1.0	6.0
khan.multiplying_decimals			Multiplying decimals like 0.847x3.54 (standard algorithm)		math	khan	1.0	6.0
khan.number_line_2	lcsh.sh85093215	http://id.loc.gov/authorities/subjects/sh85093215	Negative numbers on the number line		math	khan	7.0	9.0
khan.converting-between-fractions-and-percents			Convert percents to fractions		math	khan	1.0	6.0
khan.representing-ratios	dbpedia.Statistical_ratios	http://dbpedia.org/resource/Category:Statistical_ratios	Basic ratios		math	khan	1.0	6.0
khan.area_of_triangles_1	junyi.uwQG8/ZoR1/zZTjWe3OIyW1B3Qqs58hnkYXRteZxUxU=;【基礎】三角形的面積;dbpedia.Triangle_geometry	http://dbpedia.org/resource/Category:Triangle_geometry	Area of triangles		math;elementary	khan	1.0	6.0
khan.statistical-questions	opensalt.1900c3ba-ca90-11ed-b5c1-0242ac160003;opensalt.S.Q;wd.Q71913644;dbpedia.Statistical_tests	https://www.wikidata.org/wiki/Q71913644;http://dbpedia.org/resource/Category:Statistical_tests	Statistical questions		math;strand	khan	7.0	12.0
khan.creating-frequency-tables			Creating frequency tables		math	khan	7.0	9.0
khan.evaluating-expressions-in-two-variables-2			Evaluating expressions with multiple variables: fractions & decimals		math	khan	1.0	6.0
khan.gcf-and-lcm-word-problems			GCF & LCM word problems		math	khan	1.0	6.0
khan.dividing_fractions_1.5	lcsh.sh00006400	http://id.loc.gov/authorities/subjects/sh00006400	Dividing fractions		math	khan	7.0	9.0
khan.adding_and_subtracting_decimals_word_problems	dbpedia.Decimalisation	http://dbpedia.org/resource/Category:Decimalisation	Adding & subtracting decimals word problems		math	khan	1.0	6.0
khan.dividing_decimals_2	dbpedia.Decimalisation	http://dbpedia.org/resource/Category:Decimalisation	Dividing decimals 2		math	khan	1.0	6.0
khan.decimals_on_the_number_line_3	lcsh.sh85093215	http://id.loc.gov/authorities/subjects/sh85093215	Negative decimals on the number line		math	khan	7.0	9.0
khan.number-opposites	lcsh.sh85093215	http://id.loc.gov/authorities/subjects/sh85093215	Number opposites		math	khan	7.0	9.0
khan.identifying_points_1			Points on the coordinate plane		math	khan	7.0	9.0
khan.converting_decimals_to_percents			Convert decimals to percents		math	khan	1.0	6.0
khan.nets-of-3d-figures	lcsh.sh85104648	http://id.loc.gov/authorities/subjects/sh85104648	Nets of polyhedra		math	khan	1.0	6.0
khan.analyzing-with-dot-plots			Reading dot plots & frequency tables		math	khan	1.0	6.0
khan.creating-histograms	dbpedia.Pictograms	http://dbpedia.org/resource/Category:Pictograms	Create histograms		math	khan	7.0	9.0
khan.evaluating-basic-sigma-notation	lcsh.sh2010115079	http://id.loc.gov/authorities/subjects/sh2010115079	Summation notation intro		math	khan	7.0	9.0
khan.identifying-parts-of-expressions			Parts of algebraic expressions		math	khan	7.0	9.0
khan.dividing-fractions-by-fractions-word-problems	lcsh.sh85148106	http://id.loc.gov/authorities/subjects/sh85148106	Dividing fractions word problems		math	khan	1.0	6.0
khan.division_4	lcsh.sh00006400	http://id.loc.gov/authorities/subjects/sh00006400	Multi-digit division		math	khan	1.0	6.0
khan.dividing_decimals_3	dbpedia.Decimalisation	http://dbpedia.org/resource/Category:Decimalisation	Dividing decimals: hundredths		math	khan	1.0	6.0
khan.number_line_3			Missing numbers on the number line		math	khan	1.0	6.0
khan.fractions_on_the_number_line_3	lcsh.sh85093220	http://id.loc.gov/authorities/subjects/sh85093220	Rational numbers on the number line		math	khan	1.0	6.0
khan.ordering-small-negative-numbers	lcsh.sh85093215	http://id.loc.gov/authorities/subjects/sh85093215	Ordering small negative numbers		math	khan	7.0	9.0
khan.relative-position-on-the-coordinate-plane			Distance between points: vertical or horizontal		math	khan	7.0	9.0
khan.reflecting-points			Reflecting points in the coordinate plane		math	khan	7.0	9.0
khan.graphing_points_2	lcsh.sh85032239	http://id.loc.gov/authorities/subjects/sh85032239	Quadrants on the coordinate plane		math	khan	7.0	9.0
khan.converting_percents_to_decimals			Convert percents to decimals		math	khan	1.0	6.0
khan.ratio_word_problems	lcsh.sh85148106	http://id.loc.gov/authorities/subjects/sh85148106	Equivalent ratio word problems		math	khan	1.0	9.0
khan.solving-ratio-problems-with-tables	lcsh.sh85038611	http://id.loc.gov/authorities/subjects/sh85038611	Ratio tables		math	khan	1.0	6.0
khan.surface-area			Surface area using nets		math	khan	7.0	9.0
khan.area-of-triangles-2			Areas of shapes on grids		math	khan	1.0	7.0
khan.mean_median_and_mode			Mean median and mode		math	khan	7.0	9.0
khan.calculating-the-mean			Calculating the mean		math	khan	7.0	9.0
khan.calculating-the-median	khan.calculating-the-median-from-data-displays;junyi.raJS0zfRPS5NRtiba9q43gsUyH0PaPvhjSc192V9Rw4=;【基礎】中位數的計算;dbpedia.Median_people	http://dbpedia.org/resource/Category:Median_people	Calculating the median		math;junior	khan	7.0	9.0
khan.factoring_linear_binomials	khan.distributive-property-with-variables		Distributive property with variables (negative numbers)		math	khan	7.0	9.0
khan.combining-like-terms-0.5			Combining like terms		math	khan	7.0	9.0
khan.testing-solutions-of-equations-inequalities			Testing solutions to equations		math	khan	7.0	9.0
khan.divisibility_tests	junyi.endJFI8hIB5+/JKX/XXr4VxWd1uNY3g1YPqPBExHwik=;【進階】倍數判別;lcsh.sh85093212	http://id.loc.gov/authorities/subjects/sh85093212	Divisibility tests		math;junior	khan	7.0	9.0
khan.divisibility	junyi.JcrFXI7wzq/14kZRPCdix3feq0/yQh1gHU06bGQwNBE=;【基礎】整除;wd.Q50708;lcsh.sh85093212	https://www.wikidata.org/wiki/Q50708;http://id.loc.gov/authorities/subjects/sh85093212	Divisibility		math;elementary	khan	1.0	6.0
khan.dividing_decimals	dbpedia.Decimalisation	http://dbpedia.org/resource/Category:Decimalisation	Dividing decimals: thousandths		math	khan	1.0	6.0
khan.writing-numerical-inequalities			Writing numerical inequalities		math	khan	7.0	9.0
khan.understanding-inequalities-and-the-number-line	lcsh.sh85093215	http://id.loc.gov/authorities/subjects/sh85093215	Negative numbers variables number line		math	khan	7.0	9.0
khan.ordering_negative_numbers	lcsh.sh85093215	http://id.loc.gov/authorities/subjects/sh85093215	Ordering negative numbers		math	khan	7.0	9.0
khan.find-area-and-perimeter-on-the-coordinate-plane			Area & perimeter on the coordinate plane		math	khan	7.0	9.0
khan.rate_problems_0.5	lcsh.sh85111504	http://id.loc.gov/authorities/subjects/sh85111504	Rate problems		math	khan	1.0	6.0
khan.volume_with_fractions	dbpedia.Units_of_volume	http://dbpedia.org/resource/Category:Units_of_volume	Volume with fractions		math	khan	1.0	6.0
khan.testing-solutions-of-inequalities	khan.testing-solutions-to-inequalities--basic-		Testing solutions to inequalities		math	khan	7.0	9.0
khan.ordering-rational-numbers	lcsh.sh85093220	http://id.loc.gov/authorities/subjects/sh85093220	Compare rational numbers		math	khan	7.0	9.0
khan.comparing-rates			Comparing rates		math	khan	1.0	6.0
khan.areas_of_trapezoids_rhombi_and_kites	junyi.CsEbUU6ye3MWlxUXRNZ6czmGLlt70mRKs5S2ZyYEn7E=;【基礎】梯形的面積;lcsh.sh85137114	http://id.loc.gov/authorities/subjects/sh85137114	Area of trapezoids		math;elementary	khan	1.0	6.0
khan.find-a-missing-value-given-the-mean			Missing value given the mean		math	khan	7.0	9.0
khan.effects-of-shifting-adding-removing-data-point			Effects of shifting adding & removing a data point		math	khan	7.0	9.0
khan.median-and-range-puzzlers	dbpedia.Median_people	http://dbpedia.org/resource/Category:Median_people	Median & range puzzlers		math	khan	7.0	9.0
alcpl.data_mining.Interquartile_range	khan.calculating-the-interquartile-range--iqr-;wd.Q1916617	https://en.wikipedia.org/wiki/Interquartile_range;https://www.wikidata.org/wiki/Q1916617	Interquartile range		data mining;math	alcpl	7.0	9.0
khan.calculating-the-mean-from-various-data-displays			Calculating the mean: data displays		math	khan	7.0	9.0
khan.equivalent-forms-of-expressions-1	dbpedia.Logical_expressions	http://dbpedia.org/resource/Category:Logical_expressions	Equivalent expressions		math	khan	5.0	5.0
khan.combining-like-terms-with-distribution			Combining like terms with distribution		math	khan	7.0	9.0
khan.absolute_value			Finding absolute values		math	khan	7.0	9.0
khan.volume-word-problems-with-fractions			Volume word problems: fractions & decimals		math	khan	1.0	6.0
khan.area-of-quadrilaterals-and-polygons	opensalt.d5116a2c-1624-11ec-a4ff-0242ac140003;opensalt.7.CAV7;junyi.BsX6i0arMQF4Pm3e13U2Hs8vkEflls6+v5TKh3xvkU0=;【基礎】複合形體的體積 3;junyi.5XP5A34EbVYPsNgi2q9tNzuW5fSOenWfbBkAXDGKAfw=;【基礎】複合形體的體積 4;junyi.olB2B7ueYn8YeM/OoPIbIX+bgetpmV3h25n3vXx9wkY=;【一般】複合形體的表面積;junyi.rQO212wsw18sbrh/TvMPK6d7BsxqTet330Yxso5NhKk=;【基礎】複合形體的體積		Area of composite shapes		math;objective;elementary	khan	1.0	7.0
khan.calculating-the-mean-absolute-deviation--mad-			Mean absolute deviation (MAD)		math	khan	7.0	9.0
khan.comparing-data-displays			Comparing data displays		math	khan	1.0	6.0
khan.inequality-from-graph			Inequality from graph		math	khan	7.0	9.0
khan.inequalities_on_a_number_line			Plotting inequalities		math	khan	7.0	9.0
khan.absolute-value-word-problems			Interpreting absolute value		math	khan	7.0	9.0
khan.comparing_absolute_values			Compare and order absolute values		math	khan	7.0	9.0
assistments.77	khan.finding_percents		Finding Percents		math;k-12	assistments	1.0	6.0
khan.polygons-in-the-coordinate-plane	junyi.3Bb76ZUap0HQIBirEbaOpc3O9okCVcv5TcNx+GfSCzk=;【一般】四邊形綜合習題;lcsh.sh85074180	http://id.loc.gov/authorities/subjects/sh85074180	Quadrilateral problems on the coordinate plane		math;elementary	khan	1.0	6.0
khan.composing-and-decomposing-shapes			Area challenge		math	khan	1.0	6.0
khan.box-plots			Creating box plots		math	khan	7.0	9.0
khan.writing-expressions-with-variables-word-problems	lcsh.sh85148106	http://id.loc.gov/authorities/subjects/sh85148106	Writing basic expressions word problems		math	khan	1.0	6.0
khan.one_step_equations			One-step addition & subtraction equations		math	khan	1.0	6.0
khan.linear_equations_1			One-step multiplication & division equations		math	khan	1.0	6.0
khan.inequalities-in-one-variable-1	lcsh.sh85148106	http://id.loc.gov/authorities/subjects/sh85148106	Inequalities word problems		math	khan	7.0	9.0
khan.comparing-absolute-values-2			Comparing absolute values challenge		math	khan	7.0	9.0
khan.percentage_word_problems_1	lcsh.sh85148106	http://id.loc.gov/authorities/subjects/sh85148106	Percent word problems		math	khan	1.0	6.0
khan.interpreting-quartiles-on-box-plots			Interpreting quartiles		math	khan	7.0	9.0
khan.writing-basic-algebraic-expressions-word-problems-2	lcsh.sh85148106	http://id.loc.gov/authorities/subjects/sh85148106	Writing expressions word problems		math	khan	1.0	6.0
khan.one-step-add-sub-equations-2			One-step addition & subtraction equations: fractions & decimals		math	khan	1.0	6.0
khan.one-step-mult-div-equations-2			One-step multiplication & division equations: fractions & decimals		math	khan	1.0	6.0
khan.find-the-mistake-in-solving-one-step-equations			Find the mistake in one-step equations		math	khan	7.0	9.0
khan.interpreting-expressions	opensalt.8c284fce-3082-11ec-8a39-0242ac140003;opensalt.Khan_7.EE.A.2		Interpreting linear expressions		math;content	khan	7.0	7.0
khan.equations-in-one-variable-1			Model with one-step equations		math	khan	1.0	6.0
khan.multiplying_and_dividing_negative_numbers	lcsh.sh85093215	http://id.loc.gov/authorities/subjects/sh85093215	Multiplying negative numbers		math	khan	7.0	9.0
khan.rate_problems_1	dbpedia.Units_of_rate	http://dbpedia.org/resource/Category:Units_of_rate	Rates with fractions		math	khan	1.0	6.0
khan.negative-number-word-problems-1			Multiplying & dividing negative numbers word problems		math	khan	1.0	6.0
khan.multiplying_fractions			Multiplying positive and negative fractions		math	khan	5.0	5.0
khan.signs-of-sums			Signs of sums		math	khan	1.0	6.0
khan.adding_negative_numbers	lcsh.sh85093215	http://id.loc.gov/authorities/subjects/sh85093215	Adding negative numbers		math	khan	7.0	9.0
khan.slicing-3d-figures	khan.cross-sections-of-3d-shapes;lcsh.sh2003011041	http://id.loc.gov/authorities/subjects/sh2003011041	Cross sections of 3D objects (basic)		math	khan	7.0	9.0
khan.radius_diameter_and_circumference	opensalt.2c0b604c-53fa-11ef-871a-0242ac140002;opensalt.6.MG.1.b.i		Radius and diameter		math	khan	6.0	6.0
khan.linear_equations_2			Two-step equations		math	khan	1.0	6.0
khan.dividing_fractions_2			Dividing positive and negative fractions		math	khan	7.0	9.0
khan.converting_fractions_to_decimals	junyi.KI8O4kRTA9hmOK449IXRIVsj/XvtODOvymAcDaT90dI=;【基礎】分數轉換成小數;dbpedia.Decimalisation	http://dbpedia.org/resource/Category:Decimalisation	Converting fractions to decimals		math;elementary	khan	1.0	6.0
khan.adding_and_subtracting_negative_numbers	lcsh.sh85093215	http://id.loc.gov/authorities/subjects/sh85093215	Subtracting negative numbers		math	khan	7.0	9.0
khan.rate_problems_2			Rate problems 2		math	khan	1.0	6.0
khan.identifying-supplementary-complementary-vertical			Identifying supplementary complementary and vertical angles		math	khan	1.0	9.0
khan.area_of_a_circle	wd.Q4115331	https://www.wikidata.org/wiki/Q4115331	Area of a circle		math	khan	1.0	6.0
khan.finding-probability	opensalt.6ea8fcd4-1627-11ec-87ad-0242ac140003;opensalt.7.EP;dbpedia.Design_of_experiments	http://dbpedia.org/resource/Category:Design_of_experiments	Experimental probability		math;unit	khan	7.0	7.0
khan.understanding-probability	lcsh.sh85107087	http://id.loc.gov/authorities/subjects/sh85107087	Comparing probabilities		math	khan	7.0	9.0
khan.combining_like_terms_1			Combining like terms with negative coefficients		math	khan	7.0	9.0
khan.order_of_operations			Order of operations with negative numbers		math	khan	7.0	9.0
khan.multiply-and-divide-rational-numbers			Signs of expressions challenge		math	khan	1.0	6.0
khan.adding-negative-numbers-on-the-number-line	lcsh.sh85093215	http://id.loc.gov/authorities/subjects/sh85093215	Adding negative numbers on the number line		math	khan	7.0	9.0
khan.integer-addition-and-subtraction			Addition & subtraction: find the missing value		math	khan	7.0	9.0
khan.negative-number-addition-and-subtraction--interpretation-problems	lcsh.sh85093215	http://id.loc.gov/authorities/subjects/sh85093215	Interpreting negative number statements		math	khan	7.0	9.0
khan.adding-negative-numbers-word-problems	lcsh.sh85093215	http://id.loc.gov/authorities/subjects/sh85093215	Negative number addition and subtraction: word problems		math	khan	7.0	9.0
khan.writing_proportions			Writing proportions		math	khan	1.0	9.0
assistments.25	khan.complementary_and_supplementary_angles;khan.complementary-and-supplementary-angles--no-visual-		Complementary and Supplementary Angles		math;k-12	assistments	1.0	9.0
khan.find-the-radius-or-diameter-of-a-circle-from-the-circumference-or-area	wd.Q138209048	https://www.wikidata.org/wiki/Q138209048	Circumference of a circle		math	khan	6.0	6.0
khan.area-and-circumference-of-parts-of-circles			Area of parts of circles		math	khan	1.0	6.0
khan.constructing-triangles	opensalt.8c2df924-3082-11ec-afaf-0242ac140003;opensalt.Khan_7.G.A.2;dbpedia.Triangles_of_numbers	http://dbpedia.org/resource/Category:Triangles_of_numbers	Constructing triangles		math;content	khan	7.0	7.0
khan.probability-models	dbpedia.Probabilistic_models	http://dbpedia.org/resource/Category:Probabilistic_models	Probability models		math	khan	7.0	9.0
khan.sample-spaces-for-compound-events			Sample spaces for compound events		math	khan	7.0	9.0
khan.fundamental-counting-principle	lcsh.sh85033451	http://id.loc.gov/authorities/subjects/sh85033451	The counting principle		math	khan	9.0	12.0
khan.linear-equation-world-problems-2	lcsh.sh85148106	http://id.loc.gov/authorities/subjects/sh85148106	Two-step equations word problems		math	khan	1.0	6.0
khan.two-step-equations-with-decimals-and-fractions			Two-step equations with decimals and fractions		math	khan	1.0	6.0
khan.combining_like_terms_2			Combining like terms with negative coefficients & distribution		math	khan	7.0	9.0
khan.negative-signs-in-fractions--with-variables-	khan.negative-signs-in-numerators-and-denominators		Negative signs in fractions (with variables)		math	khan	7.0	9.0
khan.absolute-value-to-find-distance			Absolute value to find distance		math	khan	7.0	9.0
khan.understanding-addition-and-subtraction-on-the-number-line	lcsh.sh85093215	http://id.loc.gov/authorities/subjects/sh85093215	Interpret negative number addition and subtraction expressions		math	khan	7.0	9.0
khan.negative-number-addition-and-subtraction--equations-and-number-lines			Number equations & number lines		math	khan	7.0	9.0
khan.integer-addition-and-subtraction-2	lcsh.sh85093215	http://id.loc.gov/authorities/subjects/sh85093215	Adding & subtracting negative numbers		math	khan	7.0	9.0
khan.analyzing-and-identifying-proportional-relationships-2	lcsh.sh85107542	http://id.loc.gov/authorities/subjects/sh85107542	Identify proportional relationships		math	khan	7.0	9.0
khan.proportions_1	lcsh.sh85046819	http://id.loc.gov/authorities/subjects/sh85046819	Solving proportions		math	khan	7.0	9.0
khan.quadrilateral_angles	lcsh.sh85074180	http://id.loc.gov/authorities/subjects/sh85074180	Quadrilateral angles		math	khan	7.0	9.0
mooccubex.math.对顶角	对顶角;khan.vertical_angles;lcsh.sh85142908	http://id.loc.gov/authorities/subjects/sh85142908	Vertical angle		math	mooccubex	4.0	4.0
khan.shaded_areas			Shaded areas		math	khan	1.0	6.0
khan.triangle_inequality_theorem			Triangle side length rules		math	khan	1.0	6.0
khan.linear_equations_3	lcsh.sh85044522	http://id.loc.gov/authorities/subjects/sh85044522	Equations with variables on both sides		math	khan	7.0	9.0
khan.manipulating-linear-expressions-with-rational-coefficients			Combining like terms with rational coefficients		math	khan	7.0	9.0
khan.dividing-mixed-numbers			Dividing mixed numbers with negatives		math	khan	1.0	6.0
khan.complex-fractions			Simplify complex fractions		math	khan	1.0	6.0
khan.constructing-and-interpreting-absolute-value			Absolute value to find distance challenge		math	khan	7.0	9.0
khan.understanding-addition-and-subtraction-with-negative-numbers	lcsh.sh85093215	http://id.loc.gov/authorities/subjects/sh85093215	Ordering negative number expressions		math	khan	7.0	9.0
khan.properties-of-multiplication-with-negative-numbers	khan.negative-number-addition-and-subtraction-equivalent-expressions		Equivalent expressions with negative numbers (multiplication and division)		math	khan	1.0	6.0
khan.integer-addition-and-subtraction-with-substitution			Substitution with negative numbers		math	khan	7.0	9.0
khan.adding_and_subtracting_fractions			Adding & subtracting negative fractions		math	khan	7.0	9.0
khan.interpreting-graphs-of-proportional-relationships			Interpreting graphs of proportional relationships		math	khan	7.0	9.0
khan.writing-proportional-equations	lcsh.sh85107542	http://id.loc.gov/authorities/subjects/sh85107542	Writing proportional equations		math	khan	7.0	9.0
khan.find-missing-angles	lcsh.sh85055855	http://id.loc.gov/authorities/subjects/sh85055855	Finding missing angles		math	khan	1.0	6.0
khan.triangle-angles-and-opposite-sides			Ordering triangle sides and angles		math	khan	7.0	9.0
khan.compound-events	dbpedia.Compound_probability_distributions	http://dbpedia.org/resource/Category:Compound_probability_distributions	Probabilities of compound events		math	khan	7.0	9.0
khan.multistep_equations_with_distribution	junyi.pAUvW4XKSYhg1jlJZSgI+zcE64Vc1ZTK8rqKzNKk0+Q=;【基礎】有括號的四則計算;csp.1DB0ED10DFE70131251A68A86D17958E;S1014254;1DB0ED10DFE70131251A68A86D17958E;csp.1E00A260DFE7013125C568A86D17958E;1E00A260DFE7013125C568A86D17958E;lcsh.sh85098006	http://id.loc.gov/authorities/subjects/sh85098006	Equations with parentheses		math;elementary;english	khan	1.0	6.0
khan.variables-on-both-sides-rational			Equations with variables on both sides: decimals & fractions		math	khan	1.0	6.0
khan.equiv-expressions-w-neg-and-dist			Equivalent expressions: negative numbers & distribution		math	khan	7.0	9.0
khan.valid-claims	lcsh.sh85026530	http://id.loc.gov/authorities/subjects/sh85026530	Valid claims		math	khan	0	8
khan.integer_sums			Sums of consecutive integers		math	khan	1.0	6.0
khan.multi-step-equations-rational			Equations with parentheses: decimals & fractions		math	khan	1.0	6.0
khan.multistep-equations-without-variables	lcsh.sh85148106	http://id.loc.gov/authorities/subjects/sh85148106	Rational number word problems		math	khan	1.0	6.0
khan.comparing-populations			Comparing distributions		math	khan	7.0	9.0
khan.making-inferences-from-random-samples			Making inferences from random samples		math	khan	0	8
khan.solutions-to-linear-equations			Number of solutions to equations		math	khan	7.0	9.0
khan.one_step_inequalities	lcsh.sh94009499	http://id.loc.gov/authorities/subjects/sh94009499	One-step inequalities		math	khan	7.0	9.0
khan.exponents_1.5			Exponents with integer bases		math	khan	6.0	9.0
khan.comparing-proportional-relationships	dbpedia.Units_of_rate	http://dbpedia.org/resource/Category:Units_of_rate	Rates & proportional relationships		math	khan	1.0	6.0
khan.constructing-scale-drawings	lcsh.sh85082703	http://id.loc.gov/authorities/subjects/sh85082703	Construct scale drawings		math	khan	1.0	6.0
khan.solving-for-unknown-angles	lcsh.sh85055855	http://id.loc.gov/authorities/subjects/sh85055855	Unknown angle problems (with algebra)		math	khan	1.0	6.0
khan.solid_geometry	lcsh.sh85130733	http://id.loc.gov/authorities/subjects/sh85130733	Volume and surface area of cylinders		math	khan	7.0	7.0
khan.complete-equations-according-to-solutions			Number of solutions to equations challenge		math	khan	7.0	9.0
khan.solving-2-step-inequalities	lcsh.sh94009499	http://id.loc.gov/authorities/subjects/sh94009499	Two-step inequalities		math	khan	7.0	9.0
khan.exponents-with-negative-fractional-bases	opensalt.8be694e4-3082-11ec-bd3f-0242ac140003;opensalt.Khan_6.EE.A.1;junyi.kvCAt3kZ/mwV1jD2HyUqAQX8S4PUPR33jaGc4hW10Mc=;【基礎】指數律 1：底數為分數		Exponents with negative fractional bases		math;content;junior	khan	6.0	9.0
khan.graphing-proportional-relationships			Graphing proportional relationships		math	khan	7.0	9.0
khan.volumes-of-cones--cylinders--and-spheres	csp.85EC91A8AD1648ADB7C1B6519488DCAB;S2726954;85EC91A8AD1648ADB7C1B6519488DCAB;lcsh.sh85035130	http://id.loc.gov/authorities/subjects/sh85035130	Volume of cylinders		math;archived british columbia	khan	7.0	7.0
khan.solving_for_a_variable			Linear equations with unknown coefficients		math	khan	9.0	12.0
khan.interpretting-solving-linear-inequalities			Two-step inequality word problems		math	khan	7.0	9.0
khan.volume-word-problems-with-cones--cylinders--and-spheres	lcsh.sh85148106	http://id.loc.gov/authorities/subjects/sh85148106	Solid geometry word problems		math	khan	7.0	9.0
khan.working-with-units	dbpedia.Units_of_amount	http://dbpedia.org/resource/Category:Units_of_amount	Interpret units in formulas		math	khan	1.0	6.0
khan.exponents_2			Negative exponents		math	khan	6.0	9.0
khan.linear_inequalities	lcsh.sh94002353	http://id.loc.gov/authorities/subjects/sh94002353	Multi-step linear inequalities		math	khan	7.0	9.0
khan.plugging_in_values	lcsh.sh85044511	http://id.loc.gov/authorities/subjects/sh85044511	Solutions to 2-variable equations		math	khan	7.0	9.0
khan.units	dbpedia.Multiple_units	http://dbpedia.org/resource/Category:Multiple_units	Multiple units word problems		math	khan	1.0	6.0
khan.exponent_rules			Multiply & divide powers (integer exponents)		math	khan	10.0	12.0
khan.compound_inequalities	lcsh.sh94009499	http://id.loc.gov/authorities/subjects/sh94009499	Compound inequalities		math	khan	7.0	9.0
khan.graphing-solutions-to-two-variable-linear-equations			Complete solutions to 2-variable equations		math	khan	7.0	9.0
khan.orders-of-magnitude			Multiplication and division with powers of ten		math	khan	10.0	12.0
assistments.75	csp.AII.FF.1.c;S21381107;DECEC2577F6F4A7FA845D91FE4ADB33D;csp.A2.PRF.14.a;C66FBEE792FA4C24BB44063E5BE2971E;csp.AAII.FF.1.c;S21381158;17B1F9AC724D4372B521D69615CF44B2;khan.square_roots;alcpl.precalculus.Square_root;junyi.uO5Sx0OY+EO1m+rKoS0oGmTFX2fe8N8OJhGa+9nP5BE=;【基礎】平方根;lcsh.sh85127090;wd.Q134237	https://en.wikipedia.org/wiki/Square_root;http://id.loc.gov/authorities/subjects/sh85127090;https://www.wikidata.org/wiki/Q134237	Square Root		math;k-12;mathematics;precalculus;junior;lcsh	assistments	7.0	12.0
khan.constructing-scatter-plots			Constructing scatter plots		math	khan	7.0	9.0
khan.approximating-with-orders-of-magnitude			Approximating with powers of 10		math	khan	7.0	9.0
khan.multiplying_and_dividing_scientific_notation	lcsh.sh85118579	http://id.loc.gov/authorities/subjects/sh85118579	Multiplying & dividing in scientific notation		math	khan	1.0	6.0
khan.adding-and-subtracting-in-scientific-notation	lcsh.sh85118579	http://id.loc.gov/authorities/subjects/sh85118579	Adding & subtracting in scientific notation		math	khan	7.0	9.0
khan.recognizing-rational-and-irrational-numbers	lcsh.sh85093220	http://id.loc.gov/authorities/subjects/sh85093220	Classify numbers: rational & irrational		math	khan	1.0	6.0
khan.cube_roots	lcsh.sh85034648;lcsh.sh85044516	http://id.loc.gov/authorities/subjects/sh85034648;http://id.loc.gov/authorities/subjects/sh85044516	Cube roots		math;lcsh	khan	7.0	12.0
khan.slope-from-a-graph			Slope from graph		math	khan	1.0	6.0
khan.measuring_segments	dbpedia.Geometric_measurement	http://dbpedia.org/resource/Category:Geometric_measurement	Measuring segments		math	khan	7.0	9.0
khan.two-way-frequency-tables			Create two-way frequency tables		math	khan	8.0	8.0
khan.computing-in-scientific-notation	lcsh.sh85148106	http://id.loc.gov/authorities/subjects/sh85148106	Scientific notation word problems		math	khan	7.0	9.0
khan.square_roots_2			Approximating square roots		math	khan	7.0	9.0
khan.roots-of-decimals-and-fractions			Roots of decimals & fractions		math	khan	7.0	9.0
khan.equations-w-square-and-cube-roots	lcsh.sh85044520	http://id.loc.gov/authorities/subjects/sh85044520	Equations with square roots & cube roots		math	khan	7.0	9.0
khan.slope-from-an-equation-in-slope-intercept-form			Slope-intercept intro		math	khan	9.0	12.0
khan.slope-from-two-points			Slope from two points		math	khan	7.0	9.0
khan.parallel_lines_1			Angle relationships with parallel lines		math	khan	7.0	9.0
khan.angles_1	lcsh.sh85055855	http://id.loc.gov/authorities/subjects/sh85055855	Finding angle measures between intersecting lines		math	khan	1.0	6.0
khan.congruent_segments			Congruent segments		math	khan	1.0	6.0
khan.two-way-relative-frequency-tables			Create two-way relative frequency tables		math	khan	7.0	9.0
khan.reading-two-way-frequency-tables			Read two-way frequency tables		math	khan	8.0	8.0
khan.approximating-irrational-numbers			Comparing irrational numbers with a calculator		math	khan	1.0	6.0
khan.more-square-and-cube-root-problems			Square and cube challenge		math	khan	1.0	6.0
khan.slope-from-an-equation-in-standard-form			Slope from equation		math	khan	1.0	6.0
khan.segment_addition			Equation practice with segment addition		math	khan	1.0	6.0
khan.angle_addition_postulate			Equation practice with angle addition		math	khan	1.0	6.0
khan.vertical_angles_2			Equation practice with vertical angles		math	khan	1.0	9.0
khan.parallel_lines_2	lcsh.sh85055855	http://id.loc.gov/authorities/subjects/sh85055855	Equation practice with angles		math	khan	1.0	9.0
khan.angles_2	lcsh.sh85055855	http://id.loc.gov/authorities/subjects/sh85055855	Finding angle measures using triangles		math	khan	7.0	9.0
khan.points_lines_and_planes	lcsh.sh85054156	http://id.loc.gov/authorities/subjects/sh85054156	Points lines and planes		math	khan	7.0	9.0
khan.frequencies-of-bivariate-data	opensalt.8c7158f4-3082-11ec-a0df-0242ac140003;opensalt.Khan_8.SP.A.4		Interpreting two-way tables		math;content	khan	8.0	8.0
khan.reading-two-way-relative-frequency-tables			Reading two-way relative frequency tables		math	khan	8.0	8.0
khan.graph-from-standard-form-equation			Graph from linear standard form		math	khan	7.0	9.0
khan.converting_between_slope_intercept_and_standard_form			Convert linear equations to standard form		math	khan	9.0	12.0
khan.midpoint_of_a_segment			Equation practice with midpoints		math	khan	7.0	9.0
khan.functions_1	khan.evaluate-functions		Evaluate functions		math	khan	7.0	9.0
khan.pythagorean_theorem_1	dbpedia.Pythagoreans	http://dbpedia.org/resource/Category:Pythagoreans	Use Pythagorean theorem to find right triangle side lengths		math	khan	7.0	9.0
khan.positive-and-negative-linear-correlations-from-scatter-plots			Positive and negative linear associations from scatter plots		math	khan	7.0	9.0
khan.evaluate-functions-from-graph	khan.evaluate-functions-from-their-graph		Evaluate functions from their graph		math	khan	7.0	9.0
khan.converting_between_point_slope_and_slope_intercept			Point-slope form		math	khan	7.0	9.0
khan.pythagorean-theorem-word-problems	dbpedia.Pythagoreans	http://dbpedia.org/resource/Category:Pythagoreans	Pythagorean theorem challenge		math	khan	7.0	9.0
khan.distance_formula	wd.Q847073;lcsh.sh85038508	https://www.wikidata.org/wiki/Q847073;http://id.loc.gov/authorities/subjects/sh85038508	Distance between two points		math	khan	7.0	9.0
khan.pythagorean_theorem_2	alcpl.geometry.Special_right_triangles	https://en.wikipedia.org/wiki/Special_right_triangles	Special right triangles		math;geometry	khan	7.0	9.0
khan.interpreting-scatter-plots			Describing trends in scatter plots		math	khan	7.0	9.0
khan.functions_2			Evaluate function expressions		math	khan	7.0	9.0
khan.functions_matching_inputs_outputs			Function inputs & outputs: equation		math	khan	7.0	9.0
khan.interpreting-tables	lcsh.sh85148106	http://id.loc.gov/authorities/subjects/sh85148106	Linear equations word problems: tables		math	khan	9.0	12.0
khan.writing-the-equation-of-a-line-in-any-form	lcsh.sh85003441	http://id.loc.gov/authorities/subjects/sh85003441	Linear equations in any form		math	khan	9.0	12.0
khan.pythagorean-theorem-in-3d	dbpedia.Pythagoreans	http://dbpedia.org/resource/Category:Pythagoreans	Pythagorean theorem in 3D		math	khan	7.0	9.0
khan.function-notation-in-context	lcsh.sh00002537	http://id.loc.gov/authorities/subjects/sh00002537	Function notation word problems		math	khan	7.0	9.0
khan.match-inputs-to-outputs-from-a-graph			Function inputs & outputs: graph		math	khan	7.0	9.0
khan.interpreting-linear-graphs	lcsh.sh85148106	http://id.loc.gov/authorities/subjects/sh85148106	Linear equations word problems: graphs		math	khan	7.0	9.0
khan.verifying-solutions-to-systems-of-equations			Solutions of systems of equations		math	khan	7.0	9.0
khan.equations-of-lines-of-best-fit-to-make-predictions			Estimating equations of lines of best fit and using them to make predictions		math	khan	7.0	9.0
khan.independent_probability	khan.multiplying-dependent-probabilities;csp.D5788EF3347840C7BB637C061D5B04E7;S10381E2;D5788EF3347840C7BB637C061D5B04E7;csp.66384D1DA12A4C2484328A0D402BFD71;S1038209;66384D1DA12A4C2484328A0D402BFD71;csp.0F4CEEA0DFE801318F9468A86D17958E;S113DC70;0F4CEEA0DFE801318F9468A86D17958E		Independent probability		math;mathematics	khan	6.0	8.0
khan.linear-equations-word-problems	khan.interpreting-features-of-linear-functions;lcsh.sh85148106	http://id.loc.gov/authorities/subjects/sh85148106	Linear equations word problems		math	khan	9.0	12.0
khan.graphing_systems_of_equations			Systems of equations with graphing		math	khan	7.0	9.0
khan.performing-translations-on-the-coordinate-plane	lcsh.sh00006586	http://id.loc.gov/authorities/subjects/sh00006586	Translate points		math	khan	7.0	9.0
khan.domain_and_range_0.5			Domain and range from graph		math	khan	7.0	9.0
khan.comparing-features-of-functions-0-5			Compare linear functions		math	khan	7.0	9.0
khan.graphical-solutions-to-systems			Number of solutions to a system of equations graphically		math	khan	7.0	9.0
khan.systems_of_equations_with_substitution	lcsh.sh85129553	http://id.loc.gov/authorities/subjects/sh85129553	Systems of equations with substitution		math	khan	7.0	9.0
khan.systems_of_equations_with_elimination_0.5			Systems of equations with elimination		math	khan	7.0	9.0
khan.understanding-solution-methods-to-systems-of-equations			Equivalent systems of equations		math	khan	7.0	9.0
khan.rotate-points--basic-	khan.performing-rotations-on-the-coordinate-plane		Rotate points (basic)		math	khan	1.0	6.0
khan.add---subtract-polynomials-challenge			Add & subtract polynomials		math	khan	7.0	9.0
khan.domain-of-algebraic-functions			Determine the domain of functions		math	khan	7.0	9.0
khan.recog-func-2			Recognize functions from graphs		math	khan	7.0	9.0
khan.comparing-features-of-functions-1			Comparing linear functions word problems		math	khan	7.0	9.0
khan.systems_of_equations_with_elimination			Systems of equations with elimination challenge		math	khan	7.0	9.0
khan.distance_between_point_and_line	lcsh.sh85038508	http://id.loc.gov/authorities/subjects/sh85038508	Distance between point & line		math	khan	10.0	12.0
khan.performing-reflections-on-the-coordinate-plane			Reflect points		math	khan	7.0	9.0
khan.rotations-1			Rotate shapes		math	khan	1.0	6.0
khan.defining-translations	lcsh.sh97004654	http://id.loc.gov/authorities/subjects/sh97004654	Determine translations		math	khan	7.0	9.0
khan.describing-subsets-of-sample-spaces			Subsets of sample spaces		math	khan	0	8
mooccubex.cs.排列	排列;khan.permutations_1;lightcast.KS127PT71HVKCRPG9KQ4;KS127PT71HVKCRPG9KQ4;lcsh.sh85099995;dbpedia.Permutations;dbpedia.Permutation_patterns	https://skills.emsidata.com/skills/KS127PT71HVKCRPG9KQ4;http://id.loc.gov/authorities/subjects/sh85099995;http://dbpedia.org/resource/Category:Permutations;http://dbpedia.org/resource/Category:Permutation_patterns	permutation		computer science;math;specialized skill;lcsh;dbpedia	mooccubex	9.0	12.0
khan.interpreting-domain	lcsh.sh00002537	http://id.loc.gov/authorities/subjects/sh00002537	Function domain word problems		math	khan	7.0	9.0
khan.graphing-linear-functions-word-problems	lcsh.sh85148106	http://id.loc.gov/authorities/subjects/sh85148106	Graphing linear relationships word problems		math	khan	7.0	9.0
khan.constructing-consistent-and-inconsistent-system			Number of solutions to a system of equations algebraically		math	khan	7.0	9.0
khan.performing-dilations	lcsh.sh99005607	http://id.loc.gov/authorities/subjects/sh99005607	Dilate points		math	khan	0	8
khan.reflections-1	lcsh.sh97000725	http://id.loc.gov/authorities/subjects/sh97000725	Reflect shapes		math	khan	1.0	7.0
khan.defining-rotations	khan.determine-rotations--basic-;dbpedia.Rotation_in_three_dimensions	http://dbpedia.org/resource/Category:Rotation_in_three_dimensions	Determine rotations		math	khan	1.0	6.0
khan.standard_deviation_of_a_population	lcsh.sh85104913	http://id.loc.gov/authorities/subjects/sh85104913	Standard deviation of a population		math	khan	7.0	9.0
khan.variance	dbpedia.Variance;wd.Q135079336	http://dbpedia.org/resource/Category:Variance;https://www.wikidata.org/wiki/Q135079336	Variance		math;dbpedia	khan	0	8
khan.types-of-statistical-studies	dbpedia.Statistical_data_types	http://dbpedia.org/resource/Category:Statistical_data_types	Types of statistical studies		math	khan	7.0	9.0
khan.constructing-probability-distributions	dbpedia.Systems_of_probability_distributions	http://dbpedia.org/resource/Category:Systems_of_probability_distributions	Constructing probability distributions		math	khan	7.0	9.0
khan.add---subtract-polynomials--find-the-error			Add & subtract polynomials: find the error		math	khan	7.0	9.0
khan.adding-and-subtracting-polynomials-2	khan.add---subtract-polynomials--two-variables-challenge		Add & subtract polynomials: two variables (intro)		math	khan	7.0	9.0
khan.positive_and_negative_parts_of_functions	lcsh.sh91002779	http://id.loc.gov/authorities/subjects/sh91002779	Positive and negative intervals		math	khan	7.0	9.0
khan.recognize-maxima-and-minima			Relative maxima and minima		math	khan	7.0	9.0
khan.recognizing_functions	lcsh.sh2008121325	http://id.loc.gov/authorities/subjects/sh2008121325	Recognize functions from tables		math	khan	1.0	6.0
khan.writing-linear-functions-word-problems	khan.constructing-linear-functions-word-problems;lcsh.sh85148106	http://id.loc.gov/authorities/subjects/sh85148106	Writing linear functions word problems		math	khan	9.0	12.0
khan.checking-solutions-to-two-var-inequalities	dbpedia.Geometric_inequalities	http://dbpedia.org/resource/Category:Geometric_inequalities	Solutions of inequalities: algebraic		math	khan	7.0	9.0
khan.dilations			Dilate triangles		math	khan	7.0	7.0
khan.defining-reflections	khan.determine-reflections;lcsh.sh97000725	http://id.loc.gov/authorities/subjects/sh97000725	Determine reflections (advanced)		math	khan	9.0	12.0
khan.hypothesis-testing-with-simulations	dbpedia.Hypothesis_testing	http://dbpedia.org/resource/Category:Hypothesis_testing	Simple hypothesis testing		math	khan	7.0	12.0
khan.trends-in-categorical-data	csp.D71C17523F514CBBAE5C10EDF417F951;S2564636;D71C17523F514CBBAE5C10EDF417F951		Trends in categorical data		math;mathematics	khan	9.0	12.0
khan.dependent_probability			Dependent probability		math	khan	6.0	8.0
khan.permutations_and_combinations_2	dbpedia.Combination_puzzles	http://dbpedia.org/resource/Category:Combination_puzzles	Permutations & combinations		math	khan	7.0	9.0
khan.expected_value	wd.Q200125;dbpedia.Expected_utility	https://www.wikidata.org/wiki/Q200125;http://dbpedia.org/resource/Category:Expected_utility	Expected value		math	khan	7.0	9.0
khan.factors-and-divisibility	lcsh.sh85093212	http://id.loc.gov/authorities/subjects/sh85093212	Factors & divisibility		math	khan	1.0	6.0
khan.finding-the-product-of-two-monomials			Multiply monomials intro		math	khan	7.0	9.0
khan.increasing-decreasing-intervals-of-functions	lcsh.sh91002779	http://id.loc.gov/authorities/subjects/sh91002779	Increasing and decreasing intervals		math	khan	1.0	6.0
khan.evaluating-piecewise-functions			Evaluate piecewise functions		math	khan	7.0	9.0
khan.constructing-and-interpreting-linear-functions	lcsh.sh85148106	http://id.loc.gov/authorities/subjects/sh85148106	Linear models word problems		math	khan	9.0	12.0
khan.graphically-check-solutions-to-inequalities	dbpedia.Geometric_inequalities	http://dbpedia.org/resource/Category:Geometric_inequalities	Solutions of inequalities: graphical		math	khan	7.0	9.0
khan.systems_of_equations			Linear systems of equations capstone		math	khan	7.0	9.0
khan.defining-dilations-2	lcsh.sh99005607	http://id.loc.gov/authorities/subjects/sh99005607	Dilations: scale factor		math	khan	1.0	6.0
khan.z_scores_1			Calculating z-scores		math	khan	0	8
khan.basic_set_notation	lcsh.sh85082126	http://id.loc.gov/authorities/subjects/sh85082126	Basic set notation		math	khan	7.0	9.0
khan.interpreting-and-comparing-data-distributions			Comparing data distributions		math	khan	1.0	6.0
khan.factoring-monomials			Factor monomials		math	khan	7.0	9.0
khan.multiply-monomials-challenge			Multiply monomials		math	khan	7.0	9.0
mooccubex.math.平均变化率	平均变化率;khan.avg-rate-of-change;wd.Q137924238	https://www.wikidata.org/wiki/Q137924238	average rate of change		math	mooccubex	1.0	6.0
khan.interpret-features-func-2	lcsh.sh85148106	http://id.loc.gov/authorities/subjects/sh85148106	Graph interpretation word problems		math	khan	7.0	9.0
khan.evaluate-step-functions-from-their-graph			Evaluate step functions		math	khan	7.0	9.0
khan.understanding-systems-of-equations-word-problems	lcsh.sh85148106	http://id.loc.gov/authorities/subjects/sh85148106	Systems of equations word problems		math	khan	1.0	6.0
khan.analyze-sequences-of-transformations			Sequences of transformations		math	khan	7.0	9.0
khan.qualitatively-defining-rigid-transformations	dbpedia.Transforms	http://dbpedia.org/resource/Category:Transforms	Defining transformations		math	khan	7.0	9.0
khan.z_scores_2			Normal distribution: Area above or below a point		math	khan	7.0	9.0
khan.expected-value-with-calculated-probabilities			Expected value with calculated probabilities		math	khan	7.0	9.0
khan.factoring-polynomials	lcsh.sh85046846	http://id.loc.gov/authorities/subjects/sh85046846	Factor polynomials: common factor		math	khan	7.0	9.0
khan.multiply-monomials-by-polynomials-intuition			Multiply monomials by polynomials: area model		math	khan	7.0	9.0
khan.average-rate-of-change-word-problems			Average rate of change word problems		math	khan	1.0	6.0
khan.piecewise-graphs-linear			Piecewise functions graphs		math	khan	7.0	9.0
khan.checking-solutions-to-systems-of-inequalities	dbpedia.Geometric_inequalities	http://dbpedia.org/resource/Category:Geometric_inequalities	Solutions of systems of inequalities		math	khan	7.0	9.0
khan.graphs_of_inequalities			Two-variable inequalities from their graphs		math	khan	7.0	9.0
khan.age_word_problems	lcsh.sh2009008954	http://id.loc.gov/authorities/subjects/sh2009008954	Age word problems		math	khan	7.0	9.0
khan.symmetry-of-two-dimensional-shapes			Symmetry of 2D shapes		math	khan	9.0	12.0
khan.z_scores_3			Normal distribution: Area between two points		math	khan	1.0	6.0
khan.making-decisions-with-expected-values	dbpedia.Optimal_decisions	http://dbpedia.org/resource/Category:Optimal_decisions	Making decisions with expected values		math	khan	9.0	12.0
khan.finding-the-product-of-a-monomial-and-a-polynomial			Multiply monomials by polynomials		math	khan	7.0	9.0
khan.graphing_inequalities_2			Graphs of inequalities		math	khan	7.0	9.0
khan.linear-non-linear-functions			Linear & nonlinear functions		math	khan	7.0	9.0
khan.exploring-rigid-transformations-and-congruence	lcsh.sh85031095	http://id.loc.gov/authorities/subjects/sh85031095	Congruence & transformations		math	khan	9.0	12.0
khan.multiplying_expressions_0.5	lcsh.sh2017004126	http://id.loc.gov/authorities/subjects/sh2017004126	Multiply binomials intro		math	khan	9.0	12.0
khan.understanding-fractional-exponents	lcsh.sh2001002947	http://id.loc.gov/authorities/subjects/sh2001002947	Unit-fraction exponents		math	khan	7.0	9.0
khan.graphing_systems_of_inequalities_2			Systems of inequalities graphs		math	khan	7.0	9.0
khan.modeling-constraints	lcsh.sh85148106	http://id.loc.gov/authorities/subjects/sh85148106	Two-variable inequalities word problems		math	khan	7.0	9.0
khan.interpreting-graphs-of-linear-and-nonlinear-functions			Interpreting graphs of functions		math	khan	7.0	9.0
khan.multiply-binomials-coefficient	lcsh.sh85044514	http://id.loc.gov/authorities/subjects/sh85044514	Multiply binomials		math	khan	9.0	12.0
khan.exponents_3	mooccubex.math.分数指数;分数指数;lcsh.sh2001002947	http://id.loc.gov/authorities/subjects/sh2001002947	Fractional exponents		math	khan	7.0	9.0
khan.modeling-systems-of-linear-inequalities	lcsh.sh85148106	http://id.loc.gov/authorities/subjects/sh85148106	Systems of inequalities word problems		math	khan	7.0	9.0
khan.multiplying_polynomials	lcsh.sh85044514	http://id.loc.gov/authorities/subjects/sh85044514	Multiply binomials by polynomials		math	khan	7.0	9.0
khan.simplifying_radicals	khan.multiplying_radicals		Simplify square roots		math	khan	7.0	9.0
khan.congruent_triangles_1			Determine congruent triangles		math	khan	1.0	6.0
khan.factoring_polynomials_1			Factoring quadratics intro		math	khan	7.0	9.0
khan.multiplying_expressions_1			Special products of binomials intro		math	khan	9.0	12.0
khan.absolute_value_equations			Solve absolute value equations		math	khan	7.0	9.0
khan.arithmetic_sequences_1	dbpedia.Integer_sequences	http://dbpedia.org/resource/Category:Integer_sequences	Extend arithmetic sequences		math	khan	7.0	9.0
khan.congruent_triangles_2			Find angles in congruent triangles		math	khan	1.0	6.0
khan.factoring_polynomials_by_grouping_1	junyi.6KWUZDbWrp4SZwz1c3Qemu0nKG1Ga6+YmrXtTMuil4M=;【基礎】分組提公因式做因式分解		Factor quadratics by grouping		math;junior	khan	7.0	9.0
khan.finding-special-products			Special products of binomials		math	khan	9.0	12.0
khan.adding_and_subtracting_radicals			Simplify square-root expressions		math	khan	7.0	9.0
khan.graphs-of-absolute-value-functions			Graph absolute value functions		math	khan	7.0	9.0
khan.geometric_sequences_1			Extend geometric sequences		math	khan	7.0	9.0
khan.arithmetic_sequences_2			Use arithmetic sequence formulas		math	khan	7.0	9.0
khan.geometric-definitions	lcsh.sh85054161	http://id.loc.gov/authorities/subjects/sh85054161	Geometric definitions		math	khan	7.0	9.0
khan.triangle_angles_1	lcsh.sh85055855	http://id.loc.gov/authorities/subjects/sh85055855	Find angles in triangles		math	khan	7.0	9.0
khan.expressions_with_unknown_variables			Evaluate expressions using structure		math	khan	7.0	9.0
khan.factoring_polynomials_2	lcsh.sh85046846	http://id.loc.gov/authorities/subjects/sh85046846	Factor polynomials: quadratic methods		math	khan	7.0	9.0
khan.simplify-radicals-and-exponentials	lcsh.sh85110377	http://id.loc.gov/authorities/subjects/sh85110377	Evaluate radical expressions challenge		math	khan	7.0	9.0
khan.geometric_sequences_2	lcsh.sh85120242	http://id.loc.gov/authorities/subjects/sh85120242	Use geometric sequence formulas		math	khan	7.0	9.0
khan.explicit-formulas-for-arithmetic-sequences			Explicit formulas for arithmetic sequences		math	khan	7.0	9.0
khan.geometry-problems-on-the-coordinate-plane			Points inside/outside/on a circle		math	khan	7.0	9.0
khan.midpoint_formula			Midpoint formula		math	khan	7.0	9.0
khan.find-angles-in-isosceles-triangles			Find angles in isosceles triangles		math	khan	1.0	6.0
khan.angles_of_a_polygon	lcsh.sh85055855	http://id.loc.gov/authorities/subjects/sh85055855	Angles of a polygon		math	khan	7.0	9.0
khan.factoring_difference_of_squares_1			Difference of squares intro		math	khan	7.0	9.0
khan.manipulating-fractional-exponents			Rational exponents challenge		math	khan	10.0	12.0
khan.sequences-as-functions			Explicit formulas for geometric sequences		math	khan	7.0	9.0
khan.recursive-formulas-for-arithmetic-sequences			Recursive formulas for arithmetic sequences		math	khan	7.0	9.0
khan.arithmetic_series	dbpedia.Arithmetic_series;wd.Q956213;lcsh.sh85120238	http://dbpedia.org/resource/Category:Arithmetic_series;https://www.wikidata.org/wiki/Q956213;http://id.loc.gov/authorities/subjects/sh85120238	Arithmetic series		math;dbpedia	khan	7.0	9.0
khan.coordinate-plane-word-problems-with-polygons			Coordinate plane word problems: polygons		math	khan	7.0	9.0
khan.dividing-line-segments			Divide line segments		math	khan	7.0	9.0
khan.line-and-angle-proofs			Proofs with transformations		math	khan	7.0	9.0
khan.structure-in-expressions-1			Manipulate expressions using structure		math	khan	1.0	6.0
khan.solving_quadratics_by_taking_the_square_root	lcsh.sh85044517	http://id.loc.gov/authorities/subjects/sh85044517	Quadratics by taking square roots		math	khan	7.0	9.0
khan.geometric-series--1	lcsh.sh85120242	http://id.loc.gov/authorities/subjects/sh85120242	Finite geometric series		math	khan	9.0	12.0
khan.recursive-formulas-for-geometric-sequences			Recursive formulas for geometric sequences		math	khan	7.0	9.0
khan.explicit-and-recursive-formulas-of-arithmetic-sequences			Converting recursive & explicit forms of arithmetic sequences		math	khan	7.0	9.0
khan.writing-finite-arithmetic-series-in-sigma-notation	lcsh.sh85120238	http://id.loc.gov/authorities/subjects/sh85120238	Arithmetic series in sigma notation		math	khan	7.0	9.0
mooccubex.math.相似变换	相似变换;khan.exploring-angle-preserving-transformations-and-similarity;lcsh.sh85122728	http://id.loc.gov/authorities/subjects/sh85122728	similarity transformation		math;lcsh	mooccubex	7.0	9.0
khan.compare-expressions-with-unknown-variables-word-problems			Analyzing structure with linear inequalities		math	khan	7.0	9.0
khan.factoring_difference_of_squares_2	wd.Q1017274;lcsh.sh85127092	https://www.wikidata.org/wiki/Q1017274;http://id.loc.gov/authorities/subjects/sh85127092	Difference of squares		math	khan	7.0	9.0
khan.understanding-the-equation-solving-process			Quadratics by taking square roots: strategy		math	khan	7.0	9.0
khan.solving_quadratics_by_factoring	khan.solving_quadratics_by_factoring_2;lcsh.sh85044517	http://id.loc.gov/authorities/subjects/sh85044517	Quadratics by factoring (intro)		math	khan	7.0	9.0
khan.geometric-series	lcsh.sh85148106	http://id.loc.gov/authorities/subjects/sh85148106	Finite geometric series word problems		math	khan	7.0	9.0
khan.explicit-and-recursive-formulas-of-geometric-sequences			Converting recursive & explicit forms of geometric sequences		math	khan	7.0	9.0
khan.rotate-2d-shapes-to-make-3d-objects	dbpedia.Rotation_in_three_dimensions	http://dbpedia.org/resource/Category:Rotation_in_three_dimensions	Rotate 2D shapes in 3D		math	khan	1.0	6.0
khan.surface-and-volume-density-word-problems	lcsh.sh85148106	http://id.loc.gov/authorities/subjects/sh85148106	Density word problems		math	khan	7.0	9.0
khan.factoring_difference_of_squares_3			Factor polynomials: special product forms		math	khan	7.0	9.0
khan.imaginary_unit_powers			Powers of the imaginary unit		math	khan	9.0	12.0
khan.determine-if-an-infinite-geometric-series	lcsh.sh85120242	http://id.loc.gov/authorities/subjects/sh85120242	Convergent & divergent geometric series		math	khan	9.0	12.0
khan.recursive_explicit	lcsh.sh85148106	http://id.loc.gov/authorities/subjects/sh85148106	Sequences word problems		math	khan	7.0	9.0
khan.arc-measure	lcsh.sh85006477	http://id.loc.gov/authorities/subjects/sh85006477	Arc measure		math;lcsh	khan	7.0	9.0
khan.similar_triangles_2			Determine similar triangles: SSS		math	khan	7.0	9.0
khan.similar_triangles_1			Determine similar triangles: AA		math	khan	7.0	9.0
khan.simplify-square-roots-of-negative-numbers			Simplify roots of negative numbers		math	khan	7.0	9.0
khan.evaluating-sequences-in-recursive-form	lcsh.sh85112012	http://id.loc.gov/authorities/subjects/sh85112012	Evaluate sequences in recursive form		math	khan	7.0	9.0
khan.arc-measure-with-equations			Arc measure with equations		math	khan	7.0	9.0
khan.solving_similar_triangles_1	khan.solving_similar_triangles_2;dbpedia.Triangle_geometry	http://dbpedia.org/resource/Category:Triangle_geometry	Solve similar triangles (basic)		math	khan	7.0	9.0
khan.real-and-imaginary-parts-of-complex-numbers	lcsh.sh85093211	http://id.loc.gov/authorities/subjects/sh85093211	Parts of complex numbers		math	khan	9.0	12.0
mooccubex.cs.配方法	配方法;khan.completing_the_square_1;khan.completing_the_square_2;khan.completing_the_square_in_quadratic_expressions;wd.Q50704	https://www.wikidata.org/wiki/Q50704	completing the square		computer science;math	mooccubex	7.0	9.0
khan.recognizing-rational-and-irrational-expressions			Rational vs. irrational expressions		math	khan	7.0	9.0
khan.circles_and_arcs	alcpl.geometry.Arc_length;khan.arc-length-of-functions-in-one-variable;wd.Q670036	https://en.wikipedia.org/wiki/Arc_length;https://www.wikidata.org/wiki/Q670036	Arc length		math;geometry	khan	1.0	6.0
khan.the-imaginary-unit-and-complex-numbers	lcsh.sh85093211	http://id.loc.gov/authorities/subjects/sh85093211	Classify complex numbers		math	khan	9.0	12.0
khan.construct-basic-exponential-functions-from-table-or-graph			Exponential functions from tables & graphs		math	khan	7.0	9.0
khan.inscribed_angles_1	junyi.5zb/E6kSp+5Gs/Qc8wv83Dy5jLIhJ0UabdQmsqOQsXs=;【基礎】圓內角;dbpedia.Inscribed_rocks	http://dbpedia.org/resource/Category:Inscribed_rocks	Inscribed angles		math;junior	khan	7.0	9.0
khan.angle_bisector_theorem			Solve triangles: angle bisector theorem		math	khan	7.0	9.0
khan.adding_and_subtracting_complex_numbers	lcsh.sh85088383	http://id.loc.gov/authorities/subjects/sh85088383	Add & subtract complex numbers		math	khan	9.0	12.0
khan.the_complex_plane			Plot numbers on the complex plane		math	khan	9.0	12.0
khan.graphs-of-basic-exponential-functions			Graphing exponential growth & decay		math	khan	7.0	9.0
khan.central--inscribed--and-circumscribed-angles	lcsh.sh85032240	http://id.loc.gov/authorities/subjects/sh85032240	Tangents of circles problems		math	khan	7.0	9.0
khan.inscribed-angle-problem-solving	dbpedia.Inscribed_rocks	http://dbpedia.org/resource/Category:Inscribed_rocks	Inscribed shapes		math	khan	7.0	9.0
khan.solving-problems-with-similar-and-congruent-triangles			Use similar & congruent triangles		math	khan	7.0	9.0
khan.multiplying_complex_numbers	khan.multiply-complex-numbers-by-real-or-imaginary-numbers;lcsh.sh85088383	http://id.loc.gov/authorities/subjects/sh85088383	Multiply complex numbers		math	khan	9.0	12.0
khan.complex_plane_operations			Graphically add & subtract complex numbers		math	khan	9.0	12.0
khan.quadratic_equation	alcpl.precalculus.Quadratic_formula;junyi.LW5fheFKmpxrYPVEAXjEcNUtz9PChr6yjz/enILitwA=;【基礎】一元二次方程式的公式解;wd.Q15909572;lcsh.sh85044517	https://en.wikipedia.org/wiki/Quadratic_formula;https://www.wikidata.org/wiki/Q15909572;http://id.loc.gov/authorities/subjects/sh85044517	Quadratic formula		math;precalculus;junior	khan	7.0	9.0
khan.trigonometry_1			Trigonometric ratios in right triangles		math	khan	7.0	9.0
khan.determine-the-number-of-solutions-of-a-quadratic-equation			Number of solutions of quadratic equations		math	khan	7.0	9.0
khan.trigonometry_2			Solve for a side in right triangles		math	khan	7.0	9.0
khan.identifying-and-using-quadratic-forms			Features of quadratic functions: strategy		math	khan	7.0	9.0
khan.understanding-linear-and-exponential-models			Exponential vs. linear models		math	khan	10.0	12.0
khan.solve-for-an-angle-in-a-right-triangle			Solve for an angle in right triangles		math	khan	7.0	9.0
khan.rewriting-expressions-to-reveal-information			Features of quadratic functions		math	khan	7.0	9.0
khan.comparing-growth-rates-of-exponentials-and-polynomials			Exponential vs. linear growth over time		math	khan	10.0	12.0
khan.degrees_to_radians			Radians & degrees		math	khan	4.0	4.0
khan.applying-right-triangles	lcsh.sh85148106	http://id.loc.gov/authorities/subjects/sh85148106	Right triangle word problems		math	khan	1.0	6.0
khan.law_of_sines			Solve triangles using the law of sines		math	khan	1.0	6.0
khan.compare-properties-quadratic-functions			Compare quadratic functions		math	khan	7.0	9.0
khan.equivalent-forms-of-expressions-with-variable-exponents			Equivalent forms of exponential expressions		math	khan	7.0	9.0
khan.cc-radians-and-arc-length			Radians & arc length		math	khan	7.0	9.0
khan.law_of_cosines			Solve triangles using the law of cosines		math	khan	1.0	6.0
khan.binomial-theorem	lcsh.sh85044514	http://id.loc.gov/authorities/subjects/sh85044514	Expand binomials		math	khan	9.0	12.0
khan.divide-polynomials-by-monomials			Divide polynomials with remainders: monomial divisors		math	khan	7.0	9.0
khan.graphing_parabolas_0.5	dbpedia.Quadratic_forms	http://dbpedia.org/resource/Category:Quadratic_forms	Graph quadratics in standard form		math	khan	7.0	9.0
khan.key-features-quadratics	khan.quadratic-word-problems-vertex-form;khan.quadratic-word-problems-factored-form;lcsh.sh85148106	http://id.loc.gov/authorities/subjects/sh85148106	Quadratic word problems (standard form)		math	khan	7.0	9.0
khan.rewrite-exponential-expressions			Rewrite exponential expressions		math	khan	7.0	9.0
khan.law-of-sines-and-cosines-word-problems	lcsh.sh85148106	http://id.loc.gov/authorities/subjects/sh85148106	General triangle word problems		math	khan	1.0	6.0
khan.polynomial-identities			Prove polynomial identities		math	khan	7.0	9.0
khan.divide-polynomials-by-binomials			Divide polynomials with remainders: binomial divisors		math	khan	7.0	9.0
khan.graph-quadratic-functions-in-factored-form			Graph quadratics in factored form		math	khan	7.0	9.0
khan.solve-exponential-equations-using-properties-of-exponents--basic-	khan.solve-exponential-equations-using-properties-of-exponents-advanced		Solve exponential equations using exponent properties		math	khan	10.0	12.0
khan.evaluate-composite-functions-from-formulas			Evaluate composite functions		math	khan	7.0	9.0
khan.equivalent-forms-of-expressions-with-complex-numbers	lcsh.sh85046846	http://id.loc.gov/authorities/subjects/sh85046846	Factor polynomials: complex numbers		math	khan	7.0	9.0
khan.dividing-polynomials-with-remainders			Divide polynomials with remainders		math	khan	7.0	9.0
khan.graphing_parabolas_1	junyi.9xKPJypj9iNixPJpQ2i/OsHZXTb1JcFP70VkCCOrH38=;【一般】給頂點座標反求二次函數;dbpedia.Quadratic_forms	http://dbpedia.org/resource/Category:Quadratic_forms	Graph quadratics in vertex form		math;junior	khan	7.0	9.0
khan.evaluate-composite-functions-from-graphs-and-tables			Evaluate composite functions: graphs & tables		math	khan	7.0	9.0
khan.circles-and-pythagorean-identities	dbpedia.Pythagoreans	http://dbpedia.org/resource/Category:Pythagoreans	Use the Pythagorean identity		math	khan	7.0	9.0
khan.trigonometric-functions-of-special-angles			Trig values of special angles		math	khan	7.0	12.0
khan.quadratic-formula-with-complex-solutions	lcsh.sh85044517	http://id.loc.gov/authorities/subjects/sh85044517	Solve quadratic equations: complex solutions		math	khan	7.0	9.0
khan.remainder-theorem-of-polynomials			Use the Polynomial Remainder Theorem		math	khan	7.0	9.0
khan.graphing_parabolas_2	lcsh.sh85097722	http://id.loc.gov/authorities/subjects/sh85097722	Graph parabolas in all forms		math	khan	7.0	9.0
khan.modeling-with-exponential-functions			Interpret change in exponential models		math	khan	0	8
khan.compose-functions			Find composite functions		math	khan	7.0	9.0
khan.combining-functions-with-arithmetic-operations			Model with function combination		math	khan	7.0	9.0
khan.find-the-zeros-of-polynomials	khan.using-zeros-to-graph-polynomials;opensalt.8b52c1ea-6b9c-11e9-915c-2d4d3444c92f;opensalt.I.B.3.b;opensalt.8bb5a7c8-1b9a-11ec-a0fc-0242ac140003;opensalt.A.TF9;opensalt.a77c1ee2-1b9a-11ec-938a-0242ac140003;opensalt.A.TF10;csp.6E7F7162C7114442AD43F4A8B3BB891E;6E7F7162C7114442AD43F4A8B3BB891E		Finding zeros of polynomials		math;objective;mathematics	khan	9.0	12.0
khan.understanding-inverse-functions	lcsh.sh85052342	http://id.loc.gov/authorities/subjects/sh85052342	Evaluate inverse functions		math	khan	7.0	9.0
khan.shift-functions	esco.6f2721bf-40ad-4f5d-8774-a478d1d6f5a6;http://data.europa.eu/esco/skill/6f2721bf-40ad-4f5d-8774-a478d1d6f5a6;lcsh.sh85121411	http://data.europa.eu/esco/skill/6f2721bf-40ad-4f5d-8774-a478d1d6f5a6;http://id.loc.gov/authorities/subjects/sh85121411	Shift functions	Work in rotating shifts, where the goal is to keep a service or production line running around the clock and each day of the week.	math;skill competence	khan	7.0	9.0
khan.modeling-with-composite-functions			Model with composite functions		math	khan	7.0	9.0
khan.interpret-rate-of-change-of-exponential-models-with-manipulation			Interpret change in exponential models: with manipulation		math	khan	0	8
khan.construct-exponential-models-according-to-rate-of-change			Construct exponential models		math	khan	10.0	12.0
khan.interpret-rate-of-change-of-exponential-models-for-a-different-unit			Interpret change in exponential models: changing units		math	khan	1.0	6.0
khan.shifting_and_reflecting_functions	dbpedia.Transforms	http://dbpedia.org/resource/Category:Transforms	Transforming functions		math	khan	7.0	9.0
khan.find-amplitude-of-a-sinusoid-from-formula			Amplitude of sinusoidal functions from equation		math	khan	12.0	12.0
khan.positive-and-negative-intervals-of-polynomials			Positive & negative intervals of polynomials		math	khan	12.0	12.0
khan.distinguish-between-linear-and-exponential-growth-from-tables			Linear vs. exponential growth: from data		math	khan	7.0	9.0
khan.logarithms_1	khan.logarithms_1.5;lcsh.sh85034921	http://id.loc.gov/authorities/subjects/sh85034921	Evaluate logarithms		math	khan	10.0	12.0
khan.determine-the-end-behavior-of-polynomials			End behavior of polynomials		math	khan	12.0	12.0
khan.inverse-domain-range			Determine if a function is invertible		math	khan	7.0	9.0
khan.simplifying_rational_expressions_1			Simplify rational expressions: common monomial factors		math	khan	7.0	9.0
khan.understanding-logs-as-inverse-exponentials			Relationship between exponentials & logarithms		math	khan	10.0	12.0
khan.logarithms_2			Use the properties of logarithms		math	khan	7.0	9.0
khan.restrict-the-domains-of-functions			Restrict domains of functions to make them invertible		math	khan	7.0	9.0
khan.construct-sinusoidal-functions	opensalt.5b8bc3a2-543a-11eb-af0b-d5a44e838720		Construct sinusoidal functions		math;cluster	khan	12.0	12.0
khan.simplifying_rational_expressions_2			Simplify rational expressions: common binomial factors		math	khan	7.0	9.0
khan.evaluate-logarithms-using-the-change-of-base-rule			Evaluate logarithms: change of base rule		math	khan	10.0	12.0
khan.inverse_trig_functions			Evaluate inverse trig functions		math	khan	9.0	12.0
khan.modeling-with-periodic-functions			Modeling with sinusoidal functions		math	khan	12.0	12.0
khan.solve-square-root-equations-basic	khan.solve-square-root-equations-advanced;lcsh.sh85044520	http://id.loc.gov/authorities/subjects/sh85044520	Solve square-root equations (basic)		math	khan	7.0	9.0
khan.simplifying_rational_expressions_3			Simplify rational expressions (advanced)		math	khan	1.0	6.0
khan.rewrite-logarithmic-expressions-using-the-change-of-base-rule			Use the logarithm change of base rule		math	khan	0	8
khan.using-logarithms-to-solve-exponential-equations			Solve exponential equations using logarithms: base-10 and base-e		math	khan	10.0	12.0
khan.solve-basic-sinusoidal-equations	khan.solve-advanced-sinusoidal-equations		Solve sinusoidal equations (basic)		math	khan	12.0	12.0
khan.trig_addition_identities	lcsh.sh85137517	http://id.loc.gov/authorities/subjects/sh85137517	Using the trig angle addition identities		math	khan	1.0	6.0
khan.multiplying_and_dividing_rational_expressions_1	khan.multiplying_and_dividing_rational_expressions_2;khan.multiplying_and_dividing_rational_expressions_3		Multiply & divide rational expressions (basic)		math	khan	5.0	5.0
khan.solve-exponential-equations-using-logarithms-base-2			Solve exponential equations using logarithms: base-2 and other bases		math	khan	6.0	9.0
khan.applying-angle-addition-formulas	lcsh.sh85137517	http://id.loc.gov/authorities/subjects/sh85137517	Find trig values using angle addition identities		math	khan	1.0	6.0
khan.extraneous-solutions-to-radical-equations	lcsh.sh85110377	http://id.loc.gov/authorities/subjects/sh85110377	Extraneous solutions of radical equations		math	khan	7.0	9.0
khan.graphs-of-radical-functions			Radical functions & their graphs		math	khan	7.0	9.0
khan.graphs-of-exponential-functions			Graphs of exponential functions		math	khan	7.0	9.0
khan.exponential-models-word-problems	lcsh.sh85148106	http://id.loc.gov/authorities/subjects/sh85148106	Exponential model word problems		math	khan	7.0	9.0
khan.inverse-trig-word-problems			Sinusoidal models word problems		math	khan	12.0	12.0
khan.adding_and_subtracting_rational_expressions			Add & subtract rational expressions: like denominators		math	khan	7.0	9.0
khan.graphs-of-exponentials-and-logarithms	lcsh.sh85034921	http://id.loc.gov/authorities/subjects/sh85034921	Graphs of logarithmic functions		math	khan	7.0	9.0
khan.equivalent-vectors	lcsh.sh85142448	http://id.loc.gov/authorities/subjects/sh85142448	Equivalent vectors		math	khan	9.0	12.0
khan.linear_equations_4	khan.solving_rational_equations_2		Equations with one rational expression		math	khan	7.0	9.0
khan.adding_and_subtracting_rational_expressions_2			Add & subtract rational expressions: unlike denominators		math	khan	7.0	9.0
khan.graph-a-circle-according-to-its-features	dbpedia.Graphs_by_radius	http://dbpedia.org/resource/Category:Graphs_by_radius	Graph a circle from its features		math	khan	7.0	7.0
khan.fitting-functions-to-scatter-plots			Fitting quadratic and exponential functions to scatter plots		math	khan	7.0	9.0
khan.scaling_vectors	alcpl.physics.Scalar_multiplication;alcpl.precalculus.Scalar_multiplication;wd.Q126736	https://en.wikipedia.org/wiki/Scalar_multiplication;https://www.wikidata.org/wiki/Q126736	Scalar multiplication		math;physics;precalculus	khan	7.0	9.0
khan.components_of_vectors	lcsh.sh85142448	http://id.loc.gov/authorities/subjects/sh85142448	Components of vectors		math	khan	9.0	12.0
khan.adding_and_subtracting_rational_expressions_3			Add & subtract rational expressions: factored denominators		math	khan	7.0	9.0
khan.find-conjugates-of-complex-numbers			Complex number conjugates		math	khan	9.0	12.0
khan.find-the-features-of-a-circle-from-its-graph			Features of a circle from its graph		math	khan	7.0	7.0
khan.understanding-scalar-multiplication			Analyze scalar multiplication		math	khan	7.0	9.0
khan.unit-vector	lcsh.sh85142448	http://id.loc.gov/authorities/subjects/sh85142448	Unit vectors		math	khan	9.0	12.0
khan.magnitude-of-vectors			Magnitude of vectors		math	khan	7.0	9.0
khan.graphically-adding-and-subtracting-vectors			Graphically add & subtract vectors		math	khan	7.0	9.0
khan.adding_and_subtracting_rational_expressions_5			Add & subtract rational expressions		math	khan	7.0	9.0
khan.dividing_complex_numbers	lcsh.sh85088383	http://id.loc.gov/authorities/subjects/sh85088383	Divide complex numbers		math	khan	9.0	12.0
khan.equation_of_a_circle_1			Features of a circle from its standard equation		math	khan	7.0	9.0
khan.combined-vector-operations	lcsh.sh88006308	http://id.loc.gov/authorities/subjects/sh88006308	Combined vector operations		math	khan	1.0	6.0
khan.adding_vectors			Add & subtract vectors		math	khan	7.0	9.0
khan.rational-equations-3	lcsh.sh85044517	http://id.loc.gov/authorities/subjects/sh85044517	Equations with two rational expressions		math	khan	7.0	9.0
khan.nested-fractions	lightcast.KSRGEERI8JF0UGNXA17Q;KSRGEERI8JF0UGNXA17Q	https://skills.emsidata.com/skills/KSRGEERI8JF0UGNXA17Q	Nested fractions		math;specialized skill	khan	7.0	9.0
khan.find-the-angle-of-complex-numbers			Angle of complex numbers		math	khan	9.0	12.0
khan.absolute_value_of_complex_numbers			Absolute value of complex numbers		math	khan	9.0	12.0
khan.graphing_circles			Graph a circle from its standard equation		math	khan	7.0	7.0
khan.converting-from-magnitude-and-direction-form-to-component-form			Vector components from magnitude & direction		math	khan	7.0	9.0
khan.end-behavior-of-rational-functions			End behavior of rational functions		math	khan	12.0	12.0
khan.partial_fraction_expansion_1	wd.Q431617	https://www.wikidata.org/wiki/Q431617	Partial fraction expansion		math	khan	7.0	9.0
khan.find-complex-numbers-according-to-absolute-value-and-angle			Complex numbers from absolute value & angle		math	khan	9.0	12.0
khan.distance-and-midpoint-on-the-complex-plane			Distance of complex numbers		math	khan	9.0	12.0
khan.write-the-equation-of-a-circle	lcsh.sh85026063	http://id.loc.gov/authorities/subjects/sh85026063	Write standard equation of a circle		math	khan	7.0	7.0
khan.points-of-discontinuity-of-rational-functions			Rational function points of discontinuity		math	khan	9.0	12.0
khan.find-the-midpoint-of-two-complex-numbers			Midpoint of complex numbers		math	khan	7.0	9.0
khan.equation_of_a_circle_2			Features of a circle from its expanded equation		math	khan	7.0	9.0
khan.direction-angles			Direction of vectors		math	khan	1.0	6.0
khan.analyze-vertical-asymptotes-of-rational-functions			Analyze vertical asymptotes of rational functions		math	khan	7.0	9.0
khan.rectangular-and-polar-forms-of-complex-numbers			Polar & rectangular forms of complex numbers		math	khan	9.0	12.0
khan.range_of_a_function			Range of quadratic functions		math	khan	7.0	9.0
khan.domain_of_a_function			Domain of advanced functions		math	khan	0	8
khan.systems-of-nonlinear-equations			Interpret equations graphically		math	khan	7.0	9.0
khan.graphing_circles_2			Graph a circle from its expanded equation		math	khan	7.0	7.0
khan.graphs-of-rational-functions			Graphs of rational functions		math	khan	7.0	9.0
khan.multiplying_and_dividing_complex_number_polar_forms	lcsh.sh85088383	http://id.loc.gov/authorities/subjects/sh85088383	Multiply & divide complex numbers in polar form		math	khan	9.0	12.0
khan.determine-the-domain-of-advanced-piecewise-functions			Domain of advanced piecewise functions		math	khan	0	8
khan.intersecting-functions	lcsh.sh85044517	http://id.loc.gov/authorities/subjects/sh85044517	Solve equations graphically		math	khan	7.0	9.0
khan.equation-of-parabola-from-focus-and-directrix	lcsh.sh85097722	http://id.loc.gov/authorities/subjects/sh85097722	Equation of a parabola from focus & directrix		math	khan	7.0	9.0
khan.center-and-radii-of-an-ellipse-and-its-graph			Graph & features of ellipses		math	khan	7.0	9.0
khan.vector-word-problems	lcsh.sh85148106	http://id.loc.gov/authorities/subjects/sh85148106	Vector word problems		math	khan	1.0	6.0
khan.powers_of_complex_numbers_1	lcsh.sh85088383	http://id.loc.gov/authorities/subjects/sh85088383	Powers of complex numbers		math	khan	9.0	12.0
khan.vertices-and-direction-of-hyperbola			Vertices & direction of a hyperbola		math	khan	7.0	9.0
khan.equation_of_an_ellipse			Center & radii of ellipses from equation		math	khan	9.0	12.0
khan.matrix_dimensions			Matrix dimensions		math	khan	0	8
khan.new_definitions_1	lcsh.sh85095029	http://id.loc.gov/authorities/subjects/sh85095029	New operator definitions 1		math	khan	0	8
khan.foci-of-hyperbola-from-equation			Foci of a hyperbola from equation		math	khan	9.0	12.0
khan.equation-of-an-ellipse-from-its-graph			Ellipse standard equation & graph		math	khan	9.0	12.0
khan.understand-matrix-coordinates	dbpedia.Matrix_theory	http://dbpedia.org/resource/Category:Matrix_theory	Matrix elements		math	khan	0	8
khan.interpret-the-periodicity-of-modeling-functions			Periodicity of algebraic models		math	khan	0	8
khan.recog-features-func-2			End behavior of algebraic models		math	khan	0	8
khan.new_definitions_2	lcsh.sh85095029	http://id.loc.gov/authorities/subjects/sh85095029	New operator definitions 2		math	khan	0	8
khan.matrix_addition_and_subtraction			Add & subtract matrices		math	khan	7.0	9.0
khan.represent-systems-with-matrices	metacademy.linear_systems_as_matrices;opensalt.7bbcf588-d7cc-11e8-824f-0242ac160002;lcsh.sh85082211	http://id.loc.gov/authorities/subjects/sh85082211	Represent linear systems with matrices	We can represent systems of linear equations in terms of matrices and vectors. This allows us to analyze and solve them using the tools of linear algebra.	math;machine learning;artificial intelligence	khan	7.0	9.0
khan.comparing-features-of-functions-2			Compare features of functions		math	khan	7.0	9.0
khan.find-foci-of-ellipse-from-radii	opensalt.8ce9f58e-3082-11ec-b174-0242ac140003;opensalt.Khan_HSG-GPE.A.3		Foci of an ellipse from radii		math;content	khan	9.0	12.0
khan.scalar_matrix_multiplication	dbpedia.Matrix_multiplication_algorithms	http://dbpedia.org/resource/Category:Matrix_multiplication_algorithms	Multiply matrices by scalars		math	khan	7.0	9.0
khan.solve-matrix-equations-add-sub			Matrix equations: addition & subtraction		math	khan	7.0	9.0
khan.perform-elementary-matrix-row-operations	dbpedia.Matrix_multiplication_algorithms	http://dbpedia.org/resource/Category:Matrix_multiplication_algorithms	Matrix row operations		math	khan	7.0	9.0
khan.manipulating-formulas	dbpedia.Formula_manipulation_languages	http://dbpedia.org/resource/Category:Formula_manipulation_languages	Manipulate formulas		math	khan	1.0	6.0
khan.foci-of-ellipse-from-equation	opensalt.8ce9d266-3082-11ec-acc9-0242ac140003;opensalt.Khan_HSG-GPE.A.3		Foci of an ellipse from equation		math;content	khan	9.0	12.0
khan.solve-matrix-equations-scalar-multiplication	dbpedia.Matrix_multiplication_algorithms	http://dbpedia.org/resource/Category:Matrix_multiplication_algorithms	Matrix equations: scalar multiplication		math	khan	7.0	9.0
khan.modeling-with-one-variable-equations-and-inequalities	lcsh.sh85148106	http://id.loc.gov/authorities/subjects/sh85148106	Equations & inequalities word problems		math	khan	7.0	9.0
khan.equation-of-ellipse-from-foci	dbpedia.Ellipsoidal_variables	http://dbpedia.org/resource/Category:Ellipsoidal_variables	Equation of an ellipse from features		math	khan	9.0	12.0
khan.multiplying_a_matrix_by_a_vector			Transform vectors using matrices		math	khan	9.0	12.0
khan.matrix_determinant	wd.Q118867575	https://www.wikidata.org/wiki/Q118867575	Determinant of a 2x2 matrix		math	khan	0	8
khan.transform-polygons-with-matrices			Transform polygons using matrices		math	khan	1.0	6.0
khan.determine-inverse-matrices			Determine inverse matrices		math	khan	7.0	9.0
khan.transformation-matrices-1			Matrices as transformations		math	khan	0	8
khan.determine-invertibile-2x2-matrices			Determine invertible matrices		math	khan	0	8
khan.writing-systems-of-equations-as-matrix-equations			Represent linear systems with matrix equations		math	khan	7.0	9.0
khan.two-sided-limits-from-graphs			Estimating limit values from graphs		math	khan	7.0	9.0
khan.finding-limits-numerically			Estimating limits from tables		math	khan	9.0	12.0
khan.one-sided-limits-from-graphs			One-sided limits from graphs		math	khan	7.0	9.0
khan.continuity-at-a-point-algebraic	khan.analyze-continuity-at-a-point-graphically;lcsh.sh85031565	http://id.loc.gov/authorities/subjects/sh85031565	Continuity at a point (algebraic)		math	khan	9.0	12.0
khan.intermediate-value-theorem			Using the intermediate value theorem		math	khan	1.0	6.0
khan.continuous-functions	lcsh.sh85052334	http://id.loc.gov/authorities/subjects/sh85052334	Continuity and common functions		math	khan	0	8
khan.limits-of-composite-functions--graphs			Limits of composite functions		math	khan	9.0	12.0
khan.limits-of-combined-functions-graphs			Limits of combined functions: products and quotients		math	khan	9.0	12.0
khan.find-limits-by-direct-substitution			Limits by direct substitution		math	khan	9.0	12.0
khan.identify-undefined-limits-by-direct-substitution			Direct substitution with limits that don't exist		math	khan	9.0	12.0
khan.two-sided-limits-using-algebra			Limits by factoring		math	khan	9.0	12.0
khan.limits_2			Limits using conjugates		math	khan	9.0	12.0
khan.find-limits-using-trig-identities			Limits using trig identities		math	khan	9.0	12.0
khan.limits-of-piecewise-functions			Limits of piecewise functions		math	khan	9.0	12.0
khan.continuity			Removable discontinuities		math	khan	9.0	12.0
khan.unbounded-limits-graphical			Infinite limits: graphical		math	khan	9.0	12.0
khan.graphs-of-functions-and-their-derivatives			Derivative as slope of curve		math	khan	9.0	12.0
khan.limits-at-infinity-where-f-x--is-unbounded			Infinite limits: algebraic		math	khan	9.0	12.0
khan.recognizing_slope	lcsh.sh97005020	http://id.loc.gov/authorities/subjects/sh97005020	Derivative & the direction of a function		math	khan	9.0	12.0
khan.derivative-at-a-point-as-slope-of-tangent-line			The derivative & tangent line equations		math	khan	7.0	9.0
khan.limits-at-infinity-where-x-is-unbounded			Limits at infinity of quotients		math	khan	9.0	12.0
khan.visualizing_derivatives			Visualizing derivatives		math	khan	9.0	12.0
khan.slope-of-secant-lines	khan.slope-of-secant-lines-with-simplification		Secant lines & average rate of change with arbitrary points		math	khan	7.0	9.0
khan.limits-at-infinity-of-rational-functions-radicals			Limits at infinity of quotients with square roots		math	khan	7.0	9.0
khan.limits-at-infinity-of-rational-functions-trig			Limits at infinity of quotients with trig		math	khan	9.0	12.0
khan.squeeze-theorem	wd.Q1065257	https://www.wikidata.org/wiki/Q1065257	Squeeze theorem		math	khan	9.0	12.0
khan.tangent-slope-is-limiting-value-of-secant-slope			Derivative as a limit: numerical		math	khan	9.0	12.0
khan.the-formal-and-alternate-form-of-the-derivative			Derivative as a limit		math	khan	9.0	12.0
khan.differentiability-at-a-point-graphical			Differentiability at a point: graphical		math	khan	9.0	12.0
khan.differentiating-linear-functions	dbpedia.Differentiation_rules	http://dbpedia.org/resource/Category:Differentiation_rules	Basic derivative rules: find the error		math	khan	9.0	12.0
khan.differentiability-at-a-point-algebraic			Differentiability at a point: algebraic		math	khan	9.0	12.0
khan.basic-differentiation-rules	dbpedia.Differentiation_rules	http://dbpedia.org/resource/Category:Differentiation_rules	Basic derivative rules: table		math	khan	9.0	12.0
khan.power-rule-basic			Differentiate polynomials		math	khan	9.0	12.0
khan.power-rule-intro	khan.differentiate-negative-powers;khan.differentiate-fractional-powers		Power rule (positive integer powers)		math	khan	7.0	9.0
khan.tangents-of-polynomials			Tangents of polynomials		math	khan	7.0	9.0
khan.differentiate-radical-functions-intro			Differentiate integer powers (mixed positive and negative)		math	khan	9.0	12.0
khan.differentiate-sine-and-cosine			Derivatives of sin(x) and cos(x)		math	khan	9.0	12.0
khan.differentiate-products	lcsh.sh94005861	http://id.loc.gov/authorities/subjects/sh94005861	Differentiate products		math	khan	9.0	12.0
khan.differentiate-composite-functions			Differentiate composite functions (all function types)		math	khan	9.0	12.0
khan.product_rule	lcsh.sh2011002646	http://id.loc.gov/authorities/subjects/sh2011002646	Product rule with tables		math	khan	1.0	6.0
khan.differentiate-quotients			Differentiate quotients		math	khan	9.0	12.0
khan.chain_rule_1			Chain rule with tables		math	khan	1.0	6.0
khan.quotient_rule			Quotient rule with tables		math	khan	1.0	6.0
khan.differentiate-logarithmic-functions-intro			Logarithmic functions differentiation intro		math	khan	9.0	12.0
khan.differentiate-exponential-functions-intro			Derivatives of aˣ and logₐx		math	khan	9.0	12.0
khan.differentiate-radical-functions			Differentiate radical functions		math	khan	9.0	12.0
khan.differentiate-basic-trigonometric-functions			Derivatives of tan(x) cot(x) sec(x) and csc(x)		math	khan	9.0	12.0
khan.differentiate-rational-functions			Differentiate rational functions		math	khan	9.0	12.0
khan.differentiate-logarithmic-functions			Differentiate logarithmic functions		math	khan	9.0	12.0
khan.differentiate-exponential-functions			Differentiate exponential functions		math	khan	9.0	12.0
khan.derivatives-capstone	dbpedia.Differentiation_rules	http://dbpedia.org/resource/Category:Differentiation_rules	Differentiating using multiple rules		math	khan	9.0	12.0
khan.implicit-differentiation	wd.Q137392401;lcsh.sh94005861	https://www.wikidata.org/wiki/Q137392401;http://id.loc.gov/authorities/subjects/sh94005861	Implicit differentiation		math	khan	9.0	12.0
khan.logarithmic-differentiation			Composite exponential function differentiation		math	khan	9.0	12.0
khan.disguised-derivatives	lcsh.sh93005704	http://id.loc.gov/authorities/subjects/sh93005704	Disguised derivatives		math	khan	9.0	12.0
khan.critical-numbers			Relative minima & maxima		math	khan	9.0	12.0
khan.differentiate-vector-values-functions	lcsh.sh85142457	http://id.loc.gov/authorities/subjects/sh85142457	Vector-valued functions differentiation		math	khan	9.0	12.0
khan.second-derivatives	khan.second-derivatives-implicit-equations;khan.second-derivatives-parametric-functions;khan.second-derivatives--vector-valued-functions-		Second derivatives		math	khan	9.0	12.0
khan.extreme-value-theorem	khan.extreme-values-from-graphs		Absolute minima & maxima (closed intervals)		math	khan	1.0	6.0
khan.differentiate-parametric-functions			Parametric equations differentiation		math	khan	9.0	12.0
khan.recognizing_concavity			Concavity intro		math	khan	7.0	12.0
khan.analyze-concavity-algebraic	csp.AA3EFC29E2FF494AA76C0F27EC7B0CB1;AA3EFC29E2FF494AA76C0F27EC7B0CB1		Analyze concavity		math;mathematics	khan	0	8
khan.analyze-points-of-inflection-graphical	lcsh.sh85043591	http://id.loc.gov/authorities/subjects/sh85043591	Inflection points intro		math	khan	0	8
khan.second-derivative-test	metacademy.second_derivative_test;wd.Q3520081	https://www.wikidata.org/wiki/Q3520081	Second derivative test	In an optimization problem, a critical point (where the partial derivatives are zero) may be a local minimum or maximum, or a saddle point. The second derivative test is a way of testing optimality: a point is a (local) minimum if the Hessian matrix is positive definite.	math;machine learning;artificial intelligence	khan	9.0	12.0
khan.antiderivatives	lcsh.sh85067101	http://id.loc.gov/authorities/subjects/sh85067101	Antiderivatives and indefinite integrals		math	khan	9.0	12.0
khan.lhopitals_rule			L'Hôpital's rule: 0/0		math	khan	9.0	12.0
khan.mean-value-theorem			Using the mean value theorem		math	khan	9.0	12.0
khan.applications-of-differentiation-in-biology--economics--physics--etc			Rates of change in other applied contexts (non-motion problems)		math	khan	1.0	6.0
khan.related-rates			Related rates intro		math	khan	1.0	6.0
khan.particle-motion	khan.applications-of-derivatives--motion-along-a-line		Motion problems (with integrals)		math	khan	9.0	12.0
khan.analyze-points-of-inflection-algebraic	csp.BCE3B86F6A5C4F269C06808A6B057235;BCE3B86F6A5C4F269C06808A6B057235		Find inflection points		math;mathematics	khan	7.0	9.0
khan.intro-to-integration			Reverse power rule		math	khan	7.0	9.0
khan.lhopitals-rule-composite-exponential-functions			L’Hôpital’s rule (composite exponential functions)		math	khan	9.0	12.0
khan.related-rates-advanced	khan.related-rates-multiple-rates;khan.related-rates-pythagorean-theorem		Related rates (advanced)		math	khan	1.0	6.0
khan.planar-motion-integral-calc	khan.planar-motion-differential-calc		Planar motion (with integrals)		math	khan	9.0	12.0
khan.basic-integration	lcsh.sh2001002947	http://id.loc.gov/authorities/subjects/sh2001002947	Reverse power rule: negative and fractional powers		math	khan	6.0	9.0
khan.motion-along-a-curve-differential-calc			Motion along a curve (differential calc)		math	khan	9.0	12.0
khan.understanding-the-fundamental-theorem-of-calculus	lcsh.sh85067101	http://id.loc.gov/authorities/subjects/sh85067101	Finding definite integrals using area formulas		math	khan	9.0	12.0
khan.integration			Reverse power rule: sums & multiples		math	khan	7.0	9.0
khan.indefinite-integrals	lcsh.sh89005798	http://id.loc.gov/authorities/subjects/sh89005798	Particular solutions to differential equations		math	khan	7.0	9.0
khan.integrating-trig-functions	lcsh.sh85137518	http://id.loc.gov/authorities/subjects/sh85137518	Integrating trig functions		math	khan	9.0	12.0
khan.using-rectangles-to-approximate-area-under-a-curve			Left & right Riemann sums		math	khan	1.0	6.0
khan.riemann-sums-and-sigma-notation			Riemann sums in summation notation		math	khan	1.0	6.0
khan.the-definite-integral-as-the-limit-of-a-riemann-sum			Definite integral as the limit of a Riemann sum		math	khan	9.0	12.0
khan.trapezoid-rule			Midpoint & trapezoidal sums		math	khan	1.0	6.0
khan.fundamental-theorem-of-calculus-graphically	lcsh.sh85067101	http://id.loc.gov/authorities/subjects/sh85067101	Functions defined by definite integrals (accumulation functions)		math	khan	9.0	12.0
khan.functions-defined-by-integrals	lcsh.sh85067109	http://id.loc.gov/authorities/subjects/sh85067109	Functions defined by integrals challenge		math	khan	9.0	12.0
khan.evaluating-definite-integrals	lcsh.sh85067101	http://id.loc.gov/authorities/subjects/sh85067101	Definite integrals: reverse power rule		math	khan	9.0	12.0
khan.the-fundamental-theorem-of-calculus			Finding derivative with fundamental theorem of calculus		math	khan	9.0	12.0
khan.improper-integrals	lcsh.sh85067109	http://id.loc.gov/authorities/subjects/sh85067109	Improper integrals		math	khan	9.0	12.0
khan.integrating-piecewise-functions	lcsh.sh85067101	http://id.loc.gov/authorities/subjects/sh85067101	Definite integrals of piecewise functions		math	khan	9.0	12.0
khan.evaluating-definite-integrals-2	lcsh.sh85067101	http://id.loc.gov/authorities/subjects/sh85067101	Definite integrals: common functions		math	khan	9.0	12.0
khan.second-fundamental-theorem-of-calculus			Finding derivative with fundamental theorem of calculus: chain rule		math	khan	9.0	12.0
khan.average-value-of-a-function			Average value of a function		math	khan	7.0	9.0
khan.area-between-a-curve-and-an-axis			Area between a curve and the x-axis		math	khan	7.0	9.0
khan.area-between-two-curves-given-end-points			Area between two curves given end points		math	khan	7.0	9.0
mooccubex.math.分部积分法	分部积分法;khan.integration-by-parts;wd.Q273328	https://www.wikidata.org/wiki/Q273328	integration by parts		math	mooccubex	9.0	12.0
khan.integration-of-rational-functions-by-division-and-partial-fractions			Integration with partial fractions		math	khan	9.0	12.0
khan.integration-by-the-reverse-chain-rule	wd.Q1071270	https://www.wikidata.org/wiki/Q1071270	Reverse chain rule		math	khan	9.0	12.0
khan.optimization	opensalt.bcde04b5-f2e5-11ea-9f9f-0242ac140002;dbpedia.Optimization;csp.F398F185770C4C8D963DDDC4F3300829;F398F185770C4C8D963DDDC4F3300829;wd.Q141495;dbpedia.Computer_optimization	http://dbpedia.org/resource/Category:Optimization;https://www.wikidata.org/wiki/Q141495;http://dbpedia.org/resource/Category:Computer_optimization	Optimization		math;strand;dbpedia;archived british columbia	khan	9.0	12.0
khan.find-the-area-between-two-curves			Area between two curves		math	khan	1.0	6.0
khan.integration-by-parts--definite-integrals	opensalt.57a8e6bd-4b05-4e37-9c59-31c5402dfbc2;opensalt.20;lcsh.sh85067101	http://id.loc.gov/authorities/subjects/sh85067101	Integration by parts: definite integrals		math;aks	khan	9.0	12.0
khan.area-under-a-rate-function-equals-net-change			Accumulation of change		math	khan	1.0	6.0
khan.volumes-of-solids-of-known-cross-section	khan.volumes-with-square-and-rectangle-cross-sections		Volumes with cross sections: squares and rectangles (intro)		math	khan	1.0	6.0
khan.area-enclosed-by-polar-graphs			Area bounded by polar curves		math	khan	1.0	6.0
khan.the-disk-method			Disc method: revolving around x- or y-axis		math	khan	9.0	12.0
khan.the-washer-method			Washer method: revolving around x- or y-axis		math	khan	0	8
khan.integration-using-trigonometric-identities			Integration using trigonometric identities		math	khan	9.0	12.0
khan.understanding-sequences	dbpedia.Novel_sequences	http://dbpedia.org/resource/Category:Novel_sequences	Sequences review		math	khan	7.0	9.0
alcpl.precalculus.Trigonometric_substitution	khan.integration-using-trigonometric-substitution;wd.Q1191963;dbpedia.Chord_substitution	https://en.wikipedia.org/wiki/Trigonometric_substitution;https://www.wikidata.org/wiki/Q1191963;http://dbpedia.org/resource/Category:Chord_substitution	Trigonometric substitution		precalculus;math	alcpl	9.0	12.0
khan.convergence-and-divergence-of-sequences	dbpedia.Convergence_tests	http://dbpedia.org/resource/Category:Convergence_tests	Sequence convergence/divergence		math	khan	9.0	12.0
khan.understanding-series	lcsh.sh85098351	http://id.loc.gov/authorities/subjects/sh85098351	Partial sums intro		math	khan	1.0	6.0
khan.arc-length-of-polar-curves			Arc length of polar curves		math	khan	7.0	9.0
khan.convergence-and-divergence-of-series	lcsh.sh85098351	http://id.loc.gov/authorities/subjects/sh85098351	Partial sums & series		math	khan	9.0	12.0
khan.geometric-series-of-constants	lcsh.sh85120242	http://id.loc.gov/authorities/subjects/sh85120242	Infinite geometric series		math	khan	9.0	12.0
khan.nth-term-test			nth term test		math	khan	9.0	12.0
khan.ratio-test	wd.Q165638;dbpedia.Statistical_ratios	https://www.wikidata.org/wiki/Q165638;http://dbpedia.org/resource/Category:Statistical_ratios	Ratio test		math	khan	1.0	6.0
khan.direct-and-limit-comparison-tests	wd.Q1050206;dbpedia.Computing_comparisons	https://www.wikidata.org/wiki/Q1050206;http://dbpedia.org/resource/Category:Computing_comparisons	Direct comparison test		math	khan	7.0	9.0
khan.creating-power-series-from-geometric-series-using-algebra	lcsh.sh85120242	http://id.loc.gov/authorities/subjects/sh85120242	Function as a geometric series		math	khan	9.0	12.0
khan.introduction-to-differential-equations-and-initial-value-problems	lcsh.sh85037893	http://id.loc.gov/authorities/subjects/sh85037893	Verify solutions to differential equations		math	khan	7.0	9.0
khan.creating-power-series-from-geometric-series-using-differentiation-and-integration	lcsh.sh85106004	http://id.loc.gov/authorities/subjects/sh85106004	Integrals & derivatives of functions with known power series		math	khan	0	8
khan.slope-fields			Slope fields & equations		math	khan	9.0	12.0
khan.maclaurin-series-for-sin-x--cos-x--and-e-x			Maclaurin series of sin(x) cos(x) and eˣ		math	khan	9.0	12.0
khan.separable-differential-equations	lcsh.sh89005798	http://id.loc.gov/authorities/subjects/sh89005798	Particular solutions to separable differential equations		math	khan	7.0	9.0
khan.integration-and-differentiation-of-power-series	lcsh.sh85106004	http://id.loc.gov/authorities/subjects/sh85106004	Integrate & differentiate power series		math	khan	9.0	12.0
khan.euler-s-method	mooccubex.math.欧拉定理;欧拉定理;metacademy.eulers_formula;wd.Q868454;lcsh.sh85045553	https://www.wikidata.org/wiki/Q868454;http://id.loc.gov/authorities/subjects/sh85045553	Euler's method	Euler's formula gives a way of raising numbers to complex powers. It gives a more compact way of representing and deriving trigonometric identities.	math;machine learning;artificial intelligence	khan	7.0	9.0
khan.finding-taylor-series			Taylor & Maclaurin polynomials		math	khan	7.0	9.0
khan.shift-parabolas	lcsh.sh85097722	http://id.loc.gov/authorities/subjects/sh85097722	Shift parabolas		math	khan	7.0	9.0
khan.find-critical-points	lcsh.sh85034141	http://id.loc.gov/authorities/subjects/sh85034141	Find critical points		math	khan	7.0	9.0
khan.find-interval-of-convergence	opensalt.096432dd-c77a-4c2f-940b-08187c0e61cc;opensalt.47		Interval of convergence		math;aks	khan	9.0	12.0
khan.powers-of-powers	dbpedia.Superhuman_powers	http://dbpedia.org/resource/Category:Superhuman_powers	Powers of powers		math	khan	7.0	9.0
khan.find-measures-using-rigid-transformations			Find measures using rigid transformations		math	khan	0	8
khan.constant-of-proportionality-from-tables			Constant of proportionality from tables (with equations)		math	khan	7.0	9.0
khan.appropriate-units	dbpedia.Multiple_units	http://dbpedia.org/resource/Category:Multiple_units	Appropriate units		math	khan	1.0	6.0
khan.create-a-table-or-coordinates-from-a-given-rule			Tables from rules that relate 2 variables		math	khan	1.0	6.0
khan.separable-equations	lcsh.sh89005798	http://id.loc.gov/authorities/subjects/sh89005798	Separable differential equations		math	khan	0	8
khan.area-between-curves-that-intersect-at-more-than-two-points			Area between curves that intersect at more than two points (calculator-active)		math	khan	1.0	6.0
khan.complete-a-table-from-a-two-variable-equation	lcsh.sh2008107568	http://id.loc.gov/authorities/subjects/sh2008107568	Tables from equations with 2 variables		math	khan	7.0	9.0
khan.diff-eq-exponential-models-word-problems			Differential equations: exponential model word problems		math	khan	0	8
khan.net-change-algebraic	lcsh.sh85067101	http://id.loc.gov/authorities/subjects/sh85067101	Problems involving definite integrals (algebraic)		math	khan	9.0	12.0
khan.volume-with-cubes-with-fraction-lengths			Volume with cubes with fraction lengths		math	khan	1.0	6.0
khan.volume-of-spheres			Volume of spheres		math	khan	7.0	7.0
khan.model-with-one-step-equations-and-solve			Model with one-step equations and solve		math	khan	1.0	6.0
khan.function-rules-from-equations			Function rules from equations		math	khan	7.0	9.0
khan.selecting-procedures-for-calculating-limits-3	dbpedia.Limits_to_computation	http://dbpedia.org/resource/Category:Limits_to_computation	Strategy in finding limits		math	khan	9.0	12.0
khan.equivalent-expressions-with-percent-problems			Equivalent expressions with percent problems		math	khan	1.0	6.0
khan.area-polar-calculator-active			Area with polar functions (calculator-active)		math	khan	1.0	6.0
khan.relate-double-numbers-lines-and-ratio-tables			Relate double numbers lines and ratio tables		math	khan	1.0	6.0
khan.stretch-and-shrink-parabolas	lcsh.sh85097722	http://id.loc.gov/authorities/subjects/sh85097722	Scale & reflect parabolas		math	khan	7.0	9.0
khan.understanding-remainders			Intro to remainders		math	khan	1.0	6.0
khan.interpret-scale-factor-in-scale-drawings			Interpret scale factor in scale drawings		math	khan	1.0	6.0
khan.connecting-limits-and-graphical-behavior			Connecting limits and graphical behavior		math	khan	7.0	9.0
khan.graphing-exponential-growth-intro			Graphs of exponential growth		math	khan	10.0	12.0
khan.separable-differential-equations-find-the-error			Separable differential equations: find the error		math	khan	0	8
khan.solve-quadratics-by-taking-square-roots-intro			Quadratics by taking square roots intro		math	khan	7.0	9.0
khan.add-decimals-visually			Add decimals visually		math	khan	1.0	6.0
khan.differentiating-functions--find-the-error	lcsh.sh94005861	http://id.loc.gov/authorities/subjects/sh94005861	Differentiating functions: Find the error		math	khan	9.0	12.0
khan.divide-decimals-visually	dbpedia.Decimalisation	http://dbpedia.org/resource/Category:Decimalisation	Divide decimals visually		math	khan	1.0	6.0
khan.equations-with-square-roots---cube-roots--decimals---fractions			Equations with square roots: decimals & fractions		math	khan	7.0	9.0
khan.multi-digit-subtraction			Multi-digit subtraction		math	khan	1.0	6.0
khan.dilations-center	lcsh.sh99005607	http://id.loc.gov/authorities/subjects/sh99005607	Dilations: center		math	khan	7.0	9.0
khan.relate-fractions--decimals--and-percents			Relate fractions decimals and percents		math	khan	1.0	6.0
khan.ratios-on-coordinate-plane			Ratios on coordinate plane		math	khan	1.0	6.0
khan.right-triangle-side-lengths			Right triangle side lengths		math	khan	1.0	6.0
khan.multiply-powers	lcsh.sh2001002947	http://id.loc.gov/authorities/subjects/sh2001002947	Multiply powers		math	khan	1.0	6.0
khan.parametric-curve-arc-length			Parametric curve arc length		math	khan	7.0	9.0
khan.integral-test	lcsh.sh85018804	http://id.loc.gov/authorities/subjects/sh85018804	Integral test		math	khan	9.0	12.0
khan.equivalent-ratios-in-the-real-world	dbpedia.The_Real_World;dbpedia.Statistical_ratios	http://dbpedia.org/resource/Category:The_Real_World;http://dbpedia.org/resource/Category:Statistical_ratios	Equivalent ratios in the real world		math	khan	1.0	9.0
khan.identify-symmetrical-figures			Identify symmetrical figures		math	khan	1.0	9.0
khan.stretch-and-shrink-absolute-value-graphs			Scale & reflect absolute value graphs		math	khan	7.0	9.0
khan.washer-method-other-axes			Washer method: revolving around other axes		math	khan	0	8
khan.secants-and-average-rate-of-change			Secant lines & average rate of change		math	khan	7.0	9.0
khan.sigma-notation	wd.Q7637220;lcsh.sh2010115079	https://www.wikidata.org/wiki/Q7637220;http://id.loc.gov/authorities/subjects/sh2010115079	Summation notation		math	khan	1.0	6.0
khan.find-volume-by-multiplying-area-of-base-times-height			Volume by multiplying area of base times height		math	khan	1.0	6.0
khan.missing-number-within-20--add-and-subtract-			Find missing number (add and subtract within 20)		math	khan	7.0	9.0
khan.negative-symbol-as-opposite			Negative symbol as opposite		math	khan	7.0	9.0
khan.part-part-whole-ratios			Part-part-whole ratios		math	khan	1.0	9.0
khan.exponential-growth-vs-decay	lcsh.sh99005491	http://id.loc.gov/authorities/subjects/sh99005491	Exponential growth vs. decay		math	khan	10.0	12.0
khan.analyzing-related-rates-problems-equations			Analyzing related rates problems: equations		math	khan	1.0	6.0
khan.conditions-for-mvt--graph			Conditions for MVT: graph		math	khan	7.0	9.0
khan.signs-of-expressions	lcsh.sh85122415	http://id.loc.gov/authorities/subjects/sh85122415	Signs of expressions		math	khan	7.0	9.0
khan.divide-fractions-by-whole-numbers			Divide fractions by whole numbers		math	khan	1.0	6.0
khan.equivalent-representations-of-percent-problems			Equivalent representations of percent problems		math	khan	1.0	6.0
khan.equivalent-expressions-with-common-denominators	khan.write-fraction-addition-problems-with-common-denominators--denominators-of-10-and-100-		Equivalent expressions with common denominators		math	khan	5.0	5.0
khan.volume-and-surface-area-word-problems	lcsh.sh85130733	http://id.loc.gov/authorities/subjects/sh85130733	Volume and surface area word problems		math	khan	7.0	9.0
khan.compare-decimals-word-problems			Compare decimals word problems		math	khan	1.0	6.0
khan.exponents-in-expressions			Variable expressions with exponents		math	khan	7.0	9.0
khan.exponential-vs-linear-growth			Exponential vs. linear growth		math	khan	10.0	12.0
khan.limits-of-combined-functions-sums			Limits of combined functions: sums and differences		math	khan	9.0	12.0
khan.mapping-shapes	mooccubex.math.复合映射;复合映射;mooccubex.math.线性映射;线性映射;lightcast.KS1254H6JV9WH11KY36H;KS1254H6JV9WH11KY36H;lcsh.sh85080836	https://skills.emsidata.com/skills/KS1254H6JV9WH11KY36H;http://id.loc.gov/authorities/subjects/sh85080836	Mapping shapes		math;specialized skill	khan	1.0	6.0
khan.finding-missing-factors--1-digit-multiplication-			Find missing factors (1-digit multiplication)		math	khan	1.0	6.0
khan.explore-behaviors-of-implicit-relations			Tangents to graphs of implicit relations		math	khan	7.0	9.0
khan.2-step-estimation-word-problems			2-step estimation word problems		math	khan	1.0	6.0
khan.estimate-multi-digit-division-problems	lcsh.sh00006400	http://id.loc.gov/authorities/subjects/sh00006400	Estimate multi-digit division problems		math	khan	1.0	6.0
khan.interpret-two-step-equation-word-problems			Interpret two-step equation word problems		math	khan	1.0	6.0
khan.divide-powers	lcsh.sh2001002947	http://id.loc.gov/authorities/subjects/sh2001002947	Divide powers		math	khan	7.0	9.0
khan.indirect-measurement	wd.Q108584722	https://www.wikidata.org/wiki/Q108584722	Indirect measurement		math	khan	1.0	6.0
khan.translate-one-step-equations-and-solve--basic-			Translate one-step equations and solve		math	khan	1.0	6.0
khan.u-substitution-defining-u			𝘶-substitution: defining 𝘶		math	khan	0	8
khan.understand-subtraction-as-adding-the-opposite			Understand subtraction as adding the opposite		math	khan	7.0	9.0
khan.graph-a-2-variable-relationship			Graphs of rules that relate 2 variables		math	khan	7.0	9.0
khan.identify-transformations	dbpedia.Transforms	http://dbpedia.org/resource/Category:Transforms	Identify transformations		math	khan	7.0	9.0
khan.dividing-negative-numbers	lcsh.sh85093215	http://id.loc.gov/authorities/subjects/sh85093215	Dividing negative numbers		math	khan	7.0	9.0
khan.avg-rate-of-change-graphs-tables			Average rate of change: graphs & tables		math	khan	1.0	6.0
khan.equivalent-ratios			Equivalent ratios		math	khan	1.0	9.0
khan.ratios-and-units-of-measurement	lcsh.sh85141054	http://id.loc.gov/authorities/subjects/sh85141054	Ratios and units of measurement		math	khan	1.0	6.0
khan.divide-whole-numbers-by-fractions	lcsh.sh00006400	http://id.loc.gov/authorities/subjects/sh00006400	Divide whole numbers by fractions		math	khan	1.0	6.0
khan.subtract-decimals-visually	dbpedia.Decimalisation	http://dbpedia.org/resource/Category:Decimalisation	Subtract decimals visually		math	khan	1.0	6.0
khan.manipulating-functions-before-differentiation			Manipulating functions before differentiation		math	khan	9.0	12.0
khan.zero-product-property	junyi.OeaYHhfKV2vXQKqvs8/5Yx7sQiFDFEmf2r6cWd3apKE=;【基礎】若 ab=0，則 a=0 或 b=0		Zero product property		math;junior	khan	7.0	9.0
khan.identify-geometric-solids--3d-figures-	dbpedia.Geometric_shapes	http://dbpedia.org/resource/Category:Geometric_shapes	Identify geometric solids (3D shapes)		math	khan	1.0	6.0
khan.differentiate-polar-functions			Differentiate polar functions		math	khan	9.0	12.0
khan.factor-quadratics-sp			Warmup: factoring quadratics intro		math	khan	7.0	9.0
khan.definite-integral-properties-2	lcsh.sh85067101	http://id.loc.gov/authorities/subjects/sh85067101	Definite integrals over adjacent intervals		math	khan	9.0	12.0
khan.implicit-differentiation-of-related-functions	lcsh.sh94005861	http://id.loc.gov/authorities/subjects/sh94005861	Differentiate related functions		math	khan	9.0	12.0
khan.intro-to-percents			Intro to percents		math	khan	1.0	6.0
khan.represent-2-step-word-problems-using-equations	lcsh.sh85148106	http://id.loc.gov/authorities/subjects/sh85148106	Represent 2-step word problems with equations		math	khan	1.0	6.0
khan.represent-multi-step-word-problems-using-equations	lcsh.sh85148106	http://id.loc.gov/authorities/subjects/sh85148106	Represent multi-step word problems using equations		math	khan	1.0	6.0
khan.analyzing-related-rates-problems-expressions			Analyzing related rates problems: expressions		math	khan	1.0	6.0
khan.creating-tables-to-approximate-limits			Creating tables for approximating limits		math	khan	1.0	6.0
khan.explore-scale-copies	khan.identify-scale-copies;opensalt.8c2d9114-3082-11ec-8626-0242ac140003;opensalt.Khan_7.G.A.1;opensalt.8c2dd58e-3082-11ec-ba32-0242ac140003		Explore scale copies		math;content	khan	7.0	7.0
khan.compare-multi-digit-numbers-word-problems			Compare multi-digit numbers word problems		math	khan	1.0	6.0
khan.estimate-multi-digit-multiplication-problems			Estimate multi-digit multiplication problems		math	khan	1.0	6.0
khan.create-two-variable-equations-from-real-world-contexts			Relationships between quantities in equations and graphs		math	khan	7.0	9.0
khan.analyzing-discontinuities-graphical	opensalt.cb6809e0-b4b9-11ea-87f6-0242c0a8e006;opensalt.MA.912.C.1.11;opensalt.c9ed8b4d-66ce-4d3c-9f5f-e9a646ab79be;opensalt.28;csp.25192DD525324E4B8DBBDD9ACFABBB97;25192DD525324E4B8DBBDD9ACFABBB97;csp.401C24D6CEA64BFD93C4C4EE59B8A5D4;401C24D6CEA64BFD93C4C4EE59B8A5D4		Classify discontinuities		math;aks;mathematics	khan	9.0	12.0
khan.angle-basics	lcsh.sh85055855	http://id.loc.gov/authorities/subjects/sh85055855	Angle basics		math	khan	1.0	9.0
khan.relative-position	wd.Q23008351	https://www.wikidata.org/wiki/Q23008351	Relative position		math	khan	7.0	9.0
khan.use-area-of-squares-to-visualize-pythagorean-theorem	dbpedia.Pythagorean_symbols	http://dbpedia.org/resource/Category:Pythagorean_symbols	Use area of squares to visualize Pythagorean theorem		math	khan	7.0	9.0
khan.derivatives-of-ex-and-lnx			Derivatives of 𝑒ˣ and ln(x)		math	khan	9.0	12.0
khan.powers-of-powers-int-exp	khan.powers-of-products-and-quotients		Powers of products & quotients (integer exponents)		math	khan	7.0	9.0
khan.analyzing-motion-problems-integral-calc			Analyzing motion problems (integral calculus)		math	khan	9.0	12.0
khan.meaning-of-the-derivative-in-context			Interpreting the meaning of the derivative in context		math	khan	9.0	12.0
khan.integration-using-completing-the-square			Integration using completing the square		math	khan	9.0	12.0
khan.corresponding-sides-and-points-in-scale-drawings			Corresponding sides and points		math	khan	1.0	6.0
khan.round-whole-numbers-word-problems	lcsh.sh85148106	http://id.loc.gov/authorities/subjects/sh85148106	Round whole numbers word problems		math	khan	1.0	6.0
khan.one-step-equations-with-negatives--add---subtract-	khan.one-step-equations-with-negatives--multiply---divide-		One-step equations with negatives (add & subtract)		math	khan	1.0	6.0
khan.make-bar-graphs-1	dbpedia.Bar_chart_templates	http://dbpedia.org/resource/Category:Bar_chart_templates	Make bar graphs 1		math	khan	1.0	6.0
khan.logistic-differential-equation			Differential equations: logistic model word problems		math	khan	7.0	9.0
khan.differentiate-composite-functions-intro			Chain rule intro		math	khan	1.0	6.0
khan.estimate-center-using-histograms			Estimate center using histograms		math	khan	7.0	9.0
khan.relate-scale-drawings-to-area	lcsh.sh85082703	http://id.loc.gov/authorities/subjects/sh85082703	Relate scale drawings to area		math	khan	1.0	6.0
khan.surface-area-word-problems	lcsh.sh85130733	http://id.loc.gov/authorities/subjects/sh85130733	Surface area word problems		math	khan	1.0	6.0
khan.area-bounded-by-polar-curves-intro			Area bounded by polar curves intro		math	khan	1.0	6.0
khan.intro-to-factoring-perfect-squares			Perfect squares intro		math	khan	1.0	6.0
khan.create-double-number-lines			Create double number lines		math	khan	1.0	6.0
khan.continuous-functions--graphs	lcsh.sh85031565	http://id.loc.gov/authorities/subjects/sh85031565	Continuity over an interval		math	khan	1.0	6.0
khan.one-sided-limits-from-tables			One-sided limits from tables		math	khan	9.0	12.0
khan.estimate-to-add-multi-digit-whole-numbers-			Estimate to add and subtract multi-digit whole numbers		math	khan	1.0	6.0
khan.find-surface-area-by-adding-areas-of-faces	lcsh.sh85130733	http://id.loc.gov/authorities/subjects/sh85130733	Find surface area by adding areas of faces		math	khan	1.0	6.0
khan.find-length-when-given-area-of-a-triangle			Find missing length when given area of a triangle		math	khan	1.0	6.0
khan.limits-at-infinity-graphical			Limits at infinity: graphical		math	khan	9.0	12.0
khan.use-pythagorean-theorem-to-find-area-and-perimeter	dbpedia.Pythagoreans	http://dbpedia.org/resource/Category:Pythagoreans	Use Pythagorean theorem to find perimeter		math	khan	1.0	6.0
khan.tangents-to-polar-curves			Tangents to polar curves		math	khan	7.0	9.0
khan.percents-from-fraction-models			Percents from fraction models		math	khan	1.0	6.0
khan.converting-fraction-to-percents			Convert fractions to percents		math	khan	1.0	6.0
khan.round-decimals-word-problems	dbpedia.Decimalisation	http://dbpedia.org/resource/Category:Decimalisation	Round decimals word problems		math	khan	1.0	6.0
mooccubex.math.洛必达法则	洛必达法则;khan.lhopitals-rule-inf;wd.Q190557	https://www.wikidata.org/wiki/Q190557	L'Hôpital's rule		math	mooccubex	9.0	12.0
khan.identify-quadrilaterals	lcsh.sh85074180	http://id.loc.gov/authorities/subjects/sh85074180	Identify quadrilaterals		math	khan	7.0	9.0
khan.understand-equivalent-ratios	dbpedia.The_Real_World	http://dbpedia.org/resource/Category:The_Real_World	Understand equivalent ratios in the real world		math	khan	1.0	9.0
khan.find-missing-side-when-given-area-of-a-parallelogram			Find missing length when given area of a parallelogram		math	khan	1.0	6.0
khan.taylor-polynomial-approximation			Lagrange error bound		math	khan	0	8
khan.greatest-common-factor-of-monomials			Greatest common factor of monomials		math	khan	7.0	9.0
khan.ratios-with-double-number-lines			Ratios with double number lines		math	khan	1.0	6.0
khan.area-of-right-triangles			Area of right triangles		math	khan	1.0	6.0
khan.selecting-procedures-for-calculating-limits-2			Next steps after indeterminate form (finding limits)		math	khan	9.0	12.0
khan.limits-intro			Limits intro		math	khan	9.0	12.0
khan.area-and-perimeter-on-the-coordinate-plane			Area and perimeter on the coordinate plane		math	khan	7.0	9.0
khan.find-base-and-height-on-a-triangle	opensalt.8bf82b5a-3082-11ec-861c-0242ac140003;opensalt.Khan_6.G.A.1;dbpedia.Triangle_geometry	http://dbpedia.org/resource/Category:Triangle_geometry	Find base and height on a triangle		math;content	khan	6.0	6.0
khan.determine-absolute-or-conditional-convergence			Determine absolute or conditional convergence		math	khan	9.0	12.0
khan.analyze-functions-calculator-active			Analyze functions (calculator-active)		math	khan	7.0	9.0
khan.identify-proportional-relationships-from-graphs			Identify proportional relationships from graphs		math	khan	7.0	9.0
khan.exponential-model-equations	lcsh.sh85037893	http://id.loc.gov/authorities/subjects/sh85037893	Differential equations: exponential model equations		math	khan	7.0	9.0
khan.interpret-multiplying-fraction-and-whole-number-word-problems			Interpret multiplying fraction and whole number word problems		math	khan	1.0	6.0
khan.metric-conversions-word-problems	lcsh.sh85084443	http://id.loc.gov/authorities/subjects/sh85084443	Metric conversions word problems		math	khan	1.0	6.0
khan.dilations-preserved-properties	lcsh.sh99005607	http://id.loc.gov/authorities/subjects/sh99005607	Dilations and properties		math	khan	0	8
khan.ratios-with-tape-diagrams			Ratios with tape diagrams		math	khan	1.0	6.0
khan.telling-time-on-the-number-line			Telling time on the number line		math	khan	1.0	6.0
khan.volumes-with-triangles-and-semicircles-cross-sections			Volumes with cross sections: triangles and semicircles		math	khan	1.0	6.0
khan.tell-time-to-hour-or-half-hour			Tell time to hour or half hour		math	khan	1.0	6.0
khan.relate-repeated-addition-to-multiplication			Relate repeated addition to multiplication		math	khan	1.0	6.0
khan.identify-composite-functions			Identify composite functions		math	khan	7.0	9.0
khan.conditions-for-ivt-and-evt-table			Justification with the intermediate value theorem		math	khan	0	8
khan.create-equations-to-solve-for-missing-angles			Create equations to solve for missing angles		math	khan	1.0	6.0
khan.scale-factor-in-scale-drawings			Identify scale factor in scale drawings		math	khan	1.0	6.0
khan.applications-of-integration-calculator-active			Contextual and analytical applications of integration (calculator-active)		math	khan	1.0	6.0
khan.divide-mixed-numbers	lcsh.sh00006400	http://id.loc.gov/authorities/subjects/sh00006400	Divide mixed numbers		math	khan	1.0	6.0
khan.scale-copies	esco.a47ad32e-a0f4-4d0a-b56c-75d8f09b87c2;http://data.europa.eu/esco/skill/a47ad32e-a0f4-4d0a-b56c-75d8f09b87c2	http://data.europa.eu/esco/skill/a47ad32e-a0f4-4d0a-b56c-75d8f09b87c2	Scale copies	Use proportion wheels to scale the layout and resolution of images up or down.	math;skill competence	khan	7.0	7.0
khan.pythagorean-theorem-word-problems--basic	dbpedia.Pythagoreans	http://dbpedia.org/resource/Category:Pythagoreans	Pythagorean theorem word problems		math	khan	7.0	9.0
khan.limit-comparison-test	wd.Q6549441;dbpedia.Convergence_tests	https://www.wikidata.org/wiki/Q6549441;http://dbpedia.org/resource/Category:Convergence_tests	Limit comparison test		math	khan	9.0	12.0
khan.multiply-binomials-area-model			Multiply binomials: area model		math	khan	1.0	6.0
khan.graphs-of-inequalities			Graphing basic inequalities		math	khan	7.0	9.0
khan.exponential-expressions-word-problems-algebraic	lcsh.sh85148106	http://id.loc.gov/authorities/subjects/sh85148106	Exponential expressions word problems (algebraic)		math	khan	7.0	9.0
khan.read-line-plots			Read line plots (data with fractions)		math	khan	1.0	6.0
khan.us-customary-conversion-word-problems			US customary conversion word problems		math	khan	1.0	6.0
khan.equivalent-expressions-with-negative-numbers-and-varables			Equivalent expressions with negative numbers and variables		math	khan	7.0	9.0
khan.decimals-on-the-number-line--hundredths-0-1			Decimals on the number line: hundredths 0-0.1		math	khan	4.0	4.0
khan.quadratics-by-taking-square-roots-with-steps	lcsh.sh85044517	http://id.loc.gov/authorities/subjects/sh85044517	Quadratics by taking square roots: with steps		math	khan	7.0	9.0
khan.decimals-on-the-number-line-1	opensalt.8bb9214e-3082-11ec-8cc3-0242ac140003;opensalt.Khan_4.NF.C.6;dbpedia.Decimalisation	http://dbpedia.org/resource/Category:Decimalisation	Decimals on the number line: tenths 0-1		math;content	khan	4.0	4.0
khan.conditions-for-ivt-and-evt-graph			Conditions for IVT and EVT: graph		math	khan	7.0	9.0
khan.shift-absolute-value-graphs			Shift absolute value graphs		math	khan	7.0	9.0
khan.counting-tens	lcsh.sh96005868	http://id.loc.gov/authorities/subjects/sh96005868	Count tens		math	khan	1.0	6.0
khan.justification-using-first-derivative-test			Justification using first derivative		math	khan	9.0	12.0
khan.multiply-decimals-visually	dbpedia.Decimalisation	http://dbpedia.org/resource/Category:Decimalisation	Multiply decimals visually		math	khan	1.0	6.0
khan.use-pythagorean-theorem-to-find-side-lengths-on-isosceles-triangles	dbpedia.Pythagoreans	http://dbpedia.org/resource/Category:Pythagoreans	Use Pythagorean theorem to find isosceles triangle side lengths		math	khan	7.0	9.0
khan.write-differential-equations	lcsh.sh85037903	http://id.loc.gov/authorities/subjects/sh85037903	Write differential equations		math	khan	9.0	12.0
khan.conditions-for-using-direct-substitution			Conclusions from direct substitution (finding limits)		math	khan	9.0	12.0
khan.relate-fractions-to-1			Relate fractions to 1		math	khan	1.0	6.0
khan.multi-digit-addition			Multi-digit addition		math	khan	1.0	6.0
khan.area-between-two-polar-curves			Area between two polar curves		math	khan	1.0	6.0
khan.interpret-exponential-expressions-word-problems			Interpret exponential expressions word problems		math	khan	7.0	7.0
khan.identify-points-on-a-line			Identify points on a line		math	khan	7.0	9.0
khan.p-series	lcsh.sh86003971	http://id.loc.gov/authorities/subjects/sh86003971	p-series		math	khan	9.0	12.0
khan.points-of-inflection--graphical-			Inflection points from graphs of first & second derivatives		math	khan	7.0	9.0
khan.write-a-2-variable-relationship			Write rules that relate 2 variables		math	khan	7.0	9.0
khan.conditions-for-mvt-table			Justification with the mean value theorem		math	khan	7.0	9.0
khan.horizontal-and-vertical-lines			Horizontal & vertical lines		math	khan	7.0	9.0
khan.reverse-power-rule-rewriting			Reverse power rule: rewriting before integrating		math	khan	0	8
khan.multi-step-estimation-word-problems			Multi-step estimation word problems		math	khan	1.0	6.0
khan.identify-parts-of-3d-shapes			Identify parts of 3D shapes		math	khan	1.0	6.0
khan.justification-using-second-derivative			Justification using second derivative		math	khan	9.0	12.0
khan.differentiating-using-multiple-rules-strategy	dbpedia.Differentiation_rules	http://dbpedia.org/resource/Category:Differentiation_rules	Differentiating using multiple rules: strategy		math	khan	9.0	12.0
khan.make-picture-graphs-1	dbpedia.Graph_drawing	http://dbpedia.org/resource/Category:Graph_drawing	Make picture graphs 1		math	khan	7.0	7.0
khan.match-equations-to-coordinates-on-a-line			Match equations to coordinates on a line		math	khan	7.0	9.0
khan.connecting-function-and-derivatives			Connecting f f' and f'' graphically		math	khan	7.0	9.0
khan.transformation-preserved-properties	dbpedia.Mathematics_of_rigidity	http://dbpedia.org/resource/Category:Mathematics_of_rigidity	Rigid transformations: preserved properties		math	khan	0	8
khan.analyzing-problems-involving-definite-integrals	lcsh.sh85067101	http://id.loc.gov/authorities/subjects/sh85067101	Analyzing problems involving definite integrals		math	khan	9.0	12.0
khan.identify-separable-equations			Identify separable equations		math	khan	7.0	9.0
khan.slope-fields-and-solutions			Reasoning using slope fields		math	khan	1.0	6.0
khan.area-between-a-curve-and-the-y-axis			Horizontal areas between curves		math	khan	7.0	9.0
khan.disc-method-other-axes	lcsh.sh85038436	http://id.loc.gov/authorities/subjects/sh85038436	Disc method: revolving around other axes		math	khan	9.0	12.0
alcpl.data_mining.DBSCAN	lightcast.KSQC4CRU1WTI7SSQ9IZ7;KSQC4CRU1WTI7SSQ9IZ7;wd.Q1114630	https://en.wikipedia.org/wiki/DBSCAN;https://skills.emsidata.com/skills/KSQC4CRU1WTI7SSQ9IZ7;https://www.wikidata.org/wiki/Q1114630	DBSCAN		data mining;specialized skill	alcpl	1	12
mooccubex.math.算术平均	算术平均;alcpl.data_mining.Arithmetic_mean;alcpl.precalculus.Arithmetic_mean;wd.Q19033	https://en.wikipedia.org/wiki/Arithmetic_mean;https://www.wikidata.org/wiki/Q19033	Arithmetic mean		math;data mining;precalculus	mooccubex	7.0	9.0
alcpl.data_mining.OPTICS_algorithm	wd.Q2007847;lcsh.sh85101191	https://en.wikipedia.org/wiki/OPTICS_algorithm;https://www.wikidata.org/wiki/Q2007847;http://id.loc.gov/authorities/subjects/sh85101191	OPTICS algorithm		data mining	alcpl	9.0	12.0
alcpl.data_mining.Joint_probability_distribution	wd.Q1333358	https://en.wikipedia.org/wiki/Joint_probability_distribution;https://www.wikidata.org/wiki/Q1333358	Joint probability distribution		data mining	alcpl	6.0	8.0
alcpl.data_mining.Prior_probability	wd.Q278090;dbpedia.Priors	https://en.wikipedia.org/wiki/Prior_probability;https://www.wikidata.org/wiki/Q278090;http://dbpedia.org/resource/Category:Priors	Prior probability		data mining	alcpl	7.0	12.0
alcpl.data_mining.Decision_tree_model	wd.Q5249246	https://en.wikipedia.org/wiki/Decision_tree_model;https://www.wikidata.org/wiki/Q5249246	Decision tree model		data mining	alcpl	7.0	9.0
alcpl.data_mining.Data_mining	lightcast.KS122PL70D99VRWMFM2T;KS122PL70D99VRWMFM2T;esco.25f0ea33-b4a2-4f31-b7b4-7d20e827b180;http://data.europa.eu/esco/skill/25f0ea33-b4a2-4f31-b7b4-7d20e827b180;lcsh.sh97002073;dbpedia.Data_mining;wd.Q172491;dbpedia.Data_mining_algorithms	https://en.wikipedia.org/wiki/Data_mining;https://skills.emsidata.com/skills/KS122PL70D99VRWMFM2T;http://data.europa.eu/esco/skill/25f0ea33-b4a2-4f31-b7b4-7d20e827b180;http://id.loc.gov/authorities/subjects/sh97002073;http://dbpedia.org/resource/Category:Data_mining;https://www.wikidata.org/wiki/Q172491;http://dbpedia.org/resource/Category:Data_mining_algorithms	Data mining	The methods of artificial intelligence, machine learning, statistics and databases used to extract content from a dataset.	data mining;specialized skill;knowledge;lcsh;dbpedia	alcpl	7.0	12.0
metacademy.gradient_descent	alcpl.data_mining.Gradient_descent;wd.Q1199743;dbpedia.Gradient_methods	https://en.wikipedia.org/wiki/Gradient_descent;https://www.wikidata.org/wiki/Q1199743;http://dbpedia.org/resource/Category:Gradient_methods	gradient descent	Gradient descent, also known as steepest descent, is an iterative optimization algorithm for finding a local minimum of differentiable functions. At each iteration, gradient descent operates by moving the current solution in the direction of the negative gradient of the function (the direction of "steepest descent").	machine learning;artificial intelligence;data mining	metacademy	9.0	12.0
assistments.13	alcpl.data_mining.Median;lightcast.KS1269T78T4JL2LV0MD7;KS1269T78T4JL2LV0MD7;wd.Q37011387;dbpedia.Median_people	https://en.wikipedia.org/wiki/Median;https://skills.emsidata.com/skills/KS1269T78T4JL2LV0MD7;https://www.wikidata.org/wiki/Q37011387;http://dbpedia.org/resource/Category:Median_people	Median		math;k-12;data mining;specialized skill	assistments	7.0	9.0
metacademy.bayesian_networks	lightcast.KS120Y66FWYF6MQBR6FK;KS120Y66FWYF6MQBR6FK;alcpl.data_mining.Bayesian_network;dbpedia.Bayesian_networks;wd.Q812540;dbpedia.Markov_networks	https://skills.emsidata.com/skills/KS120Y66FWYF6MQBR6FK;https://en.wikipedia.org/wiki/Bayesian_network;http://dbpedia.org/resource/Category:Bayesian_networks;https://www.wikidata.org/wiki/Q812540;http://dbpedia.org/resource/Category:Markov_networks	Bayesian networks	Bayesian networks are a graphical formalism for representing the structure of a probabilistic model, i.e. the ways in which the random variables may depend on each other. Intuitively, they are good at representing domains with a causal structure, and the edges in the graph determine which variables directly influence which other variables. They can be equivalently viewed as representing a factorization structure of the joint probability distribution, or as encoding a set of conditional independence assumptions about the distribution.	machine learning;artificial intelligence;specialized skill;data mining;dbpedia	metacademy	9.0	12.0
alcpl.data_mining.Sensitivity_and_specificity	wd.Q3808900;lcsh.sh94004656	https://en.wikipedia.org/wiki/Sensitivity_and_specificity;https://www.wikidata.org/wiki/Q3808900;http://id.loc.gov/authorities/subjects/sh94004656	Sensitivity and specificity		data mining	alcpl	1	12
alcpl.data_mining.Accuracy_and_precision	dbpedia.Accuracy_and_precision;wd.Q272035;lcsh.sh85106234	https://en.wikipedia.org/wiki/Accuracy_and_precision;http://dbpedia.org/resource/Category:Accuracy_and_precision;https://www.wikidata.org/wiki/Q272035;http://id.loc.gov/authorities/subjects/sh85106234	Accuracy and precision		data mining;dbpedia	alcpl	7.0	9.0
alcpl.data_mining.K-medoids	wd.Q3191282;lcsh.sh85057507	https://en.wikipedia.org/wiki/K-medoids;https://www.wikidata.org/wiki/Q3191282;http://id.loc.gov/authorities/subjects/sh85057507	K-medoids		data mining	alcpl	1	12
metacademy.backpropagation	lightcast.KS120VR68V56DRJCS6GK;KS120VR68V56DRJCS6GK;alcpl.data_mining.Backpropagation;wd.Q798503;lcsh.sh94008320	https://skills.emsidata.com/skills/KS120VR68V56DRJCS6GK;https://en.wikipedia.org/wiki/Backpropagation;https://www.wikidata.org/wiki/Q798503;http://id.loc.gov/authorities/subjects/sh94008320	backpropagation	Backpropagation is the standard algorithm for training supervised feed-forward neural nets. More precisely, it isn't actually a learning algorithm, but a way of computing the gradient of the loss function with respect to the network parameters. Mathematically, it's just an instance of the chain rule for derivatives, but it has an intuitive interpretation in terms of passing messages between the units.	machine learning;artificial intelligence;specialized skill;data mining	metacademy	13	18
metacademy.random_forests	alcpl.data_mining.Random_forest;dbpedia.Research_forests	https://en.wikipedia.org/wiki/Random_forest;http://dbpedia.org/resource/Category:Research_forests	random forests	Random forests are a machine learning algorithm which averages the predictions over decision trees restricted to random subsets of the input features. They are widely used because they often perform very well with almost no parameter tuning.	machine learning;artificial intelligence;data mining	metacademy	7.0	9.0
alcpl.data_mining.Maxima_and_minima	alcpl.precalculus.Maxima_and_minima;lcsh.sh85082365;wd.Q845060;lcsh.sh85082366	https://en.wikipedia.org/wiki/Maxima_and_minima;http://id.loc.gov/authorities/subjects/sh85082365;https://www.wikidata.org/wiki/Q845060;http://id.loc.gov/authorities/subjects/sh85082366	Maxima and minima	Minima	data mining;precalculus;lcsh	alcpl	9.0	12.0
alcpl.data_mining.F1_score	wd.Q6975395	https://en.wikipedia.org/wiki/F1_score;https://www.wikidata.org/wiki/Q6975395	F1 score		data mining	alcpl	1	12
metacademy.ada_boost	alcpl.data_mining.AdaBoost;lightcast.KSEJZFLTMFCZ2ZK59YNU;KSEJZFLTMFCZ2ZK59YNU;wd.Q2823869;lcsh.sh2010007832	https://en.wikipedia.org/wiki/AdaBoost;https://skills.emsidata.com/skills/KSEJZFLTMFCZ2ZK59YNU;https://www.wikidata.org/wiki/Q2823869;http://id.loc.gov/authorities/subjects/sh2010007832	AdaBoost	AdaBoost is an example of a boosting algorithm, where the goal is to take a "weak classifier" (one which performs slightly above chance) and make it into a "strong classifier" (one which performs well on the training set). It is widely used in data mining, especially in conjunction with decision trees, because of its simplicity and effectiveness.	machine learning;artificial intelligence;data mining;specialized skill	metacademy	13	18
alcpl.data_mining.Type_I_and_type_II_errors	wd.Q989120	https://en.wikipedia.org/wiki/Type_I_and_type_II_errors;https://www.wikidata.org/wiki/Q989120	Type I and type II errors		data mining	alcpl	9.0	12.0
alcpl.data_mining.Correlation_and_dependence	wd.Q186290	https://en.wikipedia.org/wiki/Correlation_and_dependence;https://www.wikidata.org/wiki/Q186290	Correlation and dependence		data mining	alcpl	1	12
alcpl.data_mining.Clustering_high-dimensional_data	wd.Q5136711;dbpedia.Data_clustering_algorithms	https://en.wikipedia.org/wiki/Clustering_high-dimensional_data;https://www.wikidata.org/wiki/Q5136711;http://dbpedia.org/resource/Category:Data_clustering_algorithms	Clustering high-dimensional data		data mining	alcpl	7.0	9.0
mooccubex.psy.样本	样本;alcpl.data_mining.Sample_(statistics);lcsh.sh85117054;lcsh.sh85117052	https://en.wikipedia.org/wiki/Sample_(statistics);http://id.loc.gov/authorities/subjects/sh85117054;http://id.loc.gov/authorities/subjects/sh85117052	sample	Trade samples	psychology;data mining;lcsh;business	mooccubex	7.0	7.0
metacademy.precision_recall	lightcast.KS128FQ5VMJJ6078DCK0;KS128FQ5VMJJ6078DCK0;alcpl.data_mining.Precision_and_recall;lcsh.sh85106234	https://skills.emsidata.com/skills/KS128FQ5VMJJ6078DCK0;https://en.wikipedia.org/wiki/Precision_and_recall;http://id.loc.gov/authorities/subjects/sh85106234	precision and recall	In pattern recognition and information retrieval, precision (also called positive predictive value) is the fraction of retrieved instances that are relevant, while recall (also called sensitivity) is the fraction of relevant instances that are retrieved (Wikipedia). For instance, if there were 50 relevant documents in a corpus where 20 of the 50 documents were relevant to a user, and an information retrieval (IR) system returned 20 documents, where 6 of the documents were relevant, the recall would be 6/50 = 0.12, and the precision would be 6/20 = 0.3.	machine learning;artificial intelligence;specialized skill;data mining	metacademy	1.0	6.0
alcpl.data_mining.Stepwise_regression	wd.Q7611170	https://en.wikipedia.org/wiki/Stepwise_regression;https://www.wikidata.org/wiki/Q7611170	Stepwise regression		data mining	alcpl	1	12
alcpl.data_mining.False_positives_and_false_negatives	wd.Q989120	https://en.wikipedia.org/wiki/False_positives_and_false_negatives;https://www.wikidata.org/wiki/Q989120	False positives and false negatives		data mining	alcpl	7.0	9.0
alcpl.data_mining.Positive_and_negative_predictive_values	wd.Q3553769	https://en.wikipedia.org/wiki/Positive_and_negative_predictive_values;https://www.wikidata.org/wiki/Q3553769	Positive and negative predictive values		data mining	alcpl	7.0	9.0
alcpl.data_mining.Linear_separability	wd.Q1064600	https://en.wikipedia.org/wiki/Linear_separability;https://www.wikidata.org/wiki/Q1064600	Linear separability		data mining	alcpl	1	12
mooccubex.math.零假设	零假设;alcpl.data_mining.Null_hypothesis;wd.Q628374;lcsh.sh85063827	https://en.wikipedia.org/wiki/Null_hypothesis;https://www.wikidata.org/wiki/Q628374;http://id.loc.gov/authorities/subjects/sh85063827	null hypothesis		math;data mining	mooccubex	13	16
mooccubex.math.似然函数	似然函数;alcpl.data_mining.Likelihood_function;wd.Q45284	https://en.wikipedia.org/wiki/Likelihood_function;https://www.wikidata.org/wiki/Q45284	likelihood function		math;data mining	mooccubex	13	16
metacademy.decision_trees	alcpl.data_mining.Decision_tree;lcsh.sh94004363;dbpedia.Decision_trees;lcsh.sh2021005451	https://en.wikipedia.org/wiki/Decision_tree;http://id.loc.gov/authorities/subjects/sh94004363;http://dbpedia.org/resource/Category:Decision_trees;http://id.loc.gov/authorities/subjects/sh2021005451	decision trees	Decision trees are a kind of tree-structured model used in machine learning and data mining. Each leaf node corresponds to a prediction, and each internal node divides the data points into two or more sets depending on the value of one of the input variables. Decision trees are widely used because of their simplicity and their ability to handle heterogeneous input features.	machine learning;artificial intelligence;data mining;lcsh;dbpedia	metacademy	7.0	9.0
alcpl.data_mining.Least_squares	lcsh.sh85075570;dbpedia.Least_squares;lcsh.sh85075571	https://en.wikipedia.org/wiki/Least_squares;http://id.loc.gov/authorities/subjects/sh85075570;http://dbpedia.org/resource/Category:Least_squares;http://id.loc.gov/authorities/subjects/sh85075571	Least squares	Method of least squares; Squares, Least	data mining;lcsh;dbpedia	alcpl	7.0	9.0
metacademy.conditional_independence	alcpl.data_mining.Conditional_independence;wd.Q5159264;dbpedia.Independence_results	https://en.wikipedia.org/wiki/Conditional_independence;https://www.wikidata.org/wiki/Q5159264;http://dbpedia.org/resource/Category:Independence_results	conditional independence	Two random variables X and Y are conditionally independent given a random variable Z if they are independent in the conditional distribution given Z. Conditional independence is central notion in probabilistic modeling, because a model's conditional independence assumptions often lead to tractable algorithms for inference and learning in that model.	machine learning;artificial intelligence;data mining	metacademy	6.0	8.0
alcpl.data_mining.Ensemble_learning	lcsh.sh2020008824;dbpedia.Ensemble_learning;wd.Q245652;dbpedia.Statistical_ensembles	https://en.wikipedia.org/wiki/Ensemble_learning;http://id.loc.gov/authorities/subjects/sh2020008824;http://dbpedia.org/resource/Category:Ensemble_learning;https://www.wikidata.org/wiki/Q245652;http://dbpedia.org/resource/Category:Statistical_ensembles	Ensemble learning	Ensemble methods (Machine learning); Multiple classifier systems (Machine learning); Classifier combination (Machine learning); Committee-based learning (Machine learning)	data mining;lcsh;technology;dbpedia	alcpl	1	12
metacademy.pca_proof	lightcast.KS1280Y78Z7S6RND0SL6;KS1280Y78Z7S6RND0SL6;metacademy.principal_component_analysis;alcpl.data_mining.Principal_component_analysis;lcsh.sh85106729	https://skills.emsidata.com/skills/KS1280Y78Z7S6RND0SL6;https://en.wikipedia.org/wiki/Principal_component_analysis;http://id.loc.gov/authorities/subjects/sh85106729	principal component analysis (proof)	The proof that principal component analysis (PCA) finds the subspace maximizing the variance and minimizing the reconstruction error.	machine learning;artificial intelligence;specialized skill;data mining;lcsh	metacademy	7.0	9.0
alcpl.data_mining.Web_search_engine	lcsh.sh97007463;wd.Q4182287;dbpedia.Internet_search_engines	https://en.wikipedia.org/wiki/Web_search_engine;http://id.loc.gov/authorities/subjects/sh97007463;https://www.wikidata.org/wiki/Q4182287;http://dbpedia.org/resource/Category:Internet_search_engines	Web search engine	World Wide Web searching; Web searching	data mining;lcsh;technology	alcpl	1	12
mooccubex.math.贝叶斯公式	贝叶斯公式;alcpl.data_mining.Bayes'_theorem;wd.Q182505;dbpedia.Probability_theorems	https://en.wikipedia.org/wiki/Bayes'_theorem;https://www.wikidata.org/wiki/Q182505;http://dbpedia.org/resource/Category:Probability_theorems	Bayes' theorem		math;data mining	mooccubex	7.0	12.0
alcpl.data_mining.Statistical_population	wd.Q49918;lcsh.sh85104913	https://en.wikipedia.org/wiki/Statistical_population;https://www.wikidata.org/wiki/Q49918;http://id.loc.gov/authorities/subjects/sh85104913	Statistical population		data mining	alcpl	7.0	12.0
alcpl.data_mining.Biclustering	wd.Q2976575	https://en.wikipedia.org/wiki/Biclustering;https://www.wikidata.org/wiki/Q2976575	Biclustering		data mining	alcpl	1	12
metacademy.linear_regression	lightcast.KS125VJ636ZVWXWBJH1C;KS125VJ636ZVWXWBJH1C;alcpl.data_mining.Linear_regression;wd.Q10861030;lcsh.sh2009006876	https://skills.emsidata.com/skills/KS125VJ636ZVWXWBJH1C;https://en.wikipedia.org/wiki/Linear_regression;https://www.wikidata.org/wiki/Q10861030;http://id.loc.gov/authorities/subjects/sh2009006876	linear regression	Linear regression is an algorithm for learning to predict a real-valued ``target'' variable as a linear function of one or more real-valued ``input'' variables. It is one of the most widely used statistical learning algorithms, and with care it can be made to work very well in practice. Because it has a closed-form solution, we can exactly analyze many properties of linear regression which have no exact form for other models. This makes it a useful starting point for understanding many other statistical learning algorithms.	machine learning;artificial intelligence;specialized skill;data mining	metacademy	9.0	12.0
alcpl.data_mining.Histogram	lightcast.KS124QV6K3NV20QCFWNH;KS124QV6K3NV20QCFWNH;wd.Q185020;dbpedia.Pictograms	https://en.wikipedia.org/wiki/Histogram;https://skills.emsidata.com/skills/KS124QV6K3NV20QCFWNH;https://www.wikidata.org/wiki/Q185020;http://dbpedia.org/resource/Category:Pictograms	Histogram		data mining;specialized skill	alcpl	7.0	9.0
metacademy.maximum_likelihood	lightcast.KS1267K74CP3HH99LGT2;KS1267K74CP3HH99LGT2;alcpl.data_mining.Maximum_likelihood	https://skills.emsidata.com/skills/KS1267K74CP3HH99LGT2;https://en.wikipedia.org/wiki/Maximum_likelihood	maximum likelihood	Maximum likelihood is a general and powerful technique for learning statistical models, i.e. fitting the parameters to data. The maximum likelihood parameters are the ones under which the observed data has the highest probability. It is widely used in practice, and techniques such as Bayesian parameter estimation are closely related to maximum likelihood.	machine learning;artificial intelligence;specialized skill;data mining	metacademy	13	18
alcpl.data_mining.Statistical_dispersion	wd.Q845777;dbpedia.Statistical_deviation_and_dispersion	https://en.wikipedia.org/wiki/Statistical_dispersion;https://www.wikidata.org/wiki/Q845777;http://dbpedia.org/resource/Category:Statistical_deviation_and_dispersion	Statistical dispersion		data mining	alcpl	7.0	12.0
alcpl.data_mining.Apriori_algorithm	wd.Q513511	https://en.wikipedia.org/wiki/Apriori_algorithm;https://www.wikidata.org/wiki/Q513511	Apriori algorithm		data mining	alcpl	1	12
alcpl.data_mining.Hyperplane_separation_theorem		https://en.wikipedia.org/wiki/Hyperplane_separation_theorem	Hyperplane separation theorem		data mining	alcpl	1.0	6.0
alcpl.data_mining.Bootstrap_aggregating	wd.Q799897	https://en.wikipedia.org/wiki/Bootstrap_aggregating;https://www.wikidata.org/wiki/Q799897	Bootstrap aggregating		data mining	alcpl	7.0	9.0
alcpl.data_mining.Central_tendency	wd.Q734219	https://en.wikipedia.org/wiki/Central_tendency;https://www.wikidata.org/wiki/Q734219	Central tendency		data mining	alcpl	1.0	6.0
alcpl.data_mining.Model_selection	dbpedia.Model_selection;wd.Q6888345;dbpedia.Specific_models	https://en.wikipedia.org/wiki/Model_selection;http://dbpedia.org/resource/Category:Model_selection;https://www.wikidata.org/wiki/Q6888345;http://dbpedia.org/resource/Category:Specific_models	Model selection		data mining;dbpedia	alcpl	9.0	12.0
alcpl.data_mining.Level_of_measurement	wd.Q951437;lcsh.sh85076319	https://en.wikipedia.org/wiki/Level_of_measurement;https://www.wikidata.org/wiki/Q951437;http://id.loc.gov/authorities/subjects/sh85076319	Level of measurement		data mining	alcpl	1.0	6.0
alcpl.data_mining.Hyperplane	wd.Q657586;dbpedia.Spaceplanes	https://en.wikipedia.org/wiki/Hyperplane;https://www.wikidata.org/wiki/Q657586;http://dbpedia.org/resource/Category:Spaceplanes	Hyperplane		data mining	alcpl	7.0	9.0
alcpl.data_mining.Posterior_probability	wd.Q278079	https://en.wikipedia.org/wiki/Posterior_probability;https://www.wikidata.org/wiki/Q278079	Posterior probability		data mining	alcpl	7.0	12.0
alcpl.data_mining.Single-linkage_clustering	wd.Q7523744	https://en.wikipedia.org/wiki/Single-linkage_clustering;https://www.wikidata.org/wiki/Q7523744	Single-linkage clustering		data mining	alcpl	1	12
alcpl.data_mining.Quartile	wd.Q2786686;lcsh.sh2008006742	https://en.wikipedia.org/wiki/Quartile;https://www.wikidata.org/wiki/Q2786686;http://id.loc.gov/authorities/subjects/sh2008006742	Quartile		data mining	alcpl	7.0	9.0
metacademy.cross_validation	alcpl.data_mining.Cross-validation_(statistics)	https://en.wikipedia.org/wiki/Cross-validation_(statistics)	cross validation	Cross validation is the process of partitioning an observed dataset into a training dataset and a testing dataset and then performing the statistical analysis on the training dataset (e.g. learning the parameters of a distribution used to describe the data) and then validated using the testing dataset (e.g. measuring how well the learned distribution describes the testing dataset). Following the validation step, a new, untested portion of the training dataset becomes the testing dataset and the previous testing dataset is incorporated into the training dataset. This cycle repeats until all data has been tested. This process is used to test how well a statistical analysis generalizes to new data.	machine learning;artificial intelligence;data mining	metacademy	13	18
alcpl.data_mining.Statistical_model	dbpedia.Statistical_models;wd.Q3284399;dbpedia.Statistical_data	https://en.wikipedia.org/wiki/Statistical_model;http://dbpedia.org/resource/Category:Statistical_models;https://www.wikidata.org/wiki/Q3284399;http://dbpedia.org/resource/Category:Statistical_data	Statistical model		data mining;dbpedia	alcpl	7.0	12.0
alcpl.data_mining.Fitness_function	wd.Q629118;lcsh.sh2010001786	https://en.wikipedia.org/wiki/Fitness_function;https://www.wikidata.org/wiki/Q629118;http://id.loc.gov/authorities/subjects/sh2010001786	Fitness function		data mining	alcpl	1	12
assistments.14	mooccubex.psy.众数;众数;alcpl.data_mining.Mode_(statistics);junyi.3bHs8ubahqHEEoAqR+v3jiUd36aEtg6AwQwevvoB5g0=;【基礎】眾數;dbpedia.Modes;dbpedia.Text_mode	https://en.wikipedia.org/wiki/Mode_(statistics);http://dbpedia.org/resource/Category:Modes;http://dbpedia.org/resource/Category:Text_mode	Mode		math;k-12;psychology;data mining;junior;dbpedia	assistments	7.0	9.0
onet.skill.2.A.2.b	2.A.2.b;lightcast.KS1205G70KR7LY58Q27Z;KS1205G70KR7LY58Q27Z;alcpl.data_mining.Active_learning_(machine_learning);lcsh.sh92000622;wd.Q4677561;lcsh.sh2007100535	https://www.onetonline.org/find/descriptor/result/2.A.2.b;https://skills.emsidata.com/skills/KS1205G70KR7LY58Q27Z;https://en.wikipedia.org/wiki/Active_learning_(machine_learning);http://id.loc.gov/authorities/subjects/sh92000622;https://www.wikidata.org/wiki/Q4677561;http://id.loc.gov/authorities/subjects/sh2007100535	Active Learning	Activity teaching; Action learning; Activity learning	onet;skill;common skill;data mining;lcsh	onet	16	20
alcpl.data_mining.Gain_(information_retrieval)		https://en.wikipedia.org/wiki/Gain_(information_retrieval)	Gain (information retrieval)		data mining	alcpl	1	12
alcpl.data_mining.Missing_data	lightcast.KS126M55WF33T676G3RX;KS126M55WF33T676G3RX;dbpedia.Missing_data;wd.Q6878417;dbpedia.Data_missing	https://en.wikipedia.org/wiki/Missing_data;https://skills.emsidata.com/skills/KS126M55WF33T676G3RX;http://dbpedia.org/resource/Category:Missing_data;https://www.wikidata.org/wiki/Q6878417;http://dbpedia.org/resource/Category:Data_missing	Missing data		data mining;specialized skill;dbpedia	alcpl	7.0	12.0
alcpl.data_mining.Classification_rule	wd.Q1744627;lcsh.sh2007002461	https://en.wikipedia.org/wiki/Classification_rule;https://www.wikidata.org/wiki/Q1744627;http://id.loc.gov/authorities/subjects/sh2007002461	Classification rule		data mining	alcpl	1.0	6.0
alcpl.data_mining.Nonlinear_system	lcsh.sh96001350;dbpedia.Nonlinear_systems;wd.Q660848;dbpedia.Nonlinear_control	https://en.wikipedia.org/wiki/Nonlinear_system;http://id.loc.gov/authorities/subjects/sh96001350;http://dbpedia.org/resource/Category:Nonlinear_systems;https://www.wikidata.org/wiki/Q660848;http://dbpedia.org/resource/Category:Nonlinear_control	Nonlinear system	Systems, Nonlinear	data mining;lcsh;dbpedia	alcpl	7.0	9.0
alcpl.geometry.Parallelogram	lcsh.sh85097830;wd.Q45867;lcsh.sh85097825	https://en.wikipedia.org/wiki/Parallelogram;http://id.loc.gov/authorities/subjects/sh85097830;https://www.wikidata.org/wiki/Q45867;http://id.loc.gov/authorities/subjects/sh85097825	Parallelogram	Parallelogram	geometry;lcsh	alcpl	7.0	9.0
alcpl.geometry.Rotational_symmetry	dbpedia.Rotational_symmetry;wd.Q593950;dbpedia.Euclidean_symmetries	https://en.wikipedia.org/wiki/Rotational_symmetry;http://dbpedia.org/resource/Category:Rotational_symmetry;https://www.wikidata.org/wiki/Q593950;http://dbpedia.org/resource/Category:Euclidean_symmetries	Rotational symmetry		geometry;dbpedia	alcpl	9.0	12.0
alcpl.geometry.Angle	alcpl.precalculus.Angle;opensalt.55b0e7a2-4ed3-11ec-8323-0242ac140003;opensalt.4.ANG;dbpedia.Angle;dbpedia.Angles;lcsh.sh85005042;lcsh.sh86006130;dbpedia.Angles_(people);wd.Q37293951;lcsh.sh85055855	https://en.wikipedia.org/wiki/Angle;http://dbpedia.org/resource/Category:Angle;http://dbpedia.org/resource/Category:Angles;http://id.loc.gov/authorities/subjects/sh85005042;http://id.loc.gov/authorities/subjects/sh86006130;http://dbpedia.org/resource/Category:Angles_(people);https://www.wikidata.org/wiki/Q37293951;http://id.loc.gov/authorities/subjects/sh85055855	Angle	Angle	geometry;precalculus;unit;dbpedia;lcsh;math	alcpl	4.0	4.0
alcpl.geometry.Isosceles_triangle	wd.Q875937;dbpedia.Triangle_geometry	https://en.wikipedia.org/wiki/Isosceles_triangle;https://www.wikidata.org/wiki/Q875937;http://dbpedia.org/resource/Category:Triangle_geometry	Isosceles triangle		geometry	alcpl	7.0	9.0
alcpl.precalculus.Edge	alcpl.geometry.Edge_(geometry);dbpedia.The_Edge_(New_Zealand);wd.Q16869767;lcsh.sh87004559	https://en.wikipedia.org/wiki/Edge;https://en.wikipedia.org/wiki/Edge_(geometry);http://dbpedia.org/resource/Category:The_Edge_(New_Zealand);https://www.wikidata.org/wiki/Q16869767;http://id.loc.gov/authorities/subjects/sh87004559	Edge		precalculus;geometry;dbpedia	alcpl	1.0	6.0
alcpl.geometry.Cartesian_coordinate_system	alcpl.precalculus.Cartesian_coordinate_system;junyi.TNultEGnWJ9JPQ+o/+IyosqUKfeH2pvHu1EqogDrBPw=;【基礎】平面坐標系;junyi.8Y/LLPa4qJ3MkBetE9ZNbGl20pEX6YeQQlmiJUN8LNA=;【進階】平面坐標系;junyi.LG7hX6thwID2W3qbOyTOucKWMcrkvanRX6GQDsMfTQs=;【一般】平面坐標系;wd.Q62912;dbpedia.Geographic_coordinate_systems	https://en.wikipedia.org/wiki/Cartesian_coordinate_system;https://www.wikidata.org/wiki/Q62912;http://dbpedia.org/resource/Category:Geographic_coordinate_systems	Cartesian coordinate system		geometry;precalculus;math;junior	alcpl	7.0	9.0
alcpl.geometry.Polygon	alcpl.precalculus.Polygon;junyi.k8mqp+KZGRgdlEg/caQhZBQLHh9jgIXK+aTtrCuSd0s=;【基礎】多邊形;lcsh.sh85104637;dbpedia.Polygons;wd.Q7226423;lcsh.sh85104638	https://en.wikipedia.org/wiki/Polygon;http://id.loc.gov/authorities/subjects/sh85104637;http://dbpedia.org/resource/Category:Polygons;https://www.wikidata.org/wiki/Q7226423;http://id.loc.gov/authorities/subjects/sh85104638	Polygon	Polygonal figures	geometry;precalculus;math;elementary;lcsh;dbpedia	alcpl	1.0	6.0
alcpl.geometry.Line_segment	alcpl.precalculus.Line_segment;lightcast.KSKYOVUD5GT3PHS3JI63;KSKYOVUD5GT3PHS3JI63;wd.Q166154;lcsh.sh85077162	https://en.wikipedia.org/wiki/Line_segment;https://skills.emsidata.com/skills/KSKYOVUD5GT3PHS3JI63;https://www.wikidata.org/wiki/Q166154;http://id.loc.gov/authorities/subjects/sh85077162	Line segment		geometry;precalculus;specialized skill	alcpl	7.0	9.0
alcpl.geometry.Two-dimensional_space	wd.Q222032	https://en.wikipedia.org/wiki/Two-dimensional_space;https://www.wikidata.org/wiki/Q222032	Two-dimensional space		geometry	alcpl	9.0	12.0
alcpl.geometry.Point_(geometry)	alcpl.precalculus.Point_(geometry);lcsh.sh94005715;lcsh.sh2001008362	https://en.wikipedia.org/wiki/Point_(geometry);http://id.loc.gov/authorities/subjects/sh94005715;http://id.loc.gov/authorities/subjects/sh2001008362	Point (geometry)	Real estate discount points; Discount points	geometry;precalculus;lcsh	alcpl	7.0	9.0
alcpl.geometry.Grade_(slope)		https://en.wikipedia.org/wiki/Grade_(slope)	Grade (slope)		geometry	alcpl	0.0	2.0
alcpl.geometry.Parallel_(geometry)	alcpl.precalculus.Parallel_(geometry);lcsh.sh85097831;lcsh.sh85130742	https://en.wikipedia.org/wiki/Parallel_(geometry);http://id.loc.gov/authorities/subjects/sh85097831;http://id.loc.gov/authorities/subjects/sh85130742	Parallel (geometry)		geometry;precalculus;lcsh;math	alcpl	7.0	9.0
alcpl.geometry.Perpendicular	alcpl.precalculus.Perpendicular	https://en.wikipedia.org/wiki/Perpendicular	Perpendicular		geometry;precalculus	alcpl	1.0	6.0
alcpl.geometry.Cone	alcpl.precalculus.Cone;lcsh.sh85030814;lcsh.sh85030819;lcsh.sh88002782;wd.Q37299485;lcsh.sh85030816	https://en.wikipedia.org/wiki/Cone;http://id.loc.gov/authorities/subjects/sh85030814;http://id.loc.gov/authorities/subjects/sh85030819;http://id.loc.gov/authorities/subjects/sh88002782;https://www.wikidata.org/wiki/Q37299485;http://id.loc.gov/authorities/subjects/sh85030816	Cone	Cone (Botany)	geometry;precalculus;lcsh	alcpl	1.0	6.0
alcpl.geometry.Bisection	lightcast.KSVHHJEDCNRINIC4JFHK;KSVHHJEDCNRINIC4JFHK;wd.Q3128632;lcsh.sh2011004711	https://en.wikipedia.org/wiki/Bisection;https://skills.emsidata.com/skills/KSVHHJEDCNRINIC4JFHK;https://www.wikidata.org/wiki/Q3128632;http://id.loc.gov/authorities/subjects/sh2011004711	Bisection		geometry;specialized skill	alcpl	7.0	9.0
alcpl.geometry.Collinearity	wd.Q1419761;lcsh.sh85028433	https://en.wikipedia.org/wiki/Collinearity;https://www.wikidata.org/wiki/Q1419761;http://id.loc.gov/authorities/subjects/sh85028433	Collinearity		geometry	alcpl	7.0	9.0
assistments.343	alcpl.geometry.Midpoint;wd.Q1645406	https://en.wikipedia.org/wiki/Midpoint;https://www.wikidata.org/wiki/Q1645406	Midpoint		math;k-12;geometry	assistments	7.0	9.0
alcpl.geometry.Arc_(geometry)	dbpedia.Electric_arcs	https://en.wikipedia.org/wiki/Arc_(geometry);http://dbpedia.org/resource/Category:Electric_arcs	Arc (geometry)		geometry	alcpl	7.0	9.0
alcpl.geometry.Internal_and_external_angle	wd.Q1156900	https://en.wikipedia.org/wiki/Internal_and_external_angle;https://www.wikidata.org/wiki/Q1156900	Internal and external angle		geometry	alcpl	7.0	9.0
alcpl.geometry.Rectangle	alcpl.precalculus.Rectangle;lcsh.sh85112000;wd.Q209;lcsh.sh97000719	https://en.wikipedia.org/wiki/Rectangle;http://id.loc.gov/authorities/subjects/sh85112000;https://www.wikidata.org/wiki/Q209;http://id.loc.gov/authorities/subjects/sh97000719	Rectangle	Rectangle	geometry;precalculus;lcsh	alcpl	7.0	9.0
alcpl.geometry.Right_triangle	alcpl.precalculus.Right_triangle;wd.Q158688;dbpedia.Triangle_geometry	https://en.wikipedia.org/wiki/Right_triangle;https://www.wikidata.org/wiki/Q158688;http://dbpedia.org/resource/Category:Triangle_geometry	Right triangle		geometry;precalculus	alcpl	7.0	9.0
alcpl.geometry.Vertex_(geometry)	dbpedia.Triangle_geometry	https://en.wikipedia.org/wiki/Vertex_(geometry);http://dbpedia.org/resource/Category:Triangle_geometry	Vertex (geometry)		geometry	alcpl	7.0	9.0
alcpl.geometry.Cross_section_(geometry)	lcsh.sh85034281;lcsh.sh2003011041	https://en.wikipedia.org/wiki/Cross_section_(geometry);http://id.loc.gov/authorities/subjects/sh85034281;http://id.loc.gov/authorities/subjects/sh2003011041	Cross section (geometry)	Nuclear cross sections	geometry;lcsh	alcpl	7.0	12.0
assistments.40	alcpl.geometry.Circumference;wd.Q28474	https://en.wikipedia.org/wiki/Circumference;https://www.wikidata.org/wiki/Q28474	Circumference		math;k-12;geometry	assistments	6.0	6.0
alcpl.geometry.Pythagorean_triple	wd.Q208225;dbpedia.Pythagoreans	https://en.wikipedia.org/wiki/Pythagorean_triple;https://www.wikidata.org/wiki/Q208225;http://dbpedia.org/resource/Category:Pythagoreans	Pythagorean triple		geometry	alcpl	7.0	9.0
alcpl.geometry.Similarity_(geometry)	lcsh.sh85122724;lcsh.sh85122725;lcsh.sh85122726;lcsh.sh2006005172;lcsh.sh85038508	https://en.wikipedia.org/wiki/Similarity_(geometry);http://id.loc.gov/authorities/subjects/sh85122724;http://id.loc.gov/authorities/subjects/sh85122725;http://id.loc.gov/authorities/subjects/sh85122726;http://id.loc.gov/authorities/subjects/sh2006005172;http://id.loc.gov/authorities/subjects/sh85038508	Similarity (geometry)	Dynamic similarity	geometry;lcsh;math;language	alcpl	7.0	9.0
alcpl.geometry.Right_angle	alcpl.precalculus.Right_angle;lcsh.sh2003001052;wd.Q210	https://en.wikipedia.org/wiki/Right_angle;http://id.loc.gov/authorities/subjects/sh2003001052;https://www.wikidata.org/wiki/Q210	Right angle		geometry;precalculus;lcsh	alcpl	4.0	4.0
alcpl.geometry.Sine	alcpl.precalculus.Sine;dbpedia.Sines;wd.Q19653798;dbpedia.Sin	https://en.wikipedia.org/wiki/Sine;http://dbpedia.org/resource/Category:Sines;https://www.wikidata.org/wiki/Q19653798;http://dbpedia.org/resource/Category:Sin	Sine		geometry;precalculus;dbpedia	alcpl	4.0	4.0
alcpl.geometry.Diameter	lcsh.sh2003001062;lcsh.sh2019000172;wd.Q37221;lcsh.sh2008006743	https://en.wikipedia.org/wiki/Diameter;http://id.loc.gov/authorities/subjects/sh2003001062;http://id.loc.gov/authorities/subjects/sh2019000172;https://www.wikidata.org/wiki/Q37221;http://id.loc.gov/authorities/subjects/sh2008006743	Diameter		geometry;lcsh;math;technology	alcpl	6.0	6.0
alcpl.geometry.Nonagon	wd.Q200042;dbpedia.Notagonum	https://en.wikipedia.org/wiki/Nonagon;https://www.wikidata.org/wiki/Q200042;http://dbpedia.org/resource/Category:Notagonum	Nonagon		geometry	alcpl	1.0	6.0
alcpl.geometry.Plane_(geometry)	alcpl.precalculus.Plane_(geometry);dbpedia.Planes;lcsh.sh85102644;lcsh.sh88020758;lcsh.sh85054156	https://en.wikipedia.org/wiki/Plane_(geometry);http://dbpedia.org/resource/Category:Planes;http://id.loc.gov/authorities/subjects/sh85102644;http://id.loc.gov/authorities/subjects/sh88020758;http://id.loc.gov/authorities/subjects/sh85054156	Plane (geometry)	Hand planes	geometry;precalculus;dbpedia;lcsh	alcpl	7.0	9.0
alcpl.geometry.Dodecagon	wd.Q212074;lcsh.sh85038741	https://en.wikipedia.org/wiki/Dodecagon;https://www.wikidata.org/wiki/Q212074;http://id.loc.gov/authorities/subjects/sh85038741	Dodecagon		geometry	alcpl	1.0	6.0
mooccubex.math.七边形	七边形;alcpl.geometry.Heptagon;lcsh.sh85060310;wd.Q188866;lcsh.sh85060312	https://en.wikipedia.org/wiki/Heptagon;http://id.loc.gov/authorities/subjects/sh85060310;https://www.wikidata.org/wiki/Q188866;http://id.loc.gov/authorities/subjects/sh85060312	heptagon	Seven-sided polygon	math;geometry;lcsh	mooccubex	1.0	6.0
alcpl.geometry.Chord_(geometry)	alcpl.precalculus.Chord_(geometry);dbpedia.Chords;lcsh.sh94002527;lcsh.sh99001430	https://en.wikipedia.org/wiki/Chord_(geometry);http://dbpedia.org/resource/Category:Chords;http://id.loc.gov/authorities/subjects/sh94002527;http://id.loc.gov/authorities/subjects/sh99001430	Chord (geometry)		geometry;precalculus;dbpedia;lcsh;art	alcpl	7.0	9.0
alcpl.geometry.Symmetry	alcpl.precalculus.Symmetry;opensalt.5c52fab6-f280-11e8-9cff-0242ac140002;lcsh.sh85131440;lcsh.sh85131441;lcsh.sh85131442;lcsh.sh85131443;lcsh.sh98000161;dbpedia.Symmetry;lcsh.sh2006001303;wd.Q27724274;lcsh.sh96008323	https://en.wikipedia.org/wiki/Symmetry;http://id.loc.gov/authorities/subjects/sh85131440;http://id.loc.gov/authorities/subjects/sh85131441;http://id.loc.gov/authorities/subjects/sh85131442;http://id.loc.gov/authorities/subjects/sh85131443;http://id.loc.gov/authorities/subjects/sh98000161;http://dbpedia.org/resource/Category:Symmetry;http://id.loc.gov/authorities/subjects/sh2006001303;https://www.wikidata.org/wiki/Q27724274;http://id.loc.gov/authorities/subjects/sh96008323	Symmetry	Invariance principles (Physics); Symmetry (Chemistry)	geometry;precalculus;domain;lcsh;art;dbpedia	alcpl	9.0	12.0
alcpl.geometry.Cylinder_(geometry)	alcpl.precalculus.Cylinder_(geometry);lcsh.sh85035126;lcsh.sh85035127;lcsh.sh85035129;lcsh.sh85035130	https://en.wikipedia.org/wiki/Cylinder_(geometry);http://id.loc.gov/authorities/subjects/sh85035126;http://id.loc.gov/authorities/subjects/sh85035127;http://id.loc.gov/authorities/subjects/sh85035129;http://id.loc.gov/authorities/subjects/sh85035130	Cylinder (geometry)	Chilindre	geometry;precalculus;lcsh	alcpl	7.0	9.0
mooccubex.math.八边形	八边形;alcpl.geometry.Octagon;lcsh.sh2016002332;wd.Q30601297;dbpedia.Octodon	https://en.wikipedia.org/wiki/Octagon;http://id.loc.gov/authorities/subjects/sh2016002332;https://www.wikidata.org/wiki/Q30601297;http://dbpedia.org/resource/Category:Octodon	octagon	Octagon Tower (New York, N.Y.)	math;geometry;lcsh	mooccubex	1.0	6.0
alcpl.geometry.Altitude_(triangle)	lcsh.sh85003931;lcsh.sh99002317;lcsh.sh85003932	https://en.wikipedia.org/wiki/Altitude_(triangle);http://id.loc.gov/authorities/subjects/sh85003931;http://id.loc.gov/authorities/subjects/sh99002317;http://id.loc.gov/authorities/subjects/sh85003932	Altitude (triangle)	Heights; Elevations	geometry;lcsh	alcpl	7.0	9.0
alcpl.geometry.Star_polygon	wd.Q836708;lcsh.sh99011703	https://en.wikipedia.org/wiki/Star_polygon;https://www.wikidata.org/wiki/Q836708;http://id.loc.gov/authorities/subjects/sh99011703	Star polygon		geometry	alcpl	1.0	6.0
mooccubex.math.六边形	六边形;alcpl.geometry.Hexagon;lcsh.sh85060578;wd.Q83043;lcsh.sh2006006692	https://en.wikipedia.org/wiki/Hexagon;http://id.loc.gov/authorities/subjects/sh85060578;https://www.wikidata.org/wiki/Q83043;http://id.loc.gov/authorities/subjects/sh2006006692	hexagon	Six-sided polygon	math;geometry;lcsh	mooccubex	1.0	6.0
mooccubex.math.多面体	多面体;alcpl.geometry.Polyhedron;wd.Q904886;dbpedia.Polyhedron_stubs	https://en.wikipedia.org/wiki/Polyhedron;https://www.wikidata.org/wiki/Q904886;http://dbpedia.org/resource/Category:Polyhedron_stubs	Polyhedron		math;geometry	mooccubex	1.0	6.0
alcpl.geometry.Kite_(geometry)	junyi.fyie57S6DAxJ8etfXPWAJOuVbzuyyPpqcr9iLyfgd9Q=;【基礎】箏形;dbpedia.Kites;lcsh.sh85072580;lcsh.sh85072581;lcsh.sh85072582;dbpedia.Kites_(birds);lcsh.sh2004000615	https://en.wikipedia.org/wiki/Kite_(geometry);http://dbpedia.org/resource/Category:Kites;http://id.loc.gov/authorities/subjects/sh85072580;http://id.loc.gov/authorities/subjects/sh85072581;http://id.loc.gov/authorities/subjects/sh85072582;http://dbpedia.org/resource/Category:Kites_(birds);http://id.loc.gov/authorities/subjects/sh2004000615	Kite (geometry)		geometry;math;junior;dbpedia;lcsh	alcpl	7.0	9.0
alcpl.geometry.Convex_polygon	wd.Q3259505;lcsh.sh93000318	https://en.wikipedia.org/wiki/Convex_polygon;https://www.wikidata.org/wiki/Q3259505;http://id.loc.gov/authorities/subjects/sh93000318	Convex polygon		geometry	alcpl	1.0	6.0
assistments.80	mooccubex.math.比例因子;比例因子;alcpl.geometry.Scale_factor;wd.Q1332997;dbpedia.Scale_model_scales	https://en.wikipedia.org/wiki/Scale_factor;https://www.wikidata.org/wiki/Q1332997;http://dbpedia.org/resource/Category:Scale_model_scales	Scale Factor		math;k-12;geometry	assistments	1.0	6.0
alcpl.geometry.Scaling_(geometry)	lcsh.sh85117919;wd.Q102441924;dbpedia.Scale_modeling	https://en.wikipedia.org/wiki/Scaling_(geometry);http://id.loc.gov/authorities/subjects/sh85117919;https://www.wikidata.org/wiki/Q102441924;http://dbpedia.org/resource/Category:Scale_modeling	Scaling (geometry)	Scales of measurement; Scale analysis (Social sciences)	geometry;lcsh	alcpl	7.0	9.0
alcpl.geometry.Rhombus	junyi.ApMn4fwBLAonJKKklY9Xx7r36OqGMSFOyTu/K5c9c+o=;【基礎】菱形;wd.Q21442836;dbpedia.Rhomaleosaurids	https://en.wikipedia.org/wiki/Rhombus;https://www.wikidata.org/wiki/Q21442836;http://dbpedia.org/resource/Category:Rhomaleosaurids	Rhombus		geometry;math;junior	alcpl	7.0	9.0
alcpl.geometry.Pentagon	lcsh.sh85099618;lcsh.sh88005246;dbpedia.The_Pentagon;wd.Q18435290;lcsh.sh2001001639	https://en.wikipedia.org/wiki/Pentagon;http://id.loc.gov/authorities/subjects/sh85099618;http://id.loc.gov/authorities/subjects/sh88005246;http://dbpedia.org/resource/Category:The_Pentagon;https://www.wikidata.org/wiki/Q18435290;http://id.loc.gov/authorities/subjects/sh2001001639	Pentagon	Pentagon Building (Va.)	geometry;lcsh;dbpedia	alcpl	1.0	6.0
alcpl.geometry.Tangent	wd.Q1129196;lcsh.sh85032240	https://en.wikipedia.org/wiki/Tangent;https://www.wikidata.org/wiki/Q1129196;http://id.loc.gov/authorities/subjects/sh85032240	Tangent		geometry	alcpl	7.0	9.0
alcpl.geometry.Secant_line	alcpl.precalculus.Secant_line;wd.Q426301	https://en.wikipedia.org/wiki/Secant_line;https://www.wikidata.org/wiki/Q426301	Secant line		geometry;precalculus	alcpl	7.0	9.0
alcpl.geometry.Reflection_symmetry	wd.Q15955882;lcsh.sh96008323	https://en.wikipedia.org/wiki/Reflection_symmetry;https://www.wikidata.org/wiki/Q15955882;http://id.loc.gov/authorities/subjects/sh96008323	Reflection symmetry		geometry	alcpl	9.0	12.0
alcpl.geometry.Skew_lines	wd.Q668297;lcsh.sh85123128	https://en.wikipedia.org/wiki/Skew_lines;https://www.wikidata.org/wiki/Q668297;http://id.loc.gov/authorities/subjects/sh85123128	Skew lines		geometry	alcpl	1.0	9.0
alcpl.geometry.Trapezoid	junyi.06kRCVdMd4I4CpJxtM7rmBED6keL482Br8ZCE6DU+W4=;【基礎】梯形;lcsh.sh85137116;wd.Q46303;lcsh.sh85137114	https://en.wikipedia.org/wiki/Trapezoid;http://id.loc.gov/authorities/subjects/sh85137116;https://www.wikidata.org/wiki/Q46303;http://id.loc.gov/authorities/subjects/sh85137114	Trapezoid		geometry;math;junior;lcsh	alcpl	7.0	9.0
alcpl.geometry.Trigonometric_functions	alcpl.precalculus.Trigonometric_functions;opensalt.6b9a4e42-d7cc-11e8-824f-0242ac160002;opensalt.5c4f0d6b-f280-11e8-9cff-0242ac140002;opensalt.5c53b949-f280-11e8-9cff-0242ac140002;opensalt.5c5449bb-f280-11e8-9cff-0242ac140002;opensalt.5c54a98f-f280-11e8-9cff-0242ac140002;opensalt.47db7cdc-6830-11e9-87a8-0242ac1f0003;opensalt.4cb9518c-543a-11eb-a084-e1a392fb9fd4;opensalt.MCF3M-C;opensalt.5b894e2e-543a-11eb-bfc1-f3559bbfd95a;opensalt.MCT4C-C;dbpedia.Trigonometric_functions;csp.F1C0CBCD9A9844329E8C23D06671F91E;F1C0CBCD9A9844329E8C23D06671F91E;csp.6526AA4F5C7045159547B1C10906BE5F;6526AA4F5C7045159547B1C10906BE5F;csp.8C25944A55EB4858A91B689D499FF661;8C25944A55EB4858A91B689D499FF661;csp.E8C120B681F24D968099DE42738320D3;E8C120B681F24D968099DE42738320D3;csp.10733207F89D4CB4BFD18F5883F5AEA8;10733207F89D4CB4BFD18F5883F5AEA8;csp.13426F4E605F4211834BFF511089AD53;13426F4E605F4211834BFF511089AD53;csp.3E7B0D5A676145A4828F132F9CEF22E7;3E7B0D5A676145A4828F132F9CEF22E7;csp.2B1AACAF86CE4268803203EDAD35EDA3;2B1AACAF86CE4268803203EDAD35EDA3;csp.7C4ABDF73E1347BC9A9C172064C9176E;7C4ABDF73E1347BC9A9C172064C9176E;csp.2727B8DA2F614578A972ED936589CD6C;2727B8DA2F614578A972ED936589CD6C;csp.44146A0B4D98464D8ED744F0566EFF6C;44146A0B4D98464D8ED744F0566EFF6C;csp.04FC524C807D4F3BB9F0C206EB577932;04FC524C807D4F3BB9F0C206EB577932;csp.0D24EDA76F5A4170BB3BD25BA3194AE2;0D24EDA76F5A4170BB3BD25BA3194AE2;csp.5558A0AF204D4BF1B9C043AB3AE51B5D;5558A0AF204D4BF1B9C043AB3AE51B5D;csp.A560C6C7A5644B999B419703C5A5FD4F;A560C6C7A5644B999B419703C5A5FD4F;csp.FC544819CAAB486497BCD6E7D88FF461;FC544819CAAB486497BCD6E7D88FF461;csp.FB6F83FE8F1548219F6F40DDC1268E24;FB6F83FE8F1548219F6F40DDC1268E24;csp.B55DD4D8ABD947409973CC0AFDAE9F32;B55DD4D8ABD947409973CC0AFDAE9F32;csp.D75603A35441404FA0B511CF97F74EFE;D75603A35441404FA0B511CF97F74EFE;csp.3D65640E54A24B02A2D412B13B7220B6;3D65640E54A24B02A2D412B13B7220B6;csp.874A39E88B064A7F991AC938A83F635C;874A39E88B064A7F991AC938A83F635C;csp.0C4D24BA6E6C4C58A7D4EBCF578C0DCA;0C4D24BA6E6C4C58A7D4EBCF578C0DCA;csp.B1A330AAA24C4CBDA897029405B5F77C;B1A330AAA24C4CBDA897029405B5F77C;csp.1F3FC2EEEC7E4B9DB6CBEA96061896B2;1F3FC2EEEC7E4B9DB6CBEA96061896B2;csp.FAED4916E24D45149E571B2607E79D38;FAED4916E24D45149E571B2607E79D38;csp.843FB50E27274C5FBD365366EC06B358;843FB50E27274C5FBD365366EC06B358;csp.1B59FCFC9A124A989EB1CA0E171309F5;1B59FCFC9A124A989EB1CA0E171309F5;csp.1FC544266470431FB5EDA88BE1BB35B1;1FC544266470431FB5EDA88BE1BB35B1;csp.5BA44BC308AD4FB39AFD243F6DF39F31;5BA44BC308AD4FB39AFD243F6DF39F31;wd.Q126950379;lcsh.sh85137518	https://en.wikipedia.org/wiki/Trigonometric_functions;http://dbpedia.org/resource/Category:Trigonometric_functions;https://www.wikidata.org/wiki/Q126950379;http://id.loc.gov/authorities/subjects/sh85137518	Trigonometric functions		geometry;precalculus;domain;strand;dbpedia;mathematics	alcpl	9.0	12.0
alcpl.physics.Distance	alcpl.geometry.Distance;alcpl.precalculus.Distance;lcsh.sh85038511;wd.Q2699535;lcsh.sh85038508	https://en.wikipedia.org/wiki/Distance;http://id.loc.gov/authorities/subjects/sh85038511;https://www.wikidata.org/wiki/Q2699535;http://id.loc.gov/authorities/subjects/sh85038508	Distance		physics;geometry;precalculus;lcsh	alcpl	7.0	9.0
alcpl.geometry.Hendecagon	wd.Q214382;lcsh.sh85060251	https://en.wikipedia.org/wiki/Hendecagon;https://www.wikidata.org/wiki/Q214382;http://id.loc.gov/authorities/subjects/sh85060251	Hendecagon		geometry	alcpl	1.0	6.0
alcpl.geometry.Equilateral_triangle	wd.Q157002;dbpedia.Triangle_geometry	https://en.wikipedia.org/wiki/Equilateral_triangle;https://www.wikidata.org/wiki/Q157002;http://dbpedia.org/resource/Category:Triangle_geometry	Equilateral triangle		geometry	alcpl	1.0	6.0
alcpl.geometry.Decagon	wd.Q184625;lcsh.sh92005020	https://en.wikipedia.org/wiki/Decagon;https://www.wikidata.org/wiki/Q184625;http://id.loc.gov/authorities/subjects/sh92005020	Decagon		geometry	alcpl	1.0	6.0
assistments.24	lightcast.KS1228Z6VG4CLG7YX5TY;KS1228Z6VG4CLG7YX5TY;alcpl.geometry.Congruence_(geometry);opensalt.6b9a508f-d7cc-11e8-824f-0242ac160002;opensalt.5c4f0e67-f280-11e8-9cff-0242ac140002;opensalt.5c529fcc-f280-11e8-9cff-0242ac140002;opensalt.47dfa5e6-6830-11e9-a6ef-0242ac1f0003;lcsh.sh85031122;wd.Q135073831;lcsh.sh85031123	https://skills.emsidata.com/skills/KS1228Z6VG4CLG7YX5TY;https://en.wikipedia.org/wiki/Congruence_(geometry);http://id.loc.gov/authorities/subjects/sh85031122;https://www.wikidata.org/wiki/Q135073831;http://id.loc.gov/authorities/subjects/sh85031123	Congruence		math;k-12;specialized skill;geometry;domain;lcsh	assistments	9.0	12.0
assistments.292	alcpl.geometry.Rotation_(mathematics);alcpl.precalculus.Rotation_(mathematics);dbpedia.Rotation;wd.Q3990400;lcsh.sh85115493	https://en.wikipedia.org/wiki/Rotation_(mathematics);http://dbpedia.org/resource/Category:Rotation;https://www.wikidata.org/wiki/Q3990400;http://id.loc.gov/authorities/subjects/sh85115493	Rotations		math;k-12;geometry;precalculus;dbpedia	assistments	1.0	6.0
mooccubex.cs.自相似	自相似;mooccubex.cs.自相似性;自相似性;alcpl.geometry.Self-similarity;lcsh.sh85122727	https://en.wikipedia.org/wiki/Self-similarity;http://id.loc.gov/authorities/subjects/sh85122727	self-similarity		computer science;geometry	mooccubex	3.0	12.0
alcpl.geometry.Rigid_transformation	wd.Q7333813;lcsh.sh85040318	https://en.wikipedia.org/wiki/Rigid_transformation;https://www.wikidata.org/wiki/Q7333813;http://id.loc.gov/authorities/subjects/sh85040318	Rigid transformation		geometry	alcpl	7.0	9.0
assistments.221	mooccubex.math.斜率;斜率;alcpl.geometry.Slope;alcpl.precalculus.Slope;lcsh.sh85123460;lcsh.sh85123461;wd.Q944588;dbpedia.Slope_landforms	https://en.wikipedia.org/wiki/Slope;http://id.loc.gov/authorities/subjects/sh85123460;http://id.loc.gov/authorities/subjects/sh85123461;https://www.wikidata.org/wiki/Q944588;http://dbpedia.org/resource/Category:Slope_landforms	Slope		math;k-12;geometry;precalculus;lcsh	assistments	9.0	12.0
alcpl.geometry.Diagonal	wd.Q189791	https://en.wikipedia.org/wiki/Diagonal;https://www.wikidata.org/wiki/Q189791	Diagonal		geometry	alcpl	1.0	6.0
alcpl.geometry.Transversal_(geometry)	dbpedia.Geometric_transversal_theory	https://en.wikipedia.org/wiki/Transversal_(geometry);http://dbpedia.org/resource/Category:Geometric_transversal_theory	Transversal (geometry)		geometry	alcpl	7.0	9.0
alcpl.geometry.Exterior_angle_theorem	junyi.YRgtGEd826lr/TTeqzRiSg74GgvqIjPn4GiFofbYGoA=;【基礎】三角形的外角定理;wd.Q5421989	https://en.wikipedia.org/wiki/Exterior_angle_theorem;https://www.wikidata.org/wiki/Q5421989	Exterior angle theorem		geometry;math;junior	alcpl	7.0	9.0
alcpl.geometry.Space_(mathematics)	dbpedia.Space;lcsh.sh85125907;lcsh.sh85125909;lcsh.sh2006003964;dbpedia.Space_(TV_channel);lcsh.sh85125911	https://en.wikipedia.org/wiki/Space_(mathematics);http://dbpedia.org/resource/Category:Space;http://id.loc.gov/authorities/subjects/sh85125907;http://id.loc.gov/authorities/subjects/sh85125909;http://id.loc.gov/authorities/subjects/sh2006003964;http://dbpedia.org/resource/Category:Space_(TV_channel);http://id.loc.gov/authorities/subjects/sh85125911	Space (mathematics)	Negative space (Architecture); Space in architecture; Space and architectural mass; Architecture and space	geometry;dbpedia;lcsh;art	alcpl	9.0	12.0
alcpl.geometry.Tessellation	lightcast.KSAV9F6GFLWO7ZT2A31C;KSAV9F6GFLWO7ZT2A31C;lcsh.sh85134138;dbpedia.Tessellation;wd.Q214856;lcsh.sh85134139	https://en.wikipedia.org/wiki/Tessellation;https://skills.emsidata.com/skills/KSAV9F6GFLWO7ZT2A31C;http://id.loc.gov/authorities/subjects/sh85134138;http://dbpedia.org/resource/Category:Tessellation;https://www.wikidata.org/wiki/Q214856;http://id.loc.gov/authorities/subjects/sh85134139	Tessellation		geometry;specialized skill;lcsh;dbpedia	alcpl	1.0	6.0
alcpl.physics.Magnetic_field	lcsh.sh00006588;lcsh.sh85079703;wd.Q11408;dbpedia.The_Magnetic_Fields_members	https://en.wikipedia.org/wiki/Magnetic_field;http://id.loc.gov/authorities/subjects/sh00006588;http://id.loc.gov/authorities/subjects/sh85079703;https://www.wikidata.org/wiki/Q11408;http://dbpedia.org/resource/Category:The_Magnetic_Fields_members	Magnetic field	Fields, Magnetic	physics;lcsh	alcpl	9.0	12.0
alcpl.physics.Inertial_frame_of_reference	wd.Q192735	https://en.wikipedia.org/wiki/Inertial_frame_of_reference;https://www.wikidata.org/wiki/Q192735	Inertial frame of reference		physics	alcpl	1	12
alcpl.physics.Gravitational_acceleration	wd.Q30006	https://en.wikipedia.org/wiki/Gravitational_acceleration;https://www.wikidata.org/wiki/Q30006	Gravitational acceleration		physics	alcpl	9.0	12.0
alcpl.physics.Position_(vector)	alcpl.precalculus.Position_(vector);lcsh.sh00006951;dbpedia.Positions_(team_sports)	https://en.wikipedia.org/wiki/Position_(vector);http://id.loc.gov/authorities/subjects/sh00006951;http://dbpedia.org/resource/Category:Positions_(team_sports)	Position (vector)		physics;precalculus;lcsh;dbpedia	alcpl	7.0	9.0
asn.S2601218	asn.S2601285;asn.S2601312;asn.S2601343;asn.S2601417;csp.9-12.C.13.G.2;86C361FAA3F249EBB1DBE3C068E67157;alcpl.physics.Energy;esco.1e38f5be-bb7d-42c5-8301-c16cf400f8ee;http://data.europa.eu/esco/skill/1e38f5be-bb7d-42c5-8301-c16cf400f8ee;opensalt.33a32845-d7cc-11e8-824f-0242ac160002;opensalt.K-PS3;opensalt.33cdcc19-d7cc-11e8-824f-0242ac160002;opensalt.4-PS3;opensalt.33f03d5b-d7cc-11e8-824f-0242ac160002;opensalt.5-PS3;opensalt.33f126a0-d7cc-11e8-824f-0242ac160002;opensalt.MS-PS3;opensalt.3416fc3f-d7cc-11e8-824f-0242ac160002;opensalt.HS-PS3;opensalt.724ced3e-f297-11e8-91d2-95d57f56d4c0;opensalt.783601b8-f297-11e8-9b8a-a909636c8c05;opensalt.7a13e90a-f297-11e8-9ad5-1fdbd32ee37c;opensalt.7be52366-f297-11e8-9d1c-f3afc59970db;opensalt.7d7e2fb0-f297-11e8-92a9-172df9762cb8;opensalt.38011a44-98d5-11e9-899f-998d0605ed5b;opensalt.PS3;opensalt.b78308a8-b302-11e9-9968-0242c0a82003;opensalt.b7a29ec0-b302-11e9-b480-0242c0a82003;opensalt.b7aba5d8-b302-11e9-ae04-0242c0a82003;opensalt.b7c41f82-b302-11e9-904b-0242c0a82003;opensalt.b7e4ae8c-b302-11e9-b449-0242c0a82003;opensalt.b8ebaff6-b302-11e9-9381-0242c0a82003;dbpedia.Energy;dbpedia.Energy_(physics);dbpedia.Energy_(esotericism);csp.8801BE8F1B0B4C62AEB38E195CFD63DA;8801BE8F1B0B4C62AEB38E195CFD63DA;csp.2743EB9DB1D347F9995DB46CF9B7BA92;2743EB9DB1D347F9995DB46CF9B7BA92;csp.00D3F62EC7F043BCA6F078257468B656;00D3F62EC7F043BCA6F078257468B656;csp.EE2DC376C6AD4269A78F06229578CB5E;S2695017;EE2DC376C6AD4269A78F06229578CB5E;wd.Q11379;dbpedia.Works_about_energy	http://asn.desire2learn.com/resources/S2601218;http://asn.desire2learn.com/resources/S2601285;http://asn.desire2learn.com/resources/S2601312;http://asn.desire2learn.com/resources/S2601343;http://asn.desire2learn.com/resources/S2601417;https://en.wikipedia.org/wiki/Energy;http://data.europa.eu/esco/skill/1e38f5be-bb7d-42c5-8301-c16cf400f8ee;http://dbpedia.org/resource/Category:Energy;http://dbpedia.org/resource/Category:Energy_(physics);http://dbpedia.org/resource/Category:Energy_(esotericism);https://www.wikidata.org/wiki/Q11379;http://dbpedia.org/resource/Category:Works_about_energy	Energy	Energy	ngss;social studies;physics;knowledge;disciplinary core idea;performance expectations title;dbpedia;science	asn	0.0	12.0
alcpl.physics.Mechanical_energy	wd.Q184550;lcsh.sh85050452	https://en.wikipedia.org/wiki/Mechanical_energy;https://www.wikidata.org/wiki/Q184550;http://id.loc.gov/authorities/subjects/sh85050452	Mechanical energy		physics	alcpl	0.0	12.0
alcpl.physics.Gravitational_field	lcsh.sh85056560;wd.Q558066;lcsh.sh85056561	https://en.wikipedia.org/wiki/Gravitational_field;http://id.loc.gov/authorities/subjects/sh85056560;https://www.wikidata.org/wiki/Q558066;http://id.loc.gov/authorities/subjects/sh85056561	Gravitational field	Fields, Gravitational	physics;lcsh	alcpl	1	12
fos.physics	alcpl.physics.Physics;onet.knowledge.2.C.4.b;2.C.4.b;lightcast.KS127TD6X5C909DYQ765;KS127TD6X5C909DYQ765;esco.692ace70-7f97-4214-92bd-88f7637d8a44;http://data.europa.eu/esco/skill/692ace70-7f97-4214-92bd-88f7637d8a44;opensalt.80672498-6ae9-539e-bb5d-cc9f8630278c;opensalt.18dfdda9-ba4a-4ed8-ac4b-1ba49ab13f32;opensalt.b411b12a-6652-11ef-ba14-0242ac140003;opensalt.P;opensalt.fb904f16-7c87-11ef-817e-0242ac140003;lcsh.sh85101653;dbpedia.Physics;wd.Q413;dbpedia.Theoretical_physics	https://en.wikipedia.org/wiki/Physics;https://www.onetonline.org/find/descriptor/result/2.C.4.b;https://skills.emsidata.com/skills/KS127TD6X5C909DYQ765;http://data.europa.eu/esco/skill/692ace70-7f97-4214-92bd-88f7637d8a44;http://id.loc.gov/authorities/subjects/sh85101653;http://dbpedia.org/resource/Category:Physics;https://www.wikidata.org/wiki/Q413;http://dbpedia.org/resource/Category:Theoretical_physics	Physics	The natural science involving the study of matter, motion, energy, force and related notions.	field of study;physics;onet;knowledge;specialized skill;course;lcsh;dbpedia	fos	9.0	12.0
alcpl.physics.Electric_potential_energy	wd.Q841798;dbpedia.Electric_energy	https://en.wikipedia.org/wiki/Electric_potential_energy;https://www.wikidata.org/wiki/Q841798;http://dbpedia.org/resource/Category:Electric_energy	Electric potential energy		physics	alcpl	9.0	12.0
alcpl.physics.Motion	alcpl.physics.Motion_(physics);lcsh.sh85087557;lcsh.sh85087561;dbpedia.Motion_(physics);dbpedia.Motions_(parliamentary_procedure);wd.Q452237;dbpedia.Slow_motion	https://en.wikipedia.org/wiki/Motion;https://en.wikipedia.org/wiki/Motion_(physics);http://id.loc.gov/authorities/subjects/sh85087557;http://id.loc.gov/authorities/subjects/sh85087561;http://dbpedia.org/resource/Category:Motion_(physics);http://dbpedia.org/resource/Category:Motions_(parliamentary_procedure);https://www.wikidata.org/wiki/Q452237;http://dbpedia.org/resource/Category:Slow_motion	Motion	Kinetics	physics;lcsh;social studies;dbpedia	alcpl	9.0	12.0
alcpl.physics.Motion_graphs_and_derivatives	wd.Q6917786	https://en.wikipedia.org/wiki/Motion_graphs_and_derivatives;https://www.wikidata.org/wiki/Q6917786	Motion graphs and derivatives		physics	alcpl	7.0	9.0
alcpl.physics.Acceleration	opensalt.f2f5e90c-5367-11ec-ac56-0242ac140003;opensalt.ETS-PS.B1.b;lcsh.sh85000344;lcsh.sh85000345;dbpedia.Acceleration;dbpedia.Acceleration_(festival);wd.Q11376;dbpedia.Acceleration_2014	https://en.wikipedia.org/wiki/Acceleration;http://id.loc.gov/authorities/subjects/sh85000344;http://id.loc.gov/authorities/subjects/sh85000345;http://dbpedia.org/resource/Category:Acceleration;http://dbpedia.org/resource/Category:Acceleration_(festival);https://www.wikidata.org/wiki/Q11376;http://dbpedia.org/resource/Category:Acceleration_2014	Acceleration	Deceleration; Acceleration, Negative	physics;component;lcsh;dbpedia	alcpl	9.0	12.0
alcpl.physics.Intensity_(physics)		https://en.wikipedia.org/wiki/Intensity_(physics)	Intensity (physics)		physics	alcpl	9.0	12.0
alcpl.physics.Snell's_law	csp.AE6C96640DEC45DDAADE0FF99D678BD0;S2695216;AE6C96640DEC45DDAADE0FF99D678BD0;wd.Q208391	https://en.wikipedia.org/wiki/Snell's_law;https://www.wikidata.org/wiki/Q208391	Snell's law		physics;science	alcpl	9.0	12.0
alcpl.physics.Refractive_index	lightcast.KS128GN74SQXP4LBG5V4;KS128GN74SQXP4LBG5V4;lcsh.sh85112261;wd.Q174102;lcsh.sh2007010990	https://en.wikipedia.org/wiki/Refractive_index;https://skills.emsidata.com/skills/KS128GN74SQXP4LBG5V4;http://id.loc.gov/authorities/subjects/sh85112261;https://www.wikidata.org/wiki/Q174102;http://id.loc.gov/authorities/subjects/sh2007010990	Refractive index	Index of refraction	physics;specialized skill;lcsh	alcpl	9.0	12.0
alcpl.physics.Hooke's_law	wd.Q170282	https://en.wikipedia.org/wiki/Hooke's_law;https://www.wikidata.org/wiki/Q170282	Hooke's law		physics	alcpl	9.0	12.0
alcpl.physics.Work_(physics)	alcpl.precalculus.Work_(physics);dbpedia.Works;lcsh.sh85148133;lcsh.sh85148137;wd.Q122620948;dbpedia.Works_about_energy	https://en.wikipedia.org/wiki/Work_(physics);http://dbpedia.org/resource/Category:Works;http://id.loc.gov/authorities/subjects/sh85148133;http://id.loc.gov/authorities/subjects/sh85148137;https://www.wikidata.org/wiki/Q122620948;http://dbpedia.org/resource/Category:Works_about_energy	Work (physics)	Work, Method of; Industry (Psychology); Method of work	physics;precalculus;dbpedia;lcsh	alcpl	9.0	12.0
alcpl.physics.Collision	lightcast.KS1223S73D7CDB4MG5RW;KS1223S73D7CDB4MG5RW;lcsh.sh85028443;lcsh.sh85028444;lcsh.sh2001002960;dbpedia.Collision;wd.Q238053;lcsh.sh99005249	https://en.wikipedia.org/wiki/Collision;https://skills.emsidata.com/skills/KS1223S73D7CDB4MG5RW;http://id.loc.gov/authorities/subjects/sh85028443;http://id.loc.gov/authorities/subjects/sh85028444;http://id.loc.gov/authorities/subjects/sh2001002960;http://dbpedia.org/resource/Category:Collision;https://www.wikidata.org/wiki/Q238053;http://id.loc.gov/authorities/subjects/sh99005249	Collision	Particles (Nuclear physics)--Collisions; Bombardment with particles; Electron collisions; Nuclear collisions; Particle collisions (Nuclear physics); Impact phenomena (Nuclear physics)	physics;specialized skill;lcsh;dbpedia	alcpl	9.0	12.0
alcpl.physics.Electron	lcsh.sh85042423;dbpedia.Electron;csp.14CECE1663514AF3922C86E5707A1179;S2694993;14CECE1663514AF3922C86E5707A1179;wd.Q21614124;lcsh.sh85042420	https://en.wikipedia.org/wiki/Electron;http://id.loc.gov/authorities/subjects/sh85042423;http://dbpedia.org/resource/Category:Electron;https://www.wikidata.org/wiki/Q21614124;http://id.loc.gov/authorities/subjects/sh85042420	Electron	Corpuscular theory of matter	physics;lcsh;dbpedia;technology;science	alcpl	9.0	12.0
alcpl.physics.Wave	lightcast.KS441ZJ70BXBRLQDRPQC;KS441ZJ70BXBRLQDRPQC;opensalt.03dcb9de-5364-11ec-8db1-0242ac140003;opensalt.ETS-ES.B2.b;dbpedia.Waves;lcsh.sh85145789;csp.7F729317A06F48F09DD9F0BBF286782A;7F729317A06F48F09DD9F0BBF286782A;csp.CCF5FE664667472B889343798B5C546F;CCF5FE664667472B889343798B5C546F;csp.A92838AF1276453A82A74B376FD4ADDD;S2695110;A92838AF1276453A82A74B376FD4ADDD;wd.Q262304;dbpedia.No_wave	https://en.wikipedia.org/wiki/Wave;https://skills.emsidata.com/skills/KS441ZJ70BXBRLQDRPQC;http://dbpedia.org/resource/Category:Waves;http://id.loc.gov/authorities/subjects/sh85145789;https://www.wikidata.org/wiki/Q262304;http://dbpedia.org/resource/Category:No_wave	Wave	Mechanical waves	physics;specialized skill;component;dbpedia;lcsh;science	alcpl	9.0	12.0
alcpl.physics.Potential_energy	wd.Q155640;dbpedia.Potentials	https://en.wikipedia.org/wiki/Potential_energy;https://www.wikidata.org/wiki/Q155640;http://dbpedia.org/resource/Category:Potentials	Potential energy		physics	alcpl	9.0	12.0
alcpl.physics.Gravity	lcsh.sh85056563;dbpedia.Gravity;wd.Q11412;lcsh.sh2002011286	https://en.wikipedia.org/wiki/Gravity;http://id.loc.gov/authorities/subjects/sh85056563;http://dbpedia.org/resource/Category:Gravity;https://www.wikidata.org/wiki/Q11412;http://id.loc.gov/authorities/subjects/sh2002011286	Gravity	Earth (Planet)--Gravity	physics;lcsh;dbpedia	alcpl	9.0	12.0
alcpl.physics.Electric_field	lcsh.sh85041688;wd.Q46221;lcsh.sh85042168	https://en.wikipedia.org/wiki/Electric_field;http://id.loc.gov/authorities/subjects/sh85041688;https://www.wikidata.org/wiki/Q46221;http://id.loc.gov/authorities/subjects/sh85042168	Electric field		physics;lcsh	alcpl	9.0	12.0
alcpl.physics.Hardness	lcsh.sh85058886;wd.Q3236003;dbpedia.Hardness_instruments	https://en.wikipedia.org/wiki/Hardness;http://id.loc.gov/authorities/subjects/sh85058886;https://www.wikidata.org/wiki/Q3236003;http://dbpedia.org/resource/Category:Hardness_instruments	Hardness		physics;lcsh	alcpl	6.0	6.0
alcpl.physics.Elasticity_(physics)	lcsh.sh85041516;lcsh.sh85041517;dbpedia.Elasticity_(physics);dbpedia.Elasticity_(economics);lcsh.sh2004006595	https://en.wikipedia.org/wiki/Elasticity_(physics);http://id.loc.gov/authorities/subjects/sh85041516;http://id.loc.gov/authorities/subjects/sh85041517;http://dbpedia.org/resource/Category:Elasticity_(physics);http://dbpedia.org/resource/Category:Elasticity_(economics);http://id.loc.gov/authorities/subjects/sh2004006595	Elasticity (physics)	Young's modulus; Elastic properties	physics;lcsh;dbpedia	alcpl	9.0	12.0
alcpl.physics.Shock_wave	lcsh.sh85121715;dbpedia.Shock_waves;wd.Q7499851;lcsh.sh85121716	https://en.wikipedia.org/wiki/Shock_wave;http://id.loc.gov/authorities/subjects/sh85121715;http://dbpedia.org/resource/Category:Shock_waves;https://www.wikidata.org/wiki/Q7499851;http://id.loc.gov/authorities/subjects/sh85121716	Shock wave		physics;lcsh;dbpedia	alcpl	9.0	12.0
alcpl.physics.Non-inertial_reference_frame	wd.Q829564	https://en.wikipedia.org/wiki/Non-inertial_reference_frame;https://www.wikidata.org/wiki/Q829564	Non-inertial reference frame		physics	alcpl	1	12
alcpl.physics.Frame_of_reference	dbpedia.Frames_of_reference;wd.Q184876	https://en.wikipedia.org/wiki/Frame_of_reference;http://dbpedia.org/resource/Category:Frames_of_reference;https://www.wikidata.org/wiki/Q184876	Frame of reference		physics;dbpedia	alcpl	1	12
alcpl.physics.Diffraction	lcsh.sh85037928;dbpedia.Diffraction;csp.64AF77806D6B40BB8E6E1ACF40D5DD81;S2695212;64AF77806D6B40BB8E6E1ACF40D5DD81;wd.Q133900;lcsh.sh85037929	https://en.wikipedia.org/wiki/Diffraction;http://id.loc.gov/authorities/subjects/sh85037928;http://dbpedia.org/resource/Category:Diffraction;https://www.wikidata.org/wiki/Q133900;http://id.loc.gov/authorities/subjects/sh85037929	Diffraction		physics;lcsh;dbpedia;science	alcpl	9.0	12.0
metacademy.fields	alcpl.physics.Field_(physics);wd.Q16869936;dbpedia.W.C._Fields	https://en.wikipedia.org/wiki/Field_(physics);https://www.wikidata.org/wiki/Q16869936;http://dbpedia.org/resource/Category:W.C._Fields	fields		machine learning;artificial intelligence;physics	metacademy	9.0	12.0
alcpl.physics.Electrical_conductor	dbpedia.Electrical_conductors;wd.Q124291;lcsh.sh85041622	https://en.wikipedia.org/wiki/Electrical_conductor;http://dbpedia.org/resource/Category:Electrical_conductors;https://www.wikidata.org/wiki/Q124291;http://id.loc.gov/authorities/subjects/sh85041622	Electrical conductor		physics;dbpedia	alcpl	9.0	12.0
alcpl.physics.Electromagnetic_spectrum	esco.c500f5d0-42d4-4341-904e-cd4ef2ff3181;http://data.europa.eu/esco/skill/c500f5d0-42d4-4341-904e-cd4ef2ff3181;opensalt.c5f71b0a-5368-11ec-82d8-0242ac140003;opensalt.ETS-PS.D2;dbpedia.Electromagnetic_spectrum;wd.Q133139;dbpedia.Radio_spectrum	https://en.wikipedia.org/wiki/Electromagnetic_spectrum;http://data.europa.eu/esco/skill/c500f5d0-42d4-4341-904e-cd4ef2ff3181;http://dbpedia.org/resource/Category:Electromagnetic_spectrum;https://www.wikidata.org/wiki/Q133139;http://dbpedia.org/resource/Category:Radio_spectrum	Electromagnetic spectrum	The different electromagnetic wavelenghts or frequencies that are situated on the electromagnetic spectrum. Wavelenghts are divided in several categories according to their wavelength and energy level, starting from radio wavelenghts with a long wavelength and a low energy level, to microwaves, infrared, visible light, ultraviolet, X-rays, and finally Gamma-rays with a short wavelength and a high energy level.	physics;knowledge;topic;dbpedia	alcpl	1	12
alcpl.physics.Velocity	dbpedia.Velocity;wd.Q11465;dbpedia.Units_of_velocity	https://en.wikipedia.org/wiki/Velocity;http://dbpedia.org/resource/Category:Velocity;https://www.wikidata.org/wiki/Q11465;http://dbpedia.org/resource/Category:Units_of_velocity	Velocity		physics;dbpedia	alcpl	1.0	6.0
alcpl.physics.Crest_(physics)	lcsh.sh85033936	https://en.wikipedia.org/wiki/Crest_(physics);http://id.loc.gov/authorities/subjects/sh85033936	Crest (physics)		physics;lcsh	alcpl	1	12
alcpl.physics.Doppler_effect	lightcast.KS123436V4FGBGDSWGXN;KS123436V4FGBGDSWGXN;lcsh.sh85039083;dbpedia.Doppler_effects;wd.Q76436;lcsh.sh2002011348	https://en.wikipedia.org/wiki/Doppler_effect;https://skills.emsidata.com/skills/KS123436V4FGBGDSWGXN;http://id.loc.gov/authorities/subjects/sh85039083;http://dbpedia.org/resource/Category:Doppler_effects;https://www.wikidata.org/wiki/Q76436;http://id.loc.gov/authorities/subjects/sh2002011348	Doppler effect	Doppler shift	physics;specialized skill;lcsh;dbpedia	alcpl	1	12
alcpl.physics.Sound_intensity	wd.Q1140289;lcsh.sh85125407	https://en.wikipedia.org/wiki/Sound_intensity;https://www.wikidata.org/wiki/Q1140289;http://id.loc.gov/authorities/subjects/sh85125407	Sound intensity		physics	alcpl	9.0	12.0
alcpl.physics.Scattering	lcsh.sh85118046;lcsh.sh85118047;dbpedia.Scattering;wd.Q210028;dbpedia.Scattering_theory	https://en.wikipedia.org/wiki/Scattering;http://id.loc.gov/authorities/subjects/sh85118046;http://id.loc.gov/authorities/subjects/sh85118047;http://dbpedia.org/resource/Category:Scattering;https://www.wikidata.org/wiki/Q210028;http://dbpedia.org/resource/Category:Scattering_theory	Scattering	Scattering theory (Mathematics)	physics;lcsh;dbpedia	alcpl	9.0	12.0
alcpl.physics.Relative_velocity	wd.Q1376323	https://en.wikipedia.org/wiki/Relative_velocity;https://www.wikidata.org/wiki/Q1376323	Relative velocity		physics	alcpl	1.0	6.0
alcpl.physics.Electric_potential	csp.07CA7B7EFC6040D6965C96790B47A4D0;S2694938;07CA7B7EFC6040D6965C96790B47A4D0;wd.Q55451;dbpedia.Potentials	https://en.wikipedia.org/wiki/Electric_potential;https://www.wikidata.org/wiki/Q55451;http://dbpedia.org/resource/Category:Potentials	Electric potential		physics;science	alcpl	9.0	12.0
alcpl.physics.Energy_level	lcsh.sh85043142;wd.Q669532;lcsh.sh92002529	https://en.wikipedia.org/wiki/Energy_level;http://id.loc.gov/authorities/subjects/sh85043142;https://www.wikidata.org/wiki/Q669532;http://id.loc.gov/authorities/subjects/sh92002529	Energy level	Energy states (Quantum mechanics)	physics;lcsh	alcpl	0.0	12.0
alcpl.physics.Normal_force	wd.Q541008	https://en.wikipedia.org/wiki/Normal_force;https://www.wikidata.org/wiki/Q541008	Normal force		physics	alcpl	9.0	12.0
alcpl.physics.Magnetism	lcsh.sh85079759;dbpedia.Magnetism;wd.Q3294789;lcsh.sh85079683	https://en.wikipedia.org/wiki/Magnetism;http://id.loc.gov/authorities/subjects/sh85079759;http://dbpedia.org/resource/Category:Magnetism;https://www.wikidata.org/wiki/Q3294789;http://id.loc.gov/authorities/subjects/sh85079683	Magnetism		physics;lcsh;dbpedia	alcpl	9.0	12.0
alcpl.physics.Electric_current	lightcast.KS120G95W35L19DXYQ9B;KS120G95W35L19DXYQ9B;esco.57869946-cec2-4121-981c-84c9846c58d0;http://data.europa.eu/esco/skill/57869946-cec2-4121-981c-84c9846c58d0;lcsh.sh85041640;dbpedia.Electric_current;wd.Q11651;lcsh.sh85041875	https://en.wikipedia.org/wiki/Electric_current;https://skills.emsidata.com/skills/KS120G95W35L19DXYQ9B;http://data.europa.eu/esco/skill/57869946-cec2-4121-981c-84c9846c58d0;http://id.loc.gov/authorities/subjects/sh85041640;http://dbpedia.org/resource/Category:Electric_current;https://www.wikidata.org/wiki/Q11651;http://id.loc.gov/authorities/subjects/sh85041875	Electric current	Flow of electric charge, carried by electrons or ions in a medium such as an electrolyte or a plasma.	physics;specialized skill;knowledge;lcsh;dbpedia	alcpl	9.0	12.0
alcpl.physics.Electromotive_force	lcsh.sh85042193;wd.Q185329;lcsh.sh2005003636	https://en.wikipedia.org/wiki/Electromotive_force;http://id.loc.gov/authorities/subjects/sh85042193;https://www.wikidata.org/wiki/Q185329;http://id.loc.gov/authorities/subjects/sh2005003636	Electromotive force	Electric potential; Potential, Electric; Voltage; Force, Electromotive; EMF (Electromotive force)	physics;lcsh	alcpl	9.0	12.0
alcpl.physics.Voltage	lightcast.KS441X65VLWJMYN1JN5N;KS441X65VLWJMYN1JN5N;dbpedia.Voltage;wd.Q25428;lcsh.sh85016671	https://en.wikipedia.org/wiki/Voltage;https://skills.emsidata.com/skills/KS441X65VLWJMYN1JN5N;http://dbpedia.org/resource/Category:Voltage;https://www.wikidata.org/wiki/Q25428;http://id.loc.gov/authorities/subjects/sh85016671	Voltage		physics;specialized skill;dbpedia	alcpl	9.0	12.0
alcpl.physics.Plane_mirror	wd.Q964338;dbpedia.Mirror_lens	https://en.wikipedia.org/wiki/Plane_mirror;https://www.wikidata.org/wiki/Q964338;http://dbpedia.org/resource/Category:Mirror_lens	Plane mirror		physics	alcpl	9.0	12.0
alcpl.physics.Capacitance	dbpedia.Capacitance;wd.Q164399;lcsh.sh2018003173	https://en.wikipedia.org/wiki/Capacitance;http://dbpedia.org/resource/Category:Capacitance;https://www.wikidata.org/wiki/Q164399;http://id.loc.gov/authorities/subjects/sh2018003173	Capacitance		physics;dbpedia	alcpl	1	12
alcpl.physics.Coulomb	wd.Q40208020;lcsh.sh85033402	https://en.wikipedia.org/wiki/Coulomb;https://www.wikidata.org/wiki/Q40208020;http://id.loc.gov/authorities/subjects/sh85033402	Coulomb		physics	alcpl	9.0	12.0
alcpl.physics.Dielectric	lightcast.KS122XC61WT9CCNRYKQT;KS122XC61WT9CCNRYKQT;lcsh.sh85037791;dbpedia.Dielectrics;wd.Q184996;lcsh.sh85037794	https://en.wikipedia.org/wiki/Dielectric;https://skills.emsidata.com/skills/KS122XC61WT9CCNRYKQT;http://id.loc.gov/authorities/subjects/sh85037791;http://dbpedia.org/resource/Category:Dielectrics;https://www.wikidata.org/wiki/Q184996;http://id.loc.gov/authorities/subjects/sh85037794	Dielectric		physics;specialized skill;lcsh;dbpedia	alcpl	1	12
alcpl.physics.Field_line	wd.Q1810738	https://en.wikipedia.org/wiki/Field_line;https://www.wikidata.org/wiki/Q1810738	Field line		physics	alcpl	9.0	12.0
alcpl.physics.Elastic_collision	wd.Q1044799;lcsh.sh99005249	https://en.wikipedia.org/wiki/Elastic_collision;https://www.wikidata.org/wiki/Q1044799;http://id.loc.gov/authorities/subjects/sh99005249	Elastic collision		physics	alcpl	9.0	12.0
alcpl.physics.Kinetic_energy	dbpedia.Kinetic_energy;wd.Q46276	https://en.wikipedia.org/wiki/Kinetic_energy;http://dbpedia.org/resource/Category:Kinetic_energy;https://www.wikidata.org/wiki/Q46276	Kinetic energy		physics;dbpedia	alcpl	0.0	12.0
alcpl.physics.Electrostatics	lcsh.sh85042463;dbpedia.Electrostatics;wd.Q26336;lcsh.sh85042462	https://en.wikipedia.org/wiki/Electrostatics;http://id.loc.gov/authorities/subjects/sh85042463;http://dbpedia.org/resource/Category:Electrostatics;https://www.wikidata.org/wiki/Q26336;http://id.loc.gov/authorities/subjects/sh85042462	Electrostatics	Electric potential; Potential, Electric; Static electricity; Electricity, Static	physics;lcsh;dbpedia	alcpl	9.0	12.0
alcpl.physics.Frequency	lcsh.sh00003972;wd.Q21512768;lcsh.sh85009457	https://en.wikipedia.org/wiki/Frequency;http://id.loc.gov/authorities/subjects/sh00003972;https://www.wikidata.org/wiki/Q21512768;http://id.loc.gov/authorities/subjects/sh85009457	Frequency	Frequency of occurrence (Linguistics)	physics;lcsh	alcpl	7.0	9.0
alcpl.physics.Angle_of_incidence	wd.Q1196575;dbpedia.Incidence_geometry	https://en.wikipedia.org/wiki/Angle_of_incidence;https://www.wikidata.org/wiki/Q1196575;http://dbpedia.org/resource/Category:Incidence_geometry	Angle of incidence		physics	alcpl	4.0	4.0
alcpl.physics.Ray_(optics)	lightcast.KS441XL5XWK01P2CW4J2;KS441XL5XWK01P2CW4J2;csp.C93EE179D5404E70948849B22D566E7E;S2695214;C93EE179D5404E70948849B22D566E7E;lcsh.sh85148740	https://en.wikipedia.org/wiki/Ray_(optics);https://skills.emsidata.com/skills/KS441XL5XWK01P2CW4J2;http://id.loc.gov/authorities/subjects/sh85148740	Ray (optics)		physics;specialized skill;science	alcpl	9.0	12.0
alcpl.physics.Mirror_image	lcsh.sh85085958;wd.Q2703478;lcsh.sh85085969	https://en.wikipedia.org/wiki/Mirror_image;http://id.loc.gov/authorities/subjects/sh85085958;https://www.wikidata.org/wiki/Q2703478;http://id.loc.gov/authorities/subjects/sh85085969	Mirror image	Images, Mirror	physics;lcsh	alcpl	9.0	12.0
alcpl.physics.Wavelength	lcsh.sh2005004676;wd.Q41364;dbpedia.Optical_spectrum	https://en.wikipedia.org/wiki/Wavelength;http://id.loc.gov/authorities/subjects/sh2005004676;https://www.wikidata.org/wiki/Q41364;http://dbpedia.org/resource/Category:Optical_spectrum	Wavelength		physics;lcsh	alcpl	9.0	12.0
alcpl.physics.Total_internal_reflection	lcsh.sh85136215;wd.Q234943;lcsh.sh85067348	https://en.wikipedia.org/wiki/Total_internal_reflection;http://id.loc.gov/authorities/subjects/sh85136215;https://www.wikidata.org/wiki/Q234943;http://id.loc.gov/authorities/subjects/sh85067348	Total internal reflection	Total reflection, Internal (Optics); Internal reflection, Total (Optics)	physics;lcsh	alcpl	1	12
alcpl.physics.Amplitude	alcpl.precalculus.Amplitude;lightcast.KS120GC6YMBWZNLV9G3M;KS120GC6YMBWZNLV9G3M;wd.Q159190;lcsh.sh85004653	https://en.wikipedia.org/wiki/Amplitude;https://skills.emsidata.com/skills/KS120GC6YMBWZNLV9G3M;https://www.wikidata.org/wiki/Q159190;http://id.loc.gov/authorities/subjects/sh85004653	Amplitude		physics;precalculus;specialized skill	alcpl	9.0	12.0
alcpl.physics.Tension_(physics)	lcsh.sh85130727	https://en.wikipedia.org/wiki/Tension_(physics);http://id.loc.gov/authorities/subjects/sh85130727	Tension (physics)		physics	alcpl	9.0	12.0
alcpl.physics.Gravity_of_Earth	wd.Q673166;lcsh.sh2003010185	https://en.wikipedia.org/wiki/Gravity_of_Earth;https://www.wikidata.org/wiki/Q673166;http://id.loc.gov/authorities/subjects/sh2003010185	Gravity of Earth		physics	alcpl	0.0	0.0
mooccubex.math.扭矩	扭矩;alcpl.physics.Torque;lightcast.KS6855G68F03JW3Y9FDL;KS6855G68F03JW3Y9FDL;dbpedia.Torque;lcsh.sh85136134;lcsh.sh2007010708;lcsh.sh85136135	https://en.wikipedia.org/wiki/Torque;https://skills.emsidata.com/skills/KS6855G68F03JW3Y9FDL;http://dbpedia.org/resource/Category:Torque;http://id.loc.gov/authorities/subjects/sh85136134;http://id.loc.gov/authorities/subjects/sh2007010708;http://id.loc.gov/authorities/subjects/sh85136135	torque	Moment of force	math;physics;specialized skill;dbpedia;lcsh	mooccubex	6.0	6.0
alcpl.physics.Emission_spectrum	wd.Q216817;lcsh.sh85042801	https://en.wikipedia.org/wiki/Emission_spectrum;https://www.wikidata.org/wiki/Q216817;http://id.loc.gov/authorities/subjects/sh85042801	Emission spectrum		physics	alcpl	1	12
alcpl.physics.Specular_reflection	wd.Q1079524;lcsh.sh85126430	https://en.wikipedia.org/wiki/Specular_reflection;https://www.wikidata.org/wiki/Q1079524;http://id.loc.gov/authorities/subjects/sh85126430	Specular reflection		physics	alcpl	9.0	12.0
alcpl.physics.Le_Sage's_theory_of_gravitation	wd.Q19093890;dbpedia.Theories_of_gravitation	https://en.wikipedia.org/wiki/Le_Sage's_theory_of_gravitation;https://www.wikidata.org/wiki/Q19093890;http://dbpedia.org/resource/Category:Theories_of_gravitation	Le Sage's theory of gravitation		physics	alcpl	1	12
alcpl.physics.Euclidean_vector	alcpl.precalculus.Euclidean_vector;wd.Q44528;dbpedia.Euclidean_plane_geometry	https://en.wikipedia.org/wiki/Euclidean_vector;https://www.wikidata.org/wiki/Q44528;http://dbpedia.org/resource/Category:Euclidean_plane_geometry	Euclidean vector		physics;precalculus	alcpl	9.0	12.0
alcpl.physics.Rarefaction	wd.Q7294544;dbpedia.Rare_(company)	https://en.wikipedia.org/wiki/Rarefaction;https://www.wikidata.org/wiki/Q7294544;http://dbpedia.org/resource/Category:Rare_(company)	Rarefaction		physics	alcpl	1	12
mooccubex.math.塑性	塑性;alcpl.physics.Plasticity_(physics);lcsh.sh85103150;dbpedia.Plasticity_(physics);lcsh.sh00006966	https://en.wikipedia.org/wiki/Plasticity_(physics);http://id.loc.gov/authorities/subjects/sh85103150;http://dbpedia.org/resource/Category:Plasticity_(physics);http://id.loc.gov/authorities/subjects/sh00006966	plasticity		math;physics;lcsh;dbpedia	mooccubex	6.0	6.0
alcpl.physics.Magnet	lcsh.sh85079796;dbpedia.Magnets;wd.Q993899;lcsh.sh85079683	https://en.wikipedia.org/wiki/Magnet;http://id.loc.gov/authorities/subjects/sh85079796;http://dbpedia.org/resource/Category:Magnets;https://www.wikidata.org/wiki/Q993899;http://id.loc.gov/authorities/subjects/sh85079683	Magnet		physics;lcsh;dbpedia	alcpl	9.0	12.0
alcpl.physics.Strength_of_materials	lcsh.sh85128671;wd.Q240553;lcsh.sh2008112308	https://en.wikipedia.org/wiki/Strength_of_materials;http://id.loc.gov/authorities/subjects/sh85128671;https://www.wikidata.org/wiki/Q240553;http://id.loc.gov/authorities/subjects/sh2008112308	Strength of materials	Resistance of materials; Engineering, Architectural; Architectural engineering; Materials, Strength of	physics;lcsh	alcpl	7.0	9.0
alcpl.physics.Free_fall	wd.Q140028;dbpedia.Falling	https://en.wikipedia.org/wiki/Free_fall;https://www.wikidata.org/wiki/Q140028;http://dbpedia.org/resource/Category:Falling	Free fall		physics	alcpl	1	12
alcpl.physics.Electrical_resistance_and_conductance	dbpedia.Electrical_resistance_and_conductance;wd.Q106603432;lcsh.sh85041986	https://en.wikipedia.org/wiki/Electrical_resistance_and_conductance;http://dbpedia.org/resource/Category:Electrical_resistance_and_conductance;https://www.wikidata.org/wiki/Q106603432;http://id.loc.gov/authorities/subjects/sh85041986	Electrical resistance and conductance		physics;dbpedia	alcpl	9.0	12.0
alcpl.physics.Friction	opensalt.18082b06-5368-11ec-a8ec-0242ac140003;opensalt.ETS-PS.B3.a;opensalt.26ddb8e2-aaae-11ec-99bc-0242ac140003;opensalt.3.P.11.2;lcsh.sh00001941;lcsh.sh85051971;dbpedia.Friction;wd.Q50810937;lcsh.sh2005001817	https://en.wikipedia.org/wiki/Friction;http://id.loc.gov/authorities/subjects/sh00001941;http://id.loc.gov/authorities/subjects/sh85051971;http://dbpedia.org/resource/Category:Friction;https://www.wikidata.org/wiki/Q50810937;http://id.loc.gov/authorities/subjects/sh2005001817	Friction		physics;component;lesson;lcsh;dbpedia	alcpl	3.0	3.0
alcpl.physics.Hertz	wd.Q39369;lcsh.sh88003293	https://en.wikipedia.org/wiki/Hertz;https://www.wikidata.org/wiki/Q39369;http://id.loc.gov/authorities/subjects/sh88003293	Hertz		physics	alcpl	1	12
alcpl.physics.Transverse_wave	wd.Q691978;lcsh.sh2017003167	https://en.wikipedia.org/wiki/Transverse_wave;https://www.wikidata.org/wiki/Q691978;http://id.loc.gov/authorities/subjects/sh2017003167	Transverse wave		physics	alcpl	9.0	12.0
alcpl.physics.Kilogram	lcsh.sh2007003156;wd.Q11570	https://en.wikipedia.org/wiki/Kilogram;http://id.loc.gov/authorities/subjects/sh2007003156;https://www.wikidata.org/wiki/Q11570	Kilogram		physics;lcsh	alcpl	1.0	6.0
alcpl.physics.Telescope	lcsh.sh85133444;dbpedia.Telescopes;wd.Q4213;lcsh.sh2006001304	https://en.wikipedia.org/wiki/Telescope;http://id.loc.gov/authorities/subjects/sh85133444;http://dbpedia.org/resource/Category:Telescopes;https://www.wikidata.org/wiki/Q4213;http://id.loc.gov/authorities/subjects/sh2006001304	Telescope	Telescope; Optical telescopes; Astronomical telescopes	physics;lcsh;dbpedia	alcpl	9.0	12.0
alcpl.physics.Interference_(wave_propagation)	lcsh.sh85067252;lcsh.sh85067253;lcsh.sh85067254;lcsh.sh85067255;lcsh.sh88001085;dbpedia.Interference;csp.E6759A1C72D14B29BFACFDABB4393476;S2695211;E6759A1C72D14B29BFACFDABB4393476;lcsh.sh2004007275	https://en.wikipedia.org/wiki/Interference_(wave_propagation);http://id.loc.gov/authorities/subjects/sh85067252;http://id.loc.gov/authorities/subjects/sh85067253;http://id.loc.gov/authorities/subjects/sh85067254;http://id.loc.gov/authorities/subjects/sh85067255;http://id.loc.gov/authorities/subjects/sh88001085;http://dbpedia.org/resource/Category:Interference;http://id.loc.gov/authorities/subjects/sh2004007275	Interference (wave propagation)	Newton's rings	physics;lcsh;dbpedia;science	alcpl	9.0	12.0
alcpl.physics.Refracting_telescope	lcsh.sh2006007022;wd.Q216778;lcsh.sh85133446	https://en.wikipedia.org/wiki/Refracting_telescope;http://id.loc.gov/authorities/subjects/sh2006007022;https://www.wikidata.org/wiki/Q216778;http://id.loc.gov/authorities/subjects/sh85133446	Refracting telescope	Refractor telescopes; Refractors (Telescopes)	physics;lcsh	alcpl	9.0	12.0
alcpl.physics.Virtual_image	wd.Q44415;dbpedia.Virtual_avatars	https://en.wikipedia.org/wiki/Virtual_image;https://www.wikidata.org/wiki/Q44415;http://dbpedia.org/resource/Category:Virtual_avatars	Virtual image		physics	alcpl	0.0	0.0
alcpl.physics.Equations_of_motion	lcsh.sh85044524;wd.Q215007;dbpedia.Equations_of_physics	https://en.wikipedia.org/wiki/Equations_of_motion;http://id.loc.gov/authorities/subjects/sh85044524;https://www.wikidata.org/wiki/Q215007;http://dbpedia.org/resource/Category:Equations_of_physics	Equations of motion	Motion equations	physics;lcsh	alcpl	9.0	12.0
alcpl.physics.Huygens–Fresnel_principle	wd.Q188321;lcsh.sh85063239	https://en.wikipedia.org/wiki/Huygens–Fresnel_principle;https://www.wikidata.org/wiki/Q188321;http://id.loc.gov/authorities/subjects/sh85063239	Huygens–Fresnel principle		physics	alcpl	9.0	12.0
alcpl.physics.Lever	lcsh.sh85076325;wd.Q16872087;lcsh.sh2014000482	https://en.wikipedia.org/wiki/Lever;http://id.loc.gov/authorities/subjects/sh85076325;https://www.wikidata.org/wiki/Q16872087;http://id.loc.gov/authorities/subjects/sh2014000482	Lever		physics;lcsh	alcpl	6.0	6.0
alcpl.physics.Contact_force	wd.Q2916417;lcsh.sh94001335	https://en.wikipedia.org/wiki/Contact_force;https://www.wikidata.org/wiki/Q2916417;http://id.loc.gov/authorities/subjects/sh94001335	Contact force		physics	alcpl	3.0	3.0
alcpl.physics.Standing_wave	lcsh.sh85127322;wd.Q123300;dbpedia.No_wave	https://en.wikipedia.org/wiki/Standing_wave;http://id.loc.gov/authorities/subjects/sh85127322;https://www.wikidata.org/wiki/Q123300;http://dbpedia.org/resource/Category:No_wave	Standing wave	Stationary waves	physics;lcsh	alcpl	9.0	12.0
alcpl.physics.Sonic_boom	lcsh.sh85125223;wd.Q15711878;lcsh.sh85125224	https://en.wikipedia.org/wiki/Sonic_boom;http://id.loc.gov/authorities/subjects/sh85125223;https://www.wikidata.org/wiki/Q15711878;http://id.loc.gov/authorities/subjects/sh85125224	Sonic boom		physics;lcsh	alcpl	9.0	12.0
alcpl.physics.Capacitor	lightcast.KS121CN77CXV0THNX550;KS121CN77CXV0THNX550;lcsh.sh85019859;dbpedia.Capacitors;wd.Q5322;lcsh.sh85019857	https://en.wikipedia.org/wiki/Capacitor;https://skills.emsidata.com/skills/KS121CN77CXV0THNX550;http://id.loc.gov/authorities/subjects/sh85019859;http://dbpedia.org/resource/Category:Capacitors;https://www.wikidata.org/wiki/Q5322;http://id.loc.gov/authorities/subjects/sh85019857	Capacitor	Condensers (Electricity); Electric condensers; Electric capacitors	physics;specialized skill;lcsh;dbpedia	alcpl	1	12
alcpl.physics.Electric_charge	dbpedia.Electric_charge;wd.Q1111;lcsh.sh85041606	https://en.wikipedia.org/wiki/Electric_charge;http://dbpedia.org/resource/Category:Electric_charge;https://www.wikidata.org/wiki/Q1111;http://id.loc.gov/authorities/subjects/sh85041606	Electric charge		physics;dbpedia	alcpl	9.0	12.0
alcpl.physics.Coulomb's_law	csp.DC1F00604FDC4E9F984B453991E5D908;S2695222;DC1F00604FDC4E9F984B453991E5D908;wd.Q83152;lcsh.sh85033402	https://en.wikipedia.org/wiki/Coulomb's_law;https://www.wikidata.org/wiki/Q83152;http://id.loc.gov/authorities/subjects/sh85033402	Coulomb's law		physics;science	alcpl	9.0	12.0
alcpl.physics.Pigment	lcsh.sh85102093;lcsh.sh85102094;dbpedia.Pigments;wd.Q161179;dbpedia.Pigmentation	https://en.wikipedia.org/wiki/Pigment;http://id.loc.gov/authorities/subjects/sh85102093;http://id.loc.gov/authorities/subjects/sh85102094;http://dbpedia.org/resource/Category:Pigments;https://www.wikidata.org/wiki/Q161179;http://dbpedia.org/resource/Category:Pigmentation	Pigment	Pigment cells; Biological pigments; Biochromes	physics;lcsh;dbpedia	alcpl	1	12
alcpl.physics.Creep_(deformation)	lcsh.sh85033898;lcsh.sh99005431;lcsh.sh85082070	https://en.wikipedia.org/wiki/Creep_(deformation);http://id.loc.gov/authorities/subjects/sh85033898;http://id.loc.gov/authorities/subjects/sh99005431;http://id.loc.gov/authorities/subjects/sh85082070	Creep (deformation)		physics;lcsh	alcpl	1	12
alcpl.physics.Color	dbpedia.Color;dbpedia.Colors;lcsh.sh85028577;lcsh.sh85028700;lcsh.sh87003541;lcsh.sh99005563;wd.Q22006653;dbpedia.Colour	https://en.wikipedia.org/wiki/Color;http://dbpedia.org/resource/Category:Color;http://dbpedia.org/resource/Category:Colors;http://id.loc.gov/authorities/subjects/sh85028577;http://id.loc.gov/authorities/subjects/sh85028700;http://id.loc.gov/authorities/subjects/sh87003541;http://id.loc.gov/authorities/subjects/sh99005563;https://www.wikidata.org/wiki/Q22006653;http://dbpedia.org/resource/Category:Colour	Color	Chromatics; Colour	physics;dbpedia;lcsh	alcpl	1	12
alcpl.physics.Series_and_parallel_circuits	wd.Q55738334;lcsh.sh85041619	https://en.wikipedia.org/wiki/Series_and_parallel_circuits;https://www.wikidata.org/wiki/Q55738334;http://id.loc.gov/authorities/subjects/sh85041619	Series and parallel circuits		physics	alcpl	9.0	12.0
alcpl.physics.Compression_(physics)	lcsh.sh98003872;lcsh.sh85029439	https://en.wikipedia.org/wiki/Compression_(physics);http://id.loc.gov/authorities/subjects/sh98003872;http://id.loc.gov/authorities/subjects/sh85029439	Compression (physics)	Compression amplification (Audiology); Amplitude compression (Audiology)	physics;lcsh	alcpl	9.0	12.0
alcpl.physics.Curved_mirror	wd.Q1506584;dbpedia.Mirror's_Edge	https://en.wikipedia.org/wiki/Curved_mirror;https://www.wikidata.org/wiki/Q1506584;http://dbpedia.org/resource/Category:Mirror's_Edge	Curved mirror		physics	alcpl	9.0	12.0
alcpl.physics.Voltmeter	lightcast.KS122ZB6MYZ27WTCVRB1;KS122ZB6MYZ27WTCVRB1;lcsh.sh85144325;dbpedia.Voltmeters;csp.2A8F6522AC79457D8EF85C24A0FC19EA;2A8F6522AC79457D8EF85C24A0FC19EA;wd.Q179741;lcsh.sh85144326	https://en.wikipedia.org/wiki/Voltmeter;https://skills.emsidata.com/skills/KS122ZB6MYZ27WTCVRB1;http://id.loc.gov/authorities/subjects/sh85144325;http://dbpedia.org/resource/Category:Voltmeters;https://www.wikidata.org/wiki/Q179741;http://id.loc.gov/authorities/subjects/sh85144326	Voltmeter	Voltmeter	physics;specialized skill;lcsh;dbpedia;math, science & technology	alcpl	1	12
alcpl.physics.Scalar_(mathematics)	alcpl.precalculus.Scalar_(mathematics);lcsh.sh85117903	https://en.wikipedia.org/wiki/Scalar_(mathematics);http://id.loc.gov/authorities/subjects/sh85117903	Scalar (mathematics)		physics;precalculus	alcpl	9.0	12.0
alcpl.physics.Physical_quantity	wd.Q107715;dbpedia.Physical_quantities	https://en.wikipedia.org/wiki/Physical_quantity;https://www.wikidata.org/wiki/Q107715;http://dbpedia.org/resource/Category:Physical_quantities	Physical quantity		physics	alcpl	9.0	12.0
mooccubex.psy.乐音	乐音;alcpl.physics.Musical_tone;wd.Q2717062;lcsh.sh2021005604	https://en.wikipedia.org/wiki/Musical_tone;https://www.wikidata.org/wiki/Q2717062;http://id.loc.gov/authorities/subjects/sh2021005604	musical tone		psychology;physics	mooccubex	0.0	12.0
mooccubex.math.渐近线	渐近线;alcpl.precalculus.Asymptote;lcsh.sh85009053;wd.Q779317	https://en.wikipedia.org/wiki/Asymptote;http://id.loc.gov/authorities/subjects/sh85009053;https://www.wikidata.org/wiki/Q779317	asymptote		math;precalculus;lcsh	mooccubex	13	16
alcpl.precalculus.Arithmetic	lightcast.KS120N16RKC5T8W8T9Q8;KS120N16RKC5T8W8T9Q8;lcsh.sh85007163;dbpedia.Arithmetic;wd.Q12479;dbpedia.Elementary_arithmetic	https://en.wikipedia.org/wiki/Arithmetic;https://skills.emsidata.com/skills/KS120N16RKC5T8W8T9Q8;http://id.loc.gov/authorities/subjects/sh85007163;http://dbpedia.org/resource/Category:Arithmetic;https://www.wikidata.org/wiki/Q12479;http://dbpedia.org/resource/Category:Elementary_arithmetic	Arithmetic		precalculus;common skill;lcsh;math;dbpedia	alcpl	7.0	9.0
alcpl.precalculus.Exponentiation	wd.Q33456	https://en.wikipedia.org/wiki/Exponentiation;https://www.wikidata.org/wiki/Q33456	Exponentiation		precalculus	alcpl	7.0	9.0
metacademy.bases	mooccubex.math.底数;底数;alcpl.precalculus.Base_(exponentiation);dbpedia.Bases;lcsh.sh85012057;lcsh.sh85012058;lcsh.sh85012059;dbpedia.Bases_(chemistry);lcsh.sh85095498	https://en.wikipedia.org/wiki/Base_(exponentiation);http://dbpedia.org/resource/Category:Bases;http://id.loc.gov/authorities/subjects/sh85012057;http://id.loc.gov/authorities/subjects/sh85012058;http://id.loc.gov/authorities/subjects/sh85012059;http://dbpedia.org/resource/Category:Bases_(chemistry);http://id.loc.gov/authorities/subjects/sh85095498	bases	A basis is a set of linearly independent vectors that define a coordinate system for a vector space, where the basis vectors span the entire vector space (meaning that any vector in this space can be represented as a linear combination of the basis vectors).	machine learning;artificial intelligence;math;precalculus;dbpedia;lcsh	metacademy	1.0	6.0
alcpl.precalculus.Equation	lightcast.KS123MB69B8LDZ9GQWRT;KS123MB69B8LDZ9GQWRT;junyi.e306CwdsI1GgMiiFdPRKSbcLGcEFSciChFTFXHPyGrk=;【基礎】等式;lcsh.sh85044510;dbpedia.Equations;wd.Q11345;lcsh.sh85044523	https://en.wikipedia.org/wiki/Equation;https://skills.emsidata.com/skills/KS123MB69B8LDZ9GQWRT;http://id.loc.gov/authorities/subjects/sh85044510;http://dbpedia.org/resource/Category:Equations;https://www.wikidata.org/wiki/Q11345;http://id.loc.gov/authorities/subjects/sh85044523	Equation		precalculus;specialized skill;math;elementary;lcsh;dbpedia	alcpl	1.0	6.0
alcpl.precalculus.Linear_inequality	wd.Q3154022	https://en.wikipedia.org/wiki/Linear_inequality;https://www.wikidata.org/wiki/Q3154022	Linear inequality		precalculus	alcpl	7.0	9.0
mooccubex.math.二项式定理	二项式定理;alcpl.precalculus.Binomial_theorem;lcsh.sh85014114;wd.Q114727876;lcsh.sh85044514	https://en.wikipedia.org/wiki/Binomial_theorem;http://id.loc.gov/authorities/subjects/sh85014114;https://www.wikidata.org/wiki/Q114727876;http://id.loc.gov/authorities/subjects/sh85044514	Binomial theorem		math;precalculus;lcsh	mooccubex	9.0	12.0
metacademy.complex_numbers	alcpl.precalculus.Complex_number;opensalt.5c548fed-f280-11e8-9cff-0242ac140002;dbpedia.Complex_numbers;wd.Q100269171;lcsh.sh85093211	https://en.wikipedia.org/wiki/Complex_number;http://dbpedia.org/resource/Category:Complex_numbers;https://www.wikidata.org/wiki/Q100269171;http://id.loc.gov/authorities/subjects/sh85093211	complex numbers	Complex numbers are numbers expressible as a + bi, where i^2 = -1. They are often more convenient to work with than real numbers, because all complex (and hence all real) polynomials of degree n have n complex roots. Many trigonometric identities can be derived more simply using complex numbers.	machine learning;artificial intelligence;precalculus;domain;dbpedia	metacademy	9.0	12.0
alcpl.precalculus.Exponential_growth	wd.Q582659	https://en.wikipedia.org/wiki/Exponential_growth;https://www.wikidata.org/wiki/Q582659	Exponential growth		precalculus	alcpl	10.0	12.0
mooccubex.math.数学归纳法	数学归纳法;alcpl.precalculus.Mathematical_induction;dbpedia.Mathematical_induction;wd.Q178377;lcsh.sh85065807	https://en.wikipedia.org/wiki/Mathematical_induction;http://dbpedia.org/resource/Category:Mathematical_induction;https://www.wikidata.org/wiki/Q178377;http://id.loc.gov/authorities/subjects/sh85065807	mathematical induction		math;precalculus;dbpedia	mooccubex	1.0	6.0
alcpl.precalculus.Mathematical_proof	dbpedia.Mathematical_proofs;wd.Q11538;lcsh.sh85107437	https://en.wikipedia.org/wiki/Mathematical_proof;http://dbpedia.org/resource/Category:Mathematical_proofs;https://www.wikidata.org/wiki/Q11538;http://id.loc.gov/authorities/subjects/sh85107437	Mathematical proof		precalculus;dbpedia	alcpl	7.0	9.0
metacademy.real_numbers	alcpl.precalculus.Real_number;opensalt.6e6fb08a-130e-11ec-a4a9-0242ac140003;opensalt.8.RN;dbpedia.Real_numbers;lcsh.sh85093221	https://en.wikipedia.org/wiki/Real_number;http://dbpedia.org/resource/Category:Real_numbers;http://id.loc.gov/authorities/subjects/sh85093221	real numbers		machine learning;artificial intelligence;precalculus;unit;dbpedia	metacademy	8.0	8.0
alcpl.precalculus.Continuous_function	wd.Q170058;lcsh.sh85052334	https://en.wikipedia.org/wiki/Continuous_function;https://www.wikidata.org/wiki/Q170058;http://id.loc.gov/authorities/subjects/sh85052334	Continuous function		precalculus	alcpl	7.0	9.0
alcpl.precalculus.Circular_sector	wd.Q203435	https://en.wikipedia.org/wiki/Circular_sector;https://www.wikidata.org/wiki/Q203435	Circular sector		precalculus	alcpl	7.0	9.0
alcpl.precalculus.Vertical_line_test	wd.Q7212729	https://en.wikipedia.org/wiki/Vertical_line_test;https://www.wikidata.org/wiki/Q7212729	Vertical line test		precalculus	alcpl	7.0	9.0
alcpl.precalculus.Factorization	lcsh.sh85046844;wd.Q188804;dbpedia.Integer_factorization_algorithms	https://en.wikipedia.org/wiki/Factorization;http://id.loc.gov/authorities/subjects/sh85046844;https://www.wikidata.org/wiki/Q188804;http://dbpedia.org/resource/Category:Integer_factorization_algorithms	Factorization		precalculus;lcsh	alcpl	7.0	9.0
alcpl.precalculus.Inequality_(mathematics)	dbpedia.Inequality;dbpedia.Geometric_inequalities	https://en.wikipedia.org/wiki/Inequality_(mathematics);http://dbpedia.org/resource/Category:Inequality;http://dbpedia.org/resource/Category:Geometric_inequalities	Inequality (mathematics)		precalculus;dbpedia	alcpl	7.0	9.0
alcpl.precalculus.Sine_wave	lightcast.KS440LW6WKH8HDC05LRC;KS440LW6WKH8HDC05LRC;wd.Q207527	https://en.wikipedia.org/wiki/Sine_wave;https://skills.emsidata.com/skills/KS440LW6WKH8HDC05LRC;https://www.wikidata.org/wiki/Q207527	Sine wave		precalculus;specialized skill	alcpl	9.0	12.0
alcpl.precalculus.Piecewise		https://en.wikipedia.org/wiki/Piecewise	Piecewise		precalculus	alcpl	9.0	12.0
alcpl.precalculus.Inverse_function	dbpedia.Inverse_functions;wd.Q191884;lcsh.sh85052342	https://en.wikipedia.org/wiki/Inverse_function;http://dbpedia.org/resource/Category:Inverse_functions;https://www.wikidata.org/wiki/Q191884;http://id.loc.gov/authorities/subjects/sh85052342	Inverse function		precalculus;dbpedia	alcpl	7.0	9.0
alcpl.precalculus.Empty_sum	wd.Q1812158	https://en.wikipedia.org/wiki/Empty_sum;https://www.wikidata.org/wiki/Q1812158	Empty sum		precalculus	alcpl	1.0	6.0
assistments.193	mooccubex.math.一次方程;一次方程;lightcast.KS125VH73CW012NZH06Z;KS125VH73CW012NZH06Z;alcpl.precalculus.Linear_equation;opensalt.3398cd18-fdcd-11ea-8a01-6b71bae3cc6a;opensalt.A1.1.2;lcsh.sh85003441	https://skills.emsidata.com/skills/KS125VH73CW012NZH06Z;https://en.wikipedia.org/wiki/Linear_equation;http://id.loc.gov/authorities/subjects/sh85003441	Linear Equations		math;k-12;specialized skill;precalculus;assessment anchor	assistments	9.0	12.0
alcpl.precalculus.Solution_of_triangles	wd.Q2630362;dbpedia.Triangles_of_numbers	https://en.wikipedia.org/wiki/Solution_of_triangles;https://www.wikidata.org/wiki/Q2630362;http://dbpedia.org/resource/Category:Triangles_of_numbers	Solution of triangles		precalculus	alcpl	1.0	6.0
alcpl.precalculus.Synthetic_division	wd.Q7662725;lcsh.sh00006400	https://en.wikipedia.org/wiki/Synthetic_division;https://www.wikidata.org/wiki/Q7662725;http://id.loc.gov/authorities/subjects/sh00006400	Synthetic division		precalculus	alcpl	1.0	6.0
alcpl.precalculus.Polynomial_long_division	wd.Q1068675;lcsh.sh85038612	https://en.wikipedia.org/wiki/Polynomial_long_division;https://www.wikidata.org/wiki/Q1068675;http://id.loc.gov/authorities/subjects/sh85038612	Polynomial long division		precalculus	alcpl	7.0	9.0
alcpl.precalculus.Algebraic_expression	wd.Q4724001	https://en.wikipedia.org/wiki/Algebraic_expression;https://www.wikidata.org/wiki/Q4724001	Algebraic expression		precalculus	alcpl	7.0	9.0
assistments.340	alcpl.precalculus.Distributive_property;junyi.8+Ui8a/IXrjCEk/AeDlbsOtigJFg7t61Q9NwMy8Qzhw=;【一般】分配律;csp.538A98F56CD6499590CD65F158214C41;538A98F56CD6499590CD65F158214C41;wd.Q187959	https://en.wikipedia.org/wiki/Distributive_property;https://www.wikidata.org/wiki/Q187959	Distributive Property		math;k-12;precalculus;junior;mathematics	assistments	7.0	9.0
alcpl.precalculus.Line–line_intersection	wd.Q17097267;lcsh.sh85077162	https://en.wikipedia.org/wiki/Line–line_intersection;https://www.wikidata.org/wiki/Q17097267;http://id.loc.gov/authorities/subjects/sh85077162	Line–line intersection		precalculus	alcpl	7.0	9.0
alcpl.precalculus.Nth_root	wd.Q601053	https://en.wikipedia.org/wiki/Nth_root;https://www.wikidata.org/wiki/Q601053	Nth root		precalculus	alcpl	7.0	12.0
assistments.84	alcpl.precalculus.Prime_number;dbpedia.Prime_numbers;wd.Q49008;lcsh.sh85093218	https://en.wikipedia.org/wiki/Prime_number;http://dbpedia.org/resource/Category:Prime_numbers;https://www.wikidata.org/wiki/Q49008;http://id.loc.gov/authorities/subjects/sh85093218	Prime Number		math;k-12;precalculus;dbpedia	assistments	1.0	6.0
alcpl.precalculus.Homogeneous_polynomial	dbpedia.Homogeneous_polynomials;wd.Q1474074	https://en.wikipedia.org/wiki/Homogeneous_polynomial;http://dbpedia.org/resource/Category:Homogeneous_polynomials;https://www.wikidata.org/wiki/Q1474074	Homogeneous polynomial		precalculus;dbpedia	alcpl	12.0	12.0
alcpl.precalculus.Limit_of_a_function	wd.Q33540	https://en.wikipedia.org/wiki/Limit_of_a_function;https://www.wikidata.org/wiki/Q33540	Limit of a function		precalculus	alcpl	9.0	12.0
mooccubex.math.常函数	常函数;mooccubex.math.常数函数;常数函数;alcpl.precalculus.Constant_function;wd.Q746264;dbpedia.Constants	https://en.wikipedia.org/wiki/Constant_function;https://www.wikidata.org/wiki/Q746264;http://dbpedia.org/resource/Category:Constants	constant function		math;precalculus	mooccubex	7.0	9.0
alcpl.precalculus.Law_of_sines	wd.Q170181;dbpedia.Sin	https://en.wikipedia.org/wiki/Law_of_sines;https://www.wikidata.org/wiki/Q170181;http://dbpedia.org/resource/Category:Sin	Law of sines		precalculus	alcpl	7.0	12.0
alcpl.precalculus.Minor_(linear_algebra)	lcsh.sh87006936;lcsh.sh90000525;lcsh.sh97002861;lcsh.sh2012004744	https://en.wikipedia.org/wiki/Minor_(linear_algebra);http://id.loc.gov/authorities/subjects/sh87006936;http://id.loc.gov/authorities/subjects/sh90000525;http://id.loc.gov/authorities/subjects/sh97002861;http://id.loc.gov/authorities/subjects/sh2012004744	Minor (linear algebra)	Minors--Law and legislation	precalculus;lcsh;social studies	alcpl	9.0	12.0
alcpl.precalculus.Square_matrix	wd.Q2739329;dbpedia.Matrix_theory	https://en.wikipedia.org/wiki/Square_matrix;https://www.wikidata.org/wiki/Q2739329;http://dbpedia.org/resource/Category:Matrix_theory	Square matrix		precalculus	alcpl	7.0	9.0
alcpl.precalculus.Quadrant_(plane_geometry)	lcsh.sh85109410;wd.Q3926560	https://en.wikipedia.org/wiki/Quadrant_(plane_geometry);http://id.loc.gov/authorities/subjects/sh85109410;https://www.wikidata.org/wiki/Q3926560	Quadrant (plane geometry)	Quadrant	precalculus;lcsh	alcpl	7.0	9.0
alcpl.precalculus.Periodic_function	opensalt.bcdf2c17-f2e5-11ea-9f9f-0242ac140002;lcsh.sh85099883;wd.Q184743;lcsh.sh85003779	https://en.wikipedia.org/wiki/Periodic_function;http://id.loc.gov/authorities/subjects/sh85099883;https://www.wikidata.org/wiki/Q184743;http://id.loc.gov/authorities/subjects/sh85003779	Periodic function	Functions, Periodic	precalculus;strand;lcsh	alcpl	9.0	12.0
alcpl.precalculus.Limit_of_a_sequence	wd.Q847204	https://en.wikipedia.org/wiki/Limit_of_a_sequence;https://www.wikidata.org/wiki/Q847204	Limit of a sequence		precalculus	alcpl	9.0	12.0
alcpl.precalculus.Rational_root_theorem	wd.Q180345	https://en.wikipedia.org/wiki/Rational_root_theorem;https://www.wikidata.org/wiki/Q180345	Rational root theorem		precalculus	alcpl	7.0	9.0
alcpl.precalculus.Negative_number	wd.Q200227;lcsh.sh85093215	https://en.wikipedia.org/wiki/Negative_number;https://www.wikidata.org/wiki/Q200227;http://id.loc.gov/authorities/subjects/sh85093215	Negative number		precalculus	alcpl	7.0	9.0
mooccubex.psy.集合	集合;alcpl.precalculus.Set_(mathematics);lcsh.sh85120380;lcsh.sh98006364;dbpedia.Seto	https://en.wikipedia.org/wiki/Set_(mathematics);http://id.loc.gov/authorities/subjects/sh85120380;http://id.loc.gov/authorities/subjects/sh98006364;http://dbpedia.org/resource/Category:Seto	Set	Readiness (Psychology)	psychology;precalculus;lcsh;technology	mooccubex	13	16
alcpl.precalculus.Degree_of_a_polynomial	wd.Q1473607	https://en.wikipedia.org/wiki/Degree_of_a_polynomial;https://www.wikidata.org/wiki/Q1473607	Degree of a polynomial		precalculus	alcpl	12.0	12.0
alcpl.precalculus.Real_line	wd.Q29654355;dbpedia.U_Line	https://en.wikipedia.org/wiki/Real_line;https://www.wikidata.org/wiki/Q29654355;http://dbpedia.org/resource/Category:U_Line	Real line		precalculus	alcpl	8.0	8.0
mooccubex.math.二项式	二项式;alcpl.precalculus.Binomial;opensalt.be08e820-5404-11ef-810e-0242ac140003;opensalt.DS.11.e.ii;lcsh.sh2017004125;lcsh.sh2017004853;wd.Q193623;lcsh.sh85044514	https://en.wikipedia.org/wiki/Binomial;http://id.loc.gov/authorities/subjects/sh2017004125;http://id.loc.gov/authorities/subjects/sh2017004853;https://www.wikidata.org/wiki/Q193623;http://id.loc.gov/authorities/subjects/sh85044514	binomial	Grammar, Comparative and general--Binomial	math;precalculus;lcsh	mooccubex	9.0	12.0
mooccubex.math.二项式系数	二项式系数;alcpl.precalculus.Binomial_coefficient;lcsh.sh85014112;wd.Q209875;lcsh.sh85044514	https://en.wikipedia.org/wiki/Binomial_coefficient;http://id.loc.gov/authorities/subjects/sh85014112;https://www.wikidata.org/wiki/Q209875;http://id.loc.gov/authorities/subjects/sh85044514	binomial coefficient	Coefficients, Binomial	math;precalculus;lcsh	mooccubex	9.0	12.0
alcpl.precalculus.Multiplicative_inverse	wd.Q216906;dbpedia.Multiplicative_functions	https://en.wikipedia.org/wiki/Multiplicative_inverse;https://www.wikidata.org/wiki/Q216906;http://dbpedia.org/resource/Category:Multiplicative_functions	Multiplicative inverse		precalculus	alcpl	1.0	6.0
alcpl.precalculus.Binary_logarithm	wd.Q581168;dbpedia.Binary_arithmetic	https://en.wikipedia.org/wiki/Binary_logarithm;https://www.wikidata.org/wiki/Q581168;http://dbpedia.org/resource/Category:Binary_arithmetic	Binary logarithm		precalculus	alcpl	10.0	12.0
mooccubex.math.二次曲线	二次曲线;lightcast.KS1229063FVRPTLS96DF;KS1229063FVRPTLS96DF;alcpl.precalculus.Conic_section;opensalt.7bc0d713-d7cc-11e8-824f-0242ac160002;opensalt.5c5338a8-f280-11e8-9cff-0242ac140002;opensalt.5c53a086-f280-11e8-9cff-0242ac140002;opensalt.5c543589-f280-11e8-9cff-0242ac140002;opensalt.190047b4-ca90-11ed-a7fd-0242ac160003;opensalt.PC.CS;lcsh.sh85031124;dbpedia.Conic_sections;wd.Q124255	https://skills.emsidata.com/skills/KS1229063FVRPTLS96DF;https://en.wikipedia.org/wiki/Conic_section;http://id.loc.gov/authorities/subjects/sh85031124;http://dbpedia.org/resource/Category:Conic_sections;https://www.wikidata.org/wiki/Q124255	conic section		math;specialized skill;precalculus;domain;strand;lcsh;dbpedia	mooccubex	7.0	12.0
alcpl.precalculus.Curve	dbpedia.Curves;lcsh.sh85034914;wd.Q161973;lcsh.sh85110174	https://en.wikipedia.org/wiki/Curve;http://dbpedia.org/resource/Category:Curves;http://id.loc.gov/authorities/subjects/sh85034914;https://www.wikidata.org/wiki/Q161973;http://id.loc.gov/authorities/subjects/sh85110174	Curve		precalculus;dbpedia;lcsh	alcpl	7.0	7.0
alcpl.precalculus.Unit_circle	opensalt.bcdf204f-f2e5-11ea-9f9f-0242ac140002;wd.Q203425;dbpedia.UNIT	https://en.wikipedia.org/wiki/Unit_circle;https://www.wikidata.org/wiki/Q203425;http://dbpedia.org/resource/Category:UNIT	Unit circle		precalculus;strand	alcpl	9.0	12.0
alcpl.precalculus.Image_(mathematics)	dbpedia.Image;dbpedia.Images;lcsh.sh85064436;lcsh.sh91002569;lcsh.sh2006005933;dbpedia.Mathematics_images	https://en.wikipedia.org/wiki/Image_(mathematics);http://dbpedia.org/resource/Category:Image;http://dbpedia.org/resource/Category:Images;http://id.loc.gov/authorities/subjects/sh85064436;http://id.loc.gov/authorities/subjects/sh91002569;http://id.loc.gov/authorities/subjects/sh2006005933;http://dbpedia.org/resource/Category:Mathematics_images	Image (mathematics)		precalculus;dbpedia;lcsh	alcpl	0.0	12.0
alcpl.precalculus.Empty_set	wd.Q226183	https://en.wikipedia.org/wiki/Empty_set;https://www.wikidata.org/wiki/Q226183	Empty set		precalculus	alcpl	1	12
mooccubex.math.向量空间	向量空间;metacademy.vector_spaces;alcpl.precalculus.Vector_space;opensalt.a6b66109-480d-4169-a240-fbb349b7fb72;opensalt.E;opensalt.57c0e3a8-a852-4365-b25d-427f618be2d9;lcsh.sh85142456;dbpedia.Vector_spaces;dbpedia.Vector_space_model	https://en.wikipedia.org/wiki/Vector_space;http://id.loc.gov/authorities/subjects/sh85142456;http://dbpedia.org/resource/Category:Vector_spaces;http://dbpedia.org/resource/Category:Vector_space_model	vector space	Vector spaces are spaces which are closed under addition and scalar multiplication. Examples include vectors, matrices, polynomials, and functions. Many core concepts of linear algebra, such as linear independence, bases, and dimension, are defined for general vector spaces.	math;machine learning;artificial intelligence;precalculus;strand;lcsh;dbpedia	mooccubex	9.0	12.0
alcpl.precalculus.Spherical_law_of_cosines	wd.Q2996944;lcsh.sh85137523	https://en.wikipedia.org/wiki/Spherical_law_of_cosines;https://www.wikidata.org/wiki/Q2996944;http://id.loc.gov/authorities/subjects/sh85137523	Spherical law of cosines		precalculus	alcpl	9.0	12.0
alcpl.precalculus.Eccentricity_(mathematics)	lcsh.sh85040669	https://en.wikipedia.org/wiki/Eccentricity_(mathematics);http://id.loc.gov/authorities/subjects/sh85040669	Eccentricity (mathematics)		precalculus	alcpl	9.0	12.0
mooccubex.math.微积分学	微积分学;alcpl.precalculus.Calculus;lightcast.KS121BN5YN02RH41JHC7;KS121BN5YN02RH41JHC7;opensalt.c9277b20-6b72-11e9-88ab-77fe818a2d46;opensalt.I.D;opensalt.88491457-1821-4583-92a7-1e829aa4c702;opensalt.MA.912.C;opensalt.cb67eea6-b4b9-11ea-819d-0242c0a8e006;opensalt.bcdd13b2-f2e5-11ea-9f9f-0242ac140002;opensalt.81d5d0bd-8167-4364-9007-0d1ecdba265f;opensalt.7194ce64-3e8a-11ed-8da0-0242ac140003;opensalt.27.07800;opensalt.1c832c14-45a5-11ed-954a-0242ac140006;opensalt.896df7b7-1071-4df6-98d4-f5b8fbbda902;opensalt.4729193a-f90c-11ee-9ab8-0242ac140003;opensalt.C;lcsh.sh85018802;dbpedia.Calculus;wd.Q18092768;lcsh.sh85018805	https://en.wikipedia.org/wiki/Calculus;https://skills.emsidata.com/skills/KS121BN5YN02RH41JHC7;http://id.loc.gov/authorities/subjects/sh85018802;http://dbpedia.org/resource/Category:Calculus;https://www.wikidata.org/wiki/Q18092768;http://id.loc.gov/authorities/subjects/sh85018805	calculus	Limits (Mathematics); Analysis (Mathematics); Fluxions (Mathematics); Infinitesimal calculus	math;precalculus;specialized skill;domain;strand;course;grade level;lcsh;dbpedia	mooccubex	9.0	12.0
mooccubex.cs.奇偶性	奇偶性;alcpl.precalculus.Parity_(mathematics);lcsh.sh2010012915;dbpedia.Parity_(mathematics);wd.Q122366484;lcsh.sh2008030150	https://en.wikipedia.org/wiki/Parity_(mathematics);http://id.loc.gov/authorities/subjects/sh2010012915;http://dbpedia.org/resource/Category:Parity_(mathematics);https://www.wikidata.org/wiki/Q122366484;http://id.loc.gov/authorities/subjects/sh2008030150	parity		computer science;precalculus;lcsh;dbpedia	mooccubex	13	16
mooccubex.cs.几何级数	几何级数;alcpl.precalculus.Geometric_series;dbpedia.Geometric_series;wd.Q1306887;lcsh.sh85120242	https://en.wikipedia.org/wiki/Geometric_series;http://dbpedia.org/resource/Category:Geometric_series;https://www.wikidata.org/wiki/Q1306887;http://id.loc.gov/authorities/subjects/sh85120242	geometric series		computer science;precalculus;dbpedia	mooccubex	9.0	12.0
metacademy.cross_product	alcpl.precalculus.Cross_product;wd.Q178192;lcsh.sh93002224	https://en.wikipedia.org/wiki/Cross_product;https://www.wikidata.org/wiki/Q178192;http://id.loc.gov/authorities/subjects/sh93002224	cross product	The cross product is an operation which takes to vectors and returns another vector orthogonal to both. It is commonly used to answer geometric questions involving points, lines, and planes, and to compute volumes.	machine learning;artificial intelligence;precalculus	metacademy	7.0	9.0
alcpl.precalculus.Imaginary_number	wd.Q9165172;lcsh.sh85093211	https://en.wikipedia.org/wiki/Imaginary_number;https://www.wikidata.org/wiki/Q9165172;http://id.loc.gov/authorities/subjects/sh85093211	Imaginary number		precalculus	alcpl	9.0	12.0
alcpl.precalculus.Series_(mathematics)	opensalt.614e0d5a-33d2-4dff-a85d-b3060e54a266;opensalt.F;dbpedia.Series;lcsh.sh85120237;lcsh.sh85120249;dbpedia.Series_(music);dbpedia.Mathematical_series	https://en.wikipedia.org/wiki/Series_(mathematics);http://dbpedia.org/resource/Category:Series;http://id.loc.gov/authorities/subjects/sh85120237;http://id.loc.gov/authorities/subjects/sh85120249;http://dbpedia.org/resource/Category:Series_(music);http://dbpedia.org/resource/Category:Mathematical_series	Series (mathematics)	Books issued in series; Bibliography--Books issued in series	precalculus;strand;dbpedia;lcsh;art	alcpl	9.0	12.0
alcpl.precalculus.Ellipse	lightcast.KS44VZ2ZTLWJEZFA0EN9;KS44VZ2ZTLWJEZFA0EN9;lcsh.sh85042604;lcsh.sh2004000560;lcsh.sh88021200	https://en.wikipedia.org/wiki/Ellipse;https://skills.emsidata.com/skills/KS44VZ2ZTLWJEZFA0EN9;http://id.loc.gov/authorities/subjects/sh85042604;http://id.loc.gov/authorities/subjects/sh2004000560;http://id.loc.gov/authorities/subjects/sh88021200	Ellipse		precalculus;specialized skill;lcsh	alcpl	9.0	12.0
metacademy.dot_product	alcpl.precalculus.Dot_product;lightcast.KSQS2YQC4B6PXXWMA75X;KSQS2YQC4B6PXXWMA75X;wd.Q181365;dbpedia.Dot_patterns	https://en.wikipedia.org/wiki/Dot_product;https://skills.emsidata.com/skills/KSQS2YQC4B6PXXWMA75X;https://www.wikidata.org/wiki/Q181365;http://dbpedia.org/resource/Category:Dot_patterns	dot product	The dot product is an operation on vectors. It is used to define notions such as vector length, perpendicular vectors, and angles between vectors.	machine learning;artificial intelligence;precalculus;specialized skill	metacademy	1.0	6.0
alcpl.precalculus.Origin_(mathematics)	lcsh.sh00006422;lcsh.sh87003201;lcsh.sh94009707;dbpedia.Origins;lcsh.sh85082171	https://en.wikipedia.org/wiki/Origin_(mathematics);http://id.loc.gov/authorities/subjects/sh00006422;http://id.loc.gov/authorities/subjects/sh87003201;http://id.loc.gov/authorities/subjects/sh94009707;http://dbpedia.org/resource/Category:Origins;http://id.loc.gov/authorities/subjects/sh85082171	Origin (mathematics)		precalculus;lcsh;dbpedia	alcpl	0.0	12.0
alcpl.precalculus.Natural_number	wd.Q21199;lcsh.sh85093214	https://en.wikipedia.org/wiki/Natural_number;https://www.wikidata.org/wiki/Q21199;http://id.loc.gov/authorities/subjects/sh85093214	Natural number		precalculus	alcpl	9.0	12.0
alcpl.precalculus.Algebraic_equation	wd.Q50698;lcsh.sh85044520	https://en.wikipedia.org/wiki/Algebraic_equation;https://www.wikidata.org/wiki/Q50698;http://id.loc.gov/authorities/subjects/sh85044520	Algebraic equation		precalculus	alcpl	1.0	6.0
alcpl.precalculus.Matrix_(mathematics)	dbpedia.The_Matrix_(franchise);dbpedia.Matrix_theory	https://en.wikipedia.org/wiki/Matrix_(mathematics);http://dbpedia.org/resource/Category:The_Matrix_(franchise);http://dbpedia.org/resource/Category:Matrix_theory	Matrix (mathematics)		precalculus;dbpedia	alcpl	9.0	12.0
alcpl.precalculus.Graph_of_a_function	wd.Q182598;dbpedia.Graph_drawing	https://en.wikipedia.org/wiki/Graph_of_a_function;https://www.wikidata.org/wiki/Q182598;http://dbpedia.org/resource/Category:Graph_drawing	Graph of a function		precalculus	alcpl	7.0	9.0
alcpl.precalculus.Trigonometry	lightcast.KS441D876MFVCH7NZ7LR;KS441D876MFVCH7NZ7LR;esco.8a16add0-6faa-4387-896c-ee641568d89f;http://data.europa.eu/esco/skill/8a16add0-6faa-4387-896c-ee641568d89f;opensalt.87cc1457-1821-4583-92a7-1e829aa4c702;opensalt.MA.912.T;opensalt.cb675bbc-b4b9-11ea-99db-0242c0a8e006;opensalt.bcdd1ef2-f2e5-11ea-9f9f-0242ac140002;opensalt.19006384-ca90-11ed-83de-0242ac160003;opensalt.PC.T;opensalt.96a29912-2811-11ef-b2ff-0242c0a84003;lcsh.sh85137519;dbpedia.Trigonometry;wd.Q8084;lcsh.sh2010117110	https://en.wikipedia.org/wiki/Trigonometry;https://skills.emsidata.com/skills/KS441D876MFVCH7NZ7LR;http://data.europa.eu/esco/skill/8a16add0-6faa-4387-896c-ee641568d89f;http://id.loc.gov/authorities/subjects/sh85137519;http://dbpedia.org/resource/Category:Trigonometry;https://www.wikidata.org/wiki/Q8084;http://id.loc.gov/authorities/subjects/sh2010117110	Trigonometry	The subdiscipline of mathematics which explores relationships among angles and lengths of triangles.	precalculus;specialized skill;knowledge;strand;course;lcsh;dbpedia	alcpl	7.0	12.0
alcpl.precalculus.Plane_curve	wd.Q1060874;lcsh.sh85034926	https://en.wikipedia.org/wiki/Plane_curve;https://www.wikidata.org/wiki/Q1060874;http://id.loc.gov/authorities/subjects/sh85034926	Plane curve		precalculus	alcpl	7.0	9.0
alcpl.precalculus.Function_composition	wd.Q13461925;lcsh.sh93005201	https://en.wikipedia.org/wiki/Function_composition;https://www.wikidata.org/wiki/Q13461925;http://id.loc.gov/authorities/subjects/sh93005201	Function composition		precalculus	alcpl	7.0	9.0
alcpl.precalculus.Equation_solving	wd.Q1879820;lcsh.sh85044511	https://en.wikipedia.org/wiki/Equation_solving;https://www.wikidata.org/wiki/Q1879820;http://id.loc.gov/authorities/subjects/sh85044511	Equation solving		precalculus	alcpl	1.0	6.0
alcpl.precalculus.Universal_quantification	wd.Q126695;lcsh.sh00005853	https://en.wikipedia.org/wiki/Universal_quantification;https://www.wikidata.org/wiki/Q126695;http://id.loc.gov/authorities/subjects/sh00005853	Universal quantification		precalculus	alcpl	0.0	12.0
alcpl.precalculus.Descartes'_rule_of_signs	wd.Q1379344	https://en.wikipedia.org/wiki/Descartes'_rule_of_signs;https://www.wikidata.org/wiki/Q1379344	Descartes' rule of signs		precalculus	alcpl	7.0	9.0
alcpl.precalculus.Open_set	wd.Q213363;lcsh.sh85094892	https://en.wikipedia.org/wiki/Open_set;https://www.wikidata.org/wiki/Q213363;http://id.loc.gov/authorities/subjects/sh85094892	Open set		precalculus	alcpl	1	12
alcpl.precalculus.Simultaneous_equations	wd.Q735660;lcsh.sh85044522	https://en.wikipedia.org/wiki/Simultaneous_equations;https://www.wikidata.org/wiki/Q735660;http://id.loc.gov/authorities/subjects/sh85044522	Simultaneous equations		precalculus	alcpl	7.0	9.0
metacademy.determinant	alcpl.precalculus.Determinant;lcsh.sh85037299;dbpedia.Determinants;wd.Q1475848;dbpedia.Determinacy	https://en.wikipedia.org/wiki/Determinant;http://id.loc.gov/authorities/subjects/sh85037299;http://dbpedia.org/resource/Category:Determinants;https://www.wikidata.org/wiki/Q1475848;http://dbpedia.org/resource/Category:Determinacy	determinant	The determinant is a scalar value associated with a square matrix. It is convenient algebraically because it behaves nicely with respect to matrix multiplication, inverses, and transposes, as well as the Gaussian elimination operations. It gives the factor by which volumes are rescaled by the matrix's associated linear transformation. It also equals the product of the eigenvalues.	machine learning;artificial intelligence;precalculus;lcsh;dbpedia	metacademy	13	18
alcpl.precalculus.Derivative	lightcast.KS7G1J176WLQC95ZRJBS;KS7G1J176WLQC95ZRJBS;opensalt.85269fd4-a414-49df-be9e-a51eeac326fc;opensalt.B;opensalt.b06d873c-9b38-47f4-802a-dfae07c8cce0;opensalt.D;lcsh.sh89005490;lcsh.sh99001277;lcsh.sh2011005437;dbpedia.Derivatives_(finance);wd.Q29175;dbpedia.Differentiation_rules	https://en.wikipedia.org/wiki/Derivative;https://skills.emsidata.com/skills/KS7G1J176WLQC95ZRJBS;http://id.loc.gov/authorities/subjects/sh89005490;http://id.loc.gov/authorities/subjects/sh99001277;http://id.loc.gov/authorities/subjects/sh2011005437;http://dbpedia.org/resource/Category:Derivatives_(finance);https://www.wikidata.org/wiki/Q29175;http://dbpedia.org/resource/Category:Differentiation_rules	Derivative		precalculus;specialized skill;strand;lcsh;dbpedia;business	alcpl	9.0	12.0
mooccubex.math.代数基本定理	代数基本定理;alcpl.precalculus.Fundamental_theorem_of_algebra;lcsh.sh96011677;wd.Q192760;dbpedia.Fundamental_theorems	https://en.wikipedia.org/wiki/Fundamental_theorem_of_algebra;http://id.loc.gov/authorities/subjects/sh96011677;https://www.wikidata.org/wiki/Q192760;http://dbpedia.org/resource/Category:Fundamental_theorems	fundamental theorem of algebra	Algebra, Fundamental theorem of; Algebra, Fundamental law of; Fundamental law of algebra	math;precalculus;lcsh	mooccubex	7.0	9.0
alcpl.precalculus.Complex_plane	wd.Q328998;dbpedia.Complex_surfaces	https://en.wikipedia.org/wiki/Complex_plane;https://www.wikidata.org/wiki/Q328998;http://dbpedia.org/resource/Category:Complex_surfaces	Complex plane		precalculus	alcpl	9.0	12.0
mooccubex.math.向量场	向量场;metacademy.vector_fields;alcpl.precalculus.Vector_field;lcsh.sh85142453;lcsh.sh85142448	https://en.wikipedia.org/wiki/Vector_field;http://id.loc.gov/authorities/subjects/sh85142453;http://id.loc.gov/authorities/subjects/sh85142448	vector field	A vector field is a function associating a vector with each point. Common examples include flow fields, force fields, and gradients of functions.	math;machine learning;artificial intelligence;precalculus;lcsh	mooccubex	9.0	12.0
alcpl.precalculus.Degree_(angle)	lcsh.sh99005501;dbpedia.Degrees;dbpedia.Units_of_angle	https://en.wikipedia.org/wiki/Degree_(angle);http://id.loc.gov/authorities/subjects/sh99005501;http://dbpedia.org/resource/Category:Degrees;http://dbpedia.org/resource/Category:Units_of_angle	Degree (angle)		precalculus;lcsh;dbpedia	alcpl	4.0	4.0
alcpl.precalculus.Trigonometric_tables	wd.Q787322;lcsh.sh85137521	https://en.wikipedia.org/wiki/Trigonometric_tables;https://www.wikidata.org/wiki/Q787322;http://id.loc.gov/authorities/subjects/sh85137521	Trigonometric tables		precalculus	alcpl	9.0	12.0
mooccubex.math.单调函数	单调函数;alcpl.precalculus.Monotonic_function;lcsh.sh85086979;wd.Q194404;dbpedia.Diatonic_functions	https://en.wikipedia.org/wiki/Monotonic_function;http://id.loc.gov/authorities/subjects/sh85086979;https://www.wikidata.org/wiki/Q194404;http://dbpedia.org/resource/Category:Diatonic_functions	monotonic function	Functions, Monotonic	math;precalculus;lcsh	mooccubex	7.0	9.0
alcpl.precalculus.Algebraic_operation	wd.Q3854337	https://en.wikipedia.org/wiki/Algebraic_operation;https://www.wikidata.org/wiki/Q3854337	Algebraic operation		precalculus	alcpl	7.0	9.0
mooccubex.math.函数的定义域	函数的定义域;alcpl.precalculus.Domain_of_a_function;wd.Q192439	https://en.wikipedia.org/wiki/Domain_of_a_function;https://www.wikidata.org/wiki/Q192439	domain of a function		math;precalculus	mooccubex	7.0	9.0
alcpl.precalculus.Basis_(linear_algebra)	lcsh.sh85012105;lcsh.sh88006399;lcsh.sh90006089	https://en.wikipedia.org/wiki/Basis_(linear_algebra);http://id.loc.gov/authorities/subjects/sh85012105;http://id.loc.gov/authorities/subjects/sh88006399;http://id.loc.gov/authorities/subjects/sh90006089	Basis (linear algebra)	Futures trading, Basis	precalculus;lcsh	alcpl	9.0	12.0
alcpl.precalculus.Circular_motion	opensalt.0c63aa8c-5368-11ec-946d-0242ac140003;opensalt.ETS-PS.B1.c;csp.E3679A860CE849AE9FB8034A0B3D8C0D;E3679A860CE849AE9FB8034A0B3D8C0D;csp.8BE2ABCEDA8542199FA268DBC6DA292F;8BE2ABCEDA8542199FA268DBC6DA292F;csp.A550D4BB8F644140933B2F2106E47424;A550D4BB8F644140933B2F2106E47424;wd.Q715746;lcsh.sh85115493	https://en.wikipedia.org/wiki/Circular_motion;https://www.wikidata.org/wiki/Q715746;http://id.loc.gov/authorities/subjects/sh85115493	Circular motion		precalculus;component;science	alcpl	9.0	12.0
mooccubex.math.有理函数	有理函数;alcpl.precalculus.Rational_function;dbpedia.Rational_functions;csp.6EFAE96E15694EC38C193C55ED3DEB02;6EFAE96E15694EC38C193C55ED3DEB02;csp.199E73CDB81C4A1DA47AB15B4EBBA619;199E73CDB81C4A1DA47AB15B4EBBA619;csp.90FB3B08154040C9A04D7572335DB1BA;90FB3B08154040C9A04D7572335DB1BA;csp.C77AF86CD9F54A4DB41D577D6199EBEA;C77AF86CD9F54A4DB41D577D6199EBEA;csp.C98F116A32D74BCEB9F8CE60261911F8;C98F116A32D74BCEB9F8CE60261911F8;csp.641F9151C74B4691B613DDD57699C951;641F9151C74B4691B613DDD57699C951;csp.AAA7D37492734E6F85CC43D3C3AF6A39;AAA7D37492734E6F85CC43D3C3AF6A39;csp.BAABF08350C54DAFBD5A628F456FEC21;BAABF08350C54DAFBD5A628F456FEC21;csp.0A95A3243123472DB577D0F0C6A6A6E6;0A95A3243123472DB577D0F0C6A6A6E6;csp.DF71B3931AD54F07B41341327D95AC72;DF71B3931AD54F07B41341327D95AC72;csp.1084CC2A3272405E9E21E277B64BAC09;1084CC2A3272405E9E21E277B64BAC09;csp.62CD457F417D4ED5B2F801F631274256;62CD457F417D4ED5B2F801F631274256;csp.9336F256F8754ABFB44A7291075108ED;9336F256F8754ABFB44A7291075108ED;csp.57C8B8511BBE40419C8DA4A0B429D30E;57C8B8511BBE40419C8DA4A0B429D30E;csp.362BC8B0F187408AB9D3264A8C4EBC71;362BC8B0F187408AB9D3264A8C4EBC71;csp.963FEE8E19E640CBA4E759C6CB475013;963FEE8E19E640CBA4E759C6CB475013;csp.19D4DCC241A24EE6BB1B34ECF465ABC3;19D4DCC241A24EE6BB1B34ECF465ABC3;csp.8597666380C0444882CF81EDD7B5BD81;8597666380C0444882CF81EDD7B5BD81;csp.F1DBAB78FE9749268E661E5109501302;F1DBAB78FE9749268E661E5109501302;csp.BBF0CB5253CA4661BBC0C026E4590FF1;BBF0CB5253CA4661BBC0C026E4590FF1;csp.F0CE3B4962274374959604679F8786E6;F0CE3B4962274374959604679F8786E6;csp.55B3012DA38146A68709F02DFEF57EAA;55B3012DA38146A68709F02DFEF57EAA;csp.333E2D96C33E421CBE25DDBB4078DEDD;333E2D96C33E421CBE25DDBB4078DEDD	https://en.wikipedia.org/wiki/Rational_function;http://dbpedia.org/resource/Category:Rational_functions	rational function		math;precalculus;dbpedia;mathematics	mooccubex	12.0	12.0
alcpl.precalculus.Formula	wd.Q976981;dbpedia.Formula_Two	https://en.wikipedia.org/wiki/Formula;https://www.wikidata.org/wiki/Q976981;http://dbpedia.org/resource/Category:Formula_Two	Formula		precalculus	alcpl	1.0	6.0
mooccubex.math.单项式	单项式;alcpl.precalculus.Monomial;wd.Q243723;lcsh.sh85045519	https://en.wikipedia.org/wiki/Monomial;https://www.wikidata.org/wiki/Q243723;http://id.loc.gov/authorities/subjects/sh85045519	monomial		math;precalculus	mooccubex	7.0	9.0
alcpl.precalculus.Identity_matrix	wd.Q193794	https://en.wikipedia.org/wiki/Identity_matrix;https://www.wikidata.org/wiki/Q193794	Identity matrix		precalculus	alcpl	1	12
alcpl.precalculus.Pythagorean_trigonometric_identity	wd.Q2039117;dbpedia.Pythagoreans	https://en.wikipedia.org/wiki/Pythagorean_trigonometric_identity;https://www.wikidata.org/wiki/Q2039117;http://dbpedia.org/resource/Category:Pythagoreans	Pythagorean trigonometric identity		precalculus	alcpl	7.0	12.0
alcpl.precalculus.Extended_real_number_line	wd.Q2039387	https://en.wikipedia.org/wiki/Extended_real_number_line;https://www.wikidata.org/wiki/Q2039387	Extended real number line		precalculus	alcpl	8.0	8.0
alcpl.precalculus.Matrix_ring	lcsh.sh85082227;wd.Q2915729;lcsh.sh88003147	https://en.wikipedia.org/wiki/Matrix_ring;http://id.loc.gov/authorities/subjects/sh85082227;https://www.wikidata.org/wiki/Q2915729;http://id.loc.gov/authorities/subjects/sh88003147	Matrix ring	Rings of matrices; Rings, Matrix	precalculus;lcsh	alcpl	1	12
alcpl.precalculus.Limit_(mathematics)	opensalt.5c5414d3-f280-11e8-9cff-0242ac140002;opensalt.5c5492ea-f280-11e8-9cff-0242ac140002;lcsh.sh93000375;dbpedia.Limits_(mathematics);dbpedia.Limits_(category_theory)	https://en.wikipedia.org/wiki/Limit_(mathematics);http://id.loc.gov/authorities/subjects/sh93000375;http://dbpedia.org/resource/Category:Limits_(mathematics);http://dbpedia.org/resource/Category:Limits_(category_theory)	Limit (mathematics)		precalculus;domain;lcsh;dbpedia	alcpl	9.0	12.0
alcpl.precalculus.Rationalisation_(mathematics)	lcsh.sh85093220	https://en.wikipedia.org/wiki/Rationalisation_(mathematics);http://id.loc.gov/authorities/subjects/sh85093220	Rationalisation (mathematics)		precalculus	alcpl	7.0	9.0
mooccubex.math.闭集	闭集;alcpl.precalculus.Closed_set;wd.Q320357	https://en.wikipedia.org/wiki/Closed_set;https://www.wikidata.org/wiki/Q320357	closed set		math;precalculus	mooccubex	13	16
alcpl.precalculus.Rotation_of_axes	wd.Q7370311;lcsh.sh85010593	https://en.wikipedia.org/wiki/Rotation_of_axes;https://www.wikidata.org/wiki/Q7370311;http://id.loc.gov/authorities/subjects/sh85010593	Rotation of axes		precalculus	alcpl	1.0	6.0
mooccubex.cs.恒等式	恒等式;alcpl.precalculus.Identity_(mathematics);lcsh.sh85064150;lcsh.sh85064151;dbpedia.Identity;wd.Q16577364;lcsh.sh96007084	https://en.wikipedia.org/wiki/Identity_(mathematics);http://id.loc.gov/authorities/subjects/sh85064150;http://id.loc.gov/authorities/subjects/sh85064151;http://dbpedia.org/resource/Category:Identity;https://www.wikidata.org/wiki/Q16577364;http://id.loc.gov/authorities/subjects/sh96007084	identity	Identity	computer science;precalculus;lcsh;dbpedia	mooccubex	1.0	6.0
alcpl.precalculus.Sign_(mathematics)	dbpedia.Signs;lcsh.sh85122415	https://en.wikipedia.org/wiki/Sign_(mathematics);http://dbpedia.org/resource/Category:Signs;http://id.loc.gov/authorities/subjects/sh85122415	Sign (mathematics)		precalculus;dbpedia	alcpl	7.0	9.0
alcpl.precalculus.Inverse_element	wd.Q338057	https://en.wikipedia.org/wiki/Inverse_element;https://www.wikidata.org/wiki/Q338057	Inverse element		precalculus	alcpl	7.0	9.0
alcpl.precalculus.Binary_number	wd.Q3913;dbpedia.Binary_arithmetic	https://en.wikipedia.org/wiki/Binary_number;https://www.wikidata.org/wiki/Q3913;http://dbpedia.org/resource/Category:Binary_arithmetic	Binary number		precalculus	alcpl	1.0	6.0
alcpl.precalculus.Summation	lcsh.sh85130431;wd.Q32043;dbpedia.Mathematical_series	https://en.wikipedia.org/wiki/Summation;http://id.loc.gov/authorities/subjects/sh85130431;https://www.wikidata.org/wiki/Q32043;http://dbpedia.org/resource/Category:Mathematical_series	Summation	Closing arguments (Law); Summing up (Law)	precalculus;lcsh;social studies	alcpl	1.0	6.0
mooccubex.psy.常模	常模;mooccubex.psy.规范;规范;alcpl.precalculus.Norm_(mathematics);lcsh.sh85092416;dbpedia.Norms_(mathematics);wd.Q19825036;lcsh.sh00004834	https://en.wikipedia.org/wiki/Norm_(mathematics);http://id.loc.gov/authorities/subjects/sh85092416;http://dbpedia.org/resource/Category:Norms_(mathematics);https://www.wikidata.org/wiki/Q19825036;http://id.loc.gov/authorities/subjects/sh00004834	norm		psychology;precalculus;lcsh;dbpedia	mooccubex	13	16
alcpl.precalculus.Geometric_progression	wd.Q173523;lcsh.sh85120242	https://en.wikipedia.org/wiki/Geometric_progression;https://www.wikidata.org/wiki/Q173523;http://id.loc.gov/authorities/subjects/sh85120242	Geometric progression		precalculus	alcpl	7.0	9.0
alcpl.precalculus.Hyperbola	lcsh.sh85063673;wd.Q13846009;lcsh.sh85097722	https://en.wikipedia.org/wiki/Hyperbola;http://id.loc.gov/authorities/subjects/sh85063673;https://www.wikidata.org/wiki/Q13846009;http://id.loc.gov/authorities/subjects/sh85097722	Hyperbola		precalculus;lcsh	alcpl	7.0	9.0
mooccubex.math.可逆矩阵	可逆矩阵;alcpl.precalculus.Invertible_matrix;wd.Q242188	https://en.wikipedia.org/wiki/Invertible_matrix;https://www.wikidata.org/wiki/Q242188	Invertible matrix		math;precalculus	mooccubex	13	16
metacademy.early_stopping	wd.Q5326898	https://www.wikidata.org/wiki/Q5326898	early stopping	Early stopping is a technique for controlling overfitting in machine learning models, especially neural networks, by stopping training before the weights have converged. Often we stop when the performance has stopped improving on a held-out validation set.	machine learning;artificial intelligence	metacademy	13	18
metacademy.logistic_regression	lightcast.KS125Z169HQJ1KQT60RW;KS125Z169HQJ1KQT60RW;lcsh.sh00002321	https://skills.emsidata.com/skills/KS125Z169HQJ1KQT60RW;http://id.loc.gov/authorities/subjects/sh00002321	logistic regression	Logistic regression is a machine learning model for binary classification, i.e. learning to classify data points into one of two categories. It's a linear model, in that the decision depends only on the dot product of a weight vector with a feature vector. This means the classification boundary can be represented as a hyperplane. It's a widely used model in its own right, and the general structure of linear-followed-by-sigmoid is a common motif in neural networks.	machine learning;artificial intelligence;specialized skill	metacademy	9.0	12.0
metacademy.sparse_coding	lightcast.KS440T8642DMYQT3HC7D;KS440T8642DMYQT3HC7D;lcsh.sh85126327	https://skills.emsidata.com/skills/KS440T8642DMYQT3HC7D;http://id.loc.gov/authorities/subjects/sh85126327	sparse coding	Sparse coding is a probabilistic model of natural images where each region of an image is represented as a linaer combination of a small number of components drawn from a dictionary. When the model is fit to natural images, the dictionary elements resemble the receptive fields of cells in the primary visual cortex.	machine learning;artificial intelligence;specialized skill	metacademy	1.0	6.0
metacademy.stokes_theorem_three_dimensions	lcsh.sh85128248;lcsh.sh2007000414	http://id.loc.gov/authorities/subjects/sh85128248;http://id.loc.gov/authorities/subjects/sh2007000414	Stokes' Theorem (three dimensions)	Stokes' Theorem is a theorem relating a line integral along the boundary of a surface to the integral of curl over the surface. It can be seen as a three-dimensional generalization of Green's Theorem.	machine learning;artificial intelligence;lcsh	metacademy	7.0	9.0
metacademy.expectimax_search			expectimax search	Expectimax search is a search/decision-making algorithm that maximizes the average (expected) reward. It is typically applied to trees that have stochastic nodes, where the outcome of an action is uncertain.	machine learning;artificial intelligence	metacademy	13	18
metacademy.gradient	mooccubex.math.梯度向量;梯度向量;wd.Q173582;dbpedia.Spatial_gradient	https://www.wikidata.org/wiki/Q173582;http://dbpedia.org/resource/Category:Spatial_gradient	gradient	The gradient of a function gives the direction of maximum increase. Its entries are given by the partial derivatives of the function. It is widely used in optimization.	machine learning;artificial intelligence;math	metacademy	9.0	12.0
metacademy.taylor_approximations	lcsh.sh2003010514	http://id.loc.gov/authorities/subjects/sh2003010514	Taylor approximations		machine learning;artificial intelligence	metacademy	7.0	9.0
metacademy.interpretations_between_theories	dbpedia.Interpretations_of_quantum_mechanics	http://dbpedia.org/resource/Category:Interpretations_of_quantum_mechanics	interpretations between theories	Somtimes one mathematical theory T1 (e.g. set theory) is powerful enough to define the objects in and derive all the theorems of another theory T0 (e.g. Peano arithmetic). An interpretation from T0 into T1 is a systematic way of translating statements in T0 into the corresponding statements in T1.	machine learning;artificial intelligence	metacademy	13	18
mooccubex.math.参数曲线	参数曲线;metacademy.parametric_curves;wd.Q35889	https://www.wikidata.org/wiki/Q35889	Parametric curve		math;machine learning;artificial intelligence	mooccubex	13	16
metacademy.compactness_of_propositional_logic			compactness of propositional logic	The Compactness Theorem of propositional logic states that if a given set of propositional sentences is contradictory, then there is also some finite subset which is contradictory.	machine learning;artificial intelligence	metacademy	13	18
metacademy.svm_optimality_conditions			SVM optimality conditions	Using Lagrange duality, we can formulate a set of conditions that characterize the optimal solution to the SVM objective. These conditions show that the weight vector is a linear combination of a (hopefully small) subset of the training points, those for which the margin constraint is tight.	machine learning;artificial intelligence	metacademy	9.0	12.0
metacademy.mean_field	lcsh.sh96010226	http://id.loc.gov/authorities/subjects/sh96010226	mean field approximation	In variational inference algorithms, we try to approximate an intractable distribution with a tractable one. Mean field is probably the most common example. The approximating distribution is factorized into independent terms corresponding to different variables or groups of variables. Variational Bayes and variational Bayes EM are important applications of mean field to Bayesian parameter estimation.	machine learning;artificial intelligence	metacademy	13	18
metacademy.loss_function	lightcast.BGS5BE0814994B20C2E8;BGS5BE0814994B20C2E8;dbpedia.Loss_functions;wd.Q1036748	https://skills.emsidata.com/skills/BGS5BE0814994B20C2E8;http://dbpedia.org/resource/Category:Loss_functions;https://www.wikidata.org/wiki/Q1036748	loss function	A loss function or cost function is a function that maps the outcome of a decision to a real-valued cost associated with that outcome. Loss functions are common in machine learning, information theory, statistics, and mathematical optimization, and help guide decision making under uncertainty.	machine learning;artificial intelligence;specialized skill;dbpedia	metacademy	7.0	9.0
metacademy.student_t_distribution			Student-t distribution	The student-t distribution is a continuous probability distribution motivated by estimating the mean of a Gaussian population with unknown variance.	machine learning;artificial intelligence	metacademy	7.0	9.0
metacademy.church_turing_thesis	wd.Q309157	https://www.wikidata.org/wiki/Q309157	Church-Turing thesis	The Church-Turing thesis is the hypothesis that any function which can be computed (by any deterministic procedure) can be computed by a Turing machine. Equivalently, it holds that a function is recursive if and only if it is computable. While this thesis is not a precise mathematical statement, and therefore cannot be proved, it is almost universally held to be true.	machine learning;artificial intelligence	metacademy	13	18
metacademy.higher_order_partial_derivatives			higher-order partial derivatives	When we take partial derivatives of partial derivatives, we get what are known as higher-order partial derivatives. This can describe local properties of a function which aren't captured by the first-order approximation.	machine learning;artificial intelligence	metacademy	9.0	12.0
metacademy.kalman_filter_derivation	lcsh.sh85071360	http://id.loc.gov/authorities/subjects/sh85071360	Kalman filter derivation	Mathematical derivation of the Kalman filter.	machine learning;artificial intelligence	metacademy	13	18
metacademy.propositional_satisfiability	dbpedia.Satisfiability_problems	http://dbpedia.org/resource/Category:Satisfiability_problems	propositional satisfiability	Propositional satisfiability (SAT) is a computational problem where one is given a setence in propositional logic, and one wants to determine if there is a satisfying assignment (an assignment of truth values to all the variables which makes the assignment true). SAT is central to computer science because it is the prototypical NP-complete problem and because SAT solvers underly a lot of automated reasoning systems.	machine learning;artificial intelligence	metacademy	9.0	12.0
metacademy.bayesian_parameter_estimation_gaussian	lcsh.sh85097853	http://id.loc.gov/authorities/subjects/sh85097853	Bayesian parameter estimation: Gaussian distribution	Using the Bayesian framework, we can infer the mean parameter of a Gaussian distribution, the scale parameter, or both. Since Gaussians are widely used in probabilistic modeling, the computations that go into this are common motifs in Bayesian machine learning more generally.	machine learning;artificial intelligence	metacademy	9.0	12.0
metacademy.variable_elimination	lcsh.sh2002007345	http://id.loc.gov/authorities/subjects/sh2002007345	variable elimination	Variable elimination is a simple algorithm for marginalization and partition function computation in graphical models. It is based on interchanging sums and products in the definitions of marginals or partition functions. While it produces exact answers, the complexity blows up exponentially in the worst case.	machine learning;artificial intelligence	metacademy	9.0	12.0
metacademy.gaussian_processes	lcsh.sh85053558;lcsh.sh2004000378	http://id.loc.gov/authorities/subjects/sh85053558;http://id.loc.gov/authorities/subjects/sh2004000378	Gaussian processes	Gaussian processes are distributions over functions such that the joint distribution at any finte set of points is a multivariate Gaussian. They are commonly used in probabilistic modeling when we want to put a prior over functions without reference to an underlying parametric representation. Usually they express fairly weak beliefs about the function, such as smoothness, but more structured versions are also possible. The most common use case is nonparametric regression and classification.	machine learning;artificial intelligence;lcsh	metacademy	9.0	12.0
metacademy.first_order_unification	lcsh.sh96002559	http://id.loc.gov/authorities/subjects/sh96002559	first-order unification	Unification is a procedure which takes two symbolic expressions containing variables, and returns a substitution to the variables which makes the expressions identical. It is a key component of first-order theorem provers and type inference systems.	machine learning;artificial intelligence	metacademy	9.0	12.0
metacademy.jensens_inequality	wd.Q518131	https://www.wikidata.org/wiki/Q518131	Jensen's inequality	Jensen's Inequality states that the expectation of a convex function is larger than the function of the expectation. It is used to prove the Rao-Blackwell theorem in statistics, and is the basis behind many algorithms for probabilistic inference, including Expectation-Maximization (EM) and variational inference.	machine learning;artificial intelligence	metacademy	7.0	9.0
metacademy.variational_inference	dbpedia.Variational_analysis	http://dbpedia.org/resource/Category:Variational_analysis	variational inference	In most probabilistic models of interest, it's intractable to compute posterior marginals and/or normalizing constants exactly. Variational inference is a framework for approximating both. Variational inference treats inference as an optimization problem: we're trying to find a distribution (or a representation resembling a distribution) which is as close as possible to the true posterior, according to some measure.	machine learning;artificial intelligence	metacademy	1.0	6.0
metacademy.bayesian_linear_regression	wd.Q4874474;dbpedia.Bayesian_statisticians	https://www.wikidata.org/wiki/Q4874474;http://dbpedia.org/resource/Category:Bayesian_statisticians	Bayesian linear regression	By interpreting linear regression as a Bayesian model, we can automatically infer the prior variance and the noise variance, and make calibrated predictions. Bayesian linear regression is a useful component in fancier probabilistic models.	machine learning;artificial intelligence	metacademy	13	18
metacademy.linear_transformations_as_matrices			linear transformations as matrices	Linear transformations from one vector space to another can be represented as matrices if a basis is given for each space. Common examples include projections, reflections, rotations, and scaling. Linear combinations, compositions and inverses of transformations can be analyzed in terms of matrix operations.	machine learning;artificial intelligence	metacademy	9.0	12.0
metacademy.constructing_the_reals			constructing the reals	The real numbers can be explicitly constructed as sets of rational numbers using the Dedekind cut construction.	machine learning;artificial intelligence	metacademy	8.0	8.0
metacademy.spectral_decomposition	lcsh.sh85126408	http://id.loc.gov/authorities/subjects/sh85126408	spectral decomposition	The spectral decomposition is the decomposition of a symmetric matrix A into QDQ^T, where Q is an orthogonal matrix and D is a diagonal matrix. The columns of Q correspond to the eigenvectors of A, and the diagonal entries of D correspond to the eigenvalues. This is possible because of a surprising fact about symmetric matrices: they have a full set of orthogonal eigenvectors. This decomposition gives a useful way to think about symmetric matrices: they are like diagonal matrices in a rotated coordinate system.	machine learning;artificial intelligence	metacademy	13	18
metacademy.first_order_resolution	dbpedia.Final_Resolution	http://dbpedia.org/resource/Category:Final_Resolution	first-order resolution	Resolution is an inference rule for first-order logic which is a key part of many automated theorem provers.	machine learning;artificial intelligence	metacademy	13	18
metacademy.convex_optimization	lightcast.KS122D26D4PLF0BMSBQK;KS122D26D4PLF0BMSBQK;dbpedia.Convex_optimization;wd.Q58633368;lcsh.sh85031730	https://skills.emsidata.com/skills/KS122D26D4PLF0BMSBQK;http://dbpedia.org/resource/Category:Convex_optimization;https://www.wikidata.org/wiki/Q58633368;http://id.loc.gov/authorities/subjects/sh85031730	convex optimization	Convex optimization refers to optimizing a convex function over a convex set. It is a very broad class of problems, encompassing widely used techniques such as linear programming, linear least squares, quadratic programming, and semidefinite programming. Convex optimization is important because for reasonable-sized problems, there are efficient algorithms for finding the global optimum.	machine learning;artificial intelligence;specialized skill;dbpedia	metacademy	9.0	12.0
metacademy.bayes_net_structure_learning			Bayes net structure learning	If the structure of a Bayes net (in particular, the set of edges) is not known, we may wish to learn it from data. This requires trading off the degree of fit with the complexity of the network. The Bayesian score gives a simple and efficient way of evaluating Bayes net structures.	machine learning;artificial intelligence	metacademy	7.0	9.0
metacademy.tangent_propagation	lcsh.sh99005099	http://id.loc.gov/authorities/subjects/sh99005099	tangent propagation	Tangent propagation is a way of regularizing neural nets. It encourages the representation to be invariant by penalizing large changes in the representation when small transformations are applied to the inputs.	machine learning;artificial intelligence	metacademy	7.0	9.0
metacademy.eval_multi_int_polar_coordinates			evaluating multiple integrals: polar coordinates	A common trick for computing double integrals is to transform them into a polar coordinate representation. Canonical examples include integrating a Gaussian and computing moments of inertia.	machine learning;artificial intelligence	metacademy	13	18
metacademy.bayesian_naive_bayes	dbpedia.Bayesian_statisticians	http://dbpedia.org/resource/Category:Bayesian_statisticians	Bayesian naive Bayes	A Bayesian version of naive Bayes in which we place a prior distribution on the latent class assignment parameter.	machine learning;artificial intelligence	metacademy	13	18
metacademy.structured_mean_field	lcsh.sh96010226	http://id.loc.gov/authorities/subjects/sh96010226	structured mean field	The naive mean field approximation assumes a fully factorized approximating distribution, which can be inaccurate if variables are tightly coupled. Structured mean field instead assumes the distribution factorizes into a product of tractable distributions, such as trees or chains.	machine learning;artificial intelligence	metacademy	7.0	9.0
metacademy.pdfs_of_functions_of_random_variables	dbpedia.Functions_related_to_probability_distributions	http://dbpedia.org/resource/Category:Functions_related_to_probability_distributions	PDFs of functions of random variables	The PDF of a continuous function of continuous random variables can be computed in terms of the joint PDF and the Jacobian of the function.	machine learning;artificial intelligence	metacademy	7.0	9.0
metacademy.variational_mixture_of_gaussians			variational mixture of Gaussians	Variational Bayes EM can be applied to fitting a mixture of Gaussians model. Unlike standard mixture of Gaussians fit with EM, the variational algorithm automatically controls the model complexity and yields a lower bound on the marginal likelihood.	machine learning;artificial intelligence	metacademy	13	18
metacademy.jeffreys_prior	wd.Q4068240;dbpedia.Priors	https://www.wikidata.org/wiki/Q4068240;http://dbpedia.org/resource/Category:Priors	Jeffreys prior	The Jeffreys prior is a kind of uninformative prior defined in terms of Fisher information, and motivated in terms of transformation invariance.	machine learning;artificial intelligence	metacademy	13	18
metacademy.positive_definite_matrices	lcsh.sh85092227	http://id.loc.gov/authorities/subjects/sh85092227	positive definite matrices	A symmetric matrix A is positive definite if x^T A x > 0 for any nonzero vector x, or positive semidefinite if the inequality is not necessarily strict. They can be equivalently characterized in terms of all of the eigenvalues being positive, or all of the pivots in Gaussian elimination being positive. Examples of PSD matrices include covariance matrices and Hessian matrices of convex functions. The singular value decomposition (SVD) is closely related to the eigendecomposition of a positive semidefinite matrix.	machine learning;artificial intelligence	metacademy	7.0	9.0
metacademy.mcmc_convergence			MCMC convergence	Markov chain Monte Carlo (MCMC) samplers eventually converge to their stationary distribution, but they may take a long time to do so. The "mixing time" of a chain refers to how long a chain must be run in order for one sample to be independent of another. Diagnosing mixing time is important for judging the reliability of estimates obtained from an MCMC algorithm.	machine learning;artificial intelligence	metacademy	9.0	12.0
metacademy.logistic_regression_irls			fitting logistic regression with iterative reweighted least squares	One way of fitting logistic regression is using Newton's method. This winds up having an intuitive form, where each update takes the form of a linear regression problem and the data points are all assigned weights depending how far they are from the decision boundary.	machine learning;artificial intelligence	metacademy	13	18
metacademy.mixture_of_gaussians			mixture of Gaussians models	Mixture of Gaussians is a probabilistic model commonly used for clustering: partitioning a set of data points into a set of clusters, where data points within a cluster are similar to one another.	machine learning;artificial intelligence	metacademy	9.0	12.0
metacademy.sufficient_statistics	lcsh.sh85129643	http://id.loc.gov/authorities/subjects/sh85129643	sufficient statistics	Sufficient statistics are statistics which summarize all of the information a dataset contains about the parameters of a distribution. The Rao-Blackwell Theorem implies that statistical estimators should depend only on sufficient statistics when they exist.	machine learning;artificial intelligence;lcsh	metacademy	7.0	12.0
metacademy.propositional_proofs	lcsh.sh85107553	http://id.loc.gov/authorities/subjects/sh85107553	propositional proofs	A formal proof is an argument in a formal system where each step is justified by one of a precisely defined set of inference rules. Formal proofs are used as a model for studying mathematics itself, and are used in formal verification. One hopes a proof system is sound, in that each inference rule yields only true statements when its premises are true. A system is complete if all true statements expressible in some logical language can be proved within the system. Various proof systems have been defined for propositional logic which are both sound and complete.	machine learning;artificial intelligence	metacademy	9.0	12.0
metacademy.beta_distribution	wd.Q756254;lcsh.sh85052332	https://www.wikidata.org/wiki/Q756254;http://id.loc.gov/authorities/subjects/sh85052332	beta distribution	The beta distribution is a probability distribution over the unit interval. It is most commonly used in Bayesian statistics as the conjugate prior for the Bernoulli distribution.	machine learning;artificial intelligence	metacademy	7.0	9.0
metacademy.cardinality	lightcast.KSVJNQC5G6XRP6XWM7WL;KSVJNQC5G6XRP6XWM7WL;wd.Q4049983;lcsh.sh93009308	https://skills.emsidata.com/skills/KSVJNQC5G6XRP6XWM7WL;https://www.wikidata.org/wiki/Q4049983;http://id.loc.gov/authorities/subjects/sh93009308	cardinality	Cardinality is a way of measuring the size of a set. Two sets have the same cardinality if they are equinumerous, i.e. if there is a bijective mapping between them. A has a larger cardinality than B if there is an injective mapping from B to A. Cardinality gives a precise way to talk about different sizes of infinity.	machine learning;artificial intelligence;specialized skill	metacademy	13	18
metacademy.f_measure	lcsh.sh85082702	http://id.loc.gov/authorities/subjects/sh85082702	F measure	The F measure (F1 score or F score) is a measure of a test's accuracy and is defined as the weighted harmonic mean of the precision and recall of the test.	machine learning;artificial intelligence	metacademy	13	18
mooccubex.psy.概括	概括;metacademy.generalization;wd.Q170084	https://www.wikidata.org/wiki/Q170084	generalization	When we fit a statistical model, we are interested in generalizing, i.e. making good predictions on data we haven't seen yet. We can fail at this in two ways: by underfitting (missing important structure in the data), or by overfitting (where the model is too sensitive to idiosyncrasies in the data). We can measure the generalization error of a model by training it on a ``training set'' and then evaluating it on a separate ``test set.'' Understanding the tradeoffs of model fit vs. complexity and how to measure generalization is key to getting any machine learning algorithm to work in practice.	psychology;machine learning;artificial intelligence	mooccubex	13	16
metacademy.multinomial_coefficients			multinomial coefficients	Multinomial coefficients are a generalization of binomial coefficients. They give the total number of ways that n objects can be partitioned into some number of categories, when the counts for each category are given.	machine learning;artificial intelligence	metacademy	7.0	9.0
mooccubex.math.奇异值分解	奇异值分解;metacademy.singular_value_decomposition;lcsh.sh2015001680;dbpedia.Singular_value_decomposition	http://id.loc.gov/authorities/subjects/sh2015001680;http://dbpedia.org/resource/Category:Singular_value_decomposition	singular value decomposition	The singular value decomposition is a factorization of a matrix A into three matrices UDV^T, where D is diagonal and U and V have orthonormal columns. It's closely related to the eigenvalues and eigenvectors of A^T A and A A^T. It gives a way of analyzing general matrices (not necessarily square) in terms of things somewhat analogous to eigenvalues. Common applications include latent semantic analysis (LSA) and principal component analysis (PCA), a dimensionality reduction algorithm.	math;machine learning;artificial intelligence;lcsh;dbpedia	mooccubex	13	16
metacademy.bayes_param_multivariate_gaussian	lcsh.sh85097853	http://id.loc.gov/authorities/subjects/sh85097853	Bayesian parameter estimation: multivariate Gaussians	Using the Bayesian framework, we can infer the posterior over the mean vector of a multivariate Gaussian, the covariance matrix, or both. Since multivariate Gaussians are widely used in probabilistic modeling, the computations that go into this are common motifs in Bayesian machine learning more generally.	machine learning;artificial intelligence	metacademy	9.0	12.0
metacademy.bayesian_pca	wd.Q77696557;dbpedia.Bayesian_statisticians	https://www.wikidata.org/wiki/Q77696557;http://dbpedia.org/resource/Category:Bayesian_statisticians	Bayesian PCA	By formulating PCA as a Bayesian model, we can auotmatically choose a latent dimensionality by maximizing the (approximate) marginal likelihood of the model.	machine learning;artificial intelligence	metacademy	9.0	12.0
metacademy.factor_analysis	lightcast.KS123RH6J10KLB7SWHZM;KS123RH6J10KLB7SWHZM;lcsh.sh85046817;dbpedia.Factor_analysis;wd.Q726474;lcsh.sh85046818	https://skills.emsidata.com/skills/KS123RH6J10KLB7SWHZM;http://id.loc.gov/authorities/subjects/sh85046817;http://dbpedia.org/resource/Category:Factor_analysis;https://www.wikidata.org/wiki/Q726474;http://id.loc.gov/authorities/subjects/sh85046818	factor analysis	Factor analysis is a statistical method used to describe variability among observed, correlated variables in terms of a potentially lower number of unobserved variables called factors. In other words, it is possible, for example, that variations in three or four observed variables mainly reflect the variations in fewer unobserved variables. Factor analysis searches for such joint variations in response to unobserved latent variables. The observed variables are modelled as linear combinations of the potential factors, plus "error" terms. [from Wikipedia]	machine learning;artificial intelligence;specialized skill;lcsh;dbpedia	metacademy	7.0	9.0
metacademy.linear_least_squares	wd.Q6553462;lcsh.sh85075571	https://www.wikidata.org/wiki/Q6553462;http://id.loc.gov/authorities/subjects/sh85075571	linear least squares	Linear least squares gives a value of x which minimizes the norm of Ax - b. It is well defined even in cases where Ax = b has no solution. It is the basis of linear regression, one of the most widely used methods in statistics.	machine learning;artificial intelligence	metacademy	9.0	12.0
mooccubex.cs.引导	引导;metacademy.bootstrap;lightcast.KS1214R5XG4X4PY7LGY6;KS1214R5XG4X4PY7LGY6;lcsh.sh91004766;wd.Q893195;dbpedia.Boots	https://skills.emsidata.com/skills/KS1214R5XG4X4PY7LGY6;http://id.loc.gov/authorities/subjects/sh91004766;https://www.wikidata.org/wiki/Q893195;http://dbpedia.org/resource/Category:Boots	bootstrap	The bootstrap is a Monte Carlo technique for estimating variances or confidence intervals of statistical estimators. It uses the empirical distribution as a proxy for the true distribution, and measures the accuracy of the estimator on datasets resampled from the empirical distribution. It is widely applicable and doesn't require assuming a parametric form for the true distribution.	computer science;machine learning;artificial intelligence;specialized skill;lcsh	mooccubex	13	16
metacademy.orthogonal_subspaces			orthogonal subspaces	Two subspaces X and Y are orthogonal if any vector in X is orthogonal to any vector in Y. Canonical examples include the row space and nullspace, and the column space and left nullspace. Orthogonality is used to analyze projections and least squares approximation.	machine learning;artificial intelligence	metacademy	9.0	12.0
metacademy.lagrange_duality	lcsh.sh85039845	http://id.loc.gov/authorities/subjects/sh85039845	Langrange duality	The Lagrange dual of a convex optimization problem is another convex optimization problem where the optimization variables are the Lagrange multipliers of the original problem. It leads to surprising relationships between seemingly different optimization problems. Duality is commonly used in approximation algorithms, since constraining the dual corresponds to relaxing the original problem.	machine learning;artificial intelligence	metacademy	13	18
metacademy.subspaces	mooccubex.math.向量子空间;向量子空间;mooccubex.math.生成子空间;生成子空间		subspaces	A subspace is a subset of a vector space which is itself a vector space. Examples include spans of sets of vectors and solution sets to linear equations of the form Ax = 0.	machine learning;artificial intelligence;math	metacademy	9.0	12.0
metacademy.multivariate_distributions	dbpedia.Multivariate_continuous_distributions	http://dbpedia.org/resource/Category:Multivariate_continuous_distributions	multivariate distributions	Multivariate distributions are a way of representing the dependencies between multiple random variables.	machine learning;artificial intelligence	metacademy	7.0	9.0
mooccubex.cs.概率	概率;metacademy.probability;lightcast.KS1281N6YRB0FN640PH8;KS1281N6YRB0FN640PH8;opensalt.bcde4f65-f2e5-11ea-9f9f-0242ac140002;opensalt.bcdf12fc-f2e5-11ea-9f9f-0242ac140002;opensalt.47949cfe-13c3-11ec-80cc-0242ac140003;opensalt.8.P;opensalt.1901a67c-ca90-11ed-9589-0242ac160003;opensalt.S.P;opensalt.96ae67e2-2811-11ef-be02-0242c0a84003;dbpedia.Probability;dbpedia.Applied_probability	https://skills.emsidata.com/skills/KS1281N6YRB0FN640PH8;http://dbpedia.org/resource/Category:Probability;http://dbpedia.org/resource/Category:Applied_probability	probability	Probability theory is a set of mathematical techniques for reasoning about uncertainty. Intuitively, probabilities can be thought of as describing long-run frequencies or subjective beliefs. Mathematically, a probability measure is a function on subsets of a sample space which satisfy certain axioms.	computer science;machine learning;artificial intelligence;specialized skill;strand;unit;dbpedia	mooccubex	7.0	12.0
metacademy.equivalence_relations	lcsh.sh85044563;lcsh.sh00007590	http://id.loc.gov/authorities/subjects/sh85044563;http://id.loc.gov/authorities/subjects/sh00007590	equivalence relations	A relation is an equivalence relation if it is reflexive, symmetric, and transitive. Equivalence relations can be used to partition a set into equivalence classes. Examples include equality, isomorphism, and graph connectivity.	machine learning;artificial intelligence;lcsh	metacademy	7.0	9.0
metacademy.variational_bayes_em	dbpedia.Variational_analysis	http://dbpedia.org/resource/Category:Variational_analysis	variational Bayes EM	Variational Bayes EM is the application of variational Bayes to latent variable models. In the approximating distribution, the latent variables and parameters are independent, and often there are additional variational approximations within either the latent variables or the parameters.	machine learning;artificial intelligence	metacademy	9.0	12.0
metacademy.np_complexity_class	dbpedia.Complexity_classes	http://dbpedia.org/resource/Category:Complexity_classes	NP complexity class	NP, or "nondeterministic polynomial," is the complexity class of problems with "polynomial time verifiers." I.e., if the problem has a solution, it must be possible to verify the solution in polynomial time, even if finding the solution is much harder. Equivalently, it is the class of problems which can be solved efficiently by nondeterministic Turing machines. The "P vs. NP" question, whether all NP problems can be solved in worst-case polynomial time, is the central question in computational complexity theory.	machine learning;artificial intelligence	metacademy	13	18
metacademy.probabilistic_pca	lightcast.KS1281P61R6NTCN36633;KS1281P61R6NTCN36633;opensalt.d2d5a713-6960-4e84-b434-03e3d9dba00c;opensalt.B	https://skills.emsidata.com/skills/KS1281P61R6NTCN36633	probabilistic PCA	Probabilistic principal component analysis (PCA) is a formulation of PCA as a latent variable model. Each data point is assumed to be generated as a linear function of Gaussian latent variables, plus noise. Like PCA, it has a closed form solution in terms of the truncated SVD of the covariance matrix.	machine learning;artificial intelligence;specialized skill;strand	metacademy	9.0	12.0
metacademy.annealed_importance_sampling			annealed importance sampling	Annealed importance sampling (AIS) is a Monte Carlo algorithm based on sampling from a sequence of distributions which interpolate between a tractable initial distribution and the intractable target distribution. It returns a set of weighted samples, and in the limit of infinitely many intermediate distributions, the variance of the weights approahces zero. The most common use is in estimating partition functions.	machine learning;artificial intelligence	metacademy	13	18
metacademy.em_for_pca			EM algorithm for PCA	While probabilistic PCA has a closed-form solution, it is infeasible to compute for large and high-dimensional datasets. The expectation-maximization (EM) algorithm provides an alternative. Despite its iterative nature, it can be far more computationally efficient.	machine learning;artificial intelligence	metacademy	9.0	12.0
metacademy.countable_sets			countable sets	A set is countably infinite if it can be put into one-to-one correspondence with the natural numbers. Countably infinite sets include the natural numbers, the rationals, and the algebraic numbers -- surprisingly, these are all "the same size" in the set-theoretic sense. By contrast, the set of real numbers is uncountably infinite. The more general notion of cardinality lets us distinguish different "sizes" of infinity.	machine learning;artificial intelligence	metacademy	13	18
metacademy.lowenheim_skolem_theorems			Lowenheim-Skolem theorems	The Lowenheim-Skolem theorems state that if a first-order theory has an infinite model, then it has models of every infinite cardinality. It implies that certain foundational theories in mathematics, such as Peano arithmetic and Zermelo-Frankl set theory, must have nonstandard models.	machine learning;artificial intelligence	metacademy	13	18
metacademy.gamma_distribution	wd.Q117806;lcsh.sh85052978	https://www.wikidata.org/wiki/Q117806;http://id.loc.gov/authorities/subjects/sh85052978	gamma distribution	The gamma distribution is a continuous distribution which gives the waiting time for n events to occur, when each event is equally likely to happen at any point in time. It is also commonly used in Bayesian statistics as a prior for scale variables.	machine learning;artificial intelligence	metacademy	7.0	9.0
metacademy.bayesian_estimation_bayes_net_params			Bayesian estimation of Bayes net parameters	Bayesian parameter estimation techniques can be applied to learning Bayes net parameters. This leads to more stable estimates in situations with limited data and can improve generalization performance.	machine learning;artificial intelligence	metacademy	1.0	6.0
metacademy.mutual_information	wd.Q252973;dbpedia.Entropy_and_information	https://www.wikidata.org/wiki/Q252973;http://dbpedia.org/resource/Category:Entropy_and_information	mutual information	Mutual information is a measure of the amount of information one random variable conveys about another. It is one of the fundamental quantities of information theory, and determines the rate at which information can be conveyed over a noisy channel.	machine learning;artificial intelligence	metacademy	13	18
metacademy.bayesian_parameter_estimation_multinomial	lcsh.sh85097853	http://id.loc.gov/authorities/subjects/sh85097853	Bayesian parameter estimation: multinomial distribution	Suppose we observe a set of draws from a multinomial distribution with unknown parameters and we're trying to predict the distribution over subsequent draws. If we put a Dirichlet prior over the probabilities, we can analytically integrate out the parameters to get the posterior predictive distribution. This has a very simple form: adding fake counts and then normalizing. These ideas are used more generally in Bayesian models involving discrete variables.	machine learning;artificial intelligence	metacademy	9.0	12.0
mooccubex.math.特征值和特征向量	特征值和特征向量;lightcast.KS123CS6JB5VLCMS4WC9;KS123CS6JB5VLCMS4WC9;metacademy.eigenvalues_and_eigenvectors;wd.Q190524;lcsh.sh85041390	https://skills.emsidata.com/skills/KS123CS6JB5VLCMS4WC9;https://www.wikidata.org/wiki/Q190524;http://id.loc.gov/authorities/subjects/sh85041390	Eigenvalues and eigenvectors	If A is a square matrix, the eigenvalues are the scalar values u satisfying Ax = ux, and the eigenvectors are the values of x. Eigenvectors and eigenvalues give a convenient representation of matrices for computing powers of matrices and for solving differential equations. An important special case is the spectral decomposition of symmetric matrices.	math;specialized skill;machine learning;artificial intelligence	mooccubex	13	16
metacademy.order_relations	dbpedia.Order_theory	http://dbpedia.org/resource/Category:Order_theory	order relations	A relation is an order relation if it is irreflexive, asymmetric, and transitive. An order relation < is a total order if for any A and B, either A < B, B < A, or A = B; otherwise it is a partial order.	machine learning;artificial intelligence	metacademy	7.0	9.0
metacademy.inner_product	wd.Q23924662;lcsh.sh85066514	https://www.wikidata.org/wiki/Q23924662;http://id.loc.gov/authorities/subjects/sh85066514	inner product	An inner product is a kind of mathematical operator defined on a vector space which generalizes the dot product. It can be used to generalize notions like length, orthogonality, and angles to vector spaces other than the Euclidean one.	machine learning;artificial intelligence	metacademy	13	18
metacademy.adaptive_rejection_sampling	lcsh.sh95009239	http://id.loc.gov/authorities/subjects/sh95009239	adaptive rejection sampling	Adaptive rejection sampling (ARS) is a technique used to automatically choose and refine an envelope distribution, q(z), for rejection sampling of distribution p(z). ARS initially forms an envelope distribution, q(z), as a piecewise combination of intersecting line segments that outline p(z). These line segments are the tangents of log(p(z)) evaluated along a set of initial grid points and are guaranteed to enclose p(z) if p(z) is log-concave (the derivative of log(p(z)) is nonincreasing) -- this property holds for a large number of distributions. ARS then proceeds like rejection sampling, though if a sampled point is rejected at point x* then the tangent of log(p(x*)) is added to the envelope distributions, which shrinks the proposal distribution around the true distribution and leads to fewer rejected samples later on.	machine learning;artificial intelligence	metacademy	13	18
metacademy.kl_divergence	wd.Q255166	https://www.wikidata.org/wiki/Q255166	KL divergence	KL divergence, roughly speaking, is a measure of the distance between two probability distributions P and Q, and corresponds to the number of extra bits required to encode samples from P using an optimal code for Q. It is not truly a distance function, because it's not symmetric and it doesn't satisfy the triangle inequality. Despite this, it's widely used in information theory and probabilistic inference.	machine learning;artificial intelligence	metacademy	13	18
metacademy.map_parameter_estimation	lcsh.sh85097853	http://id.loc.gov/authorities/subjects/sh85097853	MAP parameter estimation	In Bayesian parameter estimation, unless the prior is specially chosen, often there's no analytical way to integrate out the model parameters. In these cases, maximum a posteriori (MAP) estimation is a common approximation, where we choose the parameters which maximize the posterior. Although this is computationally convenient, it has the drawbacks that it's not invariant to reparameterization, and that the MAP estimate may not be typical of the posterior.	machine learning;artificial intelligence	metacademy	1.0	6.0
metacademy.stochastic_gradient_descent	dbpedia.Stochastic_algorithms	http://dbpedia.org/resource/Category:Stochastic_algorithms	stochastic gradient descent	Stochastic gradient descent (SGD) is an iterative optimization algorithm that can be applied to functions that are a linear combination of differentiable functions. These types of functions often arise when the full objective function is a linear combination of objective functions at each data point, e.g. a least squares objective function. While batch gradient descent uses the full gradient of the function, SGD approximates the full gradient by using the gradient at each of the functions in the linear combination, e.g. the gradient of the objective function at each data point. SGD is often used to optimize non-convex functions, e.g. those that arise in neural networks.	machine learning;artificial intelligence	metacademy	9.0	12.0
metacademy.gibbs_sampling	wd.Q1191905;lcsh.sh98002527	https://www.wikidata.org/wiki/Q1191905;http://id.loc.gov/authorities/subjects/sh98002527	Gibbs sampling	Gibbs sampling is a Markov Chain Monte Carlo (MCMC) algorithm where each random variable is iteratively resampled from its conditional distribution given the remaining variables. It's a simple and often highly effective approach for performing posterior inference in probabilistic models.	machine learning;artificial intelligence	metacademy	13	18
metacademy.structural_induction	lcsh.sh85065810	http://id.loc.gov/authorities/subjects/sh85065810	structural induction	Many mathematical objects, such as natural numbers, lists, and trees, are defined recursively in terms of basic components and composition rules. Structural induction is a technique for proving statements inductively about recursively defined structures. One proves base cases corresponding to the base objects, as well as inductive steps corresponding to each of the composition rules.	machine learning;artificial intelligence	metacademy	13	18
metacademy.differential_entropy	wd.Q3055345;dbpedia.Thermodynamic_entropy	https://www.wikidata.org/wiki/Q3055345;http://dbpedia.org/resource/Category:Thermodynamic_entropy	differential entropy	Differential entropy is a generalization of entropy to continuous random variables. It is closely related to the asymptotic entropy of increasingly fine discretizations of the continuous distribution. KL divergence and mutual information can similarly be extended to the continuous case.	machine learning;artificial intelligence	metacademy	13	18
metacademy.linear_dynamical_systems	lcsh.sh85037882	http://id.loc.gov/authorities/subjects/sh85037882	linear dynamical systems	Linear dynamical systems (LDSs) are a kind of probabilistic model where a latent state evolves over time, all the variables are jointly Gaussian, and all the dependencies are linear. They are commonly used in robotics, computer vision (for tracking), and time series modeling. They are useful because we can perform exact posterior inference using Kalman filtering and smoothing. Algorithms for LDSs form the basis for analogous techniques in more general state space models, where some of the assumptions are not satisfied.	machine learning;artificial intelligence	metacademy	7.0	9.0
metacademy.weight_decay_neural_networks			weight decay in neural networks	When training neural networks, it is common to use "weight decay," where after each update, the weights are multiplied by a factor slightly less than 1. This prevents the weights from growing too large, and can be seen as gradient descent on a quadratic regularization term.	machine learning;artificial intelligence	metacademy	13	18
metacademy.reasoning_with_horn_clauses	lcsh.sh88003539	http://id.loc.gov/authorities/subjects/sh88003539	reasoning with Horn clauses	Horn clauses are a restricted kind of formula in propositional or first-order logic which are computationally tractable, yet highly expressive. They form the core of programs in Prolog, a popular logic programming language. One can reason efficiently with Horn clauses using a combination of forward and backward chaining.	machine learning;artificial intelligence	metacademy	13	18
metacademy.godels_incompleteness_theorems	lcsh.sh85064795	http://id.loc.gov/authorities/subjects/sh85064795	Godel's Incompleteness Theorems	Godel's Incompleteness Theorems are fundamental results showing the limitations of formal mathematics. The First Incompleteness Theorem shows that in any consistent logical system which includes arithmetic, some statements cannot be proved or disproved. Equivalently, the set of true statements about the natural numbers is undecidable. The Second Incompleteness Theorem states that no formal system which includes arithmetic can prove its own consistency, or that of a more powerful theory.	machine learning;artificial intelligence	metacademy	9.0	12.0
metacademy.akaike_information_criterion	lcsh.sh2009006837;wd.Q1662573	http://id.loc.gov/authorities/subjects/sh2009006837;https://www.wikidata.org/wiki/Q1662573	Akaike information criterion	The Akaike Information Criterion (AIC) is a frequentist model selection criterion typically used to regularize maximum likelihood estimators. The AIC provides a relative estimate of the quality of the tested models (so it is necessary to report the AIC differences between models), but the AIC will not indicate if all tested models poorly describe the data. The quality score is a relative estimate of the kl-divergence between the given model and the true model.	machine learning;artificial intelligence;lcsh	metacademy	13	18
metacademy.regularization			regularization		machine learning;artificial intelligence	metacademy	13	18
metacademy.axiom_of_choice	lcsh.sh85010586;dbpedia.Axiom_of_choice;wd.Q179692	http://id.loc.gov/authorities/subjects/sh85010586;http://dbpedia.org/resource/Category:Axiom_of_choice;https://www.wikidata.org/wiki/Q179692	Axiom of Choice	The Axiom of Choice states that for any set A of sets, there exists a choice function which picks a single element of each x in A. While intuitive, it has some surprising consequences, such as the Banach-Tarski Paradox. It is logically independent of the Zermelo-Frankl axioms, so one may choose whether or not to include it.	machine learning;artificial intelligence;lcsh;dbpedia	metacademy	13	18
metacademy.variational_bayes	dbpedia.Variational_analysis	http://dbpedia.org/resource/Category:Variational_analysis	variational Bayes	Bayesian parameter estimation often results in an intractable posterior over model parameters. Variational Bayes is an application of variational inference (in particular, mean field) to approximating the marginals over parameters as well as the marginal likelihood.	machine learning;artificial intelligence	metacademy	9.0	12.0
metacademy.k_means	metacademy.k_means_pp;lcsh.sh87006604	http://id.loc.gov/authorities/subjects/sh87006604	k-means	K-means is a clustering algorithm, i.e. a way of partitioning a set of data points into "clusters," or sets of data points which are similar to one another. It works by iteratively reassigning data points to clusters and computing cluster centers based on the average of the point locations. It is commonly used for vector quantization and as an initialization for Gaussian mixture models.	machine learning;artificial intelligence	metacademy	7.0	9.0
metacademy.sequential_minimal_optimization			sequential minimal optimization		machine learning;artificial intelligence	metacademy	9.0	12.0
metacademy.weak_law_of_large_numbers	metacademy.strong_law_of_large_numbers;csp.EDE84B94B1934DD78B2A7EFB113F1C58;S2564645;EDE84B94B1934DD78B2A7EFB113F1C58;dbpedia.Large_numbers	http://dbpedia.org/resource/Category:Large_numbers	weak law of large numbers	Roughly, the laws of large numbers state that if a random variable is sampled many times, the average of all the values approaches the expectation. In particular, the weak law states that the probability of the average of n trials differing by more than some value epsilon goes to zero as n goes to infinity. Unlike the strong law, it only requires that the variables be uncorrelated, not necessarily independent.	machine learning;artificial intelligence;mathematics	metacademy	9.0	12.0
metacademy.chinese_restaurant_process	wd.Q4407236;lcsh.sh2007006369	https://www.wikidata.org/wiki/Q4407236;http://id.loc.gov/authorities/subjects/sh2007006369	Chinese restaurant process	The Chinese Restaurant Process (CRP) is a predictive rule that descripes a probability distribution on an unbounded partition (clustering). The CRP is as follows: imagine a chinese restaurant with a countably infinite number of tables, the first customer (datum) walks into a restaurant and sits at a table (cluster), the second customer walks into the restaurant and sits at the first customers table with probability 1/2 and chooses a new table with probability 1/2, the nth customer chooses a previous table with probability proportional to the number of customers at that table and chooses his own table with the remaining probability. Defining the probability from this predictive rule yields a probability distribution on an unbounded clustering.	machine learning;artificial intelligence	metacademy	13	18
metacademy.natural_numbers_as_sets	lcsh.sh85093214	http://id.loc.gov/authorities/subjects/sh85093214	natural numbers as sets	The natural numbers can be explicitly constructed as sets. Zero is defined to be the empty set, and each n > 0 is defined to be the set of natural numbers less than n. This is an example of how set theory serves as a powerful foundation for much of mathematics.	machine learning;artificial intelligence	metacademy	8.0	8.0
metacademy.solution_sets_of_linear_systems			solution sets of linear systems	The set of solutions to Ax = b can be characterized in terms of the column space and nullspace of A. If b is in the column space of A, then a solution exists, otherwise not. The full set of solutions is given by any particular solution x0, plus the nullspace of A.	machine learning;artificial intelligence	metacademy	7.0	9.0
metacademy.first_order_logic	lcsh.sh85048595;wd.Q4055684;dbpedia.Predicate_logic	http://id.loc.gov/authorities/subjects/sh85048595;https://www.wikidata.org/wiki/Q4055684;http://dbpedia.org/resource/Category:Predicate_logic	first-order logic	First-order logic refers to a class of formal languages which include the propositional connectives, quantifiers, functions, and predicates. It underlies many automated reasoning systems and can be used to define various formalizations of mathematics, such as Peano arithmetic, and Zermelo-Frankl set theory.	machine learning;artificial intelligence;lcsh	metacademy	9.0	12.0
metacademy.markov_chains	lightcast.KS1265T6LCNLNYVBSCVY;KS1265T6LCNLNYVBSCVY;wd.Q176645;lcsh.sh85081369	https://skills.emsidata.com/skills/KS1265T6LCNLNYVBSCVY;https://www.wikidata.org/wiki/Q176645;http://id.loc.gov/authorities/subjects/sh85081369	Markov chains	In a Markov chain, a system transitions stochastically from one state to another. It is a memoryless process, in the sense that the distribution over the next state depends only on the current state, and not on the state at any past time. Markov chains are useful models of many natural processes and the basis of powerful techniques in probabilistic inference and randomized algorithms.	machine learning;artificial intelligence;specialized skill	metacademy	7.0	9.0
metacademy.dpll_procedure			DPLL procedure	The DPLL procedure is a backtracking-based algorithm for solving SAT instances. It is complete, in the sense that it will eventually return a satisfying assignment or prove that none exists.	machine learning;artificial intelligence	metacademy	13	18
metacademy.tikhonov_regularization	wd.Q2778212	https://www.wikidata.org/wiki/Q2778212	Tikhonov regularization		machine learning;artificial intelligence	metacademy	13	18
metacademy.conditional_expectation	lcsh.sh97000856;wd.Q772232	http://id.loc.gov/authorities/subjects/sh97000856;https://www.wikidata.org/wiki/Q772232	conditional expectation	The conditional expectation E[X | Y] is the expectation of X in the conditional distribution P(X | Y).	machine learning;artificial intelligence;lcsh	metacademy	13	18
metacademy.nondeterministic_turing_machines	dbpedia.Nondeterministic_programming_languages	http://dbpedia.org/resource/Category:Nondeterministic_programming_languages	nondeterministic Turing machines	Nondeterministic Turing machines are a variant of Turing machines which can have multiple possible actions in a given state. They accept an input if there is any possible execution path which accepts it. They are no more powerful than ordinary Turing machines in terms of what they can compute, but are believed to be much more powerful in terms of what they can compute efficiently.	machine learning;artificial intelligence	metacademy	13	18
metacademy.gp_classification_laplace			GP classification with the Laplace approximation	Unlike with GP regression, there is no closed-form solution to GP classification. The most basic method for approximating it is to use the Laplace approximation, thereby formulating it as an optimization problem.	machine learning;artificial intelligence	metacademy	1.0	6.0
metacademy.semantics_of_first_order_logic	dbpedia.Axiomatic_semantics	http://dbpedia.org/resource/Category:Axiomatic_semantics	semantics of first-order logic	The semantics of a first-order language is defined in terms of mathematical structures which give the meanings of all the constants, functions, and predicates in the language. In particular, one can recursively define a function which evaluates, given a structure and a first-order sentence, whether the structure satisfies the sentence. If all structures satisfying a set A of sentences also satisfy another set B of sentences, then A logically implies B.	machine learning;artificial intelligence	metacademy	9.0	12.0
metacademy.gaussian_variable_elimination_as_gaussian_elimination			Gaussian variable elimination as Gaussian elimination	The computations involved in Gaussian variable elimination are the same as those used to compute the Cholesky decomposition of the covariance matrix.	machine learning;artificial intelligence	metacademy	9.0	12.0
metacademy.cholesky_decomposition	wd.Q515375	https://www.wikidata.org/wiki/Q515375	Cholesky decomposition		machine learning;artificial intelligence	metacademy	13	18
metacademy.k_nearest_neighbors	lightcast.KS125NB693HLB2L7X1CP;KS125NB693HLB2L7X1CP;lightcast.KS126WW6S368RLWJ79Z7;KS126WW6S368RLWJ79Z7;lcsh.sh88000645	https://skills.emsidata.com/skills/KS125NB693HLB2L7X1CP;https://skills.emsidata.com/skills/KS126WW6S368RLWJ79Z7;http://id.loc.gov/authorities/subjects/sh88000645	K nearest neighbors	K nearest neighbors is a very simple machine learning algorithm which simply averages the labels of the K nearest neighbors in the training set. It is a canonical example of a nonparametric learning algorithm. It has the advantage that it can learn arbitrarily complex functions, but it is especially sensitive to the curse of dimensionality.	machine learning;artificial intelligence;specialized skill	metacademy	13	18
metacademy.dirichlet_diffusion_trees	lcsh.sh2009123370	http://id.loc.gov/authorities/subjects/sh2009123370	Dirichlet diffusion trees		machine learning;artificial intelligence	metacademy	13	18
metacademy.probit_function			probit function		machine learning;artificial intelligence	metacademy	7.0	9.0
metacademy.ridge_regression_as_svd			ridge regression as SVD	It's possible to write the ridge regression solution in terms of the SVD of the dataset. This gives insight into how it makes predictions. It also gives a way of defining the "degrees of freedom" or "effective number of parameters" of the model, which lets us analyze the degree of overfitting.	machine learning;artificial intelligence	metacademy	13	18
metacademy.generative_vs_discriminative			generative vs. discriminative models		machine learning;artificial intelligence	metacademy	7.0	9.0
metacademy.multinomial_distribution	wd.Q1147928	https://www.wikidata.org/wiki/Q1147928	multinomial distribution	The multinomial distribution is a generalization of the binomial distribution to the case where each of the events may take on more than two possible values.	machine learning;artificial intelligence	metacademy	7.0	9.0
mooccubex.math.矩阵的逆	矩阵的逆;metacademy.matrix_inverse;wd.Q17123743	https://www.wikidata.org/wiki/Q17123743	matrix inverse	The inverse of a matrix A is a matrix which, when multiplied by A, gives the identity matrix. When it exists, it can be used to solve systems of linear equations.	math;machine learning;artificial intelligence	mooccubex	7.0	9.0
metacademy.fisher_kernel	wd.Q8563425	https://www.wikidata.org/wiki/Q8563425	Fisher kernel		machine learning;artificial intelligence	metacademy	13	18
metacademy.functions_and_relations_as_sets	lcsh.sh85120382	http://id.loc.gov/authorities/subjects/sh85120382	functions and relations as sets	Ordered pairs, relations, and functions can all be defined in terms of sets. This is part of why set theory is such a powerful framework in the foundations of mathematics.	machine learning;artificial intelligence	metacademy	7.0	9.0
metacademy.exponential_families	lcsh.sh85046488;dbpedia.Exponential_family_distributions	http://id.loc.gov/authorities/subjects/sh85046488;http://dbpedia.org/resource/Category:Exponential_family_distributions	exponential families	Exponential families are a broad class of probability distributions which includes many basic distributions such as Bernoullis and Gaussians, as well as Markov random fields. What they have in common is that the distributions can be represented in terms of log-linear functions of sufficient statistics.	machine learning;artificial intelligence;lcsh	metacademy	10.0	12.0
metacademy.np_completeness	wd.Q215206;lcsh.sh88005054	https://www.wikidata.org/wiki/Q215206;http://id.loc.gov/authorities/subjects/sh88005054	NP-completeness	A problem L is NP-complete if it is in NP and every other problem in NP can be reduced to L. NP-complete problems are therefore the "hardest" problems in NP: if any NP-complete problem has a polynomial time solution, then P = NP. Many widely studied problems are NP-complete, and practically speaking, one might as well give up looking for polynomial time algorithms for such problems.	machine learning;artificial intelligence	metacademy	13	18
metacademy.restricted_boltzmann_machines			restricted Boltzmann machines	Restricted Boltzmann machines (RBMs) are a type of undirected graphical model typically used for learning binary feature representations. The structure consists of a bipartite graph with a layer of visible units to represent the inputs and a layer of hidden units to represent more abstract features. Training is intractable, but approximations such as contrastive divergence work well in practice. RBMs are a building block of many models in deep learning.	machine learning;artificial intelligence	metacademy	13	18
metacademy.entropy	lcsh.sh85044150;lcsh.sh85044152;dbpedia.Entropy;wd.Q3011618;dbpedia.Thermodynamic_entropy	http://id.loc.gov/authorities/subjects/sh85044150;http://id.loc.gov/authorities/subjects/sh85044152;http://dbpedia.org/resource/Category:Entropy;https://www.wikidata.org/wiki/Q3011618;http://dbpedia.org/resource/Category:Thermodynamic_entropy	entropy	Entropy is a measure of the information content of a random variable, and one of the fundamental quantities of information theory. It determines the minimum expected code length necessary to encode samples of the random variable.	machine learning;artificial intelligence;lcsh;dbpedia	metacademy	0.0	12.0
metacademy.factor_graphs	lcsh.sh85046820	http://id.loc.gov/authorities/subjects/sh85046820	factor graphs	Markov random fields often can't reflect the full conditional independence structure of a probabilistic model. For instance, they can't encode whether the variables in a clique have a fully general interaction, or merely pairwise interactions. Factor graphs are a more fine-grained representation of Boltzmann distributions where the factors are shown explicitly in the graph.	machine learning;artificial intelligence	metacademy	7.0	9.0
metacademy.solving_difference_equations_with_matrices	lcsh.sh85037880	http://id.loc.gov/authorities/subjects/sh85037880	solving difference equations with matrices	Difference equations, such as the recurrence formula for the Fibonacci sequence, can be represented as powers of a matrix. If that matrix is diagonalizable, the eigenvalues and eigenvectors yield a closed form solution to the difference equation.	machine learning;artificial intelligence	metacademy	7.0	9.0
metacademy.orthonormal_bases			orthonormal bases	An orthonormal basis is a basis such that each vector has unit length and each pair of vectors is orthogonal. An orthonormal basis for the full space can be represented as an orthogonal matrix. Such matrices have nice algebraic properties and are useful for representing projections and least squares solutions.	machine learning;artificial intelligence	metacademy	13	18
metacademy.transformation_method	dbpedia.Transforms	http://dbpedia.org/resource/Category:Transforms	transformation method	The transformation method is a way of sampling from univariate probability distributions by sampling a uniform random variable and inverting the CDF.	machine learning;artificial intelligence	metacademy	7.0	9.0
metacademy.ridge_regression	lcsh.sh85114019	http://id.loc.gov/authorities/subjects/sh85114019	ridge regression	A problem with vanilla linear regression is that it can overfit, by forcing the learned parameters to match all the idiosyncrasies of the training data. Ridge regression, or regularized linear regression, is a way of extending the cost function with a regularizer which penalizes large weights. This leads to simpler solutions and often improves generalization performance. This idea of regularization can be used to improve the generalization performance of many other statistical models as well.	machine learning;artificial intelligence;lcsh	metacademy	13	18
metacademy.constructing_the_rationals	lcsh.sh85111520	http://id.loc.gov/authorities/subjects/sh85111520	constructing the rationals	The rational numbers can be constructed from the integers.	machine learning;artificial intelligence	metacademy	7.0	9.0
metacademy.gibbs_as_mh	lcsh.sh2017003897	http://id.loc.gov/authorities/subjects/sh2017003897	Gibbs sampling as a special case of Metropolis-Hastings	Gibbs sampling can be seen as a special case of the Metropolis-Hastings algorithm where the transition operators are chosen such that the acceptance probability is 1.	machine learning;artificial intelligence	metacademy	13	18
mooccubex.math.二项分布	二项分布;metacademy.binomial_distribution;lcsh.sh85014113;wd.Q185547;lcsh.sh85044514	http://id.loc.gov/authorities/subjects/sh85014113;https://www.wikidata.org/wiki/Q185547;http://id.loc.gov/authorities/subjects/sh85044514	binomial distribution	The binomial distribution describes the number of successes in a fixed number of independent trials, each with the same success probability. When the number of trials is large, the distribution is approximately bell-shaped.	math;machine learning;artificial intelligence;lcsh	mooccubex	9.0	12.0
metacademy.unsupervised_pre_training			unsupervised pre-training	Training deep feed-forward neural networks can be difficult because of local optima in the objective function and because complex models are prone to overfitting. Unsupervised pre-training initializes a discriminative neural net from one which was trained using an unsupervised criterion, such as a deep belief network or a deep autoencoder. This method can sometimes help with both the optimization and the overfitting issues.	machine learning;artificial intelligence	metacademy	13	18
metacademy.dirichlet_process	wd.Q5280766;lcsh.sh85038275	https://www.wikidata.org/wiki/Q5280766;http://id.loc.gov/authorities/subjects/sh85038275	Dirichlet process	The Dirichlet process is a stochastic process that defines a probability distribution over infinite-dimensional discrete distributions, meaning that a draw form a DP is itself a distribution (with a countably infinite number of parameters). Its name stems from the fact that the marginal of a DP for any finite partition is Dirichlet distributed. While the DP is often discussed alongside the Chinese Restaurant Process (CRP), the two are not the same entity. The DP is the de Finetti mixing measure for the CRP, meaning that sampling i.i.d. from a draw of a DP is equivalent to sequentially drawing samples from the CRP.	machine learning;artificial intelligence	metacademy	13	18
metacademy.reversible_jump_mcmc			reversible jump MCMC	Reversible jump MCMC is a special case of Metropolis-Hastings where proposals are made between continuous spaces of differing dimensionality. The most common use is in Bayesian model averaging.	machine learning;artificial intelligence	metacademy	13	18
metacademy.covariance	wd.Q201984;dbpedia.Covariance_and_correlation	https://www.wikidata.org/wiki/Q201984;http://dbpedia.org/resource/Category:Covariance_and_correlation	covariance	The covariance of two random variables is a measure of their relatedness. It is closely related to the correlation coefficient, but is more commonly used in probability theory because it has nice mathematical properties.	machine learning;artificial intelligence	metacademy	13	18
metacademy.constructing_the_integers			constructing the integers	The integers can be constructed from the natural numbers.	machine learning;artificial intelligence	metacademy	1.0	6.0
mooccubex.math.曲线积分	曲线积分;metacademy.line_integrals;wd.Q467699	https://www.wikidata.org/wiki/Q467699	line integral	The line integral gives a notion of integrating a vector field along a curve. Common uses include computing work done by a force and finding potential functions corresponding to a gradient field.	math;machine learning;artificial intelligence	mooccubex	7.0	9.0
metacademy.gamma_function	lcsh.sh85052339;wd.Q190573;dbpedia.Gamma_and_related_functions	http://id.loc.gov/authorities/subjects/sh85052339;https://www.wikidata.org/wiki/Q190573;http://dbpedia.org/resource/Category:Gamma_and_related_functions	gamma function	The gamma function is a generalization of factorials to real and complex numbers, e.g. 5.25! isn't well defined, but Gamma(5.25) is well defined. The Gamma function is formally defined as an improper integral that converges. It appears in a number of common distributions, e.g. the beta, gamma, and Dirichlet distribution.	machine learning;artificial intelligence;lcsh	metacademy	13	18
metacademy.learning_invariances_in_neural_nets			learning invariances in neural nets	The human visual system is capable of recognizing objects despite changes in factors such as location, orientation, and lighting. We'd like the representations learned by neural networks to be invariant to at least some of these things as well. There are several different strategies for achieving this, including enforcing invariance in the network architecture, using an appropriate regularization term, or generating randomly perturbed training data.	machine learning;artificial intelligence	metacademy	13	18
metacademy.decidability	lcsh.sh85036191;wd.Q430001	http://id.loc.gov/authorities/subjects/sh85036191;https://www.wikidata.org/wiki/Q430001	decidability		machine learning;artificial intelligence;lcsh	metacademy	13	18
metacademy.determinant_and_volume			determinant and volume	The volume of a box in n dimensions is given by the determinant of the matrix whose columns are the sides of the box. When a matrix is used as a linear transformation, it scales the volume of a set by its determinant.	machine learning;artificial intelligence	metacademy	1.0	6.0
metacademy.fisher_information_matrix			Fisher information matrix		machine learning;artificial intelligence	metacademy	13	18
metacademy.kernel_pca	wd.Q17093020	https://www.wikidata.org/wiki/Q17093020	kernel PCA		machine learning;artificial intelligence	metacademy	9.0	12.0
metacademy.bayesian_decision_theory	dbpedia.Decision_theory;lcsh.sh85012506	http://dbpedia.org/resource/Category:Decision_theory;http://id.loc.gov/authorities/subjects/sh85012506	Bayesian decision theory	When we use Bayesian parameter estimation techniques, often it's because we want to make a decision. In Bayesian decision theory, we make the choice which minimizes the expected loss under the posterior. When we compute a statistic like the mode or the mean of the predictive distribution, this can be interpreted as the decision theoretic solution under a particular loss function.	machine learning;artificial intelligence	metacademy	7.0	9.0
metacademy.policy_iteration			policy iteration	Policy iteration is a two step iterative algorithm for computing an optimal policy for a Markov decision process. Policy iteration alternates between (i) computing the value function for a fixed policy (which could be initialized randomly) and (ii) improving the policy by selecting the actions that maximize the values computed in the previous step. Policy iteration generally converges to an optimal policy much quicker than value iteration.	machine learning;artificial intelligence	metacademy	13	18
metacademy.variational_exponential_family	dbpedia.Variational_analysis	http://dbpedia.org/resource/Category:Variational_analysis	variational inference and exponential families	Variational inference algorithms based on mean field turn out to have especially nice forms in exponential family models with appropriate conjugate structure.	machine learning;artificial intelligence	metacademy	13	18
metacademy.computing_probabilities_by_counting	lcsh.sh85028811	http://id.loc.gov/authorities/subjects/sh85028811	computing probabilities by counting	Sometimes probability calculations involve large numbers of outcomes with equal probabilities. In this case, we can compute probabilities by counting the number of outcomes, using formulas for permutations and combinations.	machine learning;artificial intelligence	metacademy	7.0	9.0
mooccubex.math.高斯消元法	高斯消元法;metacademy.gaussian_elimination;opensalt.2c986eaa-865d-464f-989f-fff74ad20980;opensalt.H;opensalt.dc80883d-f8ef-49f4-8e0b-43248cbbc069;wd.Q2658	https://www.wikidata.org/wiki/Q2658	Gaussian elimination	Gaussian elimination is an algorithm for solving systems of linear equations, computing matrix inverses, and computing the LU factorization of a matrix.	math;machine learning;artificial intelligence;strand	mooccubex	9.0	12.0
metacademy.multivariate_gaussian_distribution	wd.Q1149000;dbpedia.Multivariate_continuous_distributions	https://www.wikidata.org/wiki/Q1149000;http://dbpedia.org/resource/Category:Multivariate_continuous_distributions	multivariate Gaussian distribution	The multivariate Gaussian distribution is a generalization of the Gaussian distribution to higher dimensions. The parameters of an n-dimension multivariate Gaussian distribution are an n-dimensional mean vector and an n-by-n dimensional covariance matrix.	machine learning;artificial intelligence	metacademy	9.0	12.0
metacademy.recursion_theorem	lcsh.sh85112012	http://id.loc.gov/authorities/subjects/sh85112012	recursion theorem	Many mathematical objects, such as natural numbers, lists, and trees, are defined recursively in terms of basic components and composition rules. The Recursion Theorem shows that functions defined recursively on such objects are well-defined.	machine learning;artificial intelligence	metacademy	13	18
metacademy.support_vector_regression			support vector regression	Support vector regression is an analogue of the support vector machine (SVM) which is used for regression rather than classification. The loss function is hinge loss, which ignores small errors and penalizes errors linearly beyond some margin. Like with SVMs, the main selling point is the ability to represent complex nonlinear decision boundaries in terms of kernels with a small number of training examples.	machine learning;artificial intelligence	metacademy	13	18
metacademy.representability_in_arithmetic			representability in arithmetic	A relation is definable in a first-order theory T if there is a formula f expressible in the language of T, such that f(x) is provable in T whenever x is in R; otherwise the negation must be provable. It can be shown that the functions representable in arithmetic are exactly those functions which are recursive, or equivalently, computable. The notion of representability is used to construct self-referential sentences in the proof of Godel's Incompleteness Theorem.	machine learning;artificial intelligence	metacademy	1.0	6.0
metacademy.gaussian_discriminant_analysis	lcsh.sh85038374	http://id.loc.gov/authorities/subjects/sh85038374	Gaussian discriminant analysis	Gaussian discriminant analysis (GDA) is a generative model for classification where the distribution of each class is modeled as a multivariate Gaussian.	machine learning;artificial intelligence	metacademy	7.0	9.0
metacademy.rejection_sampling			rejection sampling	Rejection sampling (RS) is a monte carlo method for sampling from a potentially complex distribution p(x) given a simpler distribution q(x). RS is applicable when we can evaluate p(x) easily and sample from q(x) easily. The basic idea is to scale q(x) by some constant K such that K*q(x) >= p*(x) for all x, where p(x) = 1/Z p*(x) for some constant Z (that is, we only need to know p(x) up to a normalization factor, which is common in practice). RS operates by sampling a value x0 from q(x) and then generating a uniform random number, u, between [0, K*q(x0)]. If u <= p*(x0) we keep x0 as a valid sample from p(x), else we discard x0.	machine learning;artificial intelligence	metacademy	7.0	7.0
metacademy.undefinability_of_truth			undefinability of truth	Tarski's Theorem states that no first-order logical theory has a predicate defining the Godel numbers of statements which are true of the natural numbers. In other words, a first-order theory which includes arithmetic can't define its own truth predicate. This is a fundamental limitation on mathematics, because it implies no formal system is powerful enough to define its own semantics.	machine learning;artificial intelligence	metacademy	13	18
metacademy.cramer_rao_bound			Cramer-Rao bound	The Cramer-Rao bound gives the minimum possible variance of an unbiased estimator of the parameters of a probability distribution. It is used to prove the asymptotic efficiency of the maximum likelihood estimator.	machine learning;artificial intelligence	metacademy	13	18
metacademy.linear_gaussian_models			linear-Gaussian models	A linear-Gaussian model is a Bayes net where all the variables are Gaussian, and each variable's mean is linear in the values of its parents. They are widely used because they support efficient inference. Linear dynamical systems are an important special case.	machine learning;artificial intelligence	metacademy	9.0	12.0
metacademy.beta_process	dbpedia.Beta_Beta_Beta	http://dbpedia.org/resource/Category:Beta_Beta_Beta	beta process	The beta process is a random discrete measure that is completely described by a countably infinite set of atoms, where each atom has a finite mass determined from a stick-breaking process. Unlike the Dirichlet process, the weights of the atoms do not have to sum to one, but the masses must be between [0,1], and the marginals of the beta process are not beta distributed. The beta process can be used as a base measure for a Bernoulli process, i.e. to yield a stochastic process for binary random variables.	machine learning;artificial intelligence	metacademy	13	18
metacademy.unions_of_events	dbpedia.Supranational_unions	http://dbpedia.org/resource/Category:Supranational_unions	unions of events	It is possible to compute or bound the probability of a union of two events in terms of the probabilities of each one separately and of their intersection. The formula can be generalized to unions of more than two events.	machine learning;artificial intelligence	metacademy	7.0	9.0
metacademy.completeness_of_first_order_logic	lcsh.sh85029362	http://id.loc.gov/authorities/subjects/sh85029362	completeness of first-order logic	Godel's Completeness Theorem shows that there is a complete (and sound) deductive calculus for first-order logic. In other words, if some set of sentences is consistent (one cannot derive a contradiction from them), then there is some model in which all the sentences are satisfied. This result is significant in that it unifies the syntax and semantics of first-order logic.	machine learning;artificial intelligence	metacademy	9.0	12.0
metacademy.ordinal_numbers	junyi.hv7kHCAIdj7thZUmlqz553leG5bFNYgzXmLfB5m4Xvw=;【基礎】第幾個;dbpedia.Ordinal_numbers;wd.Q191780;lcsh.sh85093216	http://dbpedia.org/resource/Category:Ordinal_numbers;https://www.wikidata.org/wiki/Q191780;http://id.loc.gov/authorities/subjects/sh85093216	ordinal numbers	The ordinal numbers are a way of measuring the size of well-ordered sets. They give a way of talking about different sizes of infinity. They are needed to construct the cardinal numbers, which measure the sizes of sets more generally.	machine learning;artificial intelligence;math;elementary;dbpedia	metacademy	1.0	6.0
metacademy.zermelo_frankl_axioms			Zermelo-Frankl axioms	The Zermelo-Frankl axioms are the standard formalization of set theory in mathematics. They include the Axiom of Extensionality (two sets are equal if they have the same elements), various comprehension axioms (which enable one to construct sets), and the Axiom of Regularity (which rules out certain pathological sets). Most of mathematics can be derived from these axioms.	machine learning;artificial intelligence	metacademy	9.0	12.0
metacademy.viterbi_algorithm	wd.Q83886	https://www.wikidata.org/wiki/Q83886	Viterbi algorithm	The Viterbi algorithm is an algorithm for finding the most likely state sequence in the posterior for an HMM. It is based on dynamic programming and has linear time complexity in the length of the sequence.	machine learning;artificial intelligence	metacademy	7.0	9.0
metacademy.bayesian_information_criterion	wd.Q1988242;lcsh.sh85012506	https://www.wikidata.org/wiki/Q1988242;http://id.loc.gov/authorities/subjects/sh85012506	Bayesian information criterion	The Bayesian information criterion (BIC) is a rough approximation to the marginal likelihood, based on the asymptotic behavior of the Laplace approximation as more data is observed.	machine learning;artificial intelligence	metacademy	9.0	12.0
metacademy.boltzmann_machines	lightcast.ESD49D41189F68A83049;ESD49D41189F68A83049;dbpedia.Maxwell–Boltzmann_statistics	https://skills.emsidata.com/skills/ESD49D41189F68A83049;http://dbpedia.org/resource/Category:Maxwell–Boltzmann_statistics	Boltzmann machines	Boltzmann machines are a kind of probabilistic neural network used in density modeling. They can be viewed as an MRF with only pairwise connections between units, and where the units are typically binary-valued. Restricted Boltzmann machines (RBMs) are a widely used special case.	machine learning;artificial intelligence;specialized skill	metacademy	13	18
metacademy.moment_generating_functions	lcsh.sh85053815;lcsh.sh87004776	http://id.loc.gov/authorities/subjects/sh85053815;http://id.loc.gov/authorities/subjects/sh87004776	moment generating functions	The moment generating function (MGF) is a function which characterizes the distribution of a random variable. MGFs are useful for analyzing sums of independent random variables. In particular, they are used in the proof of the Central Limit Theorem and in deriving the Chernoff bounds, which bound the probability that a sum of independent random variables takes on extreme values.	machine learning;artificial intelligence	metacademy	1.0	6.0
metacademy.mrf_parameter_learning			MRF parameter learning	The parameters of a Markov random field (MRF) can be fit to data using maximum likelihood. The optimal parameters have an interesting interpretation: they are the parameters such that certain sufficient statistics of the model must match the corresponding statistics of the empirical distribution.	machine learning;artificial intelligence	metacademy	13	18
metacademy.latent_semantic_analysis	wd.Q1806883;lcsh.sh85074841	https://www.wikidata.org/wiki/Q1806883;http://id.loc.gov/authorities/subjects/sh85074841	latent semantic analysis	Latent Semantic Analysis (LSA), or Latent Semantic Indexing (LSI), is a statistical technique typically used for analyzing relationships between a set of documents and the terms they contain. At its core, LSA performs singular value decomposition (SVD) on a term-by-document count matrix of a corpus and interprets the SVD factors as the "topics" of the documents. We can then use these resulting factors (topics) to determine the document-document, document-term, and term-term similarities in the given corpus.	machine learning;artificial intelligence	metacademy	9.0	12.0
mooccubex.math.拉格朗日乘子	拉格朗日乘子;metacademy.lagrange_multipliers;wd.Q598870;lcsh.sh2002011191	https://www.wikidata.org/wiki/Q598870;http://id.loc.gov/authorities/subjects/sh2002011191	Lagrange multiplier	Lagrange multipliers are a tool for solving optimization problems with equality or inequality constraints. In particular, some linear combination of the gradients of the constraints must match the gradient of the function. Lagrange multipliers are a key idea behind Lagrange duality, a central concept in convex optimization.	math;machine learning;artificial intelligence	mooccubex	9.0	12.0
metacademy.gaussian_variable_elimination			Gaussian variable elimination	Marginalization in Gaussian MRFs can be performed in cubic time by inverting a matrix, but this is too slow for some applications. If the model has the right structure, variable elimination can result in a big speedup.	machine learning;artificial intelligence	metacademy	9.0	12.0
metacademy.binary_linear_classifiers			binary linear classifiers	A linear classifier makes a classification decision for a given observation based on the value of a linear combination of the observation's features. In a ``binary'' linear classifier, the observation is classified into one of two possible classes using a linear boundary in the input feature space.	machine learning;artificial intelligence	metacademy	1.0	6.0
metacademy.nonparametric_density_estimation	dbpedia.Estimation_of_densities	http://dbpedia.org/resource/Category:Estimation_of_densities	nonparametric density estimation		machine learning;artificial intelligence	metacademy	1.0	6.0
metacademy.optimization_problems	wd.Q58977344;lcsh.sh85082128	https://www.wikidata.org/wiki/Q58977344;http://id.loc.gov/authorities/subjects/sh85082128	optimization problems	In an optimization problem, one is interested in minimizing or maximizing a function, possibly subject to equality or inequality constraints. The extrema must occur on the boundary of the set, at points which are not differentiable, or at points where the partial derivatives are zero.	machine learning;artificial intelligence	metacademy	9.0	12.0
metacademy.bayes_rule	wd.Q182505	https://www.wikidata.org/wiki/Q182505	Bayes' rule	Bayes' rule is a formula for combining prior beliefs with observed evidence to obtain a "posterior" distribution. It is central to Bayesian statistics, where one infers a posterior over the parameters of a statistical model given the observed data.	machine learning;artificial intelligence	metacademy	7.0	12.0
metacademy.wishart_distribution	wd.Q1930697;lcsh.sh2022007656	https://www.wikidata.org/wiki/Q1930697;http://id.loc.gov/authorities/subjects/sh2022007656	Wishart distribution	The Wishart distribution is a distribution over positive semidefinite matrices. It is most often used as the conjugate prior for the precision matrix of a multivariate Gaussian.	machine learning;artificial intelligence	metacademy	7.0	9.0
metacademy.random_variables	lightcast.KS128CW6JK956GS2TV1N;KS128CW6JK956GS2TV1N;lcsh.sh85111355;dbpedia.Algebra_of_random_variables	https://skills.emsidata.com/skills/KS128CW6JK956GS2TV1N;http://id.loc.gov/authorities/subjects/sh85111355;http://dbpedia.org/resource/Category:Algebra_of_random_variables	random variables	Random variables are the central object of probability theory. As their name implies, can be thought of as variables whose values are randomly determined. Mathematically, they are represented as functions on a sample space.	machine learning;artificial intelligence;specialized skill;lcsh	metacademy	6.0	8.0
metacademy.asymptotics_of_maximum_likelihood	dbpedia.Asymptotic_analysis	http://dbpedia.org/resource/Category:Asymptotic_analysis	asymptotics of maximum likelihood	Under certain regularity conditions, the maximum likelihood estimator is consistent, i.e. it asymptotically approaches the true value. Its sampling distribution (when rescaled appropriately) approaches a normal distribution whose variance is determined by the Fisher information. Because of the Cramer-Rao bound, this is the best we can do. The asymptotic analysis is useful for constructing confidence intervals for parameter estimates.	machine learning;artificial intelligence	metacademy	13	18
metacademy.compactness_of_first_order_logic			compactness of first-order logic	The Compactness Theorem for first-order logic states that for any set of sentences S, if every finite subset of S has a model, then S has a model. This theorem can be used to show that certain sets of structures are not definable in first-order logic; examples include connected graphs and finite sets of unbounded size. It also enables the nonstandard analysis, where the real number line is extended to include infinitesimals.	machine learning;artificial intelligence	metacademy	9.0	12.0
metacademy.linear_regression_closed_form			linear regression: closed-form solution	Linear regression has a closed-form solution in terms of basic linear algebra operations. This makes it a useful starting point for understanding many other statistical learning algorithms.	machine learning;artificial intelligence	metacademy	7.0	9.0
metacademy.vc_dimension	wd.Q2662236	https://www.wikidata.org/wiki/Q2662236	VC dimension	In statistical learning theory, VC dimension is a measure of the complexity of a continuous hypothesis class (such as linear classifiers). While it often corresponds to the number of parameters in a model, this isn't always the case. There is a general bound on the generalization error of a classifier in terms of its error on a training set and its VC dimension.	machine learning;artificial intelligence	metacademy	13	18
metacademy.uninformative_priors	dbpedia.Priors	http://dbpedia.org/resource/Category:Priors	uninformative priors	In Bayesian parameter estimation, uninformative priors are a way of making minimal assumptions about the model. They are commonly chosen to be invariant to certain transformations, such as translation or scaling. While uninformative priors are often improper, they can still lead to proper posterior distributions, and thereby be usable in posterior inference.	machine learning;artificial intelligence	metacademy	13	18
metacademy.convex_functions	lcsh.sh85031728;dbpedia.Convex_analysis	http://id.loc.gov/authorities/subjects/sh85031728;http://dbpedia.org/resource/Category:Convex_analysis	convex functions	Intuitively, convex functions are bowl-shaped. They are significant in optimization, because it is often possible to efficiently find the global optimum of a convex function.	machine learning;artificial intelligence;lcsh	metacademy	7.0	9.0
metacademy.sampling_gaussian			sampling from a Gaussian	The transformation method can't be applied directly to sample from a Gaussian, since there's no closed form for the CDF. However, we can apply it using a simple trick.	machine learning;artificial intelligence	metacademy	9.0	12.0
metacademy.turing_machines	lightcast.KS441KX5XM58GMK6Y0J6;KS441KX5XM58GMK6Y0J6;lcsh.sh85138778;dbpedia.Turing_machine;lcsh.sh93008808	https://skills.emsidata.com/skills/KS441KX5XM58GMK6Y0J6;http://id.loc.gov/authorities/subjects/sh85138778;http://dbpedia.org/resource/Category:Turing_machine;http://id.loc.gov/authorities/subjects/sh93008808	Turing machines	Turing machines are a simple theoretical model of computation involving a head which reads and writes symbols on a tape. Despite its simplicity, if the Church-Turing Thesis is true, then anything which can be computed, can be computed by a Turing machine. They are a fundamental construct in reasoning about the limits of computation.	machine learning;artificial intelligence;specialized skill;lcsh;dbpedia	metacademy	8.0	11.0
metacademy.maximum_likelihood_multivariate_gaussians			maximum likelihood: multivariate Gaussians		machine learning;artificial intelligence	metacademy	9.0	12.0
metacademy.cumulative_distribution_function	junyi.GoN9YWbQI69re/7NeUvdDmSwlJ5jhP/K1FhXV5R/+MU=;【基礎】次數分配與累積次數分配;wd.Q386228	https://www.wikidata.org/wiki/Q386228	cumulative distribution function	The cumulative distribution function (CDF) of a random variable X is the function F, where F(a) is the probability that X <= a. CDFs are a convenient representation because they apply to both discrete and continuous random variables, and they can simplify many calculations.	machine learning;artificial intelligence;math;junior	metacademy	7.0	9.0
metacademy.kalman_as_forward_backward	lcsh.sh85071360	http://id.loc.gov/authorities/subjects/sh85071360	Kalman smoothing as forward-backward	Kalman smoothing can be seen as a special case of the forward-backward algorithm for inference in HMMs. This leads to a simpler derivation than the classical one.	machine learning;artificial intelligence	metacademy	13	18
metacademy.linear_regression_as_maximum_likelihood			linear regression as maximum likelihood	One way to solve a standard linear regression problem, y=w*x, is to assume the likelihood of the observed y, p(y; w*x, sigma^2) is Gaussian. This assumption means that we believe the observed values of y are a deterministic function of w*x plus some random Gaussian noise: y = w*x + e, where e is random Gaussian noise. If we assume a known sigma, the maximum likelihood estimator for w is obtained by minimizing the sum-of-squares error, Sum[(y-w*x)^2] for all y and x pairs, which has a closed form solution.	machine learning;artificial intelligence	metacademy	13	18
metacademy.agglomerative_clustering			agglomerative clustering		machine learning;artificial intelligence	metacademy	7.0	9.0
metacademy.ANNOTATED_EXAMPLE	lcsh.sh85005360	http://id.loc.gov/authorities/subjects/sh85005360	Annotated Example	# a 2-3 sentence summary of what the concept is and what it is used for This concept provides an annotated example of metacademy's current file format. User's may disagree with using a flat-file format, indeed we realize this is not a perfect solution, but it has allowed us to make easy schema changes during the initial development stages, as well as easily use a VCS to track content changes.	machine learning;artificial intelligence	metacademy	13	18
metacademy.conservative_vector_fields			conservative vector fields	A vector field is conservative if it can be expressed as the gradient of a function (called the potential function), or equivalently, if all line integrals are path independent. The notion is useful because dynamical systems are easier to analyze if they can be described in terms of a potential function.	machine learning;artificial intelligence	metacademy	13	18
metacademy.variational_inference_convex_duality	dbpedia.Variational_analysis	http://dbpedia.org/resource/Category:Variational_analysis	variational inference and convex duality		machine learning;artificial intelligence	metacademy	13	18
metacademy.russells_paradox	wd.Q33401;lcsh.sh85097756	https://www.wikidata.org/wiki/Q33401;http://id.loc.gov/authorities/subjects/sh85097756	Russell's Paradox	Consider the set S of all sets which are not members of themselves: is S a member of itself? Either answer leads to a contradiction. Russell's Paradox, as this is called, showed that Cantor's original formulation of set theory was inconsistent and led to more precise axiomatizations of set theory, such as the Zermelo-Frankl axioms.	machine learning;artificial intelligence	metacademy	13	18
metacademy.set_operations	lcsh.sh85120382	http://id.loc.gov/authorities/subjects/sh85120382	set operations	Basic operations on sets include intersection, union, and difference. The power set of a set A is the set of all subsets of A.	machine learning;artificial intelligence	metacademy	7.0	9.0
metacademy.kalman_smoother	lcsh.sh85071360	http://id.loc.gov/authorities/subjects/sh85071360	Kalman smoother	Kalman smoothing is a posterior inference algorithm for linear dynamical systems (LDSs). It computes posterior marginals for all time steps conditioned on all of the observations. It is used in parameter learning for LDSs.	machine learning;artificial intelligence	metacademy	13	18
metacademy.variational_logistic_regression	dbpedia.Variational_analysis	http://dbpedia.org/resource/Category:Variational_analysis	variational logistic regression	Variational logistic regression is an illustrative example of variational Bayes. It illustrates the use of a local variational approximation, in particular the Gaussian lower bound on the sigmoid function.	machine learning;artificial intelligence	metacademy	13	18
metacademy.markov_random_fields	lcsh.sh91004240;lcsh.sh85111347;lcsh.sh2004000378	http://id.loc.gov/authorities/subjects/sh91004240;http://id.loc.gov/authorities/subjects/sh85111347;http://id.loc.gov/authorities/subjects/sh2004000378	Markov random fields	Markov random fields (MRFs) are a kind of probabilistic model which encodes the model structure as an undirected graph. Two variables are connected by an edge if they directly influence each other. MRFs are useful for domains which can be described in terms of "soft constraints" between variables. MRFs can be equivalently characterized in terms of factorization of the joint distribution or conditional independence properties.	machine learning;artificial intelligence;lcsh	metacademy	9.0	12.0
metacademy.peano_axioms	wd.Q842755;lcsh.sh85010589	https://www.wikidata.org/wiki/Q842755;http://id.loc.gov/authorities/subjects/sh85010589	Peano axioms	The Peano axioms are a set of axioms, either in first- or second-order logic, for the system of natural numbers. The axioms define a successor operation and the principle of induction, and in some versions, addition, multiplication, and ordering as well. The Peano axioms serve as a formal model for number theory.	machine learning;artificial intelligence	metacademy	9.0	12.0
metacademy.method_of_moments	wd.Q1925212;lcsh.sh85086656	https://www.wikidata.org/wiki/Q1925212;http://id.loc.gov/authorities/subjects/sh85086656	method of moments	The method of moments is a simple method for estimating the parameters of a probability distribution from data. The parameters are chosen so that the model moments match the empirical moments.	machine learning;artificial intelligence	metacademy	1.0	6.0
metacademy.propositional_logic	lcsh.sh85107552	http://id.loc.gov/authorities/subjects/sh85107552	propositional logic	Propositional logic is a logical formalism where the variables correspond to atomic sentences which are either true or false. Formulas are constructed using the connectives AND, OR, NOT, and IMPLIES. The semantics can be defined in terms of "truth tables," or equivalently boolean functions.	machine learning;artificial intelligence	metacademy	0.0	12.0
metacademy.loopy_bp_as_variational			loopy BP as variational inference	Loopy belief propagation sounds like a hack, but it can be interpreted as a variational inference algorithm. In particular, it is a fixed point update for an approximation to variational inference, where both the energy functional and the marginal polytope are approximated. While this analysis doesn't lead to any strong guarantees, it is the basis for generalizations of loopy BP which have stronger guarantees.	machine learning;artificial intelligence	metacademy	13	18
metacademy.sum_product_on_trees			sum-product on trees	Sum-product is an algorithm for marginalization and partition function computation in graphical models. It is based on dynamic programming, and has the advantage that it reuses computations to compute marginals for all nodes in the graph. It is a generalization of the forward-backward algorithm for hidden Markov models.	machine learning;artificial intelligence	metacademy	1.0	6.0
metacademy.register_machines	dbpedia.Register_machines;dbpedia.Digital_registers	http://dbpedia.org/resource/Category:Register_machines;http://dbpedia.org/resource/Category:Digital_registers	register machines	Register machines are a model of computation involving a set of registers which can hold arbitrarily large positive integers. Despite the model's simplicity, it is Turing complete. The simplicity of the definition is helpful in computability theory, because reductions from counter machines can be easier than reductions from Turing machines.	machine learning;artificial intelligence;dbpedia	metacademy	13	18
metacademy.curse_of_dimensionality			the curse of dimensionality	The curse of dimensionality refers to a collection of counterintuitive properties of high-dimensional spaces which make it difficult to learn using purely local algorithms such as K nearest neighbors.	machine learning;artificial intelligence	metacademy	13	18
metacademy.perceptron			perceptron algorithm	The perceptron is a simple algorithm for binary classification where the weights are adjusted in the direction of each misclassified example.	machine learning;artificial intelligence	metacademy	9.0	12.0
metacademy.cramers_rule	wd.Q322666	https://www.wikidata.org/wiki/Q322666	Cramer's rule	Cramer's rule is an explicit formula for the inverse of a matrix in terms of determinants of submatrices. While it is inefficient for large matrices, it is useful for analyzing inverses of small matrices algebraically.	machine learning;artificial intelligence	metacademy	9.0	12.0
metacademy.kernel_ridge_regression	wd.Q62046672	https://www.wikidata.org/wiki/Q62046672	kernel ridge regression		machine learning;artificial intelligence	metacademy	13	18
metacademy.junction_trees	dbpedia.Junction_types	http://dbpedia.org/resource/Category:Junction_types	junction trees	The sum-product algorithm is a way of computing marginals in a tree-structured graphical model. The junction tree algorithm generalizes this to arbitrary graphs by grouping together variables into cliques, such that the cliques form a tree.	machine learning;artificial intelligence	metacademy	7.0	9.0
metacademy.lobs_theorem			Lob's Theorem	Lob's Theorem asserts that no formal system T can prove statements of the form "If A is provable in T, then A is true" unless it is also capable of proving A directly. It can be seen as a generalization of Godel's Second Incompleteness Theorem.	machine learning;artificial intelligence	metacademy	7.0	9.0
metacademy.markov_and_chebyshev_inequalities	dbpedia.Probabilistic_inequalities	http://dbpedia.org/resource/Category:Probabilistic_inequalities	Markov and Chebyshev inequalities	Markov's inequality and Chebyshev's inequality are tools for bounding the probability of a random variable taking on extreme values. While the bounds are weak, they apply under very general conditions. One use of Chebyshev's inequality is to prove the weak law of large numbers.	machine learning;artificial intelligence	metacademy	7.0	9.0
metacademy.ultraproduct	lcsh.sh96010649	http://id.loc.gov/authorities/subjects/sh96010649	ultraproduct	The ultraproduct is an operation which combines a set of first-order structures into a single structure, in a way that respects the semantics of the individuals structures. This construction is used to give a purely semantic proof of the Compactness Theorem for first-order logic. It also gives a method for constructing non-standard models of first-order theories such as Peano arithmetic.	machine learning;artificial intelligence;lcsh	metacademy	13	18
metacademy.pullback	dbpedia.Liftbacks	http://dbpedia.org/resource/Category:Liftbacks	pullback	Pullback is a mathematical operator which represents functions or differential forms on one space in terms of the corresponding object on another space. They are used to define surface integrals of differential forms.	machine learning;artificial intelligence	metacademy	13	18
metacademy.bayesian_parameter_estimation	lcsh.sh85097853	http://id.loc.gov/authorities/subjects/sh85097853	Bayesian parameter estimation	In the Bayesian framework, we treat the parameters of a statistical model as random variables. The model is specified by a prior distribution over the values of the variables, as well as an evidence model which determines how the parameters influence the observed data. When we condition on the observations, we get the posterior distribution over parameters. The term ``Bayesian parameter estimation'' is deceptive, because often we can skip the parameter estimation step entirely. Rather, we integrate out the parameters and directly make predictions about future observables.	machine learning;artificial intelligence	metacademy	1.0	6.0
metacademy.bayes_ball			Bayes Ball	D-separation gives a way of determining conditional independence properties of a Bayes net from the graphical representation, but unfortunately the definition itself doesn't give a practical algorithm. Bayes ball is an efficient algorithm for computing d-separation by passing simple messages between nodes of the graph. The name "Bayes Ball" stems from the idea of balls bouncing around a directed graph, where if a ball cannot bounce between two nodes then they are [conditionally] independent.	machine learning;artificial intelligence	metacademy	13	18
metacademy.laplace_approximation	lcsh.sh85074666	http://id.loc.gov/authorities/subjects/sh85074666	the Laplace approximation	The Laplace approximation is a way of approximating Bayesian parameter estimation and Bayesian model comparison. It is based on a second-order Taylor approximation of the log posterior around the MAP estimate, which results in a Gaussian approximation to the posterior.	machine learning;artificial intelligence	metacademy	1.0	6.0
metacademy.nonnegative_matrix_factorization	wd.Q10843505;lcsh.sh85092227	https://www.wikidata.org/wiki/Q10843505;http://id.loc.gov/authorities/subjects/sh85092227	nonnegative matrix factorization		machine learning;artificial intelligence	metacademy	7.0	9.0
metacademy.em_variational_interpretation	dbpedia.Variational_analysis	http://dbpedia.org/resource/Category:Variational_analysis	variational interpretation of EM	The expectation-maximization (EM) algorithm can be interpreted as a coordinate ascent procedure which optimizes a variational lower bound on the likelihood function. This connects it with variational inference algorithms and justifies various generalizations and approximations to the algorithm.	machine learning;artificial intelligence	metacademy	13	18
metacademy.proofs_in_first_order_logic	opensalt.bcde5db5-f2e5-11ea-9f9f-0242ac140002;dbpedia.Provability_logic	http://dbpedia.org/resource/Category:Provability_logic	proofs in first-order logic	One can prove statements in first-order logic using a formal deductive calculus. Such a formal proof system is a central tool in the foundations of mathematics, since it serves as a formal model of mathematical reasoning more generally.	machine learning;artificial intelligence;strand	metacademy	9.0	12.0
metacademy.probit_regression			probit regression	Probit regression is a discriminative model for classification. In this model, the binary targets are generated by sampling latent Gaussian variables whose means are linear in the inputs, and passing them through a threshold.	machine learning;artificial intelligence	metacademy	13	18
metacademy.kkt_conditions	wd.Q2075125	https://www.wikidata.org/wiki/Q2075125	KKT conditions	The Karush-Kuhn-Tucker (KKT) conditions are a set of optimality conditions for optimization problems in terms of the optimization variables and Lagrange multipliers.	machine learning;artificial intelligence	metacademy	13	18
metacademy.gaussian_distribution	lcsh.sh85053556;wd.Q133871;dbpedia.Gaussian_function	http://id.loc.gov/authorities/subjects/sh85053556;https://www.wikidata.org/wiki/Q133871;http://dbpedia.org/resource/Category:Gaussian_function	Gaussian distribution	The Gaussian (or normal) distribution has a bell shape, and is one of the most common in all of statistics. The Central Limit Theorem shows that sums of large numbers of independent, identically distributed random variables are well approximated by a Gaussian distribution. The parameter estimates in a statistical model are also asymptotically Gaussian. Gaussians are widely used in probabilistic modeling for these reasons, together with the fact that Gaussian distributions can be efficiently manipulated using the techniques of linear algebra.	machine learning;artificial intelligence;lcsh	metacademy	9.0	12.0
metacademy.column_space_and_nullspace			column space and nullspace	The column space is the subspace spanned by the columns of a matrix A. The nullspace is the set of solutions to Ax = 0. Both subspaces are useful for characterizing the sets of solutions to linear systems.	machine learning;artificial intelligence	metacademy	9.0	12.0
metacademy.eval_multi_int_change_of_variables			evaluating multiple integrals: change of variables	A useful trick for computing multiple integrals is to find a simpler parameterization of the region and apply the change of variables formula.	machine learning;artificial intelligence	metacademy	9.0	12.0
metacademy.lu_factorization	wd.Q833089;dbpedia.Luitpoldings	https://www.wikidata.org/wiki/Q833089;http://dbpedia.org/resource/Category:Luitpoldings	LU factorization	The LU factorization is a factorization of a matrix into a lower triangular and an upper triangular matrix. It can be computed by recording the row operations used in Gaussian elimination. It can be a more efficient and numerically stable method of solving linear systems compared to matrix inverses.	machine learning;artificial intelligence	metacademy	7.0	9.0
metacademy.fisher_information	wd.Q1420659;dbpedia.Fisher-Price	https://www.wikidata.org/wiki/Q1420659;http://dbpedia.org/resource/Category:Fisher-Price	Fisher information		machine learning;artificial intelligence	metacademy	13	18
mooccubex.math.曲面积分	曲面积分;metacademy.surface_integrals		surface integral	A surface integral is the integral of a function over a surface. Important cases include surface area and flux, where the function is the dot product of the surface normal with a vector field.	math;machine learning;artificial intelligence	mooccubex	1.0	6.0
metacademy.roots_of_polynomials	lcsh.sh85044520	http://id.loc.gov/authorities/subjects/sh85044520	roots of polynomials		machine learning;artificial intelligence	metacademy	9.0	12.0
metacademy.covariance_matrices	dbpedia.Covariance_and_correlation	http://dbpedia.org/resource/Category:Covariance_and_correlation	covariance matrices	A covariance matrix generalizes the idea of variance to multiple dimensions, where the i-th j-th element in the covariance matrix is the covariance between the i-th and j-th random variables. Covariance matrices are common throughout both statistics and machine learning and often arise when dealing with multivariate distributions.	machine learning;artificial intelligence	metacademy	13	18
metacademy.chow_liu_trees			Chow-Liu trees	While the problem of learning Bayes net structures is intractable in general, there is a polynomial time algorithm for learning the optimal tree-structured graph under various scoring criteria. In particular, it can be formulated as a maximum weight spanning tree problem. The maximum likelihood trees are known as Chow-Liu trees, after their original inventors.	machine learning;artificial intelligence	metacademy	13	18
metacademy.lasso	lightcast.KS7G7BG6631Q4B4JVDN6;KS7G7BG6631Q4B4JVDN6;lcsh.sh85074824;wd.Q37061494;dbpedia.Lassie	https://skills.emsidata.com/skills/KS7G7BG6631Q4B4JVDN6;http://id.loc.gov/authorities/subjects/sh85074824;https://www.wikidata.org/wiki/Q37061494;http://dbpedia.org/resource/Category:Lassie	LASSO	The Lasso is a form of regularized linear regression. Unlike ridge regression, it puts an L1 penalty on the weights, which encourages sparsity, i.e. it encourages most of the weights to be exactly zero. The general trick of using L1 norms to encourage sparsity is widely used in machine learning.	machine learning;artificial intelligence;specialized skill;lcsh	metacademy	9.0	12.0
mooccubex.math.基变换	基变换;metacademy.change_of_basis;wd.Q810255	https://www.wikidata.org/wiki/Q810255	change of basis	Sometimes it's convenient to perform computations in a basis other than the standard one. Change of basis matrices can be used to convert vectors and matrices from one basis to another.	math;machine learning;artificial intelligence	mooccubex	9.0	12.0
metacademy.von_mises_distribution			von Mises distribution		machine learning;artificial intelligence	metacademy	7.0	9.0
metacademy.kalman_filter	lightcast.KS125LW72VV60LMKP55P;KS125LW72VV60LMKP55P;wd.Q846780;lcsh.sh85071360	https://skills.emsidata.com/skills/KS125LW72VV60LMKP55P;https://www.wikidata.org/wiki/Q846780;http://id.loc.gov/authorities/subjects/sh85071360	Kalman filter	The Kalman filter is an algorithm for inference in linear dynamical systems. Specifically, the task is to infer the posterior over the current latent state given past observations. It forms the basis for approximate inference algorithms in more general state space models.	machine learning;artificial intelligence;specialized skill	metacademy	1.0	6.0
metacademy.four_fundamental_subspaces			four fundamental subspaces	The four fundamental subspaces of a matrix A are the column space, nullspace, row space, and left nullspace. The bases of all four spaces can be obtained using Gaussian elimination, and certain of them are orthogonal to one another. There are close relationships between the dimensions of all four spaces, and the dimensions of the row and column spaces both equal the rank of A.	machine learning;artificial intelligence	metacademy	13	18
metacademy.collapsed_gibbs_sampling	lcsh.sh2017003897	http://id.loc.gov/authorities/subjects/sh2017003897	collapsed Gibbs sampling	MCMC samplers can often be improved by marginalizing out a subset of the variables in closed form and performing MCMC over the remaining variables. This is more statistically efficient since each particle can cover a larger part of the distribution, and it can also improve mixing by allowing larger jumps.	machine learning;artificial intelligence	metacademy	13	18
metacademy.log_linear_mrfs			log-linear MRFs	Often, when we use MRFs, we want to assign a particular functional form to the cliques. A common choice is a log-linear representation, where the potentials are log-linear functions of the model parameters. Boltzmann machines and Gaussian MRFs are probably the most common examples.	machine learning;artificial intelligence	metacademy	13	18
metacademy.divergence_theorem	lcsh.sh2012001053;wd.Q338886;dbpedia.F-divergences	http://id.loc.gov/authorities/subjects/sh2012001053;https://www.wikidata.org/wiki/Q338886;http://dbpedia.org/resource/Category:F-divergences	Divergence Theorem	The Divergence Theorem is a theorem relating the flux across a surface to the integral of the divergence over the interior. It can be seen as a three-dimensional generalization of Green's Theorem.	machine learning;artificial intelligence;lcsh	metacademy	13	18
metacademy.multiplicity_of_eigenvalues	lcsh.sh85041389	http://id.loc.gov/authorities/subjects/sh85041389	multiplicity of eigenvalues	The characteristic polynomial of a matrix may have repeated roots. If this is the case, the geometric multiplicity of a given eigenvalue (the dimension of the corresponding eigenspace) may be less than the algebraic multiplicity. This property determines whether a matrix is diagonalizable, and it is relevant to the solutions of differential equations.	machine learning;artificial intelligence	metacademy	13	18
metacademy.recursive_functions	lcsh.sh85112014;lcsh.sh85112015	http://id.loc.gov/authorities/subjects/sh85112014;http://id.loc.gov/authorities/subjects/sh85112015	recursive functions	Recursive functions are a kind of mathematical function which, if the Church-Turing hypothesis is correct, correspond to functions which can be computed algorithmically. A subclass knows as primitive recursive functions consists of functions computable by programs where a bound on the number of steps can be calculated in advance. Recursive functions are useful for formalizing notions of computability, because the notion of a recursive function is more precise than that of an algorithm.	machine learning;artificial intelligence;lcsh	metacademy	7.0	9.0
metacademy.expectation_and_variance			expectation and variance	The expectation of a random variable is the value that it takes "on average," and the variance is a measure of how much the random variable deviates from that value "on average." Expectation and variance have several convenient properties that often allow one to abstract away the underlying PDFs or PMFs.	machine learning;artificial intelligence	metacademy	13	18
metacademy.maximum_likelihood_in_exponential_families	dbpedia.Exponential_family_distributions	http://dbpedia.org/resource/Category:Exponential_family_distributions	maximum likelihood in exponential families	For any exponential family model, the maximum likelihood parameters are such that the model moments match the data moments.	machine learning;artificial intelligence	metacademy	13	18
metacademy.zorns_lemma	wd.Q290810;lcsh.sh86001762	https://www.wikidata.org/wiki/Q290810;http://id.loc.gov/authorities/subjects/sh86001762	Zorn's Lemma	Zorn's Lemma states that if every chain in a partially ordered set S has an upper bound, then S has a maximal element. Zorn's Lemma is equivalent to the Axiom of Choice.	machine learning;artificial intelligence	metacademy	13	18
metacademy.chernoff_bounds	wd.Q1070305	https://www.wikidata.org/wiki/Q1070305	Chernoff bounds	The Chernoff bounds are a way of bounding the probability that a sum of independent random variables takes on extreme values. Compared with Chebyshev's inequality, it requires a stronger assumption (independence), but is a far tighter bound. They are commonly used to analyze randomized algorithms and PAC-learning methods.	machine learning;artificial intelligence	metacademy	13	18
metacademy.naive_bayes			naive Bayes	Naive Bayes is a modeling assumption used in classification, where we assume the observed data are conditionally independent given their class assignments. Despite its name, the standard naive Bayes model does not use Bayesian inference, but rather, a maximum likelihood estimation.	machine learning;artificial intelligence	metacademy	7.0	12.0
metacademy.ultrafilters	lcsh.sh85139468	http://id.loc.gov/authorities/subjects/sh85139468	ultrafilters		machine learning;artificial intelligence;lcsh	metacademy	13	18
metacademy.hopfield_networks	lcsh.sh85073883	http://id.loc.gov/authorities/subjects/sh85073883	Hopfield networks	Hopfield networks are a kind of recurrent neural network which implements an associative memory. The behavior of the network can be modeled in terms of minimizing an energy function.	machine learning;artificial intelligence	metacademy	13	18
metacademy.defining_the_cardinals	lcsh.sh85020194	http://id.loc.gov/authorities/subjects/sh85020194	defining the cardinals	Intuitively, one would like to define cardinal numbers as equivalence classes of sets, but unfortunately, these equivalence classes are too large to be sets. Instead, the cardinal numbers can be defined from the ordinal numbers. This construction requires the Axiom of Choice.	machine learning;artificial intelligence	metacademy	13	18
mooccubex.math.指数分布	指数分布;metacademy.exponential_distribution;wd.Q237193;dbpedia.Exponential_family_distributions	https://www.wikidata.org/wiki/Q237193;http://dbpedia.org/resource/Category:Exponential_family_distributions	exponential distribution	The exponential distribution is a continuous distribution whose PDF decays exponentially. It is most commonly used to model the waiting time until an event occurs, where that event is equally likely to happen at any point in time.	math;machine learning;artificial intelligence	mooccubex	7.0	9.0
metacademy.bayes_param_exp_fam	lcsh.sh85097853	http://id.loc.gov/authorities/subjects/sh85097853	Bayesian parameter estimation in exponential families	Exponential families are convenient for Bayesian parameter estimation because the conjugate priors often have a convenient form, and there is a simple form for the posterior.	machine learning;artificial intelligence	metacademy	1.0	6.0
metacademy.godel_numbering	lcsh.sh85055600	http://id.loc.gov/authorities/subjects/sh85055600	Godel numbering	One can define a system ("Godel numbering") for encoding expressions and derivations (in some logical system) as numbers. All the syntactic operations needed to verify derivations are recursive and can be represented in arithmetic. This shows that any logical theory which includes arithmetic is powerful enough to talk about itself. This idea is used to construct self-referential sentences in Godel's Incompleteness Theorem and related results.	machine learning;artificial intelligence	metacademy	13	18
metacademy.backpropagation_second_order			backpropagation for second-order methods	Backpropagation is normally used to propagate first-order derivatives (gradients). However, it can also be used to propagate second-order derivatives, at least approximately.	machine learning;artificial intelligence	metacademy	13	18
metacademy.functions_of_several_variables	lcsh.sh85052359	http://id.loc.gov/authorities/subjects/sh85052359	functions of several variables	Multivariable calculus deals with functions of multiple variables. For two dimensions, we can visualize these with graphs or with level sets.	machine learning;artificial intelligence	metacademy	7.0	9.0
metacademy.importance_sampling	lightcast.KS1252Y75J7YTB8RTCPX;KS1252Y75J7YTB8RTCPX;wd.Q1539564;dbpedia.High-importance_Statistics_articles	https://skills.emsidata.com/skills/KS1252Y75J7YTB8RTCPX;https://www.wikidata.org/wiki/Q1539564;http://dbpedia.org/resource/Category:High-importance_Statistics_articles	importance sampling	Importance sampling is a way of estimating expectations under an intractable distribution p by sampling from a tractable distribution q and reweighting the samples according to the ratio of the probabilities. While importance sampling has unreasonably large variance when applied naively, it forms the basis for some very effective Monte Carlo estimators.	machine learning;artificial intelligence;specialized skill	metacademy	13	18
mooccubex.math.黎曼积分	黎曼积分;metacademy.riemann_integral;lcsh.sh85114042;wd.Q697181	http://id.loc.gov/authorities/subjects/sh85114042;https://www.wikidata.org/wiki/Q697181	Riemann integral	The Riemann integral is a mathematically precise formulation of multiple integrals as sums over increasingly fine rectangular regions. Fubini's theorem shows it is equivalent to the iterated integral, which often gives a convenient way to compute it.	math;machine learning;artificial intelligence;lcsh	mooccubex	9.0	12.0
metacademy.metropolis_hastings			Metropolis-Hastings algorithm	Markov Chain Monte Carlo (MCMC) is a method for approximately sampling from a distribution p by defining a Markov chain which has p as a stationary distribution. Metropolis-Hastings is a very general recipe for finding such a Markov chain: choose a proposal distribution and correct for the bias by stochastically accepting or rejecting the proposal. While the mathematical formalism is very general, there is an art to choosing good proposal distributions.	machine learning;artificial intelligence	metacademy	13	18
metacademy.bagging	lcsh.sh85010963;wd.Q799897;dbpedia.Peak_bagging	http://id.loc.gov/authorities/subjects/sh85010963;https://www.wikidata.org/wiki/Q799897;http://dbpedia.org/resource/Category:Peak_bagging	bagging	Bagging is a technique for reducing the variance of a learning algorithm by averaging the predictions obtained from random resamplings of the training data. It can improve the performance of unstable algorithms such as decision trees.	machine learning;artificial intelligence;lcsh	metacademy	13	18
metacademy.comparing_normal_populations			comparing normal populations	A common task in statistics is to determine whether two normally distributed populations have the same mean. The appropriate test can depend on factors such as the sample size and whether the populations are paired or independent.	machine learning;artificial intelligence	metacademy	1.0	6.0
metacademy.multivariate_gaussians_information_form			information form for multivariate Gaussians	While we normally represent multivariate Gaussians in terms of their mean and covariance, information form is often a useful alternative. The distribution is represented in terms of a quadratic "energy function." This representation is convenient for conditioning, and is the basis for Gaussian Markov random fields.	machine learning;artificial intelligence	metacademy	9.0	12.0
metacademy.max_product_on_trees			max-product on trees	Max-product is an algorithm for MAP estimation in graphical models, based on dynamic programming. It is a generalization of the Viterbi algorithm for hidden Markov models.	machine learning;artificial intelligence	metacademy	1.0	6.0
metacademy.bayes_net_parameter_learning			Bayes net parameter learning	The parameters of a Bayes net can be estimated using maximum likelihood. In the most general parameterization, when the data are fully observed, the ML estimation problem decomposes into independent subproblems associated with each CPT.	machine learning;artificial intelligence	metacademy	13	18
metacademy.probabilistic_lsa			probabilistic Latent Semantic Analysis	Probabilistic Latent Semantic Analysis (pLSA), also known as probabilistic Latent Semantic Indexing (pLSI), is a matrix decomposition technique for binary and count data, where one component of the data is conditionally independent of the other component given some unobserved factor. pLSA is most commonly used for document modeling, where the count data is the number of times a term appears in each document (forming an observed term by document count matrix), and the factors are interpreted as the latent/unobserved topics.	machine learning;artificial intelligence	metacademy	9.0	12.0
metacademy.projection_onto_a_subspace	lcsh.sh85107377	http://id.loc.gov/authorities/subjects/sh85107377	projection onto a subspace	The projection of a vector b onto a subspace X is the closest point to b contained in X. Projection is a linear operation, and can be computed using a projection matrix. It is used in linear least squares approximation.	machine learning;artificial intelligence	metacademy	13	18
metacademy.multiple_integrals	lcsh.sh85067111;lcsh.sh85067106	http://id.loc.gov/authorities/subjects/sh85067111;http://id.loc.gov/authorities/subjects/sh85067106	multiple integrals	A multiple integral generalizes integration to functions of n variables and produces a general (n-1)-dimensional volume. For instance, n=2 corresponds to an area. Multiple integrals occur frequently in probability theory and machine learning when examining marginal densities.	machine learning;artificial intelligence;lcsh	metacademy	9.0	12.0
metacademy.dirichlet_distribution	wd.Q981016;lcsh.sh85038275	https://www.wikidata.org/wiki/Q981016;http://id.loc.gov/authorities/subjects/sh85038275	Dirichlet distribution	The Dirichlet distribution specifies a distribution on a n-dimensional vector and can be viewed as a probability distribution on a n-1 dimensional simplex (a simplex is an n-dimensional generalization of a triangle). Its parameters determine the distribution of mass on this simplex. The Dirichlet distribution is a conjugate prior to the categorigal and multinomial distributions, and for this reason, it is common in Bayesian statistics. Also, the Dirichlet distribution is a generalization of the beta distribution to higher dimensions (for n=2 it is the beta distribution).	machine learning;artificial intelligence	metacademy	7.0	9.0
metacademy.swedsen_wang			Swedsen-Wang algorithm	The Swedsen-Wang algorithm is an MCMC algorithm for sampling from Ising models. It is an auxiliary variable model, where we define a set of "bond" variables which determine which states are coupled, and we alternate between sampling the states and the bond variables. It mixes much faster than Gibbs sampling in models where the variables are tightly coupled.	machine learning;artificial intelligence	metacademy	13	18
metacademy.convex_sets	lcsh.sh85031731;wd.Q58122345;lcsh.sh85031733	http://id.loc.gov/authorities/subjects/sh85031731;https://www.wikidata.org/wiki/Q58122345;http://id.loc.gov/authorities/subjects/sh85031733	convex sets	A set S in R^d is convex if for any two points x and y in S, the line segment connecting x and y is also contained in S. Convex sets are part of the definition of convex optimization problems, a very general class of optimization problems for which the optimal solution can often be found.	machine learning;artificial intelligence;lcsh	metacademy	13	18
metacademy.partial_derivatives	lcsh.sh85037912	http://id.loc.gov/authorities/subjects/sh85037912	partial derivatives	"A partial derivative of a function of several variables is its derivative with respect to one of those variables, with the others held constant (as opposed to the total derivative, in which all variables are allowed to vary)" [wikipedia entry]. Intuitively, a partial derivative measures the instantaneous rate of change for a single variate in a multivariate function.	machine learning;artificial intelligence	metacademy	9.0	12.0
metacademy.gaussian_mixtures_vs_k_means			comparing Gaussian mixtures and k-means	Gaussian mixture models and K-means are two canonical approaches to clustering, i.e. dividing data points into meaningful groups. This concept node discusses the tradeoffs between them.	machine learning;artificial intelligence	metacademy	13	18
metacademy.chinese_restaurant_franchise	lcsh.sh2007006369	http://id.loc.gov/authorities/subjects/sh2007006369	Chinese restaurant franchise	The Chinese Restaurant Franchise (CRF) is the predictive process for a hierarchical partitioning (clustering) of grouped data -- it is a generalization of the Chinese Restaurant Process. The CRF can be used to specify a nonparametric distribution on a mixture of mixtures: each grouping of data is a draw from a mixture model, where the mixture components are shared among different groups.	machine learning;artificial intelligence	metacademy	13	18
metacademy.complex_vectors_and_matrices	lcsh.sh2002012188	http://id.loc.gov/authorities/subjects/sh2002012188	complex vectors and matrices	We can define complex vectors and matrices with properties closely analogous to their real-valued analogues. Complex matrices come up when dealing with eigendecompositions of non-symmetric matrices. They are also used in computing the fast Fourier transform.	machine learning;artificial intelligence	metacademy	9.0	12.0
metacademy.learning_linear_dynamical_systems			learning linear dynamical systems	We can perform maximum likelihood estimation for the parameters of a linear dynamical system using the EM algorithm. The E step involves running a Kalman smoother, and the M step involves maximum likelihood inference in multivariate Gaussians.	machine learning;artificial intelligence	metacademy	7.0	9.0
metacademy.parameterizing_lines_and_planes			parameterizing lines and planes	Lines and planes can be defined either as spans of vectors or as solutions to systems of linear equations. Vector operations (in particular, dot products and cross products) allow us to convert between these representations. These tools also let us compute distances between points, lines, and planes.	machine learning;artificial intelligence	metacademy	7.0	9.0
metacademy.variational_characterization_of_eigenvalues	dbpedia.Variational_analysis	http://dbpedia.org/resource/Category:Variational_analysis	variational characterization of eigenvalues		machine learning;artificial intelligence	metacademy	13	18
metacademy.value_iteration	dbpedia.Iteration_in_programming	http://dbpedia.org/resource/Category:Iteration_in_programming	value iteration	Value iteration is a recursive algorithm for computing the value function, and in turn the optimal policy, for a Markov decision process.	machine learning;artificial intelligence	metacademy	1.0	6.0
metacademy.complexity_of_inference	dbpedia.Graphical_models	http://dbpedia.org/resource/Category:Graphical_models	computational complexity of graphical model inference	The major inference problems for graphical models (marginalization, MAP assignment, and partition function) are all intractable in the worst case. In particular, marginalization and partition function computation are both #P-complete, and MAP inference is NP-complete.	machine learning;artificial intelligence	metacademy	13	18
metacademy.bayesian_logistic_regression	dbpedia.Bayesian_statisticians	http://dbpedia.org/resource/Category:Bayesian_statisticians	Bayesian logistic regression	A Bayesian version of logistic regression.	machine learning;artificial intelligence	metacademy	13	18
mooccubex.math.矩阵转置	矩阵转置;metacademy.matrix_transpose;wd.Q223683	https://www.wikidata.org/wiki/Q223683	Matrix transpose	The matrix transpose is an operator which flips a matrix over its diagonal, i.e. it switches the row and column indices of the matrix.	math;machine learning;artificial intelligence	mooccubex	13	16
metacademy.boosting_as_optimization			boosting as optimization	AdaBoost can be interpreted as a sequential procedure for minimizing the exponential loss on the training set with respect to the coefficients of a particular basis function expansion. This leads to generalizations of the algorithm to different loss functions.	machine learning;artificial intelligence	metacademy	9.0	12.0
metacademy.incompleteness_of_set_theory	dbpedia.Systems_of_set_theory	http://dbpedia.org/resource/Category:Systems_of_set_theory	incompleteness of set theory	Godel's Incompleteness Theorems apply to any formal deductive system which includes arithmetic. Since the natural numbers can be defined using set theory, the theorems apply to set theory as well.	machine learning;artificial intelligence	metacademy	13	18
metacademy.inference_in_mrfs			inference in MRFs	One reason we build graphical models is so we can perform inference, i.e. ask questions about the distribution. The most common queries include: (1) finding the marginal distribution of one or several nodes, (2) finding the most likely joint assignment, or (3) computing the partition function. Items (1) and (3) are closely related. While exact inference is intractable in the general case, there are powerful approximate inference algorithms, as well as interesting classes of tractable models.	machine learning;artificial intelligence	metacademy	13	18
metacademy.bias_variance_decomposition			bias-variance decomposition	The bias-variance decomposition (often referred to as the bias-variance tradeoff) is a frequentist analysis of the generalization capability of an estimator, i.e. a learning algorithm.	machine learning;artificial intelligence	metacademy	13	18
metacademy.differential_forms	lcsh.sh85037916;dbpedia.Differential_forms;lcsh.sh85003431	http://id.loc.gov/authorities/subjects/sh85037916;http://dbpedia.org/resource/Category:Differential_forms;http://id.loc.gov/authorities/subjects/sh85003431	differential forms	Differential forms are multilinear functions on vector fields which satisfy certain properties analogous to determinants. They are used to define a notion of integration on manifolds.	machine learning;artificial intelligence;lcsh;dbpedia	metacademy	13	18
metacademy.expectation_propagation	wd.Q5420835	https://www.wikidata.org/wiki/Q5420835	expectation propagation	In some graphical models, it is intractable even to compute the messages in loopy belief propagation. Expectation propagation is a way of approximating these messages in terms of expectations of sufficient statistics. It can be viewed as a variational inference algorithm, and often gives much more accurate results than mean field based approximations.	machine learning;artificial intelligence	metacademy	13	18
metacademy.forward_backward_algorithm	wd.Q4909	https://www.wikidata.org/wiki/Q4909	forward-backward algorithm	The forward-backward algorithm is an algorithm for computing posterior marginals in a hidden Markov model (HMM). It is based on dynamic programming, and has linear complexity in the length of the sequence. It is used as a component of several other algorithms, such as the Baum_Welch algorithm and block Gibbs sampling in factorial HMMs.	machine learning;artificial intelligence	metacademy	13	18
metacademy.boolean_algebras	dbpedia.Boolean_algebra;lcsh.sh85003429	http://dbpedia.org/resource/Category:Boolean_algebra;http://id.loc.gov/authorities/subjects/sh85003429	Boolean algebras	Boolean algebras are a mathematical structure which shares the algebraic properties of propositional formulas. Canonical examples include propositional formulas and the power set of a set (with set union, intersection, and complement playing the roles of the propositional connectives). Boolean algebras are used in topology, model theory, and social choice theory.	machine learning;artificial intelligence;dbpedia;math	metacademy	7.0	9.0
metacademy.independent_events	wd.Q625303;dbpedia.Natural_events	https://www.wikidata.org/wiki/Q625303;http://dbpedia.org/resource/Category:Natural_events	independent events	Intuitively, two events are independent if the first event happening doesn't influence whether the second is likely to occur. Mathematically, some set of events are independent if the joint probability of some subset of the events decomposes into a product of the probabilities of the individual events. In statistics and AI, a probabilistic model often must make independence assumptions in order for things to be efficiently computable.	machine learning;artificial intelligence	metacademy	6.0	8.0
mooccubex.math.对角化	对角化;metacademy.diagonalization		diagonalization	Diagonalization refers to factorizing a matrix as A = SDS^-1, where D is a diagonal matrix. The entries of D correspond to the eigenvalues of A, and the columns of S correspond to the eigenvectors. The diagonal representation is useful for computing powers of matrices. Unfortunately, not all matrices are diagonalizable.	math;machine learning;artificial intelligence	mooccubex	13	16
metacademy.multinomial_logistic_regression	wd.Q1650843	https://www.wikidata.org/wiki/Q1650843	multinomial logistic regression	Multinomial logistic regression is a generalization of logistic regression to the case where there are more than two categories.	machine learning;artificial intelligence	metacademy	7.0	9.0
metacademy.bellman_equations			Bellman equations	The Bellman equations are a system of equations that provide a recursive definition of optimality associated with dynamic programming. Informally, the Bellman equations state that optimality is achieved by taking an optimal first action and recursively taking optimal subsequent actions. # TODO Bellman equations occur in a lot of areas, e.g. economics, perhaps make more specific concepts for the Bellman equations	machine learning;artificial intelligence	metacademy	1.0	6.0
metacademy.deep_belief_networks	wd.Q55897718;lcsh.sh96007624	https://www.wikidata.org/wiki/Q55897718;http://id.loc.gov/authorities/subjects/sh96007624	deep belief networks	Deep belief networks (DBNs) are a kind of deep, multilayer graphical model which contains both directed and undirected edges. The bottom layer represents the inputs, and the higher layers are meant to represent increasingly abstract features of the data. DBNs can be trained in a layerwise fashion, and are often used to initialize deep discriminative neural networks, a procedure known as generative pre-training.	machine learning;artificial intelligence	metacademy	13	18
metacademy.exterior_derivative	wd.Q1754547;lcsh.sh85046554	https://www.wikidata.org/wiki/Q1754547;http://id.loc.gov/authorities/subjects/sh85046554	exterior derivative	The exterior function is a generalization of the differential of a function to differential forms. It appears in the statement of Stokes's Theorem for manifolds.	machine learning;artificial intelligence	metacademy	7.0	9.0
metacademy.heavy_tailed_distributions	dbpedia.Tails_of_probability_distributions	http://dbpedia.org/resource/Category:Tails_of_probability_distributions	heavy-tailed distributions		machine learning;artificial intelligence	metacademy	9.0	12.0
metacademy.markov_models	lightcast.KS1265T78ZZR10X82D9D;KS1265T78ZZR10X82D9D;dbpedia.Markov_models;lcsh.sh85081369	https://skills.emsidata.com/skills/KS1265T78ZZR10X82D9D;http://dbpedia.org/resource/Category:Markov_models;http://id.loc.gov/authorities/subjects/sh85081369	Markov models	Markov models are a kind of probabilistic model often used in language modeling. The observations are assumed to follow a Markov chain, where each observation is independent of all past observations given the previous one.	machine learning;artificial intelligence;specialized skill;dbpedia	metacademy	9.0	12.0
mooccubex.math.链式法则	链式法则;metacademy.chain_rule;wd.Q207455;dbpedia.Differentiation_rules	https://www.wikidata.org/wiki/Q207455;http://dbpedia.org/resource/Category:Differentiation_rules	chain rule	The chain rule for partial derivatives gives a way of computing the partial derivatives of compositions of functions in terms of the partial derivatives of the individual functions.	math;machine learning;artificial intelligence	mooccubex	9.0	12.0
metacademy.qr_decomposition	lightcast.KS1260J6P5SKK3XF2N0T;KS1260J6P5SKK3XF2N0T;wd.Q653242	https://skills.emsidata.com/skills/KS1260J6P5SKK3XF2N0T;https://www.wikidata.org/wiki/Q653242	QR decomposition	The operations of the Gram-Schmidt procedure can be represented as a factorization of a matrix into an orthogonal matrix Q and an upper triangular matrix R. This is a useful representation for solving linear least squares problems.	machine learning;artificial intelligence;specialized skill	metacademy	13	18
metacademy.particle_filter	lightcast.KS127KW5XYHQSL9PBZD9;KS127KW5XYHQSL9PBZD9;dbpedia.Particle_detectors	https://skills.emsidata.com/skills/KS127KW5XYHQSL9PBZD9;http://dbpedia.org/resource/Category:Particle_detectors	particle filter	The particle filter is a Monte Carlo algorithm for posterior inference in temporal models. The posterior is approximated with a weighted set of discrete particles. In each step, each particle's state is extended according to a proposal distribution, and its weight is updated based on the likelihood of the evidence. The algorithm is useful in robotics and in visual tracking because it doesn't require storing the entire history.	machine learning;artificial intelligence;specialized skill	metacademy	13	18
metacademy.learning_bayes_nets_missing_data			learning Bayes net parameters with missing data	There is no closed-form solution for the maximum likelihood parameters of a Bayes net when some of the variables are unobserved. However, it is possible to apply the EM algorithm, where the E step involves computing marginals and the M step involves computing the maximum likelihood parameters with fully observed data.	machine learning;artificial intelligence	metacademy	13	18
metacademy.computing_the_nullspace	lcsh.sh85093194	http://id.loc.gov/authorities/subjects/sh85093194	computing the nullspace	The nullspace of a matrix can be computed using Gaussian elimination.	machine learning;artificial intelligence	metacademy	9.0	12.0
metacademy.basis_function_expansions	lcsh.sh2002004691	http://id.loc.gov/authorities/subjects/sh2002004691	basis function expansions	A basis function expansion augments/replaces the attributes of a dataset with transformations of these attributes. For instance, given an input attribute X, a basis function expansion could map this attribute to three features: 1, X, X^2---a "polynomial basis." This mapping allows various learning algorithms and statistical procedures to capture nonlinear trends in the data while still using linear models to analyze these transformed attributes. For instance, using the polynomial basis functions with linear regression allows linear regression to find polynomial (nonlinear) trends in the data; this is commonly called "polynomial regression." The process of selecting the particular mapping (basis functions) is typically referred to as "feature engineering."	machine learning;artificial intelligence	metacademy	7.0	9.0
metacademy.propositional_resolution	lcsh.sh85107553	http://id.loc.gov/authorities/subjects/sh85107553	propositional resolution	Resolution is an inference rule for logical systems -- in this case, for propositional logic. It is complete, in that if a set of propositional sentences is unsatisfiable, one can prove that using resolution. It is the basis for many powerful automated theorem provers.	machine learning;artificial intelligence	metacademy	13	18
metacademy.poisson_distribution	lcsh.sh85103956;wd.Q205692;lcsh.sh85103958	http://id.loc.gov/authorities/subjects/sh85103956;https://www.wikidata.org/wiki/Q205692;http://id.loc.gov/authorities/subjects/sh85103958	Poisson distribution	The Poisson distribution is a discrete probability distribution for the counts of independent random events in a given time interval, e.g. babies born in a hospital in 1 month or lightening strikes in Mexico in 1 week. It is one of the most common discrete distributions used in virtually every scientific and financial field.	machine learning;artificial intelligence;lcsh	metacademy	7.0	9.0
metacademy.computations_on_multivariate_gaussians	lcsh.sh85053559	http://id.loc.gov/authorities/subjects/sh85053559	computations on multivariate Gaussians	Multivariate Gaussians are widely used in computational sciences because many useful operations can be performed efficiently. Marginalization is easy: we simply pull the relevant rows and columns of the mean and covariance. Conditioning can be done with a matrix inversion.	machine learning;artificial intelligence	metacademy	9.0	12.0
onet.skill.2.A.2.c	2.A.2.c;lightcast.ESC842062C77758B1AED;ESC842062C77758B1AED;lcsh.sh95000636;wd.Q1820336	https://www.onetonline.org/find/descriptor/result/2.A.2.c;https://skills.emsidata.com/skills/ESC842062C77758B1AED;http://id.loc.gov/authorities/subjects/sh95000636;https://www.wikidata.org/wiki/Q1820336	Learning Strategies	Strategies, Learning	onet;skill;specialized skill;lcsh	onet	1.0	6.0
onet.skill.2.A.2.d	2.A.2.d;lcsh.sh99005651;dbpedia.Medical_monitoring	https://www.onetonline.org/find/descriptor/result/2.A.2.d;http://id.loc.gov/authorities/subjects/sh99005651;http://dbpedia.org/resource/Category:Medical_monitoring	Monitoring		onet;skill;lcsh	onet	16	20
onet.skill.2.B.1.a	2.B.1.a;lightcast.KS440PW6LKL0NJMSD8BS;KS440PW6LKL0NJMSD8BS;lcsh.sh85123982	https://www.onetonline.org/find/descriptor/result/2.B.1.a;https://skills.emsidata.com/skills/KS440PW6LKL0NJMSD8BS;http://id.loc.gov/authorities/subjects/sh85123982	Social Perceptiveness		onet;skill;common skill	onet	0.0	0.0
mooccubex.psy.协调性	协调性;onet.skill.2.B.1.b;2.B.1.b;wd.Q1783823;lcsh.sh2006001993	https://www.onetonline.org/find/descriptor/result/2.B.1.b;https://www.wikidata.org/wiki/Q1783823;http://id.loc.gov/authorities/subjects/sh2006001993	Coordination		psychology;onet;skill	mooccubex	9.0	12.0
onet.skill.2.B.3.a	2.B.3.a;wd.Q105725102;lcsh.sh2010104445	https://www.onetonline.org/find/descriptor/result/2.B.3.a;https://www.wikidata.org/wiki/Q105725102;http://id.loc.gov/authorities/subjects/sh2010104445	Operations Analysis		onet;skill	onet	7.0	9.0
onet.skill.2.B.3.b	2.B.3.b;dbpedia.Technology_systems	https://www.onetonline.org/find/descriptor/result/2.B.3.b;http://dbpedia.org/resource/Category:Technology_systems	Technology Design		onet;skill	onet	0.0	12.0
onet.skill.2.B.3.c	2.B.3.c;lightcast.ESB4377E76D30BFE584C;ESB4377E76D30BFE584C;wd.Q71236667;lcsh.sh00005850	https://www.onetonline.org/find/descriptor/result/2.B.3.c;https://skills.emsidata.com/skills/ESB4377E76D30BFE584C;https://www.wikidata.org/wiki/Q71236667;http://id.loc.gov/authorities/subjects/sh00005850	Equipment Selection		onet;skill;specialized skill	onet	16	20
onet.skill.2.B.3.d	2.B.3.d;lightcast.KS1255Y65SXCJWZBC26Y;KS1255Y65SXCJWZBC26Y;lcsh.sh85066724;lcsh.sh85066726;lcsh.sh85066731;lcsh.sh2002006120;dbpedia.Installation_software	https://www.onetonline.org/find/descriptor/result/2.B.3.d;https://skills.emsidata.com/skills/KS1255Y65SXCJWZBC26Y;http://id.loc.gov/authorities/subjects/sh85066724;http://id.loc.gov/authorities/subjects/sh85066726;http://id.loc.gov/authorities/subjects/sh85066731;http://id.loc.gov/authorities/subjects/sh2002006120;http://dbpedia.org/resource/Category:Installation_software	Installation	Clergy--Installation	onet;skill;specialized skill;lcsh;art	onet	16	20
onet.skill.2.B.3.e	2.B.3.e;lightcast.KS123655VLGBXHL0VPDW;KS123655VLGBXHL0VPDW;opensalt.e86042fe-d453-11e7-9a41-a136b9a5ee78;opensalt.BI5;lcsh.sh00007512;lcsh.sh85107312;wd.Q80006;lcsh.sh2006006028	https://www.onetonline.org/find/descriptor/result/2.B.3.e;https://skills.emsidata.com/skills/KS123655VLGBXHL0VPDW;http://id.loc.gov/authorities/subjects/sh00007512;http://id.loc.gov/authorities/subjects/sh85107312;https://www.wikidata.org/wiki/Q80006;http://id.loc.gov/authorities/subjects/sh2006006028	Programming	Goal programming; Mathematical programming	onet;skill;specialized skill;lcsh;technology	onet	8.0	11.0
onet.skill.2.B.3.g	2.B.3.g;lcsh.sh2010104445	https://www.onetonline.org/find/descriptor/result/2.B.3.g;http://id.loc.gov/authorities/subjects/sh2010104445	Operations Monitoring		onet;skill	onet	16	20
onet.skill.2.B.3.h	2.B.3.h;dbpedia.Command_and_control	https://www.onetonline.org/find/descriptor/result/2.B.3.h;http://dbpedia.org/resource/Category:Command_and_control	Operation and Control		onet;skill	onet	7.0	9.0
onet.skill.2.B.3.k	2.B.3.k;lightcast.KS441K2756CXYXBG990G;KS441K2756CXYXBG990G;wd.Q97382294	https://www.onetonline.org/find/descriptor/result/2.B.3.k;https://skills.emsidata.com/skills/KS441K2756CXYXBG990G;https://www.wikidata.org/wiki/Q97382294	Troubleshooting		onet;skill;common skill	onet	9.0	12.0
onet.skill.2.B.4.e	2.B.4.e;opensalt.fcda38b6-11a3-11ec-8c50-0242ac140003;opensalt.Learning_and_Innovation_F;csp.504F3200DFE60131BF7C68A86D17958E;S2503775;504F3200DFE60131BF7C68A86D17958E;wd.Q15746672;lcsh.sh85070913	https://www.onetonline.org/find/descriptor/result/2.B.4.e;https://www.wikidata.org/wiki/Q15746672;http://id.loc.gov/authorities/subjects/sh85070913	Judgment and Decision Making		onet;skill;category;social studies	onet	9.0	12.0
onet.knowledge.2.C.2.a	2.C.2.a;dbpedia.Production_and_manufacturing	https://www.onetonline.org/find/descriptor/result/2.C.2.a;http://dbpedia.org/resource/Category:Production_and_manufacturing	Production and Processing		onet;knowledge	onet	9.0	12.0
onet.knowledge.2.C.2.b	2.C.2.b;wd.Q2836940;dbpedia.Food_industry	https://www.onetonline.org/find/descriptor/result/2.C.2.b;https://www.wikidata.org/wiki/Q2836940;http://dbpedia.org/resource/Category:Food_industry	Food Production		onet;knowledge	onet	16	20
onet.knowledge.2.C.3.a	2.C.3.a;lcsh.sh85029552	https://www.onetonline.org/find/descriptor/result/2.C.3.a;http://id.loc.gov/authorities/subjects/sh85029552	Computers and Electronics		onet;knowledge	onet	8.0	11.0
onet.knowledge.2.C.3.d	2.C.3.d;lcsh.sh85017693	https://www.onetonline.org/find/descriptor/result/2.C.3.d;http://id.loc.gov/authorities/subjects/sh85017693	Building and Construction		onet;knowledge	onet	0.0	12.0
onet.knowledge.2.C.3.e	2.C.3.e;csp.MS-HS-HDSS-6.4.a.iii;S21395121;036927A63E8543E48FD5DFB6EE0B6125;lcsh.sh85082750	https://www.onetonline.org/find/descriptor/result/2.C.3.e;http://id.loc.gov/authorities/subjects/sh85082750	Mechanical		onet;knowledge;ctae	onet	6.0	6.0
fos.chemistry	onet.knowledge.2.C.4.c;2.C.4.c;lightcast.KS120LH5W508G8HMY9GG;KS120LH5W508G8HMY9GG;esco.cde9911c-f92e-4de1-811f-336e177ac4ce;http://data.europa.eu/esco/skill/cde9911c-f92e-4de1-811f-336e177ac4ce;opensalt.73005844-8089-500f-9fe2-0bf242c245ee;opensalt.19187173-4f99-42b8-b795-ad40a7016daa;opensalt.b172a154-6652-11ef-b620-0242ac140003;opensalt.C;opensalt.fb7f864a-7c87-11ef-a7cd-0242ac140003;lcsh.sh85022986;dbpedia.Chemistry;dbpedia.General_chemistry	https://www.onetonline.org/find/descriptor/result/2.C.4.c;https://skills.emsidata.com/skills/KS120LH5W508G8HMY9GG;http://data.europa.eu/esco/skill/cde9911c-f92e-4de1-811f-336e177ac4ce;http://id.loc.gov/authorities/subjects/sh85022986;http://dbpedia.org/resource/Category:Chemistry;http://dbpedia.org/resource/Category:General_chemistry	Chemistry	The composition, structure, and properties of substances and the processes and transformations that they undergo; the uses of different chemicals and their interactions, production techniques, risk factors, and disposal methods.	field of study;onet;knowledge;specialized skill;course;lcsh;dbpedia	fos	9.0	12.0
fos.biology	onet.knowledge.2.C.4.d;2.C.4.d;lightcast.KS121166ZTSL5011K9Q3;KS121166ZTSL5011K9Q3;esco.9433da85-70fa-4a25-8f96-71fa59dd1989;http://data.europa.eu/esco/skill/9433da85-70fa-4a25-8f96-71fa59dd1989;opensalt.e6670856-1528-54a5-b5d4-9999b071cfd7;opensalt.112e95b0-8251-45d9-b905-b3708b5a0715;opensalt.b9090cfa-6652-11ef-9fea-0242ac140003;opensalt.B;opensalt.fbaa99fc-7c87-11ef-8e58-0242ac140003;lcsh.sh85014203;dbpedia.Biology;csp.86CFBE80DFE501314DCB68A86D17958E;S2373729;86CFBE80DFE501314DCB68A86D17958E;csp.FC47A542B51D4F09B302C5F8ADCFC8F6;S2567536;FC47A542B51D4F09B302C5F8ADCFC8F6;wd.Q420;dbpedia.Building_biology	https://www.onetonline.org/find/descriptor/result/2.C.4.d;https://skills.emsidata.com/skills/KS121166ZTSL5011K9Q3;http://data.europa.eu/esco/skill/9433da85-70fa-4a25-8f96-71fa59dd1989;http://id.loc.gov/authorities/subjects/sh85014203;http://dbpedia.org/resource/Category:Biology;https://www.wikidata.org/wiki/Q420;http://dbpedia.org/resource/Category:Building_biology	Biology	Tissues, cells, and functions of plant and animal organisms and their interdependencies and interactions with each other and the environment.	field of study;onet;knowledge;specialized skill;course;lcsh;dbpedia;science	fos	9.0	12.0
fos.psychology	onet.knowledge.2.C.4.e;2.C.4.e;lightcast.KS124VJ71BKMYXC1PP09;KS124VJ71BKMYXC1PP09;esco.bfe4f330-d595-48c7-ab3c-f309471d6953;http://data.europa.eu/esco/skill/bfe4f330-d595-48c7-ab3c-f309471d6953;opensalt.eb6b0208-96cd-4d63-8961-745308cdaf88;lcsh.sh85108459;lcsh.sh2002011487;dbpedia.Psychology;wd.Q9418;dbpedia.Works_of_psychology	https://www.onetonline.org/find/descriptor/result/2.C.4.e;https://skills.emsidata.com/skills/KS124VJ71BKMYXC1PP09;http://data.europa.eu/esco/skill/bfe4f330-d595-48c7-ab3c-f309471d6953;http://id.loc.gov/authorities/subjects/sh85108459;http://id.loc.gov/authorities/subjects/sh2002011487;http://dbpedia.org/resource/Category:Psychology;https://www.wikidata.org/wiki/Q9418;http://dbpedia.org/resource/Category:Works_of_psychology	Psychology	The human behaviour and performance with individual differences in ability, personality, interests, learning, and motivation.	field of study;onet;knowledge;specialized skill;course;lcsh;dbpedia	fos	9.0	12.0
onet.knowledge.2.C.5.b	2.C.5.b;lcsh.sh99005356	https://www.onetonline.org/find/descriptor/result/2.C.5.b;http://id.loc.gov/authorities/subjects/sh99005356	Therapy and Counseling		onet;knowledge	onet	9.0	12.0
fos.fine_arts	onet.knowledge.2.C.7.c;2.C.7.c;esco.17996b4f-1302-4bd7-a4c7-912b74feccf0;http://data.europa.eu/esco/skill/17996b4f-1302-4bd7-a4c7-912b74feccf0;wd.Q36649;lcsh.sh85065826	https://www.onetonline.org/find/descriptor/result/2.C.7.c;http://data.europa.eu/esco/skill/17996b4f-1302-4bd7-a4c7-912b74feccf0;https://www.wikidata.org/wiki/Q36649;http://id.loc.gov/authorities/subjects/sh85065826	Fine Arts	The theory and techniques required to compose, produce and perform works of visual arts as drawing, painting, sculpture and other art forms.	field of study;onet;knowledge	fos	0.0	0.0
onet.knowledge.2.C.9.a	2.C.9.a;lightcast.KS120XP636CB5432F5TP;KS120XP636CB5432F5TP;lcsh.sh85133270;dbpedia.Telecommunication;dbpedia.Telecommunications;wd.Q418;dbpedia.Telecom	https://www.onetonline.org/find/descriptor/result/2.C.9.a;https://skills.emsidata.com/skills/KS120XP636CB5432F5TP;http://id.loc.gov/authorities/subjects/sh85133270;http://dbpedia.org/resource/Category:Telecommunication;http://dbpedia.org/resource/Category:Telecommunications;https://www.wikidata.org/wiki/Q418;http://dbpedia.org/resource/Category:Telecom	Telecommunications	Telecom; Telecommunications; Telecommunication industry; Mass communication; Electric communication	onet;knowledge;specialized skill;lcsh;dbpedia	onet	16	20
onet.knowledge.2.C.9.b	2.C.9.b;dbpedia.Communications_and_media_organizations	https://www.onetonline.org/find/descriptor/result/2.C.9.b;http://dbpedia.org/resource/Category:Communications_and_media_organizations	Communications and Media		onet;knowledge	onet	0.0	12.0
onet.ability.1.A.1.a.3	1.A.1.a.3;wd.Q5802823;lcsh.sh94001362	https://www.onetonline.org/find/descriptor/result/1.A.1.a.3;https://www.wikidata.org/wiki/Q5802823;http://id.loc.gov/authorities/subjects/sh94001362	Oral Expression		onet;ability	onet	16	20
onet.ability.1.A.1.a.4	1.A.1.a.4;wd.Q109671540;lcsh.sh94004145	https://www.onetonline.org/find/descriptor/result/1.A.1.a.4;https://www.wikidata.org/wiki/Q109671540;http://id.loc.gov/authorities/subjects/sh94004145	Written Expression		onet;ability	onet	7.0	9.0
mooccubex.psy.独创性	独创性;onet.ability.1.A.1.b.2;1.A.1.b.2;lcsh.sh85095646;lcsh.sh85095647;wd.Q2914681;lcsh.sh96011932	https://www.onetonline.org/find/descriptor/result/1.A.1.b.2;http://id.loc.gov/authorities/subjects/sh85095646;http://id.loc.gov/authorities/subjects/sh85095647;https://www.wikidata.org/wiki/Q2914681;http://id.loc.gov/authorities/subjects/sh96011932	originality		psychology;onet;ability;lcsh	mooccubex	13	16
onet.ability.1.A.1.b.3	1.A.1.b.3;lcsh.sh94004656	https://www.onetonline.org/find/descriptor/result/1.A.1.b.3;http://id.loc.gov/authorities/subjects/sh94004656	Problem Sensitivity		onet;ability	onet	9.0	12.0
onet.ability.1.A.1.b.4	1.A.1.b.4;lightcast.KS122SX5ZKP98Q69G6HV;KS122SX5ZKP98Q69G6HV;dbpedia.Deductive_reasoning;wd.Q484284;lcsh.sh85037000	https://www.onetonline.org/find/descriptor/result/1.A.1.b.4;https://skills.emsidata.com/skills/KS122SX5ZKP98Q69G6HV;http://dbpedia.org/resource/Category:Deductive_reasoning;https://www.wikidata.org/wiki/Q484284;http://id.loc.gov/authorities/subjects/sh85037000	Deductive Reasoning		onet;ability;common skill;dbpedia	onet	0.0	12.0
onet.ability.1.A.1.c.1	1.A.1.c.1;opensalt.91ce250a-2811-11ef-8e1a-0242c0a84003;wd.Q122766417;lcsh.sh97002932	https://www.onetonline.org/find/descriptor/result/1.A.1.c.1;https://www.wikidata.org/wiki/Q122766417;http://id.loc.gov/authorities/subjects/sh97002932	Mathematical Reasoning		onet;ability;goal	onet	0.0	12.0
mooccubex.psy.选择性注意	选择性注意;onet.ability.1.A.1.g.1;1.A.1.g.1;wd.Q18434924;lcsh.sh85009398	https://www.onetonline.org/find/descriptor/result/1.A.1.g.1;https://www.wikidata.org/wiki/Q18434924;http://id.loc.gov/authorities/subjects/sh85009398	Selective Attention		psychology;onet;ability	mooccubex	9.0	12.0
onet.ability.1.A.2.b.1	1.A.2.b.1;lcsh.sh85106234	https://www.onetonline.org/find/descriptor/result/1.A.2.b.1;http://id.loc.gov/authorities/subjects/sh85106234	Control Precision		onet;ability	onet	1.0	6.0
onet.ability.1.A.2.b.2	1.A.2.b.2;lcsh.sh85086459	https://www.onetonline.org/find/descriptor/result/1.A.2.b.2;http://id.loc.gov/authorities/subjects/sh85086459	Multilimb Coordination		onet;ability	onet	1.0	6.0
onet.ability.1.A.2.b.3	1.A.2.b.3	https://www.onetonline.org/find/descriptor/result/1.A.2.b.3	Response Orientation		onet;ability	onet	16	20
onet.ability.1.A.2.b.4	1.A.2.b.4;wd.Q116779782;lcsh.sh85111504	https://www.onetonline.org/find/descriptor/result/1.A.2.b.4;https://www.wikidata.org/wiki/Q116779782;http://id.loc.gov/authorities/subjects/sh85111504	Rate Control		onet;ability	onet	1.0	6.0
mooccubex.psy.反应时	反应时;onet.ability.1.A.2.c.1;1.A.2.c.1;lcsh.sh85111631;lcsh.sh87006396	https://www.onetonline.org/find/descriptor/result/1.A.2.c.1;http://id.loc.gov/authorities/subjects/sh85111631;http://id.loc.gov/authorities/subjects/sh87006396	reaction time	Time, Reaction; Response time (Psychology)	psychology;onet;ability;lcsh	mooccubex	1.0	6.0
onet.ability.1.A.3.c.3	1.A.3.c.3	https://www.onetonline.org/find/descriptor/result/1.A.3.c.3	Gross Body Coordination		onet;ability	onet	16	20
onet.ability.1.A.4.a.6	1.A.4.a.6;lightcast.KS122V476R907X5ZRBX7;KS122V476R907X5ZRBX7;lcsh.sh85037070;wd.Q1749840;lcsh.sh2020012277	https://www.onetonline.org/find/descriptor/result/1.A.4.a.6;https://skills.emsidata.com/skills/KS122V476R907X5ZRBX7;http://id.loc.gov/authorities/subjects/sh85037070;https://www.wikidata.org/wiki/Q1749840;http://id.loc.gov/authorities/subjects/sh2020012277	Depth Perception	Distance perception	onet;ability;common skill;lcsh	onet	16	20
onet.ability.1.A.4.b.1	1.A.4.b.1;lcsh.sh2008121494	https://www.onetonline.org/find/descriptor/result/1.A.4.b.1;http://id.loc.gov/authorities/subjects/sh2008121494	Hearing Sensitivity		onet;ability	onet	16	20
onet.ability.1.A.4.b.2	1.A.4.b.2;lcsh.sh2014002441	https://www.onetonline.org/find/descriptor/result/1.A.4.b.2;http://id.loc.gov/authorities/subjects/sh2014002441	Auditory Attention		onet;ability	onet	9.0	12.0
mooccubex.psy.生物医学	生物医学;lightcast.KS1211K73RWDJZTS7MZY;KS1211K73RWDJZTS7MZY;esco.10f08e82-ee2f-4790-a43d-5fd3f9b8a392;http://data.europa.eu/esco/skill/10f08e82-ee2f-4790-a43d-5fd3f9b8a392;dbpedia.Biomedicine;wd.Q864601;lcsh.sh2009009163	https://skills.emsidata.com/skills/KS1211K73RWDJZTS7MZY;http://data.europa.eu/esco/skill/10f08e82-ee2f-4790-a43d-5fd3f9b8a392;http://dbpedia.org/resource/Category:Biomedicine;https://www.wikidata.org/wiki/Q864601;http://id.loc.gov/authorities/subjects/sh2009009163	Biomedicine	The study of the human body in relation to medicine and the environment. This includes the applications and practices involved in biological and natural sciences.	psychology;specialized skill;knowledge;dbpedia	mooccubex	9.0	12.0
mooccubex.psy.生命伦理	生命伦理;mooccubex.psy.生命伦理学;生命伦理学;lightcast.KS1210N680TD1BLL97RL;KS1210N680TD1BLL97RL;esco.1d1b0108-3d56-45e2-bf0a-dca06a8ee5e3;http://data.europa.eu/esco/skill/1d1b0108-3d56-45e2-bf0a-dca06a8ee5e3;lcsh.sh85014136;dbpedia.Bioethics;wd.Q194294;lcsh.sh2009117066	https://skills.emsidata.com/skills/KS1210N680TD1BLL97RL;http://data.europa.eu/esco/skill/1d1b0108-3d56-45e2-bf0a-dca06a8ee5e3;http://id.loc.gov/authorities/subjects/sh85014136;http://dbpedia.org/resource/Category:Bioethics;https://www.wikidata.org/wiki/Q194294;http://id.loc.gov/authorities/subjects/sh2009117066	Bioethics	The implications of various ethical issues related to the new advancements in biotechnology and medicine such as human experimentation.	psychology;specialized skill;knowledge;lcsh;dbpedia	mooccubex	9.0	12.0
mooccubex.psy.神经生理学	神经生理学;lightcast.KS1270J5YK093XXZ7HVS;KS1270J5YK093XXZ7HVS;esco.2052d546-c8ed-4595-a2e2-49247063372b;http://data.europa.eu/esco/skill/2052d546-c8ed-4595-a2e2-49247063372b;lcsh.sh85091159;dbpedia.Neurophysiology;wd.Q660910;lcsh.sh89006682	https://skills.emsidata.com/skills/KS1270J5YK093XXZ7HVS;http://data.europa.eu/esco/skill/2052d546-c8ed-4595-a2e2-49247063372b;http://id.loc.gov/authorities/subjects/sh85091159;http://dbpedia.org/resource/Category:Neurophysiology;https://www.wikidata.org/wiki/Q660910;http://id.loc.gov/authorities/subjects/sh89006682	Neurophysiology	The medical specialty which is concerned with the study of the nervous system functionalities.	psychology;specialized skill;knowledge;lcsh;dbpedia	mooccubex	9.0	12.0
mooccubex.psy.营销管理	营销管理;lightcast.KS1265M698X7BRS20SWP;KS1265M698X7BRS20SWP;esco.5bbaa0e6-0fd7-4df2-9db7-34f78b40dc34;http://data.europa.eu/esco/skill/5bbaa0e6-0fd7-4df2-9db7-34f78b40dc34;lcsh.sh85081339;wd.Q1143466;lcsh.sh2008107424	https://skills.emsidata.com/skills/KS1265M698X7BRS20SWP;http://data.europa.eu/esco/skill/5bbaa0e6-0fd7-4df2-9db7-34f78b40dc34;http://id.loc.gov/authorities/subjects/sh85081339;https://www.wikidata.org/wiki/Q1143466;http://id.loc.gov/authorities/subjects/sh2008107424	Marketing Management	The academic discipline and function in an organisation which focuses on the market research, market development, and the creation of marketing campaigns to raise awareness on the company's services and products.	psychology;specialized skill;knowledge;lcsh;business	mooccubex	13	16
mooccubex.psy.健康心理学	健康心理学;lightcast.KS124N16KDQ79QWJDCS0;KS124N16KDQ79QWJDCS0;esco.7aff2d0c-790a-47e2-a1c3-206eb0fc74d9;http://data.europa.eu/esco/skill/7aff2d0c-790a-47e2-a1c3-206eb0fc74d9;wd.Q5690633;lcsh.sh86007745	https://skills.emsidata.com/skills/KS124N16KDQ79QWJDCS0;http://data.europa.eu/esco/skill/7aff2d0c-790a-47e2-a1c3-206eb0fc74d9;https://www.wikidata.org/wiki/Q5690633;http://id.loc.gov/authorities/subjects/sh86007745	Health Psychology	The development, implementations and evaluation of health psychological concepts.	psychology;specialized skill;knowledge	mooccubex	9.0	12.0
fos.computer_science	lightcast.KS1226Y6DNDT05G7FJ4J;KS1226Y6DNDT05G7FJ4J;esco.7b5cce4d-c7fe-4119-b48f-70aa05391787;http://data.europa.eu/esco/skill/7b5cce4d-c7fe-4119-b48f-70aa05391787;lcsh.sh89003285;dbpedia.Computer_science;dbpedia.Computer_Science;wd.Q21198;dbpedia.Computer_science_education	https://skills.emsidata.com/skills/KS1226Y6DNDT05G7FJ4J;http://data.europa.eu/esco/skill/7b5cce4d-c7fe-4119-b48f-70aa05391787;http://id.loc.gov/authorities/subjects/sh89003285;http://dbpedia.org/resource/Category:Computer_science;http://dbpedia.org/resource/Category:Computer_Science;https://www.wikidata.org/wiki/Q21198;http://dbpedia.org/resource/Category:Computer_science_education	Computer Science	The scientific and practical study that deals with the foundations of information and computation, namely algorithms, data structures, programming, and data architecture. It deals with the practicability, structure and mechanisation of the methodical procedures that manage the acquisition, processing, and access to information.	field of study;specialized skill;knowledge;lcsh;dbpedia	fos	8.0	11.0
mooccubex.psy.发展心理学	发展心理学;lightcast.KS121VT753QVH9FM0851;KS121VT753QVH9FM0851;esco.868fc91a-f988-48e2-81e5-33e1b3de0ac2;http://data.europa.eu/esco/skill/868fc91a-f988-48e2-81e5-33e1b3de0ac2;lcsh.sh85037359;dbpedia.Developmental_psychology;wd.Q5266797;dbpedia.Developmental_psychologists	https://skills.emsidata.com/skills/KS121VT753QVH9FM0851;http://data.europa.eu/esco/skill/868fc91a-f988-48e2-81e5-33e1b3de0ac2;http://id.loc.gov/authorities/subjects/sh85037359;http://dbpedia.org/resource/Category:Developmental_psychology;https://www.wikidata.org/wiki/Q5266797;http://dbpedia.org/resource/Category:Developmental_psychologists	developmental psychology	The study of human behaviour, performance, and psychological development from infancy to adolescence.	psychology;specialized skill;knowledge;lcsh;dbpedia	mooccubex	9.0	12.0
mooccubex.psy.心理病理学	心理病理学;lightcast.KS1286J6C67SMV4H408V;KS1286J6C67SMV4H408V;esco.c388229c-484d-42ec-ac28-ffad52020138;http://data.europa.eu/esco/skill/c388229c-484d-42ec-ac28-ffad52020138;dbpedia.Psychopathology;wd.Q7256466;lcsh.sh94003383	https://skills.emsidata.com/skills/KS1286J6C67SMV4H408V;http://data.europa.eu/esco/skill/c388229c-484d-42ec-ac28-ffad52020138;http://dbpedia.org/resource/Category:Psychopathology;https://www.wikidata.org/wiki/Q7256466;http://id.loc.gov/authorities/subjects/sh94003383	Psychopathology	The criteria of psychiatric diagnoses, the use of the disease classification system, and the theories of psychopathology. The indicators of functional and organic disorders and the types of psychopharmacological medications.	psychology;specialized skill;knowledge;dbpedia	mooccubex	9.0	12.0
mooccubex.psy.神经心理学	神经心理学;lightcast.KS1270J6NQDG9T5JLKLY;KS1270J6NQDG9T5JLKLY;esco.e40d5ab6-957c-414f-9a6f-5e4c6208420f;http://data.europa.eu/esco/skill/e40d5ab6-957c-414f-9a6f-5e4c6208420f;lcsh.sh85091163;dbpedia.Neuropsychology;wd.Q3872;lcsh.sh85091164	https://skills.emsidata.com/skills/KS1270J6NQDG9T5JLKLY;http://data.europa.eu/esco/skill/e40d5ab6-957c-414f-9a6f-5e4c6208420f;http://id.loc.gov/authorities/subjects/sh85091163;http://dbpedia.org/resource/Category:Neuropsychology;https://www.wikidata.org/wiki/Q3872;http://id.loc.gov/authorities/subjects/sh85091164	neuropsychology	The way in which psychological processes affect the human brain, its structure and functioning mode.	psychology;specialized skill;knowledge;lcsh;dbpedia	mooccubex	9.0	12.0
mooccubex.psy.精神科	精神科;mooccubex.psy.精神病学;精神病学;lightcast.KS120887040ZBRPXRMPS;KS120887040ZBRPXRMPS;esco.f9f258e3-4728-4107-9e08-293d5d2ef65e;http://data.europa.eu/esco/skill/f9f258e3-4728-4107-9e08-293d5d2ef65e;lcsh.sh85108381;dbpedia.Psychiatry;wd.Q7867;dbpedia.Psychiatry_works	https://skills.emsidata.com/skills/KS120887040ZBRPXRMPS;http://data.europa.eu/esco/skill/f9f258e3-4728-4107-9e08-293d5d2ef65e;http://id.loc.gov/authorities/subjects/sh85108381;http://dbpedia.org/resource/Category:Psychiatry;https://www.wikidata.org/wiki/Q7867;http://dbpedia.org/resource/Category:Psychiatry_works	Psychiatry	Psychiatry is a medical specialty mentioned in the EU Directive 2005/36/EC.	psychology;specialized skill;knowledge;lcsh;dbpedia	mooccubex	9.0	12.0
fos.astronomy	lightcast.KS120Q45WG1FGTWK1CN8;KS120Q45WG1FGTWK1CN8;esco.ff27618d-43d0-4480-83ee-8b1a672da078;http://data.europa.eu/esco/skill/ff27618d-43d0-4480-83ee-8b1a672da078;opensalt.840a1e61-c9f6-4a94-b144-cdaacdb61c57;lcsh.sh85009003;dbpedia.Astronomy;wd.Q333;lcsh.sh85125915	https://skills.emsidata.com/skills/KS120Q45WG1FGTWK1CN8;http://data.europa.eu/esco/skill/ff27618d-43d0-4480-83ee-8b1a672da078;http://id.loc.gov/authorities/subjects/sh85009003;http://dbpedia.org/resource/Category:Astronomy;https://www.wikidata.org/wiki/Q333;http://id.loc.gov/authorities/subjects/sh85125915	Astronomy	The field of science that studies the physics, chemistry, and evolution of celestial objects such as stars, comets, and moons. It also examines phenomena that happen outside Earth's atmosphere such as solar storms, cosmic microwave background radiation, and gamma ray bursts.	field of study;specialized skill;knowledge;course;lcsh;dbpedia	fos	9.0	12.0
mooccubex.cs.操作命令	操作命令;dbpedia.Computing_commands	http://dbpedia.org/resource/Category:Computing_commands	operation command		computer science	mooccubex	7.0	9.0
mooccubex.cs.重新启动	重新启动;dbpedia.ReBoot	http://dbpedia.org/resource/Category:ReBoot	restart		computer science	mooccubex	7.0	9.0
mooccubex.cs.辅助存储器	辅助存储器;dbpedia.Storage_systems	http://dbpedia.org/resource/Category:Storage_systems	auxiliary storage		computer science	mooccubex	13	16
mooccubex.cs.文件管理	文件管理;lightcast.KS123XL73F2L2R1ZXK0K;KS123XL73F2L2R1ZXK0K;wd.Q5157540;dbpedia.File_system_management	https://skills.emsidata.com/skills/KS123XL73F2L2R1ZXK0K;https://www.wikidata.org/wiki/Q5157540;http://dbpedia.org/resource/Category:File_system_management	file management		computer science;specialized skill	mooccubex	7.0	12.0
mooccubex.cs.并行编译	并行编译;lcsh.sh2006007702	http://id.loc.gov/authorities/subjects/sh2006007702	parallel compilation		computer science	mooccubex	7.0	9.0
mooccubex.cs.中断信号	中断信号;lcsh.sh94000530	http://id.loc.gov/authorities/subjects/sh94000530	interrupt signal		computer science	mooccubex	13	16
mooccubex.cs.软中断	软中断;lcsh.sh94000530	http://id.loc.gov/authorities/subjects/sh94000530	software interrupt		computer science	mooccubex	13	16
mooccubex.cs.储存空间	储存空间;dbpedia.Computer_storage	http://dbpedia.org/resource/Category:Computer_storage	storage space		computer science	mooccubex	1.0	6.0
mooccubex.cs.文件分配	文件分配;lcsh.sh85040314	http://id.loc.gov/authorities/subjects/sh85040314	file allocation		computer science	mooccubex	1.0	6.0
mooccubex.cs.写访问	写访问		write access		computer science	mooccubex	9.0	12.0
mooccubex.cs.数据文件	数据文件;lightcast.KS122P15X48TTGZ5KCLY;KS122P15X48TTGZ5KCLY;wd.Q5227290;dbpedia.Computer_data	https://skills.emsidata.com/skills/KS122P15X48TTGZ5KCLY;https://www.wikidata.org/wiki/Q5227290;http://dbpedia.org/resource/Category:Computer_data	data file		computer science;specialized skill	mooccubex	7.0	12.0
mooccubex.cs.实线	实线;dbpedia.U_Line	http://dbpedia.org/resource/Category:U_Line	solid line		computer science	mooccubex	7.0	9.0
mooccubex.cs.管理子系统	管理子系统		management subsystem		computer science	mooccubex	13	16
mooccubex.cs.程序状态	程序状态		program status		computer science	mooccubex	8.0	11.0
mooccubex.cs.黑箱	黑箱;lcsh.sh2005020651;wd.Q18449638;dbpedia.Black_Box_(band)_songs	http://id.loc.gov/authorities/subjects/sh2005020651;https://www.wikidata.org/wiki/Q18449638;http://dbpedia.org/resource/Category:Black_Box_(band)_songs	black box	Box, Black (Plant); Flooded gum (Plant); Box, River (Plant); River box (Plant); Flooded box (Plant); Box, Flooded (Plant); Eucalyptus largiflorens	computer science;lcsh	mooccubex	13	16
mooccubex.cs.模拟环境	模拟环境;dbpedia.Free_simulation_software	http://dbpedia.org/resource/Category:Free_simulation_software	simulation environment		computer science	mooccubex	9.0	12.0
mooccubex.cs.中断服务程序	中断服务程序;wd.Q1541162;lcsh.sh94000530	https://www.wikidata.org/wiki/Q1541162;http://id.loc.gov/authorities/subjects/sh94000530	interrupt service routine		computer science	mooccubex	13	16
mooccubex.cs.先来先服务	先来先服务;wd.Q114493734	https://www.wikidata.org/wiki/Q114493734	first come first served		computer science	mooccubex	13	16
mooccubex.cs.内部网关协议	内部网关协议;wd.Q431028;dbpedia.Southern_Integrated_Gateway	https://www.wikidata.org/wiki/Q431028;http://dbpedia.org/resource/Category:Southern_Integrated_Gateway	interior gateway protocol		computer science	mooccubex	13	16
mooccubex.cs.存储分配	存储分配;wd.Q2308807;dbpedia.Memory_expansion	https://www.wikidata.org/wiki/Q2308807;http://dbpedia.org/resource/Category:Memory_expansion	memory allocation		computer science	mooccubex	1.0	6.0
mooccubex.cs.缓存	缓存;dbpedia.Cache_(computing);wd.Q164099;lcsh.sh91002589	http://dbpedia.org/resource/Category:Cache_(computing);https://www.wikidata.org/wiki/Q164099;http://id.loc.gov/authorities/subjects/sh91002589	cache		computer science;dbpedia	mooccubex	13	16
mooccubex.cs.冲突检测	冲突检测;lightcast.KS1223S5WQJL1RJ9F3DJ;KS1223S5WQJL1RJ9F3DJ;lcsh.sh2005008469;wd.Q1550329;lcsh.sh85028441	https://skills.emsidata.com/skills/KS1223S5WQJL1RJ9F3DJ;http://id.loc.gov/authorities/subjects/sh2005008469;https://www.wikidata.org/wiki/Q1550329;http://id.loc.gov/authorities/subjects/sh85028441	collision detection	Detection, Collision (Computer animation)	computer science;specialized skill;lcsh	mooccubex	9.0	12.0
mooccubex.cs.载波侦听	载波侦听		carrier sensing		computer science	mooccubex	13	16
mooccubex.cs.互连网络	互连网络;lcsh.sh2002000566	http://id.loc.gov/authorities/subjects/sh2002000566	interconnection network		computer science	mooccubex	9.0	12.0
mooccubex.cs.广播网络	广播网络;lightcast.KS7G4B879DFJWLP7MVFQ;KS7G4B879DFJWLP7MVFQ;wd.Q141683;dbpedia.Broadcasting_stations_and_networks	https://skills.emsidata.com/skills/KS7G4B879DFJWLP7MVFQ;https://www.wikidata.org/wiki/Q141683;http://dbpedia.org/resource/Category:Broadcasting_stations_and_networks	broadcast network		computer science;specialized skill	mooccubex	13	16
mooccubex.cs.连接请求	连接请求		connection request		computer science	mooccubex	9.0	12.0
mooccubex.cs.链路状态分组	链路状态分组;wd.Q3888408	https://www.wikidata.org/wiki/Q3888408	link state packet		computer science	mooccubex	13	16
mooccubex.cs.应用环境	应用环境;lightcast.KS120L26JPS6F95ZVNBB;KS120L26JPS6F95ZVNBB;lcsh.sh90001980	https://skills.emsidata.com/skills/KS120L26JPS6F95ZVNBB;http://id.loc.gov/authorities/subjects/sh90001980	application environment		computer science;specialized skill	mooccubex	7.0	9.0
mooccubex.cs.启动程序	启动程序;lightcast.KS1214Q77FWR2CQPKZN1;KS1214Q77FWR2CQPKZN1;lcsh.sh2017005163	https://skills.emsidata.com/skills/KS1214Q77FWR2CQPKZN1;http://id.loc.gov/authorities/subjects/sh2017005163	bootstrap program		computer science;specialized skill	mooccubex	13	16
mooccubex.cs.功能块	功能块		functional block		computer science	mooccubex	7.0	9.0
mooccubex.cs.二进制信号	二进制信号		binary signal		computer science	mooccubex	13	16
mooccubex.cs.高速缓存	高速缓存;lcsh.sh88007957;wd.Q11802494;dbpedia.Computer_memory	http://id.loc.gov/authorities/subjects/sh88007957;https://www.wikidata.org/wiki/Q11802494;http://dbpedia.org/resource/Category:Computer_memory	cache memory	Cache storage; Cache (Computers)	computer science;lcsh	mooccubex	13	16
mooccubex.cs.段表	段表		segment table		computer science	mooccubex	7.0	9.0
mooccubex.cs.中断机制	中断机制;lcsh.sh94000530	http://id.loc.gov/authorities/subjects/sh94000530	interrupt mechanism		computer science	mooccubex	13	16
mooccubex.cs.远程系统	远程系统;mooccubex.cs.远程访问;远程访问;lightcast.KS128J36MZHTHPDFYGNQ;KS128J36MZHTHPDFYGNQ;lightcast.KS128J36XCRF6771N7QM;KS128J36XCRF6771N7QM;lightcast.KS128J35X63H07CSVVGV;KS128J35X63H07CSVVGV;lightcast.KS128J66ZCFKLL61HB14;KS128J66ZCFKLL61HB14;lightcast.KS125MN61CG1GC5MB5N9;KS125MN61CG1GC5MB5N9;lightcast.KS4400179KNT29JBW0PY;KS4400179KNT29JBW0PY;opensalt.2f719a28-f7f6-11e8-958a-0242ac190005;opensalt.NCCTE.2015.BN20.14.03;csp.0EECA80FF19047698BA369E882EB2734;S2588324;0EECA80FF19047698BA369E882EB2734;lcsh.sh85112796	https://skills.emsidata.com/skills/KS128J36MZHTHPDFYGNQ;https://skills.emsidata.com/skills/KS128J36XCRF6771N7QM;https://skills.emsidata.com/skills/KS128J35X63H07CSVVGV;https://skills.emsidata.com/skills/KS128J66ZCFKLL61HB14;https://skills.emsidata.com/skills/KS125MN61CG1GC5MB5N9;https://skills.emsidata.com/skills/KS4400179KNT29JBW0PY;http://id.loc.gov/authorities/subjects/sh85112796	remote system		computer science;specialized skill;21st century skills	mooccubex	3.0	12.0
mooccubex.cs.程序指令	程序指令;lcsh.sh85107307	http://id.loc.gov/authorities/subjects/sh85107307	program instruction		computer science	mooccubex	8.0	11.0
mooccubex.cs.指令流	指令流;dbpedia.Instruction_processing	http://dbpedia.org/resource/Category:Instruction_processing	instruction stream		computer science	mooccubex	8.0	11.0
mooccubex.cs.文件组织	文件组织;lightcast.KS1B9SM0VBAADAUP1A98;KS1B9SM0VBAADAUP1A98;lcsh.sh85048195;wd.Q117285355;lcsh.sh2008120448	https://skills.emsidata.com/skills/KS1B9SM0VBAADAUP1A98;http://id.loc.gov/authorities/subjects/sh85048195;https://www.wikidata.org/wiki/Q117285355;http://id.loc.gov/authorities/subjects/sh2008120448	file organization	File management (Computer science); File systems (Computer science); Organization, File (Computer science)	computer science;specialized skill;lcsh	mooccubex	13	16
mooccubex.cs.通用操作系统	通用操作系统;dbpedia.Operating_system_technology	http://dbpedia.org/resource/Category:Operating_system_technology	general purpose operating system		computer science	mooccubex	7.0	9.0
mooccubex.cs.顺时针旋转	顺时针旋转;lcsh.sh85115493	http://id.loc.gov/authorities/subjects/sh85115493	clockwise rotation		computer science	mooccubex	1.0	6.0
mooccubex.cs.互联网协议	互联网协议;lightcast.KS125917178Z6QR6JB68;KS125917178Z6QR6JB68;dbpedia.Internet_Protocol;dbpedia.Internet_protocols;wd.Q8795;dbpedia.Internet_layer_protocols	https://skills.emsidata.com/skills/KS125917178Z6QR6JB68;http://dbpedia.org/resource/Category:Internet_Protocol;http://dbpedia.org/resource/Category:Internet_protocols;https://www.wikidata.org/wiki/Q8795;http://dbpedia.org/resource/Category:Internet_layer_protocols	Internet Protocol		computer science;specialized skill;dbpedia;technology	mooccubex	13	16
mooccubex.cs.互联网电视	互联网电视;lcsh.sh99014230;dbpedia.Internet_television;wd.Q841645;dbpedia.Web_television	http://id.loc.gov/authorities/subjects/sh99014230;http://dbpedia.org/resource/Category:Internet_television;https://www.wikidata.org/wiki/Q841645;http://dbpedia.org/resource/Category:Web_television	Internet television	Net TV; Web television; Web TV; Net television; Internet TV	computer science;lcsh;technology;dbpedia	mooccubex	13	16
mooccubex.cs.树的遍历	树的遍历;lcsh.sh92003633	http://id.loc.gov/authorities/subjects/sh92003633	tree traversal		computer science	mooccubex	7.0	9.0
mooccubex.cs.虚拟地址空间	虚拟地址空间		virtual address space		computer science	mooccubex	13	16
mooccubex.cs.指令功能	指令功能;dbpedia.Instruction_processing	http://dbpedia.org/resource/Category:Instruction_processing	instruction function		computer science	mooccubex	7.0	9.0
mooccubex.cs.执行状态	执行状态;lcsh.sh85046276	http://id.loc.gov/authorities/subjects/sh85046276	execution state		computer science	mooccubex	13	16
mooccubex.cs.数字信息	数字信息;wd.Q173285;dbpedia.Digital_Research	https://www.wikidata.org/wiki/Q173285;http://dbpedia.org/resource/Category:Digital_Research	digital information		computer science	mooccubex	7.0	12.0
mooccubex.cs.磁盘镜像	磁盘镜像;dbpedia.Disk_images;wd.Q592312;dbpedia.Discworld_image	http://dbpedia.org/resource/Category:Disk_images;https://www.wikidata.org/wiki/Q592312;http://dbpedia.org/resource/Category:Discworld_image	disk image		computer science;dbpedia	mooccubex	13	16
mooccubex.cs.连续分布	连续分布		contiguous allocation		computer science	mooccubex	1.0	6.0
mooccubex.cs.执行开销	执行开销;lcsh.sh85096194	http://id.loc.gov/authorities/subjects/sh85096194	execution overhead		computer science	mooccubex	7.0	9.0
mooccubex.cs.操作语义	操作语义;dbpedia.Operational_semantics;wd.Q1930895;lcsh.sh85053766	http://dbpedia.org/resource/Category:Operational_semantics;https://www.wikidata.org/wiki/Q1930895;http://id.loc.gov/authorities/subjects/sh85053766	operational semantics		computer science;dbpedia	mooccubex	13	16
mooccubex.cs.分布式操作系统	分布式操作系统;lcsh.sh90004436;wd.Q588145;dbpedia.Distributed_systems	http://id.loc.gov/authorities/subjects/sh90004436;https://www.wikidata.org/wiki/Q588145;http://dbpedia.org/resource/Category:Distributed_systems	distributed operating system		computer science;lcsh	mooccubex	3.0	12.0
mooccubex.cs.控制线	控制线;wd.Q3562660;lcsh.sh85031657	https://www.wikidata.org/wiki/Q3562660;http://id.loc.gov/authorities/subjects/sh85031657	control line		computer science	mooccubex	13	16
mooccubex.cs.开中断	开中断;mooccubex.cs.允许中断;允许中断		enable interrupt		computer science	mooccubex	13	16
mooccubex.cs.中断控制	中断控制;lcsh.sh94000530	http://id.loc.gov/authorities/subjects/sh94000530	interrupt control		computer science	mooccubex	13	16
mooccubex.cs.禁止中断	禁止中断		disable interrupt		computer science	mooccubex	13	16
mooccubex.cs.递归查询	递归查询;lcsh.sh2018001563	http://id.loc.gov/authorities/subjects/sh2018001563	recursive query		computer science	mooccubex	7.0	9.0
mooccubex.cs.扫描程序	扫描程序;dbpedia.Scanners;dbpedia.Scanners_(film_series);lcsh.sh85117991	http://dbpedia.org/resource/Category:Scanners;http://dbpedia.org/resource/Category:Scanners_(film_series);http://id.loc.gov/authorities/subjects/sh85117991	scanner		computer science;dbpedia;art	mooccubex	8.0	11.0
mooccubex.cs.加减法	加减法;wd.Q2370688;lcsh.sh85000819	https://www.wikidata.org/wiki/Q2370688;http://id.loc.gov/authorities/subjects/sh85000819	addition and subtraction		computer science	mooccubex	7.0	9.0
mooccubex.cs.电路逻辑	电路逻辑;lcsh.sh85078116	http://id.loc.gov/authorities/subjects/sh85078116	circuit logic		computer science	mooccubex	0.0	12.0
mooccubex.cs.命令接口	命令接口;dbpedia.Command-line_software	http://dbpedia.org/resource/Category:Command-line_software	command interface		computer science	mooccubex	8.0	11.0
mooccubex.cs.第二代计算机	第二代计算机;lcsh.sh88006405	http://id.loc.gov/authorities/subjects/sh88006405	second generation computer		computer science	mooccubex	9.0	12.0
mooccubex.cs.指令缓存	指令缓存;wd.Q352090;dbpedia.Instruction_processing	https://www.wikidata.org/wiki/Q352090;http://dbpedia.org/resource/Category:Instruction_processing	instruction cache		computer science	mooccubex	13	16
mooccubex.cs.进程复制	进程复制		process replication		computer science	mooccubex	13	16
mooccubex.cs.纠错	纠错;wd.Q1062839;lcsh.sh2021001528	https://www.wikidata.org/wiki/Q1062839;http://id.loc.gov/authorities/subjects/sh2021001528	error correction		computer science	mooccubex	9.0	12.0
mooccubex.cs.叶节点	叶节点;wd.Q93721778;lcsh.sh2019102697	https://www.wikidata.org/wiki/Q93721778;http://id.loc.gov/authorities/subjects/sh2019102697	leaf node		computer science	mooccubex	13	16
mooccubex.cs.B树	B树;dbpedia.B-tree;wd.Q677051;dbpedia.R-tree	http://dbpedia.org/resource/Category:B-tree;https://www.wikidata.org/wiki/Q677051;http://dbpedia.org/resource/Category:R-tree	B-tree		computer science;dbpedia	mooccubex	7.0	9.0
mooccubex.cs.方波信号	方波信号;lcsh.sh85127091	http://id.loc.gov/authorities/subjects/sh85127091	square wave signal		computer science	mooccubex	9.0	12.0
mooccubex.cs.多媒体通信	多媒体通信;lcsh.sh2003008634;dbpedia.Multimedia_works	http://id.loc.gov/authorities/subjects/sh2003008634;http://dbpedia.org/resource/Category:Multimedia_works	multimedia communication	Multimedia networks; Multimedia telecommunications	computer science;lcsh	mooccubex	13	16
mooccubex.cs.子程序调用指令	子程序调用指令		subroutine call instruction		computer science	mooccubex	13	16
mooccubex.cs.主存储器	主存储器;wd.Q5830907;dbpedia.Computer_memory	https://www.wikidata.org/wiki/Q5830907;http://dbpedia.org/resource/Category:Computer_memory	main memory		computer science	mooccubex	13	16
mooccubex.cs.结束标志	结束标志		end marker		computer science	mooccubex	13	16
mooccubex.cs.特权指令	特权指令;lcsh.sh85119763	http://id.loc.gov/authorities/subjects/sh85119763	privileged instruction		computer science	mooccubex	8.0	11.0
mooccubex.cs.循环冗余校验	循环冗余校验;dbpedia.Cyclic_redundancy_checks;wd.Q245471	http://dbpedia.org/resource/Category:Cyclic_redundancy_checks;https://www.wikidata.org/wiki/Q245471	cyclic redundancy check		computer science;dbpedia	mooccubex	13	16
mooccubex.cs.对数级数	对数级数;dbpedia.Mathematical_series	http://dbpedia.org/resource/Category:Mathematical_series	logarithmic series		computer science	mooccubex	9.0	12.0
mooccubex.cs.调度策略	调度策略;mooccubex.cs.调度方式;调度方式;lcsh.sh2006001450	http://id.loc.gov/authorities/subjects/sh2006001450	scheduling policy		computer science	mooccubex	13	16
mooccubex.cs.编解码器	编解码器;lightcast.KS1222L61GPV4YGW7GK6;KS1222L61GPV4YGW7GK6;dbpedia.Codecs;wd.Q184748;dbpedia.Free_codecs	https://skills.emsidata.com/skills/KS1222L61GPV4YGW7GK6;http://dbpedia.org/resource/Category:Codecs;https://www.wikidata.org/wiki/Q184748;http://dbpedia.org/resource/Category:Free_codecs	codec		computer science;specialized skill;dbpedia	mooccubex	8.0	11.0
mooccubex.cs.实时调度	实时调度;lcsh.sh86002403	http://id.loc.gov/authorities/subjects/sh86002403	real-time scheduling		computer science	mooccubex	13	16
mooccubex.cs.介质访问控制	介质访问控制;lightcast.KS1261Q62HVCB959TLH8;KS1261Q62HVCB959TLH8;dbpedia.Media_access_control;wd.Q3295108;dbpedia.Media_sharing	https://skills.emsidata.com/skills/KS1261Q62HVCB959TLH8;http://dbpedia.org/resource/Category:Media_access_control;https://www.wikidata.org/wiki/Q3295108;http://dbpedia.org/resource/Category:Media_sharing	media access control		computer science;specialized skill;dbpedia	mooccubex	13	16
mooccubex.cs.中断控制器	中断控制器;wd.Q120753841;lcsh.sh94000530	https://www.wikidata.org/wiki/Q120753841;http://id.loc.gov/authorities/subjects/sh94000530	interrupt controller		computer science	mooccubex	13	16
mooccubex.cs.虚拟机管理器	虚拟机管理器;lightcast.KS441TR75YFGJJXF4TGM;KS441TR75YFGJJXF4TGM;dbpedia.Virtualization_software	https://skills.emsidata.com/skills/KS441TR75YFGJJXF4TGM;http://dbpedia.org/resource/Category:Virtualization_software	virtual machine manager		computer science;specialized skill	mooccubex	13	16
mooccubex.cs.遍历过程	遍历过程		traversal		computer science	mooccubex	13	16
mooccubex.cs.伙伴系统	伙伴系统;csp.D5F2634BC05C4CFCAABD2A285C0154F8;S2518471;D5F2634BC05C4CFCAABD2A285C0154F8;wd.Q574746	https://www.wikidata.org/wiki/Q574746	buddy system		computer science;health education	mooccubex	0.0	5.0
mooccubex.cs.内部中断	内部中断;lcsh.sh94000530	http://id.loc.gov/authorities/subjects/sh94000530	internal interrupt		computer science	mooccubex	13	16
mooccubex.cs.准入控制	准入控制;wd.Q4683813;lcsh.sh99002123	https://www.wikidata.org/wiki/Q4683813;http://id.loc.gov/authorities/subjects/sh99002123	admission control		computer science	mooccubex	13	16
mooccubex.cs.嵌入式控制器	嵌入式控制器;wd.Q1334973;lcsh.sh85107305	https://www.wikidata.org/wiki/Q1334973;http://id.loc.gov/authorities/subjects/sh85107305	embedded controller		computer science	mooccubex	13	16
mooccubex.cs.分治	分治		divide and conquer		computer science	mooccubex	1.0	6.0
mooccubex.cs.最大长度	最大长度;wd.Q2358152;lcsh.sh85127318	https://www.wikidata.org/wiki/Q2358152;http://id.loc.gov/authorities/subjects/sh85127318	maximum length		computer science	mooccubex	1.0	6.0
mooccubex.cs.伪随机数	伪随机数;dbpedia.Pseudorandom_number_generators	http://dbpedia.org/resource/Category:Pseudorandom_number_generators	pseudo-random number		computer science	mooccubex	13	16
mooccubex.cs.多进程	多进程;lightcast.KS126SH69Z48BC442BZ2;KS126SH69Z48BC442BZ2;wd.Q846651;lcsh.sh85088386	https://skills.emsidata.com/skills/KS126SH69Z48BC442BZ2;https://www.wikidata.org/wiki/Q846651;http://id.loc.gov/authorities/subjects/sh85088386	multiprocessing		computer science;specialized skill	mooccubex	8.0	11.0
mooccubex.cs.输出通道	输出通道		output channel		computer science	mooccubex	13	16
mooccubex.cs.归并	归并;dbpedia.Merge_Records	http://dbpedia.org/resource/Category:Merge_Records	merge		computer science	mooccubex	13	16
mooccubex.cs.无序列表	无序列表;dbpedia.Lists	http://dbpedia.org/resource/Category:Lists	unordered list		computer science	mooccubex	13	16
mooccubex.cs.指令译码器	指令译码器;dbpedia.Instruction_processing	http://dbpedia.org/resource/Category:Instruction_processing	instruction decoder		computer science	mooccubex	8.0	11.0
mooccubex.cs.中断优先级	中断优先级;lcsh.sh94000530	http://id.loc.gov/authorities/subjects/sh94000530	interrupt priority		computer science	mooccubex	13	16
mooccubex.cs.中间件	中间件;lightcast.KS123GK5WYFRJ4L20YK2;KS123GK5WYFRJ4L20YK2;lcsh.sh95004140;dbpedia.Middleware;wd.Q146768;dbpedia.Middleware_for_computer_games	https://skills.emsidata.com/skills/KS123GK5WYFRJ4L20YK2;http://id.loc.gov/authorities/subjects/sh95004140;http://dbpedia.org/resource/Category:Middleware;https://www.wikidata.org/wiki/Q146768;http://dbpedia.org/resource/Category:Middleware_for_computer_games	middleware		computer science;specialized skill;lcsh;dbpedia	mooccubex	13	16
mooccubex.cs.机器周期	机器周期;lcsh.sh85035062	http://id.loc.gov/authorities/subjects/sh85035062	machine cycle		computer science	mooccubex	6.0	6.0
mooccubex.cs.执行系统	执行系统;lcsh.sh2007000416	http://id.loc.gov/authorities/subjects/sh2007000416	execution system		computer science	mooccubex	8.0	11.0
mooccubex.cs.分界点	分界点;wd.Q133346;lcsh.sh85016092	https://www.wikidata.org/wiki/Q133346;http://id.loc.gov/authorities/subjects/sh85016092	boundary		computer science	mooccubex	1.0	6.0
mooccubex.cs.处理流程	处理流程;lcsh.sh97009122	http://id.loc.gov/authorities/subjects/sh97009122	processing workflow		computer science	mooccubex	8.0	11.0
mooccubex.cs.处理器调度	处理器调度;mooccubex.cs.处理机调度;处理机调度;dbpedia.Processor_scheduling_algorithms	http://dbpedia.org/resource/Category:Processor_scheduling_algorithms	processor scheduling		computer science	mooccubex	13	16
mooccubex.cs.中断系统	中断系统;lcsh.sh94000530	http://id.loc.gov/authorities/subjects/sh94000530	interrupt system		computer science	mooccubex	13	16
mooccubex.cs.运行时间	运行时间;dbpedia.Run-time_systems	http://dbpedia.org/resource/Category:Run-time_systems	runtime		computer science	mooccubex	8.0	11.0
mooccubex.cs.进程调度	进程调度;lcsh.sh2006001450	http://id.loc.gov/authorities/subjects/sh2006001450	process scheduling		computer science	mooccubex	13	16
mooccubex.cs.虚拟内存	虚拟内存;lightcast.KS441TS76SNTTLQJ6W7B;KS441TS76SNTTLQJ6W7B;dbpedia.Virtual_memory;lcsh.sh85143805	https://skills.emsidata.com/skills/KS441TS76SNTTLQJ6W7B;http://dbpedia.org/resource/Category:Virtual_memory;http://id.loc.gov/authorities/subjects/sh85143805	virtual memory		computer science;specialized skill;dbpedia	mooccubex	13	16
mooccubex.cs.宏指令	宏指令;lcsh.sh85079429;wd.Q110980975;lcsh.sh85079460	http://id.loc.gov/authorities/subjects/sh85079429;https://www.wikidata.org/wiki/Q110980975;http://id.loc.gov/authorities/subjects/sh85079460	macro instruction	Macros (Electronic computers); Macroinstructions (Electronic computers)	computer science;lcsh	mooccubex	8.0	11.0
mooccubex.cs.文件子系统	文件子系统		file subsystem		computer science	mooccubex	13	16
mooccubex.cs.系统启动	系统启动		system boot		computer science	mooccubex	13	16
mooccubex.cs.测试驱动程序	测试驱动程序;dbpedia.Test_Drive	http://dbpedia.org/resource/Category:Test_Drive	test driver		computer science	mooccubex	13	16
mooccubex.cs.路由协议	路由协议;lightcast.KS4405777820N153M82L;KS4405777820N153M82L;lcsh.sh2007005954;dbpedia.Routing_protocols;dbpedia.Ad_hoc_routing_protocols	https://skills.emsidata.com/skills/KS4405777820N153M82L;http://id.loc.gov/authorities/subjects/sh2007005954;http://dbpedia.org/resource/Category:Routing_protocols;http://dbpedia.org/resource/Category:Ad_hoc_routing_protocols	routing protocol		computer science;specialized skill;lcsh;technology;dbpedia	mooccubex	13	16
mooccubex.cs.面向连接的协议	面向连接的协议;wd.Q137808578;dbpedia.Protocols	https://www.wikidata.org/wiki/Q137808578;http://dbpedia.org/resource/Category:Protocols	connection-oriented protocol		computer science	mooccubex	9.0	12.0
mooccubex.cs.死锁预防	死锁预防;dbpedia.Interlocking_systems	http://dbpedia.org/resource/Category:Interlocking_systems	deadlock prevention		computer science	mooccubex	13	16
mooccubex.cs.度量指标	度量指标;dbpedia.Metrics;dbpedia.Metrication	http://dbpedia.org/resource/Category:Metrics;http://dbpedia.org/resource/Category:Metrication	metric		computer science;dbpedia	mooccubex	1.0	6.0
mooccubex.cs.视窗操作系统	视窗操作系统;lcsh.sh85146940;lcsh.sh88005220;dbpedia.Windows;dbpedia.Windows_ME	http://id.loc.gov/authorities/subjects/sh85146940;http://id.loc.gov/authorities/subjects/sh88005220;http://dbpedia.org/resource/Category:Windows;http://dbpedia.org/resource/Category:Windows_ME	Windows	Windowing (Computer programs)	computer science;lcsh;dbpedia	mooccubex	8.0	11.0
mooccubex.cs.BASIC语言	BASIC语言;lcsh.sh85012076;lcsh.sh85012080	http://id.loc.gov/authorities/subjects/sh85012076;http://id.loc.gov/authorities/subjects/sh85012080	BASIC	Beginner's All-Purpose Symbolic Instruction Code (Computer program language)	computer science;lcsh;language	mooccubex	8.0	11.0
mooccubex.cs.安全事件	安全事件		security event		computer science	mooccubex	7.0	9.0
mooccubex.cs.详细设计	详细设计;wd.Q125388739;lcsh.sh87005580	https://www.wikidata.org/wiki/Q125388739;http://id.loc.gov/authorities/subjects/sh87005580	detailed design		computer science	mooccubex	0.0	12.0
mooccubex.cs.进制转换	进制转换;lightcast.KSY30YHKVEZ18C4B91J5;KSY30YHKVEZ18C4B91J5;wd.Q137697559;lcsh.sh93009414	https://skills.emsidata.com/skills/KSY30YHKVEZ18C4B91J5;https://www.wikidata.org/wiki/Q137697559;http://id.loc.gov/authorities/subjects/sh93009414	base conversion		computer science;specialized skill	mooccubex	1.0	6.0
mooccubex.cs.几何分布	几何分布;mooccubex.math.几何分布;wd.Q729523;lcsh.sh85054125	https://www.wikidata.org/wiki/Q729523;http://id.loc.gov/authorities/subjects/sh85054125	geometric distribution		computer science;math	mooccubex	7.0	9.0
mooccubex.cs.标号	标号;lcsh.sh85073623;wd.Q82799;lcsh.sh00006378	http://id.loc.gov/authorities/subjects/sh85073623;https://www.wikidata.org/wiki/Q82799;http://id.loc.gov/authorities/subjects/sh00006378	label	Grade labeling; Labelling; Price labels; Labeling	computer science;lcsh	mooccubex	13	16
mooccubex.cs.变址寄存器	变址寄存器;wd.Q1661183;lcsh.sh85064865	https://www.wikidata.org/wiki/Q1661183;http://id.loc.gov/authorities/subjects/sh85064865	index register		computer science	mooccubex	13	16
mooccubex.cs.活动分区	活动分区;lcsh.sh85098386	http://id.loc.gov/authorities/subjects/sh85098386	active partition		computer science	mooccubex	1.0	6.0
mooccubex.cs.顺序计算	顺序计算;lcsh.sh85120150	http://id.loc.gov/authorities/subjects/sh85120150	sequential computation		computer science	mooccubex	9.0	12.0
mooccubex.cs.开始符号	开始符号		start symbol		computer science	mooccubex	1.0	6.0
mooccubex.cs.网络延时	网络延时;wd.Q436417;lcsh.sh2007002385	https://www.wikidata.org/wiki/Q436417;http://id.loc.gov/authorities/subjects/sh2007002385	network latency		computer science	mooccubex	1.0	6.0
mooccubex.cs.后集	后集;dbpedia.Successor_states	http://dbpedia.org/resource/Category:Successor_states	successor set		computer science	mooccubex	13	16
mooccubex.cs.发送信号	发送信号;dbpedia.Traffic_signals	http://dbpedia.org/resource/Category:Traffic_signals	signal transmission		computer science	mooccubex	9.0	12.0
mooccubex.cs.保护位	保护位;dbpedia.Protected	http://dbpedia.org/resource/Category:Protected	protection bit		computer science	mooccubex	13	16
mooccubex.cs.多级反馈队列	多级反馈队列;wd.Q660380	https://www.wikidata.org/wiki/Q660380	multilevel feedback queue		computer science	mooccubex	13	16
mooccubex.cs.多用户系统	多用户系统;wd.Q876057	https://www.wikidata.org/wiki/Q876057	multiuser system		computer science	mooccubex	3.0	12.0
mooccubex.cs.数据流分析	数据流分析;lightcast.KS1240K70J5662ZSVRYH;KS1240K70J5662ZSVRYH;dbpedia.Data-flow_analysis;lcsh.sh91004989	https://skills.emsidata.com/skills/KS1240K70J5662ZSVRYH;http://dbpedia.org/resource/Category:Data-flow_analysis;http://id.loc.gov/authorities/subjects/sh91004989	data flow analysis		computer science;specialized skill;dbpedia	mooccubex	7.0	12.0
mooccubex.cs.解调器	解调器;wd.Q1185937;lcsh.sh85036651	https://www.wikidata.org/wiki/Q1185937;http://id.loc.gov/authorities/subjects/sh85036651	demodulator		computer science	mooccubex	13	16
mooccubex.cs.FAT文件系统	FAT文件系统;dbpedia.Disk_file_systems	http://dbpedia.org/resource/Category:Disk_file_systems	FAT filesystem		computer science	mooccubex	13	16
mooccubex.cs.单调性	单调性;wd.Q78056921;dbpedia.Diatonic_functions	https://www.wikidata.org/wiki/Q78056921;http://dbpedia.org/resource/Category:Diatonic_functions	monotonicity		computer science	mooccubex	7.0	9.0
mooccubex.cs.程序状态字	程序状态字;mooccubex.cs.程序状态字寄存器;程序状态字寄存器		program status word		computer science	mooccubex	8.0	11.0
mooccubex.cs.动态分配内存	动态分配内存;wd.Q1061927;lcsh.sh85040314	https://www.wikidata.org/wiki/Q1061927;http://id.loc.gov/authorities/subjects/sh85040314	dynamic memory allocation		computer science	mooccubex	1.0	6.0
mooccubex.cs.快速排序	快速排序;lightcast.KSVAIBQBOKM0ABYHUE7W;KSVAIBQBOKM0ABYHUE7W	https://skills.emsidata.com/skills/KSVAIBQBOKM0ABYHUE7W	quicksort		computer science;specialized skill	mooccubex	13	16
mooccubex.cs.嵌入式操作系统	嵌入式操作系统;lightcast.KS123GK6SW55KW9R9KFP;KS123GK6SW55KW9R9KFP;dbpedia.Embedded_operating_systems;wd.Q1139923;dbpedia.Embedded_Linux	https://skills.emsidata.com/skills/KS123GK6SW55KW9R9KFP;http://dbpedia.org/resource/Category:Embedded_operating_systems;https://www.wikidata.org/wiki/Q1139923;http://dbpedia.org/resource/Category:Embedded_Linux	embedded operating system		computer science;specialized skill;dbpedia	mooccubex	13	16
mooccubex.cs.恢复机制	恢复机制;lcsh.sh96003595	http://id.loc.gov/authorities/subjects/sh96003595	recovery mechanism		computer science	mooccubex	13	16
mooccubex.cs.编译系统	编译系统;dbpedia.BASIC_compilers	http://dbpedia.org/resource/Category:BASIC_compilers	compiler system		computer science	mooccubex	8.0	11.0
mooccubex.cs.连通网	连通网;dbpedia.Computer_networking	http://dbpedia.org/resource/Category:Computer_networking	connected network		computer science	mooccubex	9.0	12.0
mooccubex.cs.程序转换	程序转换;lcsh.sh2003010267;dbpedia.Program_transformation;dbpedia.Program_transformation_tools	http://id.loc.gov/authorities/subjects/sh2003010267;http://dbpedia.org/resource/Category:Program_transformation;http://dbpedia.org/resource/Category:Program_transformation_tools	program transformation	Computer program transformation; Transformation of computer programs; Computer program optimization; Optimization of computer programs	computer science;lcsh;technology;dbpedia	mooccubex	8.0	11.0
mooccubex.cs.服务例程	服务例程;lcsh.sh85120346	http://id.loc.gov/authorities/subjects/sh85120346	service routine		computer science	mooccubex	13	16
mooccubex.cs.可满足的	可满足的;dbpedia.Satisfiability_problems	http://dbpedia.org/resource/Category:Satisfiability_problems	satisfiable		computer science	mooccubex	13	16
mooccubex.cs.阻塞接收	阻塞接收;lcsh.sh2022005989	http://id.loc.gov/authorities/subjects/sh2022005989	blocking receive		computer science	mooccubex	13	16
mooccubex.cs.连接建立	连接建立;wd.Q124568608;lcsh.sh89004420	https://www.wikidata.org/wiki/Q124568608;http://id.loc.gov/authorities/subjects/sh89004420	connection establishment		computer science	mooccubex	9.0	12.0
mooccubex.cs.有效时间	有效时间		effective time		computer science	mooccubex	1.0	6.0
mooccubex.cs.系统配置	系统配置;lightcast.KS1228Q6ZP4TWXBV3XKP;KS1228Q6ZP4TWXBV3XKP;dbpedia.Computer_configuration	https://skills.emsidata.com/skills/KS1228Q6ZP4TWXBV3XKP;http://dbpedia.org/resource/Category:Computer_configuration	system configuration		computer science;specialized skill	mooccubex	3.0	12.0
mooccubex.cs.动态管理	动态管理;lcsh.sh90006052	http://id.loc.gov/authorities/subjects/sh90006052	dynamic management		computer science	mooccubex	13	16
mooccubex.cs.控制流分析	控制流分析;dbpedia.Control-flow_analysis;dbpedia.Control_flow	http://dbpedia.org/resource/Category:Control-flow_analysis;http://dbpedia.org/resource/Category:Control_flow	control flow analysis		computer science;dbpedia	mooccubex	13	16
mooccubex.cs.逻辑地址空间	逻辑地址空间		logical address space		computer science	mooccubex	9.0	12.0
mooccubex.cs.算术级数	算术级数;wd.Q170008;lcsh.sh85120238	https://www.wikidata.org/wiki/Q170008;http://id.loc.gov/authorities/subjects/sh85120238	arithmetic progression		computer science	mooccubex	7.0	9.0
mooccubex.cs.随机存储器	随机存储器;lightcast.KS128CP7043VD2TX8597;KS128CP7043VD2TX8597;lcsh.sh85111346;lcsh.sh2017000332	https://skills.emsidata.com/skills/KS128CP7043VD2TX8597;http://id.loc.gov/authorities/subjects/sh85111346;http://id.loc.gov/authorities/subjects/sh2017000332	random access memory	Random access storage; RAM storage; Memories, Random access; Storage, Random access; Random access memories	computer science;specialized skill;lcsh	mooccubex	13	16
mooccubex.cs.最优性	最优性;dbpedia.Optimal_decisions	http://dbpedia.org/resource/Category:Optimal_decisions	optimality		computer science	mooccubex	9.0	12.0
mooccubex.cs.用户进程	用户进程;dbpedia.User_run	http://dbpedia.org/resource/Category:User_run	user process		computer science	mooccubex	9.0	12.0
mooccubex.cs.指令指针寄存器	指令指针寄存器;dbpedia.Instruction_set_architectures	http://dbpedia.org/resource/Category:Instruction_set_architectures	instruction pointer register		computer science	mooccubex	13	16
mooccubex.cs.主引导记录	主引导记录;lightcast.KS120896XP13YRXM49XZ;KS120896XP13YRXM49XZ;wd.Q624752	https://skills.emsidata.com/skills/KS120896XP13YRXM49XZ;https://www.wikidata.org/wiki/Q624752	master boot record		computer science;specialized skill	mooccubex	13	16
mooccubex.cs.设备驱动程序	设备驱动程序;lightcast.KS122WG5Y8L784S86KBH;KS122WG5Y8L784S86KBH;lcsh.sh93009551;dbpedia.Device_drivers;wd.Q1033951;dbpedia.Free_device_drivers	https://skills.emsidata.com/skills/KS122WG5Y8L784S86KBH;http://id.loc.gov/authorities/subjects/sh93009551;http://dbpedia.org/resource/Category:Device_drivers;https://www.wikidata.org/wiki/Q1033951;http://dbpedia.org/resource/Category:Free_device_drivers	device driver	Drivers, Device (Computer programs)	computer science;specialized skill;lcsh;dbpedia	mooccubex	13	16
mooccubex.cs.系统中断	系统中断;lcsh.sh94000530	http://id.loc.gov/authorities/subjects/sh94000530	system interrupt		computer science	mooccubex	13	16
mooccubex.cs.顺序存储器	顺序存储器;lcsh.sh85120150	http://id.loc.gov/authorities/subjects/sh85120150	sequential memory		computer science	mooccubex	7.0	9.0
mooccubex.cs.预分配	预分配		pre-allocation		computer science	mooccubex	9.0	12.0
mooccubex.cs.进程状态	进程状态;lcsh.sh85107138	http://id.loc.gov/authorities/subjects/sh85107138	process state		computer science	mooccubex	9.0	12.0
mooccubex.cs.网络打印机	网络打印机;lightcast.BGSCBEE022A65FF4CA9E;BGSCBEE022A65FF4CA9E;wd.Q1979014;lcsh.sh85106745	https://skills.emsidata.com/skills/BGSCBEE022A65FF4CA9E;https://www.wikidata.org/wiki/Q1979014;http://id.loc.gov/authorities/subjects/sh85106745	network printer		computer science;specialized skill	mooccubex	13	16
mooccubex.cs.访问冲突	访问冲突;wd.Q52820600	https://www.wikidata.org/wiki/Q52820600	access conflict		computer science	mooccubex	13	16
mooccubex.cs.有线网络	有线网络;lcsh.sh85147078	http://id.loc.gov/authorities/subjects/sh85147078	wired network		computer science	mooccubex	13	16
mooccubex.cs.缺页	缺页;wd.Q1928607	https://www.wikidata.org/wiki/Q1928607	page fault		computer science	mooccubex	9.0	12.0
mooccubex.cs.文件维护	文件维护;wd.Q117285122;dbpedia.File_maintenance_templates	https://www.wikidata.org/wiki/Q117285122;http://dbpedia.org/resource/Category:File_maintenance_templates	file maintenance		computer science	mooccubex	13	16
mooccubex.cs.文件锁	文件锁		file lock		computer science	mooccubex	13	16
mooccubex.cs.系统调用表	系统调用表		system call table		computer science	mooccubex	13	16
mooccubex.cs.完全恢复	完全恢复;lcsh.sh96003595	http://id.loc.gov/authorities/subjects/sh96003595	complete recovery		computer science	mooccubex	13	16
mooccubex.cs.虚拟化技术	虚拟化技术;lightcast.KS441V276PPDCWTPLVCZ;KS441V276PPDCWTPLVCZ;dbpedia.Virtualization_software	https://skills.emsidata.com/skills/KS441V276PPDCWTPLVCZ;http://dbpedia.org/resource/Category:Virtualization_software	virtualization		computer science;specialized skill	mooccubex	13	16
mooccubex.cs.循环执行	循环执行		cyclic execution		computer science	mooccubex	13	16
mooccubex.cs.逻辑分区	逻辑分区;lightcast.KS125YX6C3R2X3VQ5HC2;KS125YX6C3R2X3VQ5HC2;wd.Q1798281;lcsh.sh85098386	https://skills.emsidata.com/skills/KS125YX6C3R2X3VQ5HC2;https://www.wikidata.org/wiki/Q1798281;http://id.loc.gov/authorities/subjects/sh85098386	logical partition		computer science;specialized skill	mooccubex	1.0	6.0
mooccubex.cs.缺页中断	缺页中断		page fault interrupt		computer science	mooccubex	13	16
mooccubex.cs.多核处理器	多核处理器;lightcast.ES69BE0A7560D571241B;ES69BE0A7560D571241B;wd.Q555032;dbpedia.Manycore_processors	https://skills.emsidata.com/skills/ES69BE0A7560D571241B;https://www.wikidata.org/wiki/Q555032;http://dbpedia.org/resource/Category:Manycore_processors	multi-core processor		computer science;specialized skill	mooccubex	13	16
mooccubex.cs.控制块	控制块;wd.Q137369468	https://www.wikidata.org/wiki/Q137369468	control block		computer science	mooccubex	13	16
mooccubex.cs.大容量存储器	大容量存储器;lightcast.KS126695XYD80FBF0XKR;KS126695XYD80FBF0XKR;wd.Q1426186;dbpedia.Storage_systems	https://skills.emsidata.com/skills/KS126695XYD80FBF0XKR;https://www.wikidata.org/wiki/Q1426186;http://dbpedia.org/resource/Category:Storage_systems	mass storage		computer science;specialized skill	mooccubex	7.0	12.0
mooccubex.cs.虚拟存储管理	虚拟存储管理;dbpedia.Automatic_memory_management	http://dbpedia.org/resource/Category:Automatic_memory_management	virtual memory management		computer science	mooccubex	13	16
mooccubex.cs.数论	数论;lightcast.KS1274J6HY2NX5ZNS9WY;KS1274J6HY2NX5ZNS9WY;opensalt.56a776b9-b9e1-4fd7-bc43-bc01ebf7565b;opensalt.E;opensalt.e4d7f4a6-9341-41e6-a7f5-4a86cf2cd64b;opensalt.ffc89b2b-f01b-49d8-b833-4ee791bd74c7;lcsh.sh85093222;dbpedia.Number_theory;wd.Q12479;dbpedia.Computational_number_theory	https://skills.emsidata.com/skills/KS1274J6HY2NX5ZNS9WY;http://id.loc.gov/authorities/subjects/sh85093222;http://dbpedia.org/resource/Category:Number_theory;https://www.wikidata.org/wiki/Q12479;http://dbpedia.org/resource/Category:Computational_number_theory	number theory	Number study; Numbers, Theory of	computer science;specialized skill;strand;course;lcsh;dbpedia	mooccubex	9.0	12.0
mooccubex.cs.基本函数	基本函数;mooccubex.math.基本函数;mooccubex.math.初等函数;初等函数;mooccubex.math.基本初等函数;基本初等函数;lightcast.KS123G26J2432FD51JB4;KS123G26J2432FD51JB4;wd.Q824282;dbpedia.Elementary_special_functions	https://skills.emsidata.com/skills/KS123G26J2432FD51JB4;https://www.wikidata.org/wiki/Q824282;http://dbpedia.org/resource/Category:Elementary_special_functions	elementary function		computer science;math;specialized skill	mooccubex	7.0	9.0
mooccubex.cs.错误代码	错误代码;lightcast.KS123MW60SR3QKV0FB7Z;KS123MW60SR3QKV0FB7Z;wd.Q1313852;dbpedia.Error	https://skills.emsidata.com/skills/KS123MW60SR3QKV0FB7Z;https://www.wikidata.org/wiki/Q1313852;http://dbpedia.org/resource/Category:Error	error code		computer science;specialized skill	mooccubex	9.0	12.0
mooccubex.cs.外部中断	外部中断;lcsh.sh94000530	http://id.loc.gov/authorities/subjects/sh94000530	external interrupt		computer science	mooccubex	13	16
mooccubex.cs.图搜索	图搜索;wd.Q907955;dbpedia.Graph_operations	https://www.wikidata.org/wiki/Q907955;http://dbpedia.org/resource/Category:Graph_operations	graph search		computer science	mooccubex	7.0	9.0
mooccubex.cs.调用程序	调用程序;lcsh.sh99004511	http://id.loc.gov/authorities/subjects/sh99004511	caller		computer science	mooccubex	13	16
mooccubex.cs.实时系统	实时系统;lightcast.KS7G8DK73V87ZZQSFQZJ;KS7G8DK73V87ZZQSFQZJ;dbpedia.Real-time_technology	https://skills.emsidata.com/skills/KS7G8DK73V87ZZQSFQZJ;http://dbpedia.org/resource/Category:Real-time_technology	real-time system		computer science;specialized skill	mooccubex	3.0	12.0
mooccubex.cs.通信子网	通信子网;dbpedia.Transnet	http://dbpedia.org/resource/Category:Transnet	communication subnet		computer science	mooccubex	13	16
mooccubex.cs.动态调度	动态调度;lcsh.sh2006001450	http://id.loc.gov/authorities/subjects/sh2006001450	dynamic scheduling		computer science	mooccubex	13	16
mooccubex.cs.快速以太网	快速以太网;lightcast.KS1200J6YSB41GDZ54KY;KS1200J6YSB41GDZ54KY;wd.Q546389;dbpedia.Industrial_Ethernet	https://skills.emsidata.com/skills/KS1200J6YSB41GDZ54KY;https://www.wikidata.org/wiki/Q546389;http://dbpedia.org/resource/Category:Industrial_Ethernet	Fast Ethernet		computer science;specialized skill	mooccubex	7.0	9.0
mooccubex.cs.设备名	设备名;dbpedia.OS/2_device_names	http://dbpedia.org/resource/Category:OS/2_device_names	device name		computer science	mooccubex	13	16
mooccubex.cs.接口标准	接口标准;wd.Q6046311;lcsh.sh94007904	https://www.wikidata.org/wiki/Q6046311;http://id.loc.gov/authorities/subjects/sh94007904	interface standard		computer science	mooccubex	13	16
mooccubex.cs.互操作	互操作;lightcast.KS1259C5ZCWP0W21KJ6Y;KS1259C5ZCWP0W21KJ6Y;dbpedia.Interoperability;wd.Q749647;dbpedia.Interoperable_communications	https://skills.emsidata.com/skills/KS1259C5ZCWP0W21KJ6Y;http://dbpedia.org/resource/Category:Interoperability;https://www.wikidata.org/wiki/Q749647;http://dbpedia.org/resource/Category:Interoperable_communications	interoperability		computer science;specialized skill;dbpedia	mooccubex	13	16
mooccubex.cs.调度程序	调度程序;lcsh.sh2006001450	http://id.loc.gov/authorities/subjects/sh2006001450	scheduler		computer science	mooccubex	13	16
mooccubex.cs.点到点连接	点到点连接;opensalt.2f721638-f7f6-11e8-9a20-0242ac190005;opensalt.NCCTE.II14.03.00		point-to-point connection		computer science	mooccubex	9.0	12.0
mooccubex.cs.终结符	终结符;lcsh.sh85134028;dbpedia.Graphical_terminals	http://id.loc.gov/authorities/subjects/sh85134028;http://dbpedia.org/resource/Category:Graphical_terminals	terminal	Transportation centers; Centers of transportation; Transportation terminals; Intermodal centers (Transportation); Depots (Transportation); Stations (Transportation); Transport centers; Intermodal transportation hubs	computer science;lcsh	mooccubex	4.0	5.0
mooccubex.cs.索引值	索引值;dbpedia.Indices	http://dbpedia.org/resource/Category:Indices	index value		computer science	mooccubex	13	16
mooccubex.cs.文件大小	文件大小;wd.Q1146367;dbpedia.File_space	https://www.wikidata.org/wiki/Q1146367;http://dbpedia.org/resource/Category:File_space	file size		computer science	mooccubex	1.0	6.0
mooccubex.cs.优先级调度	优先级调度;lcsh.sh2006001450	http://id.loc.gov/authorities/subjects/sh2006001450	priority scheduling		computer science	mooccubex	13	16
mooccubex.cs.非法指令	非法指令		illegal instruction		computer science	mooccubex	13	16
mooccubex.cs.内部程序	内部程序		internal routine		computer science	mooccubex	1.0	6.0
mooccubex.cs.动态规划算法	动态规划算法;lightcast.KSUN4DULOE3WIWQIFL94;KSUN4DULOE3WIWQIFL94;lcsh.sh85040313;dbpedia.Dynamic_programming;wd.Q380679;dbpedia.Dynamic_programming_languages	https://skills.emsidata.com/skills/KSUN4DULOE3WIWQIFL94;http://id.loc.gov/authorities/subjects/sh85040313;http://dbpedia.org/resource/Category:Dynamic_programming;https://www.wikidata.org/wiki/Q380679;http://dbpedia.org/resource/Category:Dynamic_programming_languages	dynamic programming		computer science;specialized skill;lcsh;technology;dbpedia	mooccubex	9.0	12.0
mooccubex.cs.拓扑关系	拓扑关系;lcsh.sh85136087	http://id.loc.gov/authorities/subjects/sh85136087	topological relation		computer science	mooccubex	13	16
mooccubex.cs.外存储器	外存储器;wd.Q11921601;dbpedia.External_memory_algorithms	https://www.wikidata.org/wiki/Q11921601;http://dbpedia.org/resource/Category:External_memory_algorithms	external memory		computer science	mooccubex	13	16
mooccubex.cs.步进	步进;lcsh.sh97003635	http://id.loc.gov/authorities/subjects/sh97003635	stepping		computer science	mooccubex	13	16
mooccubex.cs.本地终端	本地终端;mooccubex.cs.非终结符;非终结符;lightcast.KS4425Q5W0HDGTFRM92L;KS4425Q5W0HDGTFRM92L;csp.1DB0A700DFE70131251968A86D17958E;S1008AF3;1DB0A700DFE70131251968A86D17958E;csp.1E005A00DFE7013125C468A86D17958E;1E005A00DFE7013125C468A86D17958E	https://skills.emsidata.com/skills/KS4425Q5W0HDGTFRM92L	local terminal		computer science;specialized skill;english	mooccubex	4.0	5.0
mooccubex.cs.下一个头	下一个头		next header		computer science	mooccubex	13	16
mooccubex.cs.访问矩阵	访问矩阵		access matrix		computer science	mooccubex	13	16
mooccubex.cs.红色	红色;lcsh.sh85112023;dbpedia.Shades_of_red	http://id.loc.gov/authorities/subjects/sh85112023;http://dbpedia.org/resource/Category:Shades_of_red	red		computer science;lcsh	mooccubex	13	16
mooccubex.cs.顺序查找	顺序查找;lightcast.KS125VP5YXMJ4LXJS881;KS125VP5YXMJ4LXJS881;wd.Q787903	https://skills.emsidata.com/skills/KS125VP5YXMJ4LXJS881;https://www.wikidata.org/wiki/Q787903	linear search		computer science;specialized skill	mooccubex	9.0	12.0
mooccubex.cs.偏序	偏序;wd.Q1069998;dbpedia.Ordering	https://www.wikidata.org/wiki/Q1069998;http://dbpedia.org/resource/Category:Ordering	partial order		computer science	mooccubex	13	16
mooccubex.cs.挂起状态	挂起状态;lightcast.KS4413H796Z1V83YZGC5;KS4413H796Z1V83YZGC5	https://skills.emsidata.com/skills/KS4413H796Z1V83YZGC5	suspended state		computer science;specialized skill	mooccubex	13	16
mooccubex.cs.外部输入	外部输入;lcsh.sh85066544	http://id.loc.gov/authorities/subjects/sh85066544	external input		computer science	mooccubex	13	16
mooccubex.cs.均匀性	均匀性;mooccubex.math.均匀性;lcsh.sh85139688	http://id.loc.gov/authorities/subjects/sh85139688	uniformity		computer science;math	mooccubex	13	16
mooccubex.cs.高速总线	高速总线;dbpedia.Computer_buses	http://dbpedia.org/resource/Category:Computer_buses	high-speed bus		computer science	mooccubex	1.0	6.0
mooccubex.cs.通信工程	通信工程;wd.Q1061219;lcsh.sh86001360	https://www.wikidata.org/wiki/Q1061219;http://id.loc.gov/authorities/subjects/sh86001360	communication engineering		computer science	mooccubex	0.0	12.0
mooccubex.cs.共享文件	共享文件;lcsh.sh2010001734	http://id.loc.gov/authorities/subjects/sh2010001734	shared file		computer science	mooccubex	13	16
mooccubex.cs.理论计算机科学	理论计算机科学;dbpedia.Theoretical_computer_science;dbpedia.Theoretical_computer_scientists	http://dbpedia.org/resource/Category:Theoretical_computer_science;http://dbpedia.org/resource/Category:Theoretical_computer_scientists	theoretical computer science		computer science;dbpedia	mooccubex	8.0	11.0
mooccubex.cs.记法	记法;mooccubex.cs.表示法;表示法;lcsh.sh99001658;lcsh.sh99001966;dbpedia.Notation;wd.Q2001982;lcsh.sh85082126	http://id.loc.gov/authorities/subjects/sh99001658;http://id.loc.gov/authorities/subjects/sh99001966;http://dbpedia.org/resource/Category:Notation;https://www.wikidata.org/wiki/Q2001982;http://id.loc.gov/authorities/subjects/sh85082126	notation		computer science;lcsh;dbpedia	mooccubex	7.0	9.0
mooccubex.cs.线程控制块	线程控制块		thread control block		computer science	mooccubex	13	16
mooccubex.cs.回边	回边;wd.Q26591861;lcsh.sh85010785	https://www.wikidata.org/wiki/Q26591861;http://id.loc.gov/authorities/subjects/sh85010785	back edge		computer science	mooccubex	13	16
mooccubex.cs.占用空间	占用空间;lcsh.sh85070649	http://id.loc.gov/authorities/subjects/sh85070649	space occupancy		computer science	mooccubex	13	16
mooccubex.cs.红黑树	红黑树;lcsh.sh96009972	http://id.loc.gov/authorities/subjects/sh96009972	red-black tree		computer science	mooccubex	13	16
mooccubex.cs.优先级控制	优先级控制;lcsh.sh87007009	http://id.loc.gov/authorities/subjects/sh87007009	priority control		computer science	mooccubex	13	16
mooccubex.cs.多处理器调度	多处理器调度;wd.Q6935045;lcsh.sh2006001450	https://www.wikidata.org/wiki/Q6935045;http://id.loc.gov/authorities/subjects/sh2006001450	multiprocessor scheduling		computer science	mooccubex	13	16
mooccubex.cs.选取	选取;lcsh.sh85119673;lcsh.sh99002536;dbpedia.Selection;dbpedia.Selection_algorithms	http://id.loc.gov/authorities/subjects/sh85119673;http://id.loc.gov/authorities/subjects/sh99002536;http://dbpedia.org/resource/Category:Selection;http://dbpedia.org/resource/Category:Selection_algorithms	selection	Seed selection; Seeds--Selection	computer science;lcsh;dbpedia	mooccubex	9.0	12.0
mooccubex.cs.二路归并	二路归并;dbpedia.Merge_Records	http://dbpedia.org/resource/Category:Merge_Records	two-way merge		computer science	mooccubex	13	16
mooccubex.cs.验证算法	验证算法;lcsh.sh85029528	http://id.loc.gov/authorities/subjects/sh85029528	verification algorithm		computer science	mooccubex	9.0	12.0
mooccubex.cs.非对称数字用户线	非对称数字用户线;lightcast.KS1208371NK2B6GZJCSL;KS1208371NK2B6GZJCSL;lcsh.sh2007005448;wd.Q161618;lcsh.sh2007006999	https://skills.emsidata.com/skills/KS1208371NK2B6GZJCSL;http://id.loc.gov/authorities/subjects/sh2007005448;https://www.wikidata.org/wiki/Q161618;http://id.loc.gov/authorities/subjects/sh2007006999	asymmetric digital subscriber line	Asymmetric digital subscriber links; Asymmetric digital subscriber loops; Asymmetrical digital subscriber links; Asymmetrical digital subscriber loops; ADSLs (Asymmetric digital subscriber lines); Asymmetrical digital subscriber lines	computer science;specialized skill;lcsh;technology	mooccubex	13	16
mooccubex.cs.列地址	列地址;lcsh.sh85028763	http://id.loc.gov/authorities/subjects/sh85028763	column address		computer science	mooccubex	13	16
mooccubex.cs.引入线	引入线		entry edge		computer science	mooccubex	13	16
mooccubex.cs.碱基配对	碱基配对;wd.Q21481789	https://www.wikidata.org/wiki/Q21481789	base pairing		computer science	mooccubex	1.0	6.0
mooccubex.cs.接口分析	接口分析;lcsh.sh85029507	http://id.loc.gov/authorities/subjects/sh85029507	interface analysis		computer science	mooccubex	13	16
mooccubex.cs.大地	大地;dbpedia.Earth;lcsh.sh85040427;lcsh.sh2004010423;csp.1903E964F8EB4EE69746FE126CC2DDBD;1903E964F8EB4EE69746FE126CC2DDBD;wd.Q2;dbpedia.The_Long_Earth	http://dbpedia.org/resource/Category:Earth;http://id.loc.gov/authorities/subjects/sh85040427;http://id.loc.gov/authorities/subjects/sh2004010423;https://www.wikidata.org/wiki/Q2;http://dbpedia.org/resource/Category:The_Long_Earth	earth	Earth	computer science;dbpedia;lcsh;early learning goals	mooccubex	0.0	0.0
mooccubex.cs.归纳证明	归纳证明		inductive proof		computer science	mooccubex	1.0	6.0
mooccubex.cs.服务系统	服务系统;lcsh.sh2001008792	http://id.loc.gov/authorities/subjects/sh2001008792	service system		computer science	mooccubex	3.0	12.0
mooccubex.cs.同步控制	同步控制;lcsh.sh85131609	http://id.loc.gov/authorities/subjects/sh85131609	synchronization control		computer science	mooccubex	3.0	12.0
mooccubex.cs.访问策略	访问策略;wd.Q112795396;lcsh.sh2007008449	https://www.wikidata.org/wiki/Q112795396;http://id.loc.gov/authorities/subjects/sh2007008449	access policy		computer science	mooccubex	13	16
mooccubex.cs.网络文件系统	网络文件系统;lightcast.KS126Z96VGCWNC1XK643;KS126Z96VGCWNC1XK643;lcsh.sh99011561;dbpedia.Network_file_systems;wd.Q623494;dbpedia.File_sharing_networks	https://skills.emsidata.com/skills/KS126Z96VGCWNC1XK643;http://id.loc.gov/authorities/subjects/sh99011561;http://dbpedia.org/resource/Category:Network_file_systems;https://www.wikidata.org/wiki/Q623494;http://dbpedia.org/resource/Category:File_sharing_networks	network file system	NFS (Computer network protocol)	computer science;specialized skill;lcsh;technology;dbpedia	mooccubex	13	16
mooccubex.cs.编译技术	编译技术;dbpedia.Compilers_by_programming_language	http://dbpedia.org/resource/Category:Compilers_by_programming_language	compiler technology		computer science	mooccubex	8.0	11.0
mooccubex.cs.概率空间	概率空间;mooccubex.math.概率空间		probability space		computer science;math	mooccubex	7.0	9.0
mooccubex.cs.内核栈	内核栈;dbpedia.Stack_machines	http://dbpedia.org/resource/Category:Stack_machines	kernel stack		computer science	mooccubex	13	16
mooccubex.cs.即插即用	即插即用;lcsh.sh99001833	http://id.loc.gov/authorities/subjects/sh99001833	plug and play	Plug and play framework architecture (Computer architecture); Plug-n-play (Computer architecture); PnP (Computer architecture)	computer science;lcsh	mooccubex	0.0	12.0
mooccubex.cs.电话系统	电话系统;lcsh.sh85133438;lcsh.sh85037982	http://id.loc.gov/authorities/subjects/sh85133438;http://id.loc.gov/authorities/subjects/sh85037982	telephone system	Telephony	computer science;lcsh	mooccubex	0.0	5.0
mooccubex.cs.线程管理	线程管理;dbpedia.Thread_standards	http://dbpedia.org/resource/Category:Thread_standards	thread management		computer science	mooccubex	13	16
mooccubex.cs.存储芯片	存储芯片;dbpedia.Computer_memory	http://dbpedia.org/resource/Category:Computer_memory	memory chip		computer science	mooccubex	9.0	12.0
mooccubex.cs.路由选择信息协议	路由选择信息协议;lightcast.KS4403977BDMGP40GHV0;KS4403977BDMGP40GHV0;dbpedia.Ad_hoc_routing_protocols	https://skills.emsidata.com/skills/KS4403977BDMGP40GHV0;http://dbpedia.org/resource/Category:Ad_hoc_routing_protocols	routing information protocol		computer science;specialized skill	mooccubex	13	16
mooccubex.cs.访问周期	访问周期		access cycle		computer science	mooccubex	13	16
mooccubex.cs.二进制编码	二进制编码;wd.Q864135;dbpedia.Binary_to_text_encoding_formats	https://www.wikidata.org/wiki/Q864135;http://dbpedia.org/resource/Category:Binary_to_text_encoding_formats	binary encoding		computer science	mooccubex	13	16
mooccubex.cs.分区表	分区表;lcsh.sh85098386	http://id.loc.gov/authorities/subjects/sh85098386	partition table		computer science	mooccubex	1.0	6.0
mooccubex.cs.图的遍历	图的遍历;wd.Q907955;dbpedia.Graph_operations	https://www.wikidata.org/wiki/Q907955;http://dbpedia.org/resource/Category:Graph_operations	graph traversal		computer science	mooccubex	7.0	9.0
mooccubex.cs.VMware	dbpedia.VMware;wd.Q11407	http://dbpedia.org/resource/Category:VMware;https://www.wikidata.org/wiki/Q11407	VMware		computer science;dbpedia	mooccubex	13	16
mooccubex.cs.局域网络	局域网络;lightcast.KS125PR6FFPHM75QYRKB;KS125PR6FFPHM75QYRKB;lcsh.sh85077909;dbpedia.Local_area_networks;wd.Q11381;lcsh.sh87006669	https://skills.emsidata.com/skills/KS125PR6FFPHM75QYRKB;http://id.loc.gov/authorities/subjects/sh85077909;http://dbpedia.org/resource/Category:Local_area_networks;https://www.wikidata.org/wiki/Q11381;http://id.loc.gov/authorities/subjects/sh87006669	local area network	LANs (Computer networks); Local area computer networks	computer science;specialized skill;lcsh;dbpedia	mooccubex	13	16
mooccubex.cs.可预测性	可预测性;lcsh.sh85106258	http://id.loc.gov/authorities/subjects/sh85106258	predictability		computer science	mooccubex	13	16
mooccubex.cs.目录表	目录表;lcsh.sh2009122881	http://id.loc.gov/authorities/subjects/sh2009122881	directory table		computer science	mooccubex	13	16
mooccubex.cs.加载程序	加载程序;lcsh.sh85077856;lcsh.sh92004207;wd.Q122313544;lcsh.sh85077855	http://id.loc.gov/authorities/subjects/sh85077856;http://id.loc.gov/authorities/subjects/sh92004207;https://www.wikidata.org/wiki/Q122313544;http://id.loc.gov/authorities/subjects/sh85077855	loader	Loading machines	computer science;lcsh	mooccubex	13	16
mooccubex.cs.分页	分页;lightcast.KS125WD6D9FFYR2M78DL;KS125WD6D9FFYR2M78DL;lcsh.sh85096586;wd.Q656083;lcsh.sh85110526	https://skills.emsidata.com/skills/KS125WD6D9FFYR2M78DL;http://id.loc.gov/authorities/subjects/sh85096586;https://www.wikidata.org/wiki/Q656083;http://id.loc.gov/authorities/subjects/sh85110526	paging		computer science;specialized skill;lcsh	mooccubex	13	16
mooccubex.cs.内存管理单元	内存管理单元;lightcast.KS126MY79FZVZP1B0PD4;KS126MY79FZVZP1B0PD4;wd.Q518020;dbpedia.Memory_management_software	https://skills.emsidata.com/skills/KS126MY79FZVZP1B0PD4;https://www.wikidata.org/wiki/Q518020;http://dbpedia.org/resource/Category:Memory_management_software	memory management unit		computer science;specialized skill	mooccubex	7.0	12.0
mooccubex.cs.批处理系统	批处理系统;lcsh.sh85088340	http://id.loc.gov/authorities/subjects/sh85088340	batch processing system		computer science	mooccubex	13	16
mooccubex.cs.并发进程	并发进程;wd.Q59556894;dbpedia.Concurrent_programming	https://www.wikidata.org/wiki/Q59556894;http://dbpedia.org/resource/Category:Concurrent_programming	concurrent processes		computer science	mooccubex	9.0	12.0
mooccubex.cs.千兆以太网	千兆以太网;mooccubex.cs.吉比特以太网;吉比特以太网;lightcast.KS1200J6RHTZ6M672NJG;KS1200J6RHTZ6M672NJG;wd.Q1069084;lcsh.sh97003569	https://skills.emsidata.com/skills/KS1200J6RHTZ6M672NJG;https://www.wikidata.org/wiki/Q1069084;http://id.loc.gov/authorities/subjects/sh97003569	gigabit Ethernet		computer science;specialized skill	mooccubex	13	16
mooccubex.cs.等待状态	等待状态		waiting state		computer science	mooccubex	13	16
mooccubex.cs.协议数据单元	协议数据单元;dbpedia.Data_unit	http://dbpedia.org/resource/Category:Data_unit	protocol data unit		computer science	mooccubex	7.0	12.0
mooccubex.cs.阻塞状态	阻塞状态		blocked state		computer science	mooccubex	13	16
mooccubex.cs.虚页	虚页		virtual page		computer science	mooccubex	13	16
mooccubex.cs.多项式算法	多项式算法;dbpedia.Polynomial-time_problems	http://dbpedia.org/resource/Category:Polynomial-time_problems	polynomial algorithm		computer science	mooccubex	7.0	9.0
mooccubex.cs.程序检测	程序检测;lcsh.sh85029528	http://id.loc.gov/authorities/subjects/sh85029528	program verification		computer science	mooccubex	8.0	11.0
mooccubex.cs.路由	路由;dbpedia.Routing;lcsh.sh2006000147;lcsh.sh90002713	http://dbpedia.org/resource/Category:Routing;http://id.loc.gov/authorities/subjects/sh2006000147;http://id.loc.gov/authorities/subjects/sh90002713	routing		computer science;dbpedia;lcsh;technology	mooccubex	13	16
mooccubex.cs.重新执行	重新执行;lcsh.sh00007609	http://id.loc.gov/authorities/subjects/sh00007609	re-execution		computer science	mooccubex	13	16
mooccubex.cs.多项式法	多项式法		polynomial method		computer science	mooccubex	12.0	12.0
mooccubex.cs.递归定义	递归定义;lcsh.sh85112012	http://id.loc.gov/authorities/subjects/sh85112012	recursive definition		computer science	mooccubex	13	16
mooccubex.cs.复位电路	复位电路		reset circuit		computer science	mooccubex	13	16
mooccubex.cs.出错率	出错率;dbpedia.Error_measures	http://dbpedia.org/resource/Category:Error_measures	error rate		computer science	mooccubex	9.0	12.0
mooccubex.cs.非负整数	非负整数;mooccubex.math.非负整数;wd.Q28920052;lcsh.sh85093215	https://www.wikidata.org/wiki/Q28920052;http://id.loc.gov/authorities/subjects/sh85093215	non-negative integer		computer science;math	mooccubex	7.0	9.0
mooccubex.cs.单步	单步		single step		computer science	mooccubex	1.0	6.0
mooccubex.cs.就绪状态	就绪状态		ready state		computer science	mooccubex	13	16
mooccubex.cs.充分条件	充分条件		sufficient condition		computer science	mooccubex	13	16
mooccubex.cs.网络爬虫	网络爬虫;dbpedia.Web_crawlers;dbpedia.Free_web_crawlers	http://dbpedia.org/resource/Category:Web_crawlers;http://dbpedia.org/resource/Category:Free_web_crawlers	web crawler		computer science;dbpedia;technology	mooccubex	13	16
mooccubex.cs.配置文件	配置文件;dbpedia.Configuration_files;wd.Q1571814;lcsh.sh85030945	http://dbpedia.org/resource/Category:Configuration_files;https://www.wikidata.org/wiki/Q1571814;http://id.loc.gov/authorities/subjects/sh85030945	configuration file		computer science;dbpedia	mooccubex	13	16
mooccubex.cs.等价性	等价性;lcsh.sh90001212;wd.Q26161438;lcsh.sh85044562	http://id.loc.gov/authorities/subjects/sh90001212;https://www.wikidata.org/wiki/Q26161438;http://id.loc.gov/authorities/subjects/sh85044562	equivalence	Equivalent (Linguistics)	computer science;lcsh	mooccubex	5.0	5.0
mooccubex.cs.命令行接口	命令行接口;lightcast.KS121YY6NJNY2JVS9KQT;KS121YY6NJNY2JVS9KQT;wd.Q189053;dbpedia.Command-line_software	https://skills.emsidata.com/skills/KS121YY6NJNY2JVS9KQT;https://www.wikidata.org/wiki/Q189053;http://dbpedia.org/resource/Category:Command-line_software	command-line interface		computer science;specialized skill	mooccubex	13	16
mooccubex.cs.操作效率	操作效率;lightcast.ES39E5C01E1593CE9E72;ES39E5C01E1593CE9E72;wd.Q7097774;dbpedia.Economic_efficiency	https://skills.emsidata.com/skills/ES39E5C01E1593CE9E72;https://www.wikidata.org/wiki/Q7097774;http://dbpedia.org/resource/Category:Economic_efficiency	operational efficiency		computer science;specialized skill	mooccubex	13	16
mooccubex.cs.正确性证明	正确性证明;lcsh.sh85107437	http://id.loc.gov/authorities/subjects/sh85107437	correctness proof		computer science	mooccubex	7.0	9.0
mooccubex.cs.段长度	段长度;lcsh.sh85075978	http://id.loc.gov/authorities/subjects/sh85075978	segment length		computer science	mooccubex	7.0	9.0
mooccubex.cs.死锁避免	死锁避免;dbpedia.Interlocking_systems	http://dbpedia.org/resource/Category:Interlocking_systems	deadlock avoidance		computer science	mooccubex	13	16
mooccubex.cs.垂直方向	垂直方向		vertical direction		computer science	mooccubex	4.0	4.0
mooccubex.cs.右移	右移;lcsh.sh85112092	http://id.loc.gov/authorities/subjects/sh85112092	right shift		computer science	mooccubex	1.0	6.0
mooccubex.cs.引导记录	引导记录		boot record		computer science	mooccubex	13	16
mooccubex.cs.选择问题	选择问题;dbpedia.Selection_algorithms	http://dbpedia.org/resource/Category:Selection_algorithms	selection problem		computer science	mooccubex	7.0	9.0
mooccubex.cs.全序关系	全序关系;dbpedia.Ordering	http://dbpedia.org/resource/Category:Ordering	total order		computer science	mooccubex	1.0	6.0
mooccubex.cs.节点对	节点对		node pair		computer science	mooccubex	13	16
mooccubex.cs.平均查找长度	平均查找长度		average search length		computer science	mooccubex	1.0	6.0
mooccubex.cs.计算复杂度	计算复杂度;lcsh.sh85029473;wd.Q5157286;dbpedia.Computational_complexity_theory	http://id.loc.gov/authorities/subjects/sh85029473;https://www.wikidata.org/wiki/Q5157286;http://dbpedia.org/resource/Category:Computational_complexity_theory	computational complexity	Complexity, Computational	computer science;lcsh	mooccubex	9.0	12.0
mooccubex.cs.文件控制块	文件控制块;wd.Q1412592	https://www.wikidata.org/wiki/Q1412592	file control block		computer science	mooccubex	13	16
mooccubex.cs.调和级数	调和级数;mooccubex.math.调和级数;dbpedia.Harmonic_series;wd.Q464100;dbpedia.Mathematical_series	http://dbpedia.org/resource/Category:Harmonic_series;https://www.wikidata.org/wiki/Q464100;http://dbpedia.org/resource/Category:Mathematical_series	harmonic series		computer science;math;dbpedia	mooccubex	9.0	12.0
mooccubex.cs.重新安装	重新安装;lcsh.sh85022824	http://id.loc.gov/authorities/subjects/sh85022824	reinstall		computer science	mooccubex	13	16
mooccubex.cs.调度方法	调度方法;dbpedia.Scheduling_algorithms;lcsh.sh2006001450	http://dbpedia.org/resource/Category:Scheduling_algorithms;http://id.loc.gov/authorities/subjects/sh2006001450	scheduling algorithm		computer science;dbpedia	mooccubex	9.0	12.0
mooccubex.cs.初始向量	初始向量;mooccubex.math.初始向量;wd.Q1663550	https://www.wikidata.org/wiki/Q1663550	initialization vector		computer science;math	mooccubex	9.0	12.0
mooccubex.cs.计数排序	计数排序;wd.Q1124964;lcsh.sh85033451	https://www.wikidata.org/wiki/Q1124964;http://id.loc.gov/authorities/subjects/sh85033451	counting sort		computer science	mooccubex	9.0	12.0
mooccubex.cs.时间效率	时间效率;lcsh.sh85082756	http://id.loc.gov/authorities/subjects/sh85082756	time efficiency		computer science	mooccubex	1.0	6.0
mooccubex.cs.网	网;wd.Q199897;dbpedia.Mesh_generators	https://www.wikidata.org/wiki/Q199897;http://dbpedia.org/resource/Category:Mesh_generators	mesh		computer science	mooccubex	1.0	6.0
mooccubex.cs.协调机制	协调机制;dbpedia.Coordination_chemistry	http://dbpedia.org/resource/Category:Coordination_chemistry	coordination mechanism		computer science	mooccubex	13	16
mooccubex.cs.记录结构	记录结构;lcsh.sh99001916	http://id.loc.gov/authorities/subjects/sh99001916	record structure		computer science	mooccubex	1.0	6.0
mooccubex.cs.外部资源	外部资源		external resource		computer science	mooccubex	13	16
mooccubex.cs.串长	串长;lcsh.sh85075978	http://id.loc.gov/authorities/subjects/sh85075978	string length		computer science	mooccubex	1.0	6.0
mooccubex.cs.相对地址	相对地址		relative address		computer science	mooccubex	13	16
mooccubex.cs.计算时间	计算时间;wd.Q20830136;dbpedia.Computing	https://www.wikidata.org/wiki/Q20830136;http://dbpedia.org/resource/Category:Computing	computation time		computer science	mooccubex	1.0	6.0
mooccubex.cs.动态路由	动态路由;mooccubex.cs.动态路由选择;动态路由选择;wd.Q352483;dbpedia.Routing_software	https://www.wikidata.org/wiki/Q352483;http://dbpedia.org/resource/Category:Routing_software	dynamic routing		computer science	mooccubex	13	16
mooccubex.cs.分界面	分界面;lcsh.sh94006577;dbpedia.Interfaces;wd.Q2349092;lcsh.sh85029507	http://id.loc.gov/authorities/subjects/sh94006577;http://dbpedia.org/resource/Category:Interfaces;https://www.wikidata.org/wiki/Q2349092;http://id.loc.gov/authorities/subjects/sh85029507	interface		computer science;lcsh;dbpedia	mooccubex	13	16
mooccubex.cs.估计方法	估计方法;mooccubex.math.估计方法;wd.Q1536650;lcsh.sh85044957	https://www.wikidata.org/wiki/Q1536650;http://id.loc.gov/authorities/subjects/sh85044957	estimation method		computer science;math	mooccubex	1.0	6.0
mooccubex.cs.交叉编译	交叉编译;lightcast.KSCTS4X8YDGGJR610L9X;KSCTS4X8YDGGJR610L9X;wd.Q11741952;dbpedia.Cross-compilers	https://skills.emsidata.com/skills/KSCTS4X8YDGGJR610L9X;https://www.wikidata.org/wiki/Q11741952;http://dbpedia.org/resource/Category:Cross-compilers	cross compilation		computer science;specialized skill	mooccubex	13	16
mooccubex.cs.时间约束	时间约束;lcsh.sh85135399	http://id.loc.gov/authorities/subjects/sh85135399	time constraint		computer science	mooccubex	1.0	6.0
mooccubex.cs.幂集	幂集		power set		computer science	mooccubex	7.0	9.0
mooccubex.cs.组合模式	组合模式;lightcast.KS1226R656BDDVQ2J0R8;KS1226R656BDDVQ2J0R8;wd.Q1061379	https://skills.emsidata.com/skills/KS1226R656BDDVQ2J0R8;https://www.wikidata.org/wiki/Q1061379	composite pattern		computer science;specialized skill	mooccubex	7.0	9.0
mooccubex.cs.密码	密码;csp.3.03.A.2.d.5;3321ACB28BBE4507A5057CDB54CA9EF1;dbpedia.Password_authentication	http://dbpedia.org/resource/Category:Password_authentication	password		computer science;cte	mooccubex	9.0	12.0
mooccubex.cs.中间位置	中间位置;dbpedia.Third_Position	http://dbpedia.org/resource/Category:Third_Position	middle position		computer science	mooccubex	7.0	9.0
mooccubex.cs.差异化教学	差异化教学;lightcast.KS122XY6C5JW4HMT0VT7;KS122XY6C5JW4HMT0VT7;wd.Q905421;dbpedia.Instruction_processing	https://skills.emsidata.com/skills/KS122XY6C5JW4HMT0VT7;https://www.wikidata.org/wiki/Q905421;http://dbpedia.org/resource/Category:Instruction_processing	differentiated instruction		computer science;specialized skill	mooccubex	9.0	12.0
mooccubex.cs.归纳法	归纳法;lcsh.sh85065805;lcsh.sh85065806;wd.Q29887572;lcsh.sh85065807	http://id.loc.gov/authorities/subjects/sh85065805;http://id.loc.gov/authorities/subjects/sh85065806;https://www.wikidata.org/wiki/Q29887572;http://id.loc.gov/authorities/subjects/sh85065807	induction	Inductive logic; Logic, Inductive	computer science;lcsh	mooccubex	1.0	6.0
mooccubex.cs.完全对称	完全对称;lcsh.sh85131444	http://id.loc.gov/authorities/subjects/sh85131444	complete symmetry		computer science	mooccubex	9.0	12.0
mooccubex.cs.死锁检测	死锁检测		deadlock detection		computer science	mooccubex	13	16
mooccubex.cs.记忆力	记忆力;dbpedia.Memory;lcsh.sh85083497;lcsh.sh87003875;wd.Q492;dbpedia.Computer_memory	http://dbpedia.org/resource/Category:Memory;http://id.loc.gov/authorities/subjects/sh85083497;http://id.loc.gov/authorities/subjects/sh87003875;https://www.wikidata.org/wiki/Q492;http://dbpedia.org/resource/Category:Computer_memory	memory	Retention (Psychology)	computer science;dbpedia;lcsh	mooccubex	9.0	12.0
mooccubex.cs.伪码	伪码;lightcast.KS7YBKUPS4X0C67GJVH3;KS7YBKUPS4X0C67GJVH3;lcsh.sh88004528;dbpedia.Pseudorectes	https://skills.emsidata.com/skills/KS7YBKUPS4X0C67GJVH3;http://id.loc.gov/authorities/subjects/sh88004528;http://dbpedia.org/resource/Category:Pseudorectes	pseudocode	Pseudo code (Computer program language)	computer science;specialized skill;lcsh;language	mooccubex	13	16
mooccubex.cs.硬件故障	硬件故障;opensalt.2f6bee3e-f7f6-11e8-a9eb-0242ac190005;opensalt.NCCTE.BN24.07.01;lcsh.sh98002500	http://id.loc.gov/authorities/subjects/sh98002500	hardware failure		computer science	mooccubex	9.0	12.0
mooccubex.cs.安全模式	安全模式;lightcast.KS4406Z72L0Y8DT2DZSB;KS4406Z72L0Y8DT2DZSB	https://skills.emsidata.com/skills/KS4406Z72L0Y8DT2DZSB	safe mode		computer science;specialized skill	mooccubex	7.0	9.0
mooccubex.cs.X86架构	X86架构;lightcast.KS120246NMDK6N8WCD0Y;KS120246NMDK6N8WCD0Y;dbpedia.X86_architecture;dbpedia.X86_operating_systems	https://skills.emsidata.com/skills/KS120246NMDK6N8WCD0Y;http://dbpedia.org/resource/Category:X86_architecture;http://dbpedia.org/resource/Category:X86_operating_systems	x86 architecture		computer science;specialized skill;dbpedia	mooccubex	13	16
mooccubex.cs.域名系统	域名系统;dbpedia.DNS;dbpedia.DNS_software	http://dbpedia.org/resource/Category:DNS;http://dbpedia.org/resource/Category:DNS_software	DNS		computer science;dbpedia	mooccubex	13	16
mooccubex.cs.处理单元	处理单元;lcsh.sh00006475	http://id.loc.gov/authorities/subjects/sh00006475	processing unit		computer science	mooccubex	9.0	12.0
mooccubex.cs.页帧	页帧		page frame		computer science	mooccubex	13	16
mooccubex.cs.目录结构	目录结构;lightcast.KS123076H030P0BXT6Z8;KS123076H030P0BXT6Z8;wd.Q996023;lcsh.sh85038267	https://skills.emsidata.com/skills/KS123076H030P0BXT6Z8;https://www.wikidata.org/wiki/Q996023;http://id.loc.gov/authorities/subjects/sh85038267	directory structure		computer science;specialized skill	mooccubex	1.0	6.0
mooccubex.cs.虚拟盘	虚拟盘;lightcast.KSXEORUA3FE92OHPXHX6;KSXEORUA3FE92OHPXHX6;lcsh.sh85143805	https://skills.emsidata.com/skills/KSXEORUA3FE92OHPXHX6;http://id.loc.gov/authorities/subjects/sh85143805	virtual disk		computer science;specialized skill	mooccubex	13	16
mooccubex.cs.分配方法	分配方法		allocation method		computer science	mooccubex	1.0	6.0
mooccubex.cs.路由算法	路由算法;dbpedia.Routing_algorithms;lcsh.sh85115555	http://dbpedia.org/resource/Category:Routing_algorithms;http://id.loc.gov/authorities/subjects/sh85115555	routing algorithm		computer science;dbpedia	mooccubex	9.0	12.0
mooccubex.cs.不变性	不变性;mooccubex.math.不变性;wd.Q188211;lcsh.sh85053535	https://www.wikidata.org/wiki/Q188211;http://id.loc.gov/authorities/subjects/sh85053535	invariance		computer science;math	mooccubex	9.0	12.0
mooccubex.cs.后沿	后沿;lcsh.sh2003006701	http://id.loc.gov/authorities/subjects/sh2003006701	trailing edge		computer science;lcsh	mooccubex	7.0	9.0
mooccubex.cs.装入	装入;lcsh.sh2005004556;wd.Q276546;lcsh.sh85077855	http://id.loc.gov/authorities/subjects/sh2005004556;https://www.wikidata.org/wiki/Q276546;http://id.loc.gov/authorities/subjects/sh85077855	load		computer science;lcsh	mooccubex	7.0	9.0
mooccubex.cs.处理机	处理机;lcsh.sh98003688	http://id.loc.gov/authorities/subjects/sh98003688	processor		computer science	mooccubex	9.0	12.0
mooccubex.cs.引导扇区	引导扇区;lightcast.KS1214M6QGD6TYCYSSWN;KS1214M6QGD6TYCYSSWN;wd.Q875716	https://skills.emsidata.com/skills/KS1214M6QGD6TYCYSSWN;https://www.wikidata.org/wiki/Q875716	boot sector		computer science;specialized skill	mooccubex	1.0	6.0
mooccubex.cs.平均长度	平均长度;lcsh.sh85127318	http://id.loc.gov/authorities/subjects/sh85127318	average length		computer science	mooccubex	1.0	6.0
mooccubex.cs.栈溢出	栈溢出;lightcast.KSFYRGE9DK9S4GGF8VOI;KSFYRGE9DK9S4GGF8VOI;dbpedia.Stack_Exchange_network	https://skills.emsidata.com/skills/KSFYRGE9DK9S4GGF8VOI;http://dbpedia.org/resource/Category:Stack_Exchange_network	stack overflow		computer science;specialized skill	mooccubex	8.0	11.0
mooccubex.cs.并发性	并发性;dbpedia.Concurrency_(computer_science);wd.Q5159092;dbpedia.Concurrent_programming	http://dbpedia.org/resource/Category:Concurrency_(computer_science);https://www.wikidata.org/wiki/Q5159092;http://dbpedia.org/resource/Category:Concurrent_programming	concurrency		computer science;dbpedia	mooccubex	13	16
mooccubex.cs.符号率	符号率		symbol rate		computer science	mooccubex	1.0	6.0
mooccubex.cs.访问权	访问权;wd.Q228493;lcsh.sh2009006412	https://www.wikidata.org/wiki/Q228493;http://id.loc.gov/authorities/subjects/sh2009006412	access right		computer science	mooccubex	9.0	12.0
mooccubex.cs.同步原语	同步原语;lcsh.sh85131609	http://id.loc.gov/authorities/subjects/sh85131609	synchronization primitive		computer science	mooccubex	13	16
mooccubex.cs.静态分配	静态分配;lcsh.sh85040314	http://id.loc.gov/authorities/subjects/sh85040314	static allocation		computer science	mooccubex	1.0	6.0
mooccubex.cs.路由聚合	路由聚合		route aggregation		computer science	mooccubex	13	16
mooccubex.cs.振荡频率	振荡频率;lcsh.sh85051919	http://id.loc.gov/authorities/subjects/sh85051919	oscillation frequency		computer science	mooccubex	12.0	12.0
mooccubex.cs.同步数据	同步数据;lcsh.sh85131609	http://id.loc.gov/authorities/subjects/sh85131609	synchronous data		computer science	mooccubex	7.0	12.0
mooccubex.cs.逆序对	逆序对;lcsh.sh85067688;lcsh.sh88006789;lcsh.sh92001548;wd.Q190558;lcsh.sh85131405	http://id.loc.gov/authorities/subjects/sh85067688;http://id.loc.gov/authorities/subjects/sh88006789;http://id.loc.gov/authorities/subjects/sh92001548;https://www.wikidata.org/wiki/Q190558;http://id.loc.gov/authorities/subjects/sh85131405	inversion	Inversion geometry	computer science;lcsh;math	mooccubex	7.0	9.0
mooccubex.cs.子任务	子任务;dbpedia.Supertasks	http://dbpedia.org/resource/Category:Supertasks	subtask		computer science	mooccubex	13	16
mooccubex.cs.拒绝	拒绝;lcsh.sh85112479;dbpedia.Social_rejection	http://id.loc.gov/authorities/subjects/sh85112479;http://dbpedia.org/resource/Category:Social_rejection	rejection		computer science;lcsh	mooccubex	13	16
mooccubex.cs.线性扫描	线性扫描;lcsh.sh85117991	http://id.loc.gov/authorities/subjects/sh85117991	linear scan		computer science	mooccubex	9.0	12.0
mooccubex.cs.深度优先搜索	深度优先搜索;wd.Q816319	https://www.wikidata.org/wiki/Q816319	depth-first search		computer science	mooccubex	9.0	12.0
mooccubex.cs.水平方向	水平方向;dbpedia.Horizontal_coordinate_system	http://dbpedia.org/resource/Category:Horizontal_coordinate_system	horizontal direction		computer science	mooccubex	4.0	4.0
mooccubex.cs.平行移动	平行移动;lightcast.BGS3564F10FE2AF2A6D3;BGS3564F10FE2AF2A6D3;lightcast.KS126BW6Y7CSGCDDQKG6;KS126BW6Y7CSGCDDQKG6;lcsh.sh85043629	https://skills.emsidata.com/skills/BGS3564F10FE2AF2A6D3;https://skills.emsidata.com/skills/KS126BW6Y7CSGCDDQKG6;http://id.loc.gov/authorities/subjects/sh85043629	parallel translation		computer science;specialized skill	mooccubex	7.0	9.0
mooccubex.cs.设计分析	设计分析;dbpedia.Design_engineering	http://dbpedia.org/resource/Category:Design_engineering	design analysis		computer science	mooccubex	0.0	12.0
mooccubex.cs.计算延时	计算延时		computational latency		computer science	mooccubex	7.0	9.0
mooccubex.cs.嵌入式软件	嵌入式软件;lightcast.KS123GK733XQ5WXKNLSG;KS123GK733XQ5WXKNLSG;wd.Q1335007;dbpedia.Linux_embedded-related_software	https://skills.emsidata.com/skills/KS123GK733XQ5WXKNLSG;https://www.wikidata.org/wiki/Q1335007;http://dbpedia.org/resource/Category:Linux_embedded-related_software	embedded software		computer science;specialized skill	mooccubex	8.0	11.0
mooccubex.cs.相对寻址	相对寻址		relative addressing		computer science	mooccubex	1.0	6.0
mooccubex.cs.镜像	镜像;lcsh.sh85085963;dbpedia.Mirrors;lcsh.sh2008000551;wd.Q35197;dbpedia.Mirror's_Edge	http://id.loc.gov/authorities/subjects/sh85085963;http://dbpedia.org/resource/Category:Mirrors;http://id.loc.gov/authorities/subjects/sh2008000551;https://www.wikidata.org/wiki/Q35197;http://dbpedia.org/resource/Category:Mirror's_Edge	mirror	Aberration, Chromatic and spherical; Looking-glasses	computer science;lcsh;dbpedia	mooccubex	9.0	12.0
mooccubex.cs.碱基对	碱基对;wd.Q145911	https://www.wikidata.org/wiki/Q145911	base pair		computer science	mooccubex	1.0	6.0
mooccubex.cs.工作集	工作集;dbpedia.Works_set_in_the_future	http://dbpedia.org/resource/Category:Works_set_in_the_future	working set		computer science	mooccubex	13	16
mooccubex.cs.最近距离	最近距离;lcsh.sh85038508	http://id.loc.gov/authorities/subjects/sh85038508	nearest distance		computer science	mooccubex	7.0	9.0
mooccubex.cs.时间重叠	时间重叠		time overlap		computer science	mooccubex	1.0	6.0
mooccubex.cs.收敛级数	收敛级数;mooccubex.math.收敛级数;wd.Q1211057;lcsh.sh85120243	https://www.wikidata.org/wiki/Q1211057;http://id.loc.gov/authorities/subjects/sh85120243	convergent series		computer science;math	mooccubex	9.0	12.0
mooccubex.cs.批处理	批处理;lightcast.KS120XV74W7MKQ7XB78N;KS120XV74W7MKQ7XB78N;wd.Q661613;lcsh.sh85042289	https://skills.emsidata.com/skills/KS120XV74W7MKQ7XB78N;https://www.wikidata.org/wiki/Q661613;http://id.loc.gov/authorities/subjects/sh85042289	batch processing		computer science;specialized skill	mooccubex	13	16
mooccubex.cs.概率值	概率值;dbpedia.Applied_probability	http://dbpedia.org/resource/Category:Applied_probability	probability value		computer science	mooccubex	7.0	12.0
mooccubex.cs.第一代计算机	第一代计算机;wd.Q2202298;lcsh.sh88006405	https://www.wikidata.org/wiki/Q2202298;http://id.loc.gov/authorities/subjects/sh88006405	first-generation computer		computer science	mooccubex	13	16
mooccubex.math.欧拉函数	欧拉函数;wd.Q190026	https://www.wikidata.org/wiki/Q190026	Euler's totient function		math	mooccubex	1.0	9.0
mooccubex.math.正交坐标	正交坐标;wd.Q2588831;lcsh.sh85034923	https://www.wikidata.org/wiki/Q2588831;http://id.loc.gov/authorities/subjects/sh85034923	orthogonal coordinates		math	mooccubex	7.0	9.0
mooccubex.math.标准正态分布	标准正态分布;lightcast.KS125Z46DZHKRV91RSCH;KS125Z46DZHKRV91RSCH;lcsh.sh85092419	https://skills.emsidata.com/skills/KS125Z46DZHKRV91RSCH;http://id.loc.gov/authorities/subjects/sh85092419	standard normal distribution		math;specialized skill	mooccubex	7.0	9.0
mooccubex.math.矩阵的秩	矩阵的秩		rank of a matrix		math	mooccubex	13	16
mooccubex.math.正交补空间	正交补空间;wd.Q1780921	https://www.wikidata.org/wiki/Q1780921	orthogonal complement		math	mooccubex	13	16
mooccubex.math.最大公因式	最大公因式;wd.Q131752	https://www.wikidata.org/wiki/Q131752	greatest common divisor		math	mooccubex	7.0	9.0
mooccubex.math.可积性	可积性;dbpedia.Integrable_systems	http://dbpedia.org/resource/Category:Integrable_systems	integrability		math	mooccubex	9.0	12.0
mooccubex.math.因式定理	因式定理;wd.Q1108687;lcsh.sh85046846	https://www.wikidata.org/wiki/Q1108687;http://id.loc.gov/authorities/subjects/sh85046846	factor theorem		math	mooccubex	7.0	9.0
mooccubex.math.简单随机样本	简单随机样本;lightcast.KS128CV78DFGL5QWK0TP;KS128CV78DFGL5QWK0TP;lcsh.sh2006008189	https://skills.emsidata.com/skills/KS128CV78DFGL5QWK0TP;http://id.loc.gov/authorities/subjects/sh2006008189	simple random sample		math;specialized skill	mooccubex	7.0	7.0
mooccubex.math.初等数论	初等数论;dbpedia.Elementary_number_theory;wd.Q18450254;dbpedia.Elementary_arithmetic	http://dbpedia.org/resource/Category:Elementary_number_theory;https://www.wikidata.org/wiki/Q18450254;http://dbpedia.org/resource/Category:Elementary_arithmetic	elementary number theory		math;dbpedia	mooccubex	9.0	12.0
mooccubex.math.应力函数	应力函数;lcsh.sh85128706	http://id.loc.gov/authorities/subjects/sh85128706	stress function		math	mooccubex	13	16
mooccubex.math.线性空间	线性空间;wd.Q125977;lcsh.sh85077185	https://www.wikidata.org/wiki/Q125977;http://id.loc.gov/authorities/subjects/sh85077185	linear space		math	mooccubex	9.0	12.0
mooccubex.math.实数域	实数域;lcsh.sh85050814	http://id.loc.gov/authorities/subjects/sh85050814	real number field		math	mooccubex	8.0	8.0
mooccubex.math.零空间	零空间;wd.Q2914509;lcsh.sh85093194	https://www.wikidata.org/wiki/Q2914509;http://id.loc.gov/authorities/subjects/sh85093194	null space		math	mooccubex	9.0	12.0
mooccubex.math.n维空间	n维空间		n-dimensional space		math	mooccubex	9.0	12.0
mooccubex.math.二重积分	二重积分;wd.Q9185332	https://www.wikidata.org/wiki/Q9185332	double integral		math	mooccubex	9.0	12.0
mooccubex.math.矩阵表示	矩阵表示;wd.Q6787889;dbpedia.Matrix_theory	https://www.wikidata.org/wiki/Q6787889;http://dbpedia.org/resource/Category:Matrix_theory	matrix representation		math	mooccubex	6.0	12.0
mooccubex.math.矩阵特征值	矩阵特征值;lcsh.sh85041389	http://id.loc.gov/authorities/subjects/sh85041389	eigenvalue of a matrix		math	mooccubex	13	16
mooccubex.math.指数型母函数	指数型母函数;wd.Q91250435;lcsh.sh85053816	https://www.wikidata.org/wiki/Q91250435;http://id.loc.gov/authorities/subjects/sh85053816	exponential generating function		math	mooccubex	13	16
mooccubex.math.下界	下界;wd.Q12254923;lcsh.sh85016109	https://www.wikidata.org/wiki/Q12254923;http://id.loc.gov/authorities/subjects/sh85016109	lower bound		math	mooccubex	7.0	9.0
mooccubex.math.离散随机变量	离散随机变量;wd.Q1045168;dbpedia.Discrete_distributions	https://www.wikidata.org/wiki/Q1045168;http://dbpedia.org/resource/Category:Discrete_distributions	discrete random variable		math	mooccubex	7.0	9.0
mooccubex.math.外切	外切		externally tangent		math	mooccubex	7.0	9.0
mooccubex.math.不连续函数	不连续函数;lcsh.sh85052335;wd.Q91305654;lcsh.sh85052334	http://id.loc.gov/authorities/subjects/sh85052335;https://www.wikidata.org/wiki/Q91305654;http://id.loc.gov/authorities/subjects/sh85052334	discontinuous function	Functions, Discontinuous	math;lcsh	mooccubex	9.0	12.0
mooccubex.math.阿贝尔定理	阿贝尔定理;wd.Q318767	https://www.wikidata.org/wiki/Q318767	Abel's theorem		math	mooccubex	13	16
mooccubex.math.欧氏空间	欧氏空间;wd.Q17295;dbpedia.Euclidean_plane_geometry	https://www.wikidata.org/wiki/Q17295;http://dbpedia.org/resource/Category:Euclidean_plane_geometry	Euclidean space		math	mooccubex	9.0	12.0
mooccubex.math.不变子空间	不变子空间;lcsh.sh85067664;dbpedia.Invariant_subspaces;wd.Q2706744;lcsh.sh99011720	http://id.loc.gov/authorities/subjects/sh85067664;http://dbpedia.org/resource/Category:Invariant_subspaces;https://www.wikidata.org/wiki/Q2706744;http://id.loc.gov/authorities/subjects/sh99011720	invariant subspace	Subspaces, Invariant	math;lcsh;dbpedia	mooccubex	9.0	12.0
mooccubex.math.概率计算	概率计算;dbpedia.Applied_probability	http://dbpedia.org/resource/Category:Applied_probability	probability calculation		math	mooccubex	7.0	12.0
mooccubex.math.空间坐标系	空间坐标系;dbpedia.Geographic_coordinate_systems	http://dbpedia.org/resource/Category:Geographic_coordinate_systems	spatial coordinate system		math	mooccubex	7.0	9.0
mooccubex.math.射影变换	射影变换;dbpedia.Projective_geometry	http://dbpedia.org/resource/Category:Projective_geometry	projective transformation		math	mooccubex	7.0	9.0
mooccubex.math.四次方程	四次方程;lcsh.sh85044518	http://id.loc.gov/authorities/subjects/sh85044518	quartic equation		math	mooccubex	7.0	9.0
mooccubex.math.应力集中系数	应力集中系数;lcsh.sh85128706	http://id.loc.gov/authorities/subjects/sh85128706	stress concentration factor		math	mooccubex	13	16
mooccubex.math.无偏估计	无偏估计;mooccubex.math.无偏估计量;无偏估计量		unbiased estimator		math	mooccubex	1.0	6.0
mooccubex.math.概率分布函数	概率分布函数;dbpedia.Functions_related_to_probability_distributions	http://dbpedia.org/resource/Category:Functions_related_to_probability_distributions	probability distribution function		math	mooccubex	7.0	9.0
mooccubex.math.一元多项式	一元多项式		univariate polynomial		math	mooccubex	12.0	12.0
mooccubex.math.微分几何	微分几何;lightcast.KS122CL6RGVDT3RDT45M;KS122CL6RGVDT3RDT45M;dbpedia.Differential_geometry;wd.Q188444;lcsh.sh85054146	https://skills.emsidata.com/skills/KS122CL6RGVDT3RDT45M;http://dbpedia.org/resource/Category:Differential_geometry;https://www.wikidata.org/wiki/Q188444;http://id.loc.gov/authorities/subjects/sh85054146	differential geometry		math;specialized skill;dbpedia	mooccubex	7.0	9.0
mooccubex.math.概率论与数理统计	概率论与数理统计;dbpedia.Theory_of_probability_distributions	http://dbpedia.org/resource/Category:Theory_of_probability_distributions	probability theory and mathematical statistics		math	mooccubex	7.0	12.0
mooccubex.math.正交向量	正交向量;lcsh.sh85052345	http://id.loc.gov/authorities/subjects/sh85052345	orthogonal vector		math	mooccubex	9.0	12.0
assistments.63	mooccubex.math.估计;估计;wd.Q791801;lcsh.sh00005641	https://www.wikidata.org/wiki/Q791801;http://id.loc.gov/authorities/subjects/sh00005641	Estimation		math;k-12	assistments	1.0	6.0
mooccubex.math.样本空间	样本空间		sample space		math	mooccubex	13	16
mooccubex.math.极限定理	极限定理;lcsh.sh85077023	http://id.loc.gov/authorities/subjects/sh85077023	limit theorem		math;lcsh	mooccubex	9.0	12.0
mooccubex.math.函数项级数	函数项级数		functional series		math	mooccubex	9.0	12.0
mooccubex.math.加权函数	加权函数;lcsh.sh98002246	http://id.loc.gov/authorities/subjects/sh98002246	weight function		math	mooccubex	1.0	6.0
mooccubex.math.全概率公式	全概率公式;wd.Q1989192	https://www.wikidata.org/wiki/Q1989192	law of total probability		math	mooccubex	7.0	12.0
mooccubex.math.边缘分布	边缘分布;lcsh.sh97007812;wd.Q670653;lcsh.sh85081055	http://id.loc.gov/authorities/subjects/sh97007812;https://www.wikidata.org/wiki/Q670653;http://id.loc.gov/authorities/subjects/sh85081055	marginal distribution		math;lcsh	mooccubex	7.0	9.0
mooccubex.math.塑性应变增量	塑性应变增量;lcsh.sh85103121	http://id.loc.gov/authorities/subjects/sh85103121	plastic strain increment		math	mooccubex	13	16
mooccubex.math.施密特正交化	施密特正交化;lcsh.sh98004572	http://id.loc.gov/authorities/subjects/sh98004572	Gram-Schmidt orthogonalization		math	mooccubex	13	16
mooccubex.math.中值定理	中值定理;mooccubex.math.平均值定理;平均值定理;lcsh.sh85082689;wd.Q189136	http://id.loc.gov/authorities/subjects/sh85082689;https://www.wikidata.org/wiki/Q189136	Mean value theorem	Laws of the mean (Calculus); Mean, Laws of the (Calculus)	math;lcsh	mooccubex	7.0	9.0
mooccubex.math.理论力学	理论力学;dbpedia.Theoretical_physics	http://dbpedia.org/resource/Category:Theoretical_physics	theoretical mechanics		math	mooccubex	9.0	12.0
mooccubex.math.一般方程	一般方程;lcsh.sh85044523	http://id.loc.gov/authorities/subjects/sh85044523	general equation		math	mooccubex	1.0	6.0
mooccubex.math.内坐标	内坐标		internal coordinates		math	mooccubex	7.0	9.0
mooccubex.math.几何解释	几何解释;lcsh.sh85054161	http://id.loc.gov/authorities/subjects/sh85054161	geometric interpretation		math	mooccubex	7.0	9.0
mooccubex.math.势函数	势函数;lcsh.sh85105671	http://id.loc.gov/authorities/subjects/sh85105671	potential function		math	mooccubex	9.0	12.0
mooccubex.math.不等式组	不等式组;dbpedia.Geometric_inequalities	http://dbpedia.org/resource/Category:Geometric_inequalities	system of inequalities		math	mooccubex	7.0	9.0
mooccubex.math.函数极限	函数极限		function limit		math	mooccubex	9.0	12.0
mooccubex.math.输入系统	输入系统;wd.Q122803255;lcsh.sh2017005165	https://www.wikidata.org/wiki/Q122803255;http://id.loc.gov/authorities/subjects/sh2017005165	input system		math	mooccubex	1.0	6.0
mooccubex.math.乘法公式	乘法公式;lcsh.sh85088383	http://id.loc.gov/authorities/subjects/sh85088383	multiplication formula		math	mooccubex	7.0	9.0
mooccubex.math.状态空间描述	状态空间描述;lcsh.sh85127512	http://id.loc.gov/authorities/subjects/sh85127512	state space representation		math	mooccubex	6.0	12.0
mooccubex.math.几何概率	几何概率;wd.Q327164;lcsh.sh85054125	https://www.wikidata.org/wiki/Q327164;http://id.loc.gov/authorities/subjects/sh85054125	geometric probability		math	mooccubex	7.0	12.0
mooccubex.math.阶	阶;lcsh.sh85095351;lcsh.sh85095355;lcsh.sh85095356;dbpedia.Orders_(biology);wd.Q36602;dbpedia.Ordering	http://id.loc.gov/authorities/subjects/sh85095351;http://id.loc.gov/authorities/subjects/sh85095355;http://id.loc.gov/authorities/subjects/sh85095356;http://dbpedia.org/resource/Category:Orders_(biology);https://www.wikidata.org/wiki/Q36602;http://dbpedia.org/resource/Category:Ordering	order	Linear ordering (Grammar); Ordering constraints (Grammar)	math;lcsh;language;dbpedia	mooccubex	1.0	6.0
mooccubex.math.伯努利试验	伯努利试验;wd.Q1077800;lcsh.sh2006009090	https://www.wikidata.org/wiki/Q1077800;http://id.loc.gov/authorities/subjects/sh2006009090	Bernoulli trial		math	mooccubex	13	16
mooccubex.math.空间维数	空间维数;dbpedia.Fictional_dimensions	http://dbpedia.org/resource/Category:Fictional_dimensions	spatial dimension		math	mooccubex	1.0	6.0
mooccubex.math.函数方程	函数方程;lcsh.sh85052317;dbpedia.Functional_equations;wd.Q594452;lcsh.sh85052318	http://id.loc.gov/authorities/subjects/sh85052317;http://dbpedia.org/resource/Category:Functional_equations;https://www.wikidata.org/wiki/Q594452;http://id.loc.gov/authorities/subjects/sh85052318	functional equation	Equations, Functional	math;lcsh;dbpedia	mooccubex	7.0	9.0
mooccubex.math.温度应变	温度应变;lcsh.sh85134764	http://id.loc.gov/authorities/subjects/sh85134764	thermal strain		math	mooccubex	13	16
mooccubex.math.递增函数	递增函数;wd.Q3075182;dbpedia.Diatonic_functions	https://www.wikidata.org/wiki/Q3075182;http://dbpedia.org/resource/Category:Diatonic_functions	increasing function		math	mooccubex	7.0	9.0
mooccubex.math.极大似然估计量	极大似然估计量;wd.Q112892882	https://www.wikidata.org/wiki/Q112892882	maximum likelihood estimator		math	mooccubex	13	16
mooccubex.math.线性系统理论	线性系统理论;lcsh.sh94000860	http://id.loc.gov/authorities/subjects/sh94000860	linear systems theory		math	mooccubex	7.0	9.0
mooccubex.math.线性微分方程	线性微分方程;wd.Q1129902;lcsh.sh85037903	https://www.wikidata.org/wiki/Q1129902;http://id.loc.gov/authorities/subjects/sh85037903	linear differential equation		math	mooccubex	9.0	12.0
mooccubex.math.样本点	样本点		sample point		math	mooccubex	7.0	9.0
mooccubex.math.连续型随机变量	连续型随机变量;mooccubex.math.连续性随机变量;连续性随机变量;wd.Q112577919;dbpedia.Continuous_distributions	https://www.wikidata.org/wiki/Q112577919;http://dbpedia.org/resource/Category:Continuous_distributions	continuous random variable		math	mooccubex	7.0	9.0
mooccubex.math.单峰函数	单峰函数		unimodal function		math	mooccubex	13	16
mooccubex.math.质点力学	质点力学		point mass mechanics		math	mooccubex	7.0	9.0
mooccubex.math.正交分解	正交分解;lcsh.sh94003409;dbpedia.Matrix_decompositions	http://id.loc.gov/authorities/subjects/sh94003409;http://dbpedia.org/resource/Category:Matrix_decompositions	orthogonal decomposition		math;lcsh	mooccubex	13	16
mooccubex.math.柱坐标	柱坐标;wd.Q211851;lcsh.sh2001003091	https://www.wikidata.org/wiki/Q211851;http://id.loc.gov/authorities/subjects/sh2001003091	cylindrical coordinates		math	mooccubex	7.0	7.0
mooccubex.math.可重组合	可重组合;dbpedia.Combination_puzzles	http://dbpedia.org/resource/Category:Combination_puzzles	combination with repetition		math	mooccubex	7.0	9.0
mooccubex.math.力的合成	力的合成;dbpedia.Groups_of_forces	http://dbpedia.org/resource/Category:Groups_of_forces	composition of forces		math	mooccubex	13	16
mooccubex.math.应力应变关系	应力应变关系;lcsh.sh85128712	http://id.loc.gov/authorities/subjects/sh85128712	stress-strain relationship		math	mooccubex	13	16
mooccubex.math.黎曼函数	黎曼函数;wd.Q11348815;lcsh.sh2005000907	https://www.wikidata.org/wiki/Q11348815;http://id.loc.gov/authorities/subjects/sh2005000907	Riemann function		math	mooccubex	9.0	12.0
mooccubex.math.概率函数	概率函数;dbpedia.Functions_related_to_probability_distributions	http://dbpedia.org/resource/Category:Functions_related_to_probability_distributions	probability function		math	mooccubex	7.0	12.0
mooccubex.math.样本均值	样本均值		sample mean		math	mooccubex	7.0	9.0
mooccubex.math.随机向量	随机向量		random vector		math	mooccubex	9.0	12.0
mooccubex.math.状态向量	状态向量;lcsh.sh85044525	http://id.loc.gov/authorities/subjects/sh85044525	state vector		math	mooccubex	9.0	12.0
mooccubex.math.正交关系	正交关系;lcsh.sh85052345	http://id.loc.gov/authorities/subjects/sh85052345	orthogonal relationship		math	mooccubex	1.0	6.0
mooccubex.math.积分公式	积分公式;lcsh.sh85018804	http://id.loc.gov/authorities/subjects/sh85018804	integral formula		math	mooccubex	9.0	12.0
mooccubex.math.变函数	变函数;wd.Q56312591;lcsh.sh85052356	https://www.wikidata.org/wiki/Q56312591;http://id.loc.gov/authorities/subjects/sh85052356	complex variable function		math	mooccubex	9.0	12.0
mooccubex.math.投影矩阵	投影矩阵;lcsh.sh85107377	http://id.loc.gov/authorities/subjects/sh85107377	projection matrix		math	mooccubex	13	16
mooccubex.math.单位球面	单位球面;lcsh.sh85139717	http://id.loc.gov/authorities/subjects/sh85139717	unit sphere		math	mooccubex	9.0	12.0
mooccubex.math.单叶双曲面	单叶双曲面;wd.Q16355784;lcsh.sh85063676	https://www.wikidata.org/wiki/Q16355784;http://id.loc.gov/authorities/subjects/sh85063676	hyperboloid of one sheet		math	mooccubex	13	16
mooccubex.math.椭球体	椭球体;lcsh.sh85042605;wd.Q190046;lcsh.sh88021200	http://id.loc.gov/authorities/subjects/sh85042605;https://www.wikidata.org/wiki/Q190046;http://id.loc.gov/authorities/subjects/sh88021200	ellipsoid		math;lcsh	mooccubex	9.0	12.0
mooccubex.math.实向量空间	实向量空间;dbpedia.Topological_vector_spaces	http://dbpedia.org/resource/Category:Topological_vector_spaces	real vector space		math	mooccubex	9.0	12.0
mooccubex.math.矩阵求逆	矩阵求逆;lcsh.sh85082223	http://id.loc.gov/authorities/subjects/sh85082223	matrix inversion	Inversion, Matrix; Inverse of a matrix; Inverse matrices	math;lcsh	mooccubex	9.0	12.0
mooccubex.math.厄米特矩阵	厄米特矩阵;wd.Q652941;lcsh.sh97004967	https://www.wikidata.org/wiki/Q652941;http://id.loc.gov/authorities/subjects/sh97004967	Hermitian matrix		math	mooccubex	13	16
mooccubex.math.基向量	基向量;wd.Q56320001	https://www.wikidata.org/wiki/Q56320001	basis vector		math	mooccubex	9.0	12.0
mooccubex.math.空间向量	空间向量;lcsh.sh85142449	http://id.loc.gov/authorities/subjects/sh85142449	spatial vector		math	mooccubex	9.0	12.0
mooccubex.math.刚度	刚度;lcsh.sh85114096;lcsh.sh2002004428;dbpedia.Mathematics_of_rigidity	http://id.loc.gov/authorities/subjects/sh85114096;http://id.loc.gov/authorities/subjects/sh2002004428;http://dbpedia.org/resource/Category:Mathematics_of_rigidity	rigidity	Inflexibility (Psychology)	math;lcsh	mooccubex	6.0	6.0
mooccubex.math.坐标平面	坐标平面;wd.Q1783818;lcsh.sh85054156	https://www.wikidata.org/wiki/Q1783818;http://id.loc.gov/authorities/subjects/sh85054156	coordinate plane		math	mooccubex	7.0	9.0
mooccubex.math.函数问题	函数问题;wd.Q906766	https://www.wikidata.org/wiki/Q906766	function problem		math	mooccubex	7.0	9.0
mooccubex.math.不定矩阵	不定矩阵;wd.Q10534933	https://www.wikidata.org/wiki/Q10534933	indefinite matrix		math	mooccubex	9.0	12.0
mooccubex.math.增广矩阵	增广矩阵;wd.Q2750301	https://www.wikidata.org/wiki/Q2750301	augmented matrix		math	mooccubex	9.0	12.0
mooccubex.math.组合数学	组合数学;lightcast.KS1224C5ZTJSF3CWT23G;KS1224C5ZTJSF3CWT23G;dbpedia.Combinatorics;wd.Q76592;dbpedia.Enumerative_combinatorics	https://skills.emsidata.com/skills/KS1224C5ZTJSF3CWT23G;http://dbpedia.org/resource/Category:Combinatorics;https://www.wikidata.org/wiki/Q76592;http://dbpedia.org/resource/Category:Enumerative_combinatorics	combinatorics		math;specialized skill;dbpedia	mooccubex	7.0	9.0
mooccubex.math.刚体力学	刚体力学;dbpedia.Rigid_bodies_mechanics	http://dbpedia.org/resource/Category:Rigid_bodies_mechanics	rigid body mechanics		math	mooccubex	6.0	6.0
mooccubex.math.可微函数	可微函数;lcsh.sh85037883;wd.Q783507;lcsh.sh85037885	http://id.loc.gov/authorities/subjects/sh85037883;https://www.wikidata.org/wiki/Q783507;http://id.loc.gov/authorities/subjects/sh85037885	differentiable function	Functions, Differentiable	math;lcsh	mooccubex	9.0	12.0
mooccubex.math.待定系数	待定系数		undetermined coefficient		math	mooccubex	7.0	9.0
mooccubex.math.有限维向量空间	有限维向量空间;wd.Q3058336	https://www.wikidata.org/wiki/Q3058336	finite-dimensional vector space		math	mooccubex	9.0	12.0
mooccubex.math.对数曲线	对数曲线;lcsh.sh85034921	http://id.loc.gov/authorities/subjects/sh85034921	logarithmic curve		math	mooccubex	9.0	12.0
mooccubex.math.三元齐次线性方程组	三元齐次线性方程组;lcsh.sh85134042	http://id.loc.gov/authorities/subjects/sh85134042	ternary homogeneous linear system		math	mooccubex	7.0	9.0
mooccubex.math.法平面	法平面;wd.Q18354546;lcsh.sh85054156	https://www.wikidata.org/wiki/Q18354546;http://id.loc.gov/authorities/subjects/sh85054156	normal plane		math	mooccubex	7.0	9.0
mooccubex.math.矩阵力学	矩阵力学;lcsh.sh85082225;wd.Q944;dbpedia.Matrix_theory	http://id.loc.gov/authorities/subjects/sh85082225;https://www.wikidata.org/wiki/Q944;http://dbpedia.org/resource/Category:Matrix_theory	matrix mechanics		math;lcsh	mooccubex	9.0	12.0
mooccubex.math.数值计算	数值计算;lightcast.KS12117777K99LW4QTK0;KS12117777K99LW4QTK0;lightcast.KSFES7A4KNVUO6CY3F3W;KSFES7A4KNVUO6CY3F3W;wd.Q11216;lcsh.sh85093241	https://skills.emsidata.com/skills/KS12117777K99LW4QTK0;https://skills.emsidata.com/skills/KSFES7A4KNVUO6CY3F3W;https://www.wikidata.org/wiki/Q11216;http://id.loc.gov/authorities/subjects/sh85093241	numerical computation		math;specialized skill	mooccubex	9.0	12.0
mooccubex.math.平均速度	平均速度		average velocity		math	mooccubex	1.0	6.0
mooccubex.math.线性相关性	线性相关性;lcsh.sh00000381;wd.Q111783780	http://id.loc.gov/authorities/subjects/sh00000381;https://www.wikidata.org/wiki/Q111783780	linear dependence	Linear independence (Mathematics); Dependence, Linear (Mathematics); Independence, Linear (Mathematics)	math;lcsh	mooccubex	9.0	12.0
mooccubex.math.坐标变换矩阵	坐标变换矩阵;lcsh.sh85032234	http://id.loc.gov/authorities/subjects/sh85032234	coordinate transformation matrix		math	mooccubex	7.0	9.0
mooccubex.math.法线	法线;lightcast.BGS299BA5A28504F115D;BGS299BA5A28504F115D;wd.Q21011981	https://skills.emsidata.com/skills/BGS299BA5A28504F115D;https://www.wikidata.org/wiki/Q21011981	normal line		math;specialized skill	mooccubex	10.0	12.0
mooccubex.math.实值函数	实值函数;lcsh.sh85052357	http://id.loc.gov/authorities/subjects/sh85052357	real-valued function		math	mooccubex	7.0	9.0
mooccubex.math.场函数	场函数;lcsh.sh85048120	http://id.loc.gov/authorities/subjects/sh85048120	field function		math	mooccubex	9.0	12.0
mooccubex.math.过渡矩阵	过渡矩阵;mooccubex.math.转移矩阵;转移矩阵		transition matrix		math	mooccubex	13	16
mooccubex.math.抛物线方程	抛物线方程;lcsh.sh85037909	http://id.loc.gov/authorities/subjects/sh85037909	parabolic equation		math	mooccubex	1.0	6.0
mooccubex.math.系统状态变量	系统状态变量		system state variable		math	mooccubex	13	16
mooccubex.math.零因子	零因子;lcsh.sh85038615	http://id.loc.gov/authorities/subjects/sh85038615	zero divisor		math	mooccubex	1.0	6.0
mooccubex.math.张量	张量;dbpedia.Tensors;lcsh.sh85133937	http://dbpedia.org/resource/Category:Tensors;http://id.loc.gov/authorities/subjects/sh85133937	tensor		math;dbpedia	mooccubex	13	16
mooccubex.math.误差平方和	误差平方和		sum of squared errors		math	mooccubex	7.0	9.0
mooccubex.math.样本方差	样本方差		sample variance		math	mooccubex	13	16
mooccubex.math.不动点	不动点;dbpedia.Fixed_points;dbpedia.Fixed_points_(mathematics);wd.Q217608;lcsh.sh85048934	http://dbpedia.org/resource/Category:Fixed_points;http://dbpedia.org/resource/Category:Fixed_points_(mathematics);https://www.wikidata.org/wiki/Q217608;http://id.loc.gov/authorities/subjects/sh85048934	fixed point		math;dbpedia	mooccubex	7.0	9.0
mooccubex.math.三元一次方程组	三元一次方程组		system of linear equations in three variables		math	mooccubex	7.0	9.0
mooccubex.math.体积力	体积力;wd.Q1759756;lcsh.sh99004841	https://www.wikidata.org/wiki/Q1759756;http://id.loc.gov/authorities/subjects/sh99004841	body force		math	mooccubex	9.0	12.0
mooccubex.math.平面应力	平面应力		plane stress		math	mooccubex	13	16
mooccubex.math.椭球面	椭球面;lcsh.sh85009418	http://id.loc.gov/authorities/subjects/sh85009418	ellipsoid surface		math	mooccubex	9.0	12.0
mooccubex.math.集合结构	集合结构;dbpedia.Set_families	http://dbpedia.org/resource/Category:Set_families	set structure		math	mooccubex	1.0	6.0
mooccubex.math.极坐标方程	极坐标方程;lcsh.sh85032239	http://id.loc.gov/authorities/subjects/sh85032239	polar equation		math	mooccubex	1.0	6.0
mooccubex.math.黎曼可积	黎曼可积		Riemann integrable		math	mooccubex	13	16
mooccubex.math.弹性应变	弹性应变;wd.Q12195266;lcsh.sh92002955	https://www.wikidata.org/wiki/Q12195266;http://id.loc.gov/authorities/subjects/sh92002955	elastic strain		math	mooccubex	6.0	6.0
mooccubex.math.和差化积公式	和差化积公式		sum-to-product formula		math	mooccubex	1.0	6.0
mooccubex.math.微分方程数值解	微分方程数值解;wd.Q124666618;lcsh.sh85037893	https://www.wikidata.org/wiki/Q124666618;http://id.loc.gov/authorities/subjects/sh85037893	numerical solution of differential equations		math	mooccubex	7.0	9.0
mooccubex.math.齐次微分方程	齐次微分方程;wd.Q2434565;lcsh.sh98004766	https://www.wikidata.org/wiki/Q2434565;http://id.loc.gov/authorities/subjects/sh98004766	homogeneous differential equation		math	mooccubex	7.0	9.0
mooccubex.math.系数行列式	系数行列式;dbpedia.Determinacy	http://dbpedia.org/resource/Category:Determinacy	coefficient determinant		math	mooccubex	7.0	9.0
mooccubex.math.恒等映射	恒等映射		identity mapping		math	mooccubex	7.0	9.0
mooccubex.math.微分学	微分学;lightcast.KS122XS690STDCCR4Y2N;KS122XS690STDCCR4Y2N;lcsh.sh85018803;dbpedia.Differential_calculus;wd.Q149999;lcsh.sh85003431	https://skills.emsidata.com/skills/KS122XS690STDCCR4Y2N;http://id.loc.gov/authorities/subjects/sh85018803;http://dbpedia.org/resource/Category:Differential_calculus;https://www.wikidata.org/wiki/Q149999;http://id.loc.gov/authorities/subjects/sh85003431	differential calculus	Calculus, Differential	math;specialized skill;lcsh;dbpedia	mooccubex	9.0	12.0
mooccubex.math.拉格朗日中值定理	拉格朗日中值定理;lcsh.sh2002011191	http://id.loc.gov/authorities/subjects/sh2002011191	Lagrange mean value theorem		math	mooccubex	7.0	9.0
mooccubex.math.李雅普诺夫函数	李雅普诺夫函数;lcsh.sh85076428;wd.Q2337858;lcsh.sh95003362	http://id.loc.gov/authorities/subjects/sh85076428;https://www.wikidata.org/wiki/Q2337858;http://id.loc.gov/authorities/subjects/sh95003362	Lyapunov function	Liapunov functions; Functions, Liapunov	math;lcsh	mooccubex	13	16
mooccubex.math.矩阵范数	矩阵范数;wd.Q939253;lcsh.sh85082212	https://www.wikidata.org/wiki/Q939253;http://id.loc.gov/authorities/subjects/sh85082212	matrix norm		math	mooccubex	13	16
mooccubex.math.总体方差	总体方差;lcsh.sh85104913	http://id.loc.gov/authorities/subjects/sh85104913	population variance		math	mooccubex	13	16
mooccubex.math.正矩阵	正矩阵;lcsh.sh85092227	http://id.loc.gov/authorities/subjects/sh85092227	positive matrix		math	mooccubex	7.0	9.0
mooccubex.math.记忆系统	记忆系统;lightcast.KS126CT752QJR56ZJ17G;KS126CT752QJR56ZJ17G;wd.Q123661669;dbpedia.Computer_memory	https://skills.emsidata.com/skills/KS126CT752QJR56ZJ17G;https://www.wikidata.org/wiki/Q123661669;http://dbpedia.org/resource/Category:Computer_memory	memory system		math;specialized skill	mooccubex	13	16
mooccubex.math.变量分离方程	变量分离方程		separable equation		math	mooccubex	1.0	6.0
mooccubex.math.齐次线性方程	齐次线性方程		homogeneous linear equation		math	mooccubex	9.0	12.0
mooccubex.math.六面体	六面体;wd.Q668113;lcsh.sh96000025	https://www.wikidata.org/wiki/Q668113;http://id.loc.gov/authorities/subjects/sh96000025	hexahedron		math	mooccubex	1.0	6.0
mooccubex.math.初值问题	初值问题;lcsh.sh85066415;wd.Q10167591;lcsh.sh85066416	http://id.loc.gov/authorities/subjects/sh85066415;https://www.wikidata.org/wiki/Q10167591;http://id.loc.gov/authorities/subjects/sh85066416	initial value problem	Problems, Initial value	math;lcsh	mooccubex	13	16
mooccubex.math.加权平均	加权平均;lightcast.KS441L46ZTJ6WXBS2CJK;KS441L46ZTJ6WXBS2CJK;lightcast.KS441Y26F83Q6ZGQCP9F;KS441Y26F83Q6ZGQCP9F;lightcast.KS441Y66ZLLMXB4CYX8T;KS441Y66ZLLMXB4CYX8T;lcsh.sh2018000008	https://skills.emsidata.com/skills/KS441L46ZTJ6WXBS2CJK;https://skills.emsidata.com/skills/KS441Y26F83Q6ZGQCP9F;https://skills.emsidata.com/skills/KS441Y66ZLLMXB4CYX8T;http://id.loc.gov/authorities/subjects/sh2018000008	weighted average		math;specialized skill	mooccubex	7.0	9.0
mooccubex.math.一致收敛性	一致收敛性		uniform convergence		math	mooccubex	9.0	12.0
mooccubex.math.齐次方程	齐次方程;wd.Q4331722	https://www.wikidata.org/wiki/Q4331722	homogeneous equation		math	mooccubex	1.0	6.0
mooccubex.math.均匀随机数	均匀随机数;dbpedia.Non-uniform_random_numbers	http://dbpedia.org/resource/Category:Non-uniform_random_numbers	uniform random number		math	mooccubex	7.0	12.0
mooccubex.math.随机区间	随机区间;dbpedia.Statistical_intervals	http://dbpedia.org/resource/Category:Statistical_intervals	random interval		math	mooccubex	1.0	6.0
mooccubex.math.莱布尼茨公式	莱布尼茨公式		Leibniz formula		math	mooccubex	7.0	9.0
mooccubex.math.自然坐标	自然坐标;lcsh.sh99005340	http://id.loc.gov/authorities/subjects/sh99005340	natural coordinates		math	mooccubex	7.0	9.0
mooccubex.math.复数域	复数域;opensalt.4e74dae8-3e67-49d4-82ec-f50a49027788;opensalt.C;opensalt.2c7b4885-585e-47cd-b07f-f2068aebabb6		complex field		math;strand	mooccubex	9.0	12.0
mooccubex.math.本构关系	本构关系;wd.Q1937401;lcsh.sh00007590	https://www.wikidata.org/wiki/Q1937401;http://id.loc.gov/authorities/subjects/sh00007590	constitutive relation		math	mooccubex	7.0	9.0
mooccubex.math.实轴	实轴;lightcast.KSZ9YXP5I9YUIZ73YIKS;KSZ9YXP5I9YUIZ73YIKS;lcsh.sh85010593	https://skills.emsidata.com/skills/KSZ9YXP5I9YUIZ73YIKS;http://id.loc.gov/authorities/subjects/sh85010593	real axis		math;specialized skill	mooccubex	8.0	8.0
mooccubex.math.一阶线性微分方程	一阶线性微分方程;wd.Q137654032;lcsh.sh85037903	https://www.wikidata.org/wiki/Q137654032;http://id.loc.gov/authorities/subjects/sh85037903	first-order linear differential equation		math	mooccubex	7.0	9.0
mooccubex.math.差分方程	差分方程;lcsh.sh85037879;wd.Q8771775;lcsh.sh93001498	http://id.loc.gov/authorities/subjects/sh85037879;https://www.wikidata.org/wiki/Q8771775;http://id.loc.gov/authorities/subjects/sh93001498	difference equation	Equations, Difference; Differences, Calculus of; Calculus of differences	math;lcsh	mooccubex	1.0	6.0
mooccubex.math.本构方程	本构方程;wd.Q1937401	https://www.wikidata.org/wiki/Q1937401	constitutive equation		math	mooccubex	1.0	6.0
mooccubex.math.极坐标	极坐标;lightcast.KSTBE3YGAQ950WVHMLTW;KSTBE3YGAQ950WVHMLTW;lcsh.sh85032239	https://skills.emsidata.com/skills/KSTBE3YGAQ950WVHMLTW;http://id.loc.gov/authorities/subjects/sh85032239	polar coordinates		math;specialized skill	mooccubex	7.0	9.0
mooccubex.math.矩阵方程	矩阵方程;wd.Q137786585;dbpedia.Matrix_theory	https://www.wikidata.org/wiki/Q137786585;http://dbpedia.org/resource/Category:Matrix_theory	matrix equation		math	mooccubex	9.0	12.0
mooccubex.math.回路矩阵	回路矩阵		loop matrix		math	mooccubex	13	16
mooccubex.math.判断矩阵	判断矩阵		judgment matrix		math	mooccubex	9.0	12.0
mooccubex.math.多项式矩阵	多项式矩阵		polynomial matrix		math	mooccubex	12.0	12.0
mooccubex.math.弹性振动	弹性振动;dbpedia.Mechanical_vibrations	http://dbpedia.org/resource/Category:Mechanical_vibrations	elastic vibration		math	mooccubex	6.0	6.0
mooccubex.math.射影空间	射影空间;lcsh.sh85107383;dbpedia.Projective_geometry	http://id.loc.gov/authorities/subjects/sh85107383;http://dbpedia.org/resource/Category:Projective_geometry	projective space	Spaces, Projective	math;lcsh	mooccubex	13	16
mooccubex.math.逆映射	逆映射;lightcast.KS1235P70GDFY526SXRQ;KS1235P70GDFY526SXRQ;wd.Q191884;lcsh.sh85052342	https://skills.emsidata.com/skills/KS1235P70GDFY526SXRQ;https://www.wikidata.org/wiki/Q191884;http://id.loc.gov/authorities/subjects/sh85052342	inverse mapping		math;specialized skill	mooccubex	7.0	9.0
mooccubex.math.定向图	定向图;lightcast.KSGTB5YC0EZLCN81D7ML;KSGTB5YC0EZLCN81D7ML;lcsh.sh85038262;dbpedia.Directed_graphs;wd.Q1137726;lcsh.sh2008001302	https://skills.emsidata.com/skills/KSGTB5YC0EZLCN81D7ML;http://id.loc.gov/authorities/subjects/sh85038262;http://dbpedia.org/resource/Category:Directed_graphs;https://www.wikidata.org/wiki/Q1137726;http://id.loc.gov/authorities/subjects/sh2008001302	directed graph	Digraphs (Graph theory); Oriented graphs	math;specialized skill;lcsh;dbpedia	mooccubex	7.0	7.0
mooccubex.math.非退化矩阵	非退化矩阵;wd.Q242188;lcsh.sh85092227	https://www.wikidata.org/wiki/Q242188;http://id.loc.gov/authorities/subjects/sh85092227	non-singular matrix		math	mooccubex	13	16
mooccubex.math.奇异矩阵	奇异矩阵		singular matrix		math	mooccubex	13	16
mooccubex.math.原点矩	原点矩		raw moment		math	mooccubex	1.0	6.0
mooccubex.math.近似解	近似解;dbpedia.Approximations	http://dbpedia.org/resource/Category:Approximations	approximate solution		math	mooccubex	7.0	9.0
mooccubex.math.旋转体	旋转体;lcsh.sh85015251	http://id.loc.gov/authorities/subjects/sh85015251	solid of revolution		math	mooccubex	1.0	6.0
mooccubex.math.随机现象	随机现象;dbpedia.Randomness	http://dbpedia.org/resource/Category:Randomness	random phenomenon		math	mooccubex	9.0	12.0
mooccubex.math.无界函数	无界函数		unbounded function		math	mooccubex	7.0	9.0
mooccubex.math.收敛性质	收敛性质;dbpedia.Convergence_Movement	http://dbpedia.org/resource/Category:Convergence_Movement	convergence property		math	mooccubex	9.0	12.0
mooccubex.math.柯西准则	柯西准则;lcsh.sh85021438	http://id.loc.gov/authorities/subjects/sh85021438	Cauchy criterion		math	mooccubex	13	16
mooccubex.math.负整数	负整数;wd.Q18659417;lcsh.sh85093215	https://www.wikidata.org/wiki/Q18659417;http://id.loc.gov/authorities/subjects/sh85093215	negative integer		math	mooccubex	7.0	9.0
mooccubex.math.函数符号	函数符号;wd.Q136490631;lcsh.sh85082126	https://www.wikidata.org/wiki/Q136490631;http://id.loc.gov/authorities/subjects/sh85082126	function notation		math	mooccubex	7.0	9.0
mooccubex.math.运算律	运算律;dbpedia.Unit_operations	http://dbpedia.org/resource/Category:Unit_operations	operation law		math	mooccubex	7.0	9.0
mooccubex.math.拉格朗日乘子法	拉格朗日乘子法;lcsh.sh85073964	http://id.loc.gov/authorities/subjects/sh85073964	Lagrange multiplier method		math	mooccubex	9.0	12.0
mooccubex.math.齐次坐标	齐次坐标;wd.Q528525;lcsh.sh85032234	https://www.wikidata.org/wiki/Q528525;http://id.loc.gov/authorities/subjects/sh85032234	homogeneous coordinates		math	mooccubex	7.0	9.0
mooccubex.math.动态系统	动态系统;lightcast.KS1238C6LBP1L6FMXQ5J;KS1238C6LBP1L6FMXQ5J;dbpedia.Dynamical_systems;wd.Q638328;dbpedia.Dynamical_systems_theorists	https://skills.emsidata.com/skills/KS1238C6LBP1L6FMXQ5J;http://dbpedia.org/resource/Category:Dynamical_systems;https://www.wikidata.org/wiki/Q638328;http://dbpedia.org/resource/Category:Dynamical_systems_theorists	dynamical system		math;specialized skill;dbpedia	mooccubex	0.0	12.0
mooccubex.math.二维问题	二维问题		two-dimensional problem		math	mooccubex	7.0	9.0
mooccubex.math.非负矩阵	非负矩阵;wd.Q6961560;lcsh.sh85092227	https://www.wikidata.org/wiki/Q6961560;http://id.loc.gov/authorities/subjects/sh85092227	non-negative matrix		math	mooccubex	7.0	9.0
mooccubex.math.正交投影	正交投影;lightcast.KS127G26NSSSY5KYMV72;KS127G26NSSSY5KYMV72;wd.Q980329;lcsh.sh85107377	https://skills.emsidata.com/skills/KS127G26NSSSY5KYMV72;https://www.wikidata.org/wiki/Q980329;http://id.loc.gov/authorities/subjects/sh85107377	orthogonal projection		math;specialized skill	mooccubex	13	16
mooccubex.math.正交性	正交性;wd.Q215067;lcsh.sh85052345	https://www.wikidata.org/wiki/Q215067;http://id.loc.gov/authorities/subjects/sh85052345	orthogonality		math	mooccubex	1.0	6.0
mooccubex.math.格拉姆矩阵	格拉姆矩阵;wd.Q1409400;lcsh.sh85056254	https://www.wikidata.org/wiki/Q1409400;http://id.loc.gov/authorities/subjects/sh85056254	Gram matrix		math	mooccubex	1.0	6.0
mooccubex.math.无限总体	无限总体;lcsh.sh85104911	http://id.loc.gov/authorities/subjects/sh85104911	infinite population		math	mooccubex	1.0	6.0
mooccubex.math.零矩阵	零矩阵		zero matrix		math	mooccubex	7.0	9.0
mooccubex.math.双曲抛物面	双曲抛物面;wd.Q357268;lcsh.sh85097724	https://www.wikidata.org/wiki/Q357268;http://id.loc.gov/authorities/subjects/sh85097724	hyperbolic paraboloid		math	mooccubex	7.0	9.0
mooccubex.math.有理分式	有理分式;lcsh.sh85093220	http://id.loc.gov/authorities/subjects/sh85093220	rational fraction		math	mooccubex	7.0	9.0
mooccubex.math.正割函数	正割函数		secant function		math	mooccubex	7.0	9.0
mooccubex.math.矩阵的迹	矩阵的迹;lcsh.sh86000507	http://id.loc.gov/authorities/subjects/sh86000507	matrix trace		math	mooccubex	13	16
mooccubex.math.置换群	置换群;lcsh.sh85099993;dbpedia.Permutation_groups;lcsh.sh2009001251	http://id.loc.gov/authorities/subjects/sh85099993;http://dbpedia.org/resource/Category:Permutation_groups;http://id.loc.gov/authorities/subjects/sh2009001251	permutation group	Substitution groups	math;lcsh;dbpedia	mooccubex	7.0	9.0
mooccubex.math.鉴别力	鉴别力;lcsh.sh85038374	http://id.loc.gov/authorities/subjects/sh85038374	Discriminability		math	mooccubex	7.0	9.0
mooccubex.math.局部坐标系	局部坐标系;dbpedia.Geographic_coordinate_systems	http://dbpedia.org/resource/Category:Geographic_coordinate_systems	Local coordinate system		math	mooccubex	7.0	9.0
mooccubex.math.非线性方程	非线性方程;wd.Q137917841;lcsh.sh85037906	https://www.wikidata.org/wiki/Q137917841;http://id.loc.gov/authorities/subjects/sh85037906	Nonlinear equation		math	mooccubex	1.0	6.0
mooccubex.math.旋转矩阵	旋转矩阵;wd.Q1256564;dbpedia.Rotation_in_three_dimensions	https://www.wikidata.org/wiki/Q1256564;http://dbpedia.org/resource/Category:Rotation_in_three_dimensions	Rotation matrix		math	mooccubex	1.0	6.0
mooccubex.math.法方程	法方程		Normal equation		math	mooccubex	1.0	6.0
mooccubex.math.中性轴	中性轴;wd.Q1091301;lcsh.sh85010593	https://www.wikidata.org/wiki/Q1091301;http://id.loc.gov/authorities/subjects/sh85010593	Neutral axis		math	mooccubex	7.0	9.0
mooccubex.math.平面应变	平面应变;wd.Q112411896	https://www.wikidata.org/wiki/Q112411896	Plane strain		math	mooccubex	13	16
mooccubex.math.离散小波变换	离散小波变换;lightcast.KS441ZK6C0NLL4J3ST3P;KS441ZK6C0NLL4J3ST3P;wd.Q2414958;dbpedia.Continuous_wavelets	https://skills.emsidata.com/skills/KS441ZK6C0NLL4J3ST3P;https://www.wikidata.org/wiki/Q2414958;http://dbpedia.org/resource/Category:Continuous_wavelets	Discrete wavelet transform		math;specialized skill	mooccubex	13	16
mooccubex.math.微分方程的解	微分方程的解;lcsh.sh85037906	http://id.loc.gov/authorities/subjects/sh85037906	Solution of differential equation		math	mooccubex	7.0	9.0
mooccubex.math.半角公式	半角公式;wd.Q1421757	https://www.wikidata.org/wiki/Q1421757	Half-angle formula		math	mooccubex	1.0	9.0
mooccubex.math.非线性计算	非线性计算;lcsh.sh2008107551	http://id.loc.gov/authorities/subjects/sh2008107551	Nonlinear computation		math	mooccubex	9.0	12.0
mooccubex.math.半正定矩阵	半正定矩阵		Positive semidefinite matrix		math	mooccubex	13	16
mooccubex.math.利用系数	利用系数;lcsh.sh2002006428	http://id.loc.gov/authorities/subjects/sh2002006428	Utilization coefficient		math	mooccubex	1.0	6.0
mooccubex.math.定理证明	定理证明;lcsh.sh85010111	http://id.loc.gov/authorities/subjects/sh85010111	Theorem proof		math	mooccubex	7.0	9.0
mooccubex.math.匀速运动	匀速运动		Uniform motion		math	mooccubex	9.0	12.0
mooccubex.math.弹性形变	弹性形变;wd.Q118390387;lcsh.sh2004006595	https://www.wikidata.org/wiki/Q118390387;http://id.loc.gov/authorities/subjects/sh2004006595	Elastic deformation		math	mooccubex	6.0	6.0
mooccubex.math.二元一次方程组	二元一次方程组;junyi.WGpUu6x+7d7oYF2u7prVYC5D1GvAybVW7PvZT6my2Ns=;【基礎】二元一次聯立方程式;junyi.dXvYZmfaKMbF66x3mpE4pJ0jkJN4QiDScmpt91rwZ24=;【進階】二元一次聯立方程式;junyi.KX1s7/Qxk6pH/qGwmxl1hIM9Tasofefi8z7FpkP1IcE=;【一般】二元一次聯立方程式		System of linear equations in two variables		math;junior	mooccubex	7.0	9.0
mooccubex.math.柯西中值定理	柯西中值定理;wd.Q3984001	https://www.wikidata.org/wiki/Q3984001	Cauchy mean value theorem		math	mooccubex	13	16
mooccubex.math.线性无关	线性无关;wd.Q27670;lcsh.sh00009611	https://www.wikidata.org/wiki/Q27670;http://id.loc.gov/authorities/subjects/sh00009611	Linear independence		math	mooccubex	6.0	8.0
mooccubex.math.无关性	无关性;lcsh.sh85064829;dbpedia.Independence;dbpedia.Independence_(probability_theory);wd.Q1904322;lcsh.sh87004332	http://id.loc.gov/authorities/subjects/sh85064829;http://dbpedia.org/resource/Category:Independence;http://dbpedia.org/resource/Category:Independence_(probability_theory);https://www.wikidata.org/wiki/Q1904322;http://id.loc.gov/authorities/subjects/sh87004332	Independence		math;lcsh;dbpedia	mooccubex	6.0	8.0
mooccubex.math.微分法	微分法;opensalt.bcdd95f8-f2e5-11ea-9f9f-0242ac140002;lcsh.sh85037926;lcsh.sh85037927;lcsh.sh89003918;lcsh.sh99005588;wd.Q210861;lcsh.sh94005861	http://id.loc.gov/authorities/subjects/sh85037926;http://id.loc.gov/authorities/subjects/sh85037927;http://id.loc.gov/authorities/subjects/sh89003918;http://id.loc.gov/authorities/subjects/sh99005588;https://www.wikidata.org/wiki/Q210861;http://id.loc.gov/authorities/subjects/sh94005861	Differentiation	Social differentiation	math;strand;lcsh	mooccubex	9.0	12.0
mooccubex.math.正规子群	正规子群;wd.Q743179	https://www.wikidata.org/wiki/Q743179	Normal subgroup		math	mooccubex	13	16
mooccubex.math.正交矩阵	正交矩阵;wd.Q333871;lcsh.sh85095794	https://www.wikidata.org/wiki/Q333871;http://id.loc.gov/authorities/subjects/sh85095794	Orthogonal matrix		math	mooccubex	13	16
mooccubex.math.可积函数	可积函数;wd.Q3153745	https://www.wikidata.org/wiki/Q3153745	Integrable function		math	mooccubex	9.0	12.0
mooccubex.math.局部坐标	局部坐标		Local coordinate		math	mooccubex	7.0	9.0
mooccubex.math.代数数	代数数;dbpedia.Algebraic_numbers;wd.Q168817;lcsh.sh85003436	http://dbpedia.org/resource/Category:Algebraic_numbers;https://www.wikidata.org/wiki/Q168817;http://id.loc.gov/authorities/subjects/sh85003436	Algebraic number		math;dbpedia	mooccubex	7.0	9.0
mooccubex.math.代数函数	代数函数;lcsh.sh85052330;wd.Q746863;dbpedia.Algebraic_analysis	http://id.loc.gov/authorities/subjects/sh85052330;https://www.wikidata.org/wiki/Q746863;http://dbpedia.org/resource/Category:Algebraic_analysis	Algebraic function	Functions, Algebraic	math;lcsh	mooccubex	12.0	12.0
mooccubex.math.S矩阵	S矩阵;wd.Q581505;lcsh.sh85116151	https://www.wikidata.org/wiki/Q581505;http://id.loc.gov/authorities/subjects/sh85116151	S-matrix		math	mooccubex	13	16
mooccubex.math.矩阵加法	矩阵加法;wd.Q2264115	https://www.wikidata.org/wiki/Q2264115	Matrix addition		math	mooccubex	7.0	9.0
mooccubex.math.单位元	单位元;wd.Q185813;lcsh.sh85057485	https://www.wikidata.org/wiki/Q185813;http://id.loc.gov/authorities/subjects/sh85057485	Identity element		math	mooccubex	13	16
mooccubex.math.对称群	对称群;wd.Q849512;lcsh.sh85131444	https://www.wikidata.org/wiki/Q849512;http://id.loc.gov/authorities/subjects/sh85131444	Symmetric group		math	mooccubex	9.0	12.0
mooccubex.math.抽样理论	抽样理论;lcsh.sh95009239	http://id.loc.gov/authorities/subjects/sh95009239	Sampling theory		math	mooccubex	7.0	9.0
mooccubex.math.积分学	积分学;lightcast.KS1256M78N8Z48MGCYPP;KS1256M78N8Z48MGCYPP;dbpedia.Integral_calculus;wd.Q150008;lcsh.sh85018804	https://skills.emsidata.com/skills/KS1256M78N8Z48MGCYPP;http://dbpedia.org/resource/Category:Integral_calculus;https://www.wikidata.org/wiki/Q150008;http://id.loc.gov/authorities/subjects/sh85018804	Integral calculus		math;specialized skill;dbpedia	mooccubex	9.0	12.0
mooccubex.math.塑性变化	塑性变化;wd.Q472074;lcsh.sh00006966	https://www.wikidata.org/wiki/Q472074;http://id.loc.gov/authorities/subjects/sh00006966	Plastic deformation		math	mooccubex	6.0	6.0
mooccubex.math.分块矩阵	分块矩阵		Block matrix		math	mooccubex	13	16
mooccubex.math.对称函数	对称函数;lcsh.sh85131434;dbpedia.Symmetric_functions;wd.Q981351	http://id.loc.gov/authorities/subjects/sh85131434;http://dbpedia.org/resource/Category:Symmetric_functions;https://www.wikidata.org/wiki/Q981351	Symmetric function	Functions, Symmetric	math;lcsh;dbpedia	mooccubex	9.0	12.0
mooccubex.math.控制输入	控制输入;lcsh.sh85066544	http://id.loc.gov/authorities/subjects/sh85066544	Control input		math	mooccubex	13	16
mooccubex.math.有理式	有理式;wd.Q185612	https://www.wikidata.org/wiki/Q185612	Rational expression		math	mooccubex	7.0	9.0
mooccubex.math.组合系数	组合系数;lightcast.KSDTG7CF5H38V5XDC26C;KSDTG7CF5H38V5XDC26C;lightcast.KS128GK5VV5GHCJZK49B;KS128GK5VV5GHCJZK49B;junyi.Fn3aEQyqcTZhRlGzh6NLdZFpKY5yVIG9y9aAXfrRW+s=;【基礎】比較係數;dbpedia.Combination_puzzles	https://skills.emsidata.com/skills/KSDTG7CF5H38V5XDC26C;https://skills.emsidata.com/skills/KS128GK5VV5GHCJZK49B;http://dbpedia.org/resource/Category:Combination_puzzles	Combination coefficient		math;specialized skill;junior	mooccubex	7.0	9.0
mooccubex.math.代数方法	代数方法		Algebraic method		math	mooccubex	7.0	9.0
mooccubex.math.正十二面体	正十二面体;wd.Q16629569;dbpedia.Regular_polyhedra	https://www.wikidata.org/wiki/Q16629569;http://dbpedia.org/resource/Category:Regular_polyhedra	Regular dodecahedron		math	mooccubex	7.0	9.0
mooccubex.math.任意子	任意子		Arbitrary element		math	mooccubex	13	16
mooccubex.math.反对称矩阵	反对称矩阵;wd.Q526790;lcsh.sh85131435	https://www.wikidata.org/wiki/Q526790;http://id.loc.gov/authorities/subjects/sh85131435	Skew-symmetric matrix		math	mooccubex	9.0	12.0
mooccubex.math.微分方程的阶	微分方程的阶;wd.Q98667776	https://www.wikidata.org/wiki/Q98667776	Order of differential equation		math	mooccubex	13	16
mooccubex.math.唯一性	唯一性;dbpedia.Uniqueness;wd.Q17548110	http://dbpedia.org/resource/Category:Uniqueness;https://www.wikidata.org/wiki/Q17548110	Uniqueness		math;dbpedia	mooccubex	13	16
mooccubex.math.有限元方法	有限元方法;lightcast.KS123W673LXFQ1L2PSXW;KS123W673LXFQ1L2PSXW;lcsh.sh85048349;dbpedia.Finite_element_method;wd.Q220184;lcsh.sh85048350	https://skills.emsidata.com/skills/KS123W673LXFQ1L2PSXW;http://id.loc.gov/authorities/subjects/sh85048349;http://dbpedia.org/resource/Category:Finite_element_method;https://www.wikidata.org/wiki/Q220184;http://id.loc.gov/authorities/subjects/sh85048350	Finite element method	Finite element analysis; FEM (Numerical analysis); FEA (Numerical analysis)	math;specialized skill;lcsh;dbpedia	mooccubex	13	16
mooccubex.math.稳定矩阵	稳定矩阵;lcsh.sh85127185	http://id.loc.gov/authorities/subjects/sh85127185	Stable matrix		math	mooccubex	13	16
mooccubex.math.一元方程	一元方程		Univariate equation		math	mooccubex	1.0	6.0
mooccubex.math.椭圆抛物面	椭圆抛物面;wd.Q1332408;lcsh.sh85097724	https://www.wikidata.org/wiki/Q1332408;http://id.loc.gov/authorities/subjects/sh85097724	Elliptic paraboloid		math	mooccubex	9.0	12.0
mooccubex.math.随机试验	随机试验;wd.Q228174;dbpedia.Randomness	https://www.wikidata.org/wiki/Q228174;http://dbpedia.org/resource/Category:Randomness	Random experiment		math	mooccubex	7.0	7.0
mooccubex.math.计算机科学与技术	计算机科学与技术;dbpedia.Computer_science_education	http://dbpedia.org/resource/Category:Computer_science_education	Computer science and technology		math	mooccubex	8.0	11.0
mooccubex.math.爱因斯坦求和约定	爱因斯坦求和约定;wd.Q673253	https://www.wikidata.org/wiki/Q673253	Einstein summation convention		math	mooccubex	1.0	6.0
mooccubex.math.几何因素	几何因素;dbpedia.Geometric_algebra	http://dbpedia.org/resource/Category:Geometric_algebra	Geometric factor		math	mooccubex	7.0	9.0
mooccubex.math.多变量系统	多变量系统		Multivariable system		math	mooccubex	7.0	9.0
mooccubex.math.行向量	行向量;wd.Q2916003	https://www.wikidata.org/wiki/Q2916003	Row vector		math	mooccubex	9.0	12.0
mooccubex.math.交换矩阵	交换矩阵;lcsh.sh85029267	http://id.loc.gov/authorities/subjects/sh85029267	Commutative matrix		math	mooccubex	7.0	9.0
mooccubex.math.范德蒙矩阵	范德蒙矩阵;wd.Q579544	https://www.wikidata.org/wiki/Q579544	Vandermonde matrix		math	mooccubex	7.0	9.0
mooccubex.math.开形	开形		Open configuration		math	mooccubex	13	16
mooccubex.psy.立体图形	立体图形;mooccubex.math.立体几何;立体几何;wd.Q207648;lcsh.sh85054160	https://www.wikidata.org/wiki/Q207648;http://id.loc.gov/authorities/subjects/sh85054160	Solid geometry		psychology;math	mooccubex	7.0	9.0
mooccubex.math.T矩阵	T矩阵;lcsh.sh85131767	http://id.loc.gov/authorities/subjects/sh85131767	T-matrix		math;lcsh	mooccubex	13	16
mooccubex.math.差事件	差事件		difference event		math	mooccubex	1.0	6.0
mooccubex.math.关联矩阵	关联矩阵;wd.Q939272;lcsh.sh85064746	https://www.wikidata.org/wiki/Q939272;http://id.loc.gov/authorities/subjects/sh85064746	incidence matrix		math	mooccubex	13	16
mooccubex.math.化工过程	化工过程;lightcast.KS121V65XW68RHJQNX11;KS121V65XW68RHJQNX11;wd.Q2281940;dbpedia.Process_chemicals	https://skills.emsidata.com/skills/KS121V65XW68RHJQNX11;https://www.wikidata.org/wiki/Q2281940;http://dbpedia.org/resource/Category:Process_chemicals	chemical process		math;specialized skill	mooccubex	9.0	12.0
mooccubex.math.发散级数	发散级数;lcsh.sh85120240;dbpedia.Divergent_series;wd.Q906520;lcsh.sh85120243	http://id.loc.gov/authorities/subjects/sh85120240;http://dbpedia.org/resource/Category:Divergent_series;https://www.wikidata.org/wiki/Q906520;http://id.loc.gov/authorities/subjects/sh85120243	divergent series	Series, Divergent	math;lcsh;dbpedia	mooccubex	9.0	12.0
mooccubex.math.原始方程	原始方程		original equation		math	mooccubex	1.0	6.0
mooccubex.math.必然事件	必然事件;lcsh.sh98005772	http://id.loc.gov/authorities/subjects/sh98005772	certain event		math	mooccubex	7.0	9.0
mooccubex.math.谱	谱;lightcast.BGS1C41F3A324BF5B333;BGS1C41F3A324BF5B333;lightcast.KS440VW70BVX3CZ1RV7W;KS440VW70BVX3CZ1RV7W;lcsh.sh2001008906	https://skills.emsidata.com/skills/BGS1C41F3A324BF5B333;https://skills.emsidata.com/skills/KS440VW70BVX3CZ1RV7W;http://id.loc.gov/authorities/subjects/sh2001008906	spectrum		math;specialized skill	mooccubex	9.0	12.0
mooccubex.math.平移变换	平移变换;lcsh.sh00006582	http://id.loc.gov/authorities/subjects/sh00006582	translation transformation		math	mooccubex	7.0	9.0
mooccubex.math.对称矩阵	对称矩阵;lcsh.sh85131435	http://id.loc.gov/authorities/subjects/sh85131435	symmetric matrix		math	mooccubex	9.0	12.0
mooccubex.math.刚体位移	刚体位移;dbpedia.Rigid_bodies_mechanics	http://dbpedia.org/resource/Category:Rigid_bodies_mechanics	rigid body displacement		math	mooccubex	9.0	12.0
mooccubex.math.误差向量	误差向量		error vector		math	mooccubex	9.0	12.0
mooccubex.math.依概率收敛	依概率收敛;wd.Q5637553	https://www.wikidata.org/wiki/Q5637553	convergence in probability		math	mooccubex	9.0	12.0
mooccubex.math.最简分式	最简分式;dbpedia.Partial_fractions	http://dbpedia.org/resource/Category:Partial_fractions	partial fraction		math;dbpedia	mooccubex	1.0	6.0
mooccubex.math.积分变换	积分变换;lcsh.sh85067098;dbpedia.Integral_transforms;wd.Q877802;dbpedia.Transforms	http://id.loc.gov/authorities/subjects/sh85067098;http://dbpedia.org/resource/Category:Integral_transforms;https://www.wikidata.org/wiki/Q877802;http://dbpedia.org/resource/Category:Transforms	integral transform	Transform calculus	math;lcsh;dbpedia	mooccubex	9.0	12.0
mooccubex.math.后焦点	后焦点;lcsh.sh2003003459	http://id.loc.gov/authorities/subjects/sh2003003459	rear focus		math	mooccubex	13	16
mooccubex.math.上界	上界;lcsh.sh85016109	http://id.loc.gov/authorities/subjects/sh85016109	upper bound		math	mooccubex	7.0	9.0
mooccubex.math.拟合优度	拟合优度;wd.Q2034239;lcsh.sh85055906	https://www.wikidata.org/wiki/Q2034239;http://id.loc.gov/authorities/subjects/sh85055906	goodness of fit		math	mooccubex	13	16
mooccubex.math.法向量	法向量;wd.Q56353263	https://www.wikidata.org/wiki/Q56353263	normal vector		math	mooccubex	9.0	12.0
mooccubex.math.多项式方程	多项式方程;lcsh.sh85044520	http://id.loc.gov/authorities/subjects/sh85044520	polynomial equation		math	mooccubex	12.0	12.0
mooccubex.math.向量集	向量集;lcsh.sh85142448	http://id.loc.gov/authorities/subjects/sh85142448	vector set		math	mooccubex	9.0	12.0
mooccubex.math.单位化	单位化;wd.Q5227325	https://www.wikidata.org/wiki/Q5227325	normalization		math	mooccubex	13	16
mooccubex.math.系统矩阵	系统矩阵		system matrix		math	mooccubex	7.0	9.0
mooccubex.math.多项式函数	多项式函数;opensalt.5b8f5b7a-543a-11eb-833e-05f9aea61121;opensalt.MCT4C-B;csp.34CFEB2510BD4510BF1584081DB9BABD;34CFEB2510BD4510BF1584081DB9BABD;csp.35CBC0CE97C34C70BA414E2F7167F011;35CBC0CE97C34C70BA414E2F7167F011;csp.15E955A4B37F47DDA31E1E5E0860E869;15E955A4B37F47DDA31E1E5E0860E869;csp.93887D3ED15948C9B1E982C848F9EB4D;93887D3ED15948C9B1E982C848F9EB4D;csp.F5413053C696423DAED7A2D90AFAB983;F5413053C696423DAED7A2D90AFAB983;csp.A5C79DFB7FAC44518D36CCABFF47B942;A5C79DFB7FAC44518D36CCABFF47B942;csp.F2A58B0DB2BA4E8F8C3B0FF0D712E3F0;F2A58B0DB2BA4E8F8C3B0FF0D712E3F0;csp.86204A485691420FA72A3E90E611677F;86204A485691420FA72A3E90E611677F;csp.7D316DABAC654F789FEC073A55D943FC;7D316DABAC654F789FEC073A55D943FC;csp.35806415BC0B4A96A8B710EB7FD1B0E7;35806415BC0B4A96A8B710EB7FD1B0E7;csp.EA5AE7E666CA43E8A4187B7FF435942E;EA5AE7E666CA43E8A4187B7FF435942E;csp.1884F68CADF840D2BC3DB2316E652FC5;1884F68CADF840D2BC3DB2316E652FC5;csp.CC4C587402F24C848A29931A325A1151;CC4C587402F24C848A29931A325A1151;csp.A7162F8D3FA7415593F9C4571C8A4D4C;A7162F8D3FA7415593F9C4571C8A4D4C;csp.33D2C2CFD84F4C5E883BED3314A00FE1;33D2C2CFD84F4C5E883BED3314A00FE1;csp.E166F9C863944CB3A20C642E6F73E384;E166F9C863944CB3A20C642E6F73E384;csp.EF705D2C8035403DA41FB70191E38C2F;EF705D2C8035403DA41FB70191E38C2F;csp.ACCECDEFD2E4421ABF159B953CB39198;ACCECDEFD2E4421ABF159B953CB39198;csp.0C3D0C08DFE34E3BB4F8942D3136460D;0C3D0C08DFE34E3BB4F8942D3136460D;csp.5E41AE38541B45EDB63D855F42272B1E;5E41AE38541B45EDB63D855F42272B1E;csp.0EBFE4648BCF43BB9A096CEE087E60F0;0EBFE4648BCF43BB9A096CEE087E60F0;csp.67EE3F9180674CB28E1EF17473DD1932;67EE3F9180674CB28E1EF17473DD1932;csp.6B5E3E7CE37A4E18834ECAEB68C05B2F;6B5E3E7CE37A4E18834ECAEB68C05B2F;csp.AAC029A751274AF58FF7116F8CC283B6;AAC029A751274AF58FF7116F8CC283B6;csp.005DA7E5DBDD4A1A8740BABF83498534;005DA7E5DBDD4A1A8740BABF83498534;csp.D40B56ABFED24B17BF8AF6914426B8E6;D40B56ABFED24B17BF8AF6914426B8E6;csp.91CACEA45E80498380C78E2FD95A4AD2;91CACEA45E80498380C78E2FD95A4AD2;csp.2A6CABEDBD72461D84F557C69E5FD28F;2A6CABEDBD72461D84F557C69E5FD28F		polynomial function		math;strand;mathematics	mooccubex	12.0	12.0
mooccubex.math.应变分量	应变分量;lcsh.sh92002955	http://id.loc.gov/authorities/subjects/sh92002955	strain component		math	mooccubex	13	16
mooccubex.math.整系数多项式	整系数多项式		polynomial with integer coefficients		math	mooccubex	12.0	12.0
mooccubex.math.步骤	步骤;dbpedia.Steps_(group)	http://dbpedia.org/resource/Category:Steps_(group)	step		math;dbpedia	mooccubex	1.0	6.0
mooccubex.math.定解条件	定解条件;dbpedia.Boundary_conditions;wd.Q18382796;lcsh.sh89000379	http://dbpedia.org/resource/Category:Boundary_conditions;https://www.wikidata.org/wiki/Q18382796;http://id.loc.gov/authorities/subjects/sh89000379	boundary condition		math;dbpedia	mooccubex	13	16
mooccubex.math.矩阵秩	矩阵秩;wd.Q656784	https://www.wikidata.org/wiki/Q656784	matrix rank		math	mooccubex	13	16
mooccubex.math.置换矩阵	置换矩阵		permutation matrix		math	mooccubex	13	16
mooccubex.math.体积公式	体积公式;dbpedia.Units_of_volume	http://dbpedia.org/resource/Category:Units_of_volume	volume formula		math	mooccubex	7.0	7.0
mooccubex.math.几何边界条件	几何边界条件		geometric boundary condition		math	mooccubex	7.0	9.0
mooccubex.math.有界函数	有界函数;wd.Q2267362	https://www.wikidata.org/wiki/Q2267362	bounded function		math	mooccubex	7.0	9.0
mooccubex.math.正二十面体	正二十面体;dbpedia.Regular_polyhedra	http://dbpedia.org/resource/Category:Regular_polyhedra	regular icosahedron		math	mooccubex	7.0	9.0
mooccubex.math.位移函数	位移函数;lcsh.sh89003084	http://id.loc.gov/authorities/subjects/sh89003084	displacement function		math	mooccubex	9.0	12.0
mooccubex.math.正交变换	正交变换;wd.Q3997740;lcsh.sh85052345	https://www.wikidata.org/wiki/Q3997740;http://id.loc.gov/authorities/subjects/sh85052345	orthogonal transformation		math	mooccubex	13	16
mooccubex.math.正多面体	正多面体;dbpedia.Regular_polyhedra	http://dbpedia.org/resource/Category:Regular_polyhedra	regular polyhedron		math	mooccubex	1.0	6.0
mooccubex.math.单调递增函数	单调递增函数;wd.Q3075182;dbpedia.Diatonic_functions	https://www.wikidata.org/wiki/Q3075182;http://dbpedia.org/resource/Category:Diatonic_functions	monotonically increasing function		math	mooccubex	13	16
mooccubex.math.应变场	应变场;lcsh.sh85128712	http://id.loc.gov/authorities/subjects/sh85128712	strain field		math	mooccubex	13	16
mooccubex.math.塑性应变	塑性应变;lcsh.sh85128456	http://id.loc.gov/authorities/subjects/sh85128456	plastic strain		math	mooccubex	6.0	6.0
mooccubex.math.不连续性	不连续性;wd.Q541961;lcsh.sh85031565	https://www.wikidata.org/wiki/Q541961;http://id.loc.gov/authorities/subjects/sh85031565	discontinuity		math	mooccubex	9.0	12.0
mooccubex.math.阿贝尔群	阿贝尔群;lcsh.sh85000128;wd.Q181296;dbpedia.Abelian_group_theory	http://id.loc.gov/authorities/subjects/sh85000128;https://www.wikidata.org/wiki/Q181296;http://dbpedia.org/resource/Category:Abelian_group_theory	abelian group	Commutative groups	math;lcsh	mooccubex	13	16
mooccubex.math.类方程	类方程		class equation		math	mooccubex	1.0	6.0
mooccubex.math.旋转变换	旋转变换;dbpedia.Rotation_in_three_dimensions	http://dbpedia.org/resource/Category:Rotation_in_three_dimensions	rotation transformation		math	mooccubex	1.0	6.0
mooccubex.math.计算错误	计算错误;lightcast.ES4CC7BADD4A09009B47;ES4CC7BADD4A09009B47;lightcast.KS122756W3LDL2ZLTWXL;KS122756W3LDL2ZLTWXL;lightcast.BGS804BA5966F40BB84D;BGS804BA5966F40BB84D;lightcast.BGS2B00C35FF71F8880A;BGS2B00C35FF71F8880A;opensalt.968f4984-2811-11ef-8610-0242c0a84003;wd.Q22296213;dbpedia.Computational_problems	https://skills.emsidata.com/skills/ES4CC7BADD4A09009B47;https://skills.emsidata.com/skills/KS122756W3LDL2ZLTWXL;https://skills.emsidata.com/skills/BGS804BA5966F40BB84D;https://skills.emsidata.com/skills/BGS2B00C35FF71F8880A;https://www.wikidata.org/wiki/Q22296213;http://dbpedia.org/resource/Category:Computational_problems	computational error		math;specialized skill;strand	mooccubex	9.0	12.0
mooccubex.math.网格划分	网格划分;dbpedia.Mesh_generation;wd.Q4418033;dbpedia.Mesh_generators	http://dbpedia.org/resource/Category:Mesh_generation;https://www.wikidata.org/wiki/Q4418033;http://dbpedia.org/resource/Category:Mesh_generators	mesh generation		math;dbpedia	mooccubex	7.0	7.0
mooccubex.math.存在性定理	存在性定理;lcsh.sh85046371;wd.Q2694495	http://id.loc.gov/authorities/subjects/sh85046371;https://www.wikidata.org/wiki/Q2694495	existence theorem		math;lcsh	mooccubex	7.0	9.0
mooccubex.math.状态空间模型	状态空间模型;lcsh.sh85127512	http://id.loc.gov/authorities/subjects/sh85127512	state space model		math	mooccubex	13	16
mooccubex.math.绝对值函数	绝对值函数;wd.Q120812	https://www.wikidata.org/wiki/Q120812	absolute value function		math	mooccubex	7.0	9.0
mooccubex.math.热流密度	热流密度;wd.Q1478382;lcsh.sh2005006602	https://www.wikidata.org/wiki/Q1478382;http://id.loc.gov/authorities/subjects/sh2005006602	heat flux density		math	mooccubex	13	16
mooccubex.math.范德蒙行列式	范德蒙行列式;wd.Q7914492	https://www.wikidata.org/wiki/Q7914492	Vandermonde determinant		math	mooccubex	7.0	9.0
mooccubex.math.待定系数法	待定系数法;wd.Q1036452	https://www.wikidata.org/wiki/Q1036452	method of undetermined coefficients		math	mooccubex	7.0	9.0
mooccubex.math.唯一性定理	唯一性定理		uniqueness theorem		math	mooccubex	7.0	9.0
mooccubex.math.剪切角	剪切角;lcsh.sh85121189	http://id.loc.gov/authorities/subjects/sh85121189	shear angle		math	mooccubex	4.0	4.0
mooccubex.math.等效应力	等效应力;dbpedia.Stress	http://dbpedia.org/resource/Category:Stress	equivalent stress		math	mooccubex	13	16
mooccubex.math.不动点定理	不动点定理;dbpedia.Fixed-point_theorems;lcsh.sh85048934	http://dbpedia.org/resource/Category:Fixed-point_theorems;http://id.loc.gov/authorities/subjects/sh85048934	fixed point theorem		math;dbpedia	mooccubex	13	16
mooccubex.math.勒让德多项式	勒让德多项式;wd.Q215405;lcsh.sh85075779	https://www.wikidata.org/wiki/Q215405;http://id.loc.gov/authorities/subjects/sh85075779	Legendre polynomial		math	mooccubex	12.0	12.0
mooccubex.math.复合	复合;lcsh.sh85029401;lcsh.sh85029402;lcsh.sh85029403;lcsh.sh85029405;lcsh.sh85029406;lcsh.sh85029407;lcsh.sh99004944;dbpedia.Composition;dbpedia.Compositions;wd.Q482;lcsh.sh99001157	http://id.loc.gov/authorities/subjects/sh85029401;http://id.loc.gov/authorities/subjects/sh85029402;http://id.loc.gov/authorities/subjects/sh85029403;http://id.loc.gov/authorities/subjects/sh85029405;http://id.loc.gov/authorities/subjects/sh85029406;http://id.loc.gov/authorities/subjects/sh85029407;http://id.loc.gov/authorities/subjects/sh99004944;http://dbpedia.org/resource/Category:Composition;http://dbpedia.org/resource/Category:Compositions;https://www.wikidata.org/wiki/Q482;http://id.loc.gov/authorities/subjects/sh99001157	composition	Art--Composition	math;lcsh;art;social studies;language;dbpedia	mooccubex	0.0	12.0
mooccubex.math.线性控制	线性控制;wd.Q117196227;lcsh.sh94000860	https://www.wikidata.org/wiki/Q117196227;http://id.loc.gov/authorities/subjects/sh94000860	linear control		math	mooccubex	9.0	12.0
mooccubex.math.像平面	像平面;wd.Q860631;dbpedia.Images_of_airplanes	https://www.wikidata.org/wiki/Q860631;http://dbpedia.org/resource/Category:Images_of_airplanes	image plane		math	mooccubex	7.0	9.0
mooccubex.math.控制函数	控制函数;wd.Q25212780;dbpedia.Nonlinear_control	https://www.wikidata.org/wiki/Q25212780;http://dbpedia.org/resource/Category:Nonlinear_control	control function		math	mooccubex	7.0	9.0
mooccubex.math.连续性条件	连续性条件;lightcast.KS122C26QQNL2FV9DMQ4;KS122C26QQNL2FV9DMQ4;lcsh.sh85031565	https://skills.emsidata.com/skills/KS122C26QQNL2FV9DMQ4;http://id.loc.gov/authorities/subjects/sh85031565	continuity condition		math;specialized skill	mooccubex	9.0	12.0
mooccubex.math.阶梯函数	阶梯函数		step function		math	mooccubex	7.0	9.0
mooccubex.math.全量理论	全量理论;lcsh.sh2004002978	http://id.loc.gov/authorities/subjects/sh2004002978	holistic theory		math	mooccubex	13	16
mooccubex.math.恒等变换	恒等变换;wd.Q321119	https://www.wikidata.org/wiki/Q321119	identity transformation		math	mooccubex	13	16
mooccubex.math.实二次型	实二次型;dbpedia.Quadratic_forms	http://dbpedia.org/resource/Category:Quadratic_forms	real quadratic form		math	mooccubex	7.0	9.0
mooccubex.math.三角恒等式	三角恒等式;lcsh.sh85137517	http://id.loc.gov/authorities/subjects/sh85137517	trigonometric identity		math	mooccubex	9.0	12.0
mooccubex.math.弹塑性	弹塑性;lcsh.sh85041524;lcsh.sh85134786	http://id.loc.gov/authorities/subjects/sh85041524;http://id.loc.gov/authorities/subjects/sh85134786	elastoplasticity		math;lcsh	mooccubex	13	16
mooccubex.math.正规矩阵	正规矩阵;wd.Q6852339;dbpedia.Matrix_normal_forms	https://www.wikidata.org/wiki/Q6852339;http://dbpedia.org/resource/Category:Matrix_normal_forms	normal matrix		math	mooccubex	9.0	12.0
mooccubex.math.运动区	运动区;dbpedia.Movements_by_region	http://dbpedia.org/resource/Category:Movements_by_region	motion region		math	mooccubex	9.0	12.0
mooccubex.math.能量原理	能量原理;dbpedia.Energy_law	http://dbpedia.org/resource/Category:Energy_law	energy principle		math	mooccubex	0.0	12.0
mooccubex.math.光滑曲线	光滑曲线;lcsh.sh2002004664	http://id.loc.gov/authorities/subjects/sh2002004664	smooth curve		math	mooccubex	9.0	12.0
mooccubex.math.度量关系	度量关系;dbpedia.Metrication	http://dbpedia.org/resource/Category:Metrication	metric relation		math	mooccubex	7.0	9.0
mooccubex.math.近似值	近似值;wd.Q3553757;dbpedia.Approximations	https://www.wikidata.org/wiki/Q3553757;http://dbpedia.org/resource/Category:Approximations	approximate value		math	mooccubex	7.0	9.0
mooccubex.math.对称多项式	对称多项式		symmetric polynomial		math	mooccubex	12.0	12.0
mooccubex.math.极限函数	极限函数		limit function		math	mooccubex	9.0	12.0
mooccubex.math.光滑函数	光滑函数;dbpedia.Smooth_functions;lcsh.sh85123710	http://dbpedia.org/resource/Category:Smooth_functions;http://id.loc.gov/authorities/subjects/sh85123710	smooth function		math;dbpedia	mooccubex	7.0	9.0
mooccubex.math.变量	变量;lcsh.sh85142090;dbpedia.Variables;dbpedia.Variables_(mathematics);dbpedia.Variable_(computer_science);dbpedia.Variable_(computer_programming);dbpedia.Hidden_variables	http://id.loc.gov/authorities/subjects/sh85142090;http://dbpedia.org/resource/Category:Variables;http://dbpedia.org/resource/Category:Variables_(mathematics);http://dbpedia.org/resource/Category:Variable_(computer_science);http://dbpedia.org/resource/Category:Variable_(computer_programming);http://dbpedia.org/resource/Category:Hidden_variables	variable		math;lcsh;dbpedia;technology	mooccubex	1.0	6.0
mooccubex.math.输出单元	输出单元;dbpedia.UNIT	http://dbpedia.org/resource/Category:UNIT	output unit		math	mooccubex	9.0	12.0
mooccubex.math.双曲函数	双曲函数;lightcast.KS440M078P58H8S8VS37;KS440M078P58H8S8VS37;dbpedia.Hyperbolic_functions;wd.Q204034;lcsh.sh85037899	https://skills.emsidata.com/skills/KS440M078P58H8S8VS37;http://dbpedia.org/resource/Category:Hyperbolic_functions;https://www.wikidata.org/wiki/Q204034;http://id.loc.gov/authorities/subjects/sh85037899	hyperbolic function		math;specialized skill;dbpedia	mooccubex	7.0	9.0
mooccubex.math.相似关系	相似关系;lcsh.sh85122727	http://id.loc.gov/authorities/subjects/sh85122727	similarity relation		math	mooccubex	7.0	9.0
mooccubex.math.正六面体	正六面体;dbpedia.Cubes;lcsh.sh85034644;dbpedia.Cube_(film_series);wd.Q37313491;lcsh.sh85034649	http://dbpedia.org/resource/Category:Cubes;http://id.loc.gov/authorities/subjects/sh85034644;http://dbpedia.org/resource/Category:Cube_(film_series);https://www.wikidata.org/wiki/Q37313491;http://id.loc.gov/authorities/subjects/sh85034649	cube		math;dbpedia;lcsh;art	mooccubex	1.0	6.0
mooccubex.psy.元认知	元认知;lightcast.KS126DZ720TBNRTTC2NR;KS126DZ720TBNRTTC2NR;opensalt.4d4ff7cc-a4dc-11e9-9b20-7b767f8b272b;lcsh.sh85084024;wd.Q1126970;lcsh.sh88007306	https://skills.emsidata.com/skills/KS126DZ720TBNRTTC2NR;http://id.loc.gov/authorities/subjects/sh85084024;https://www.wikidata.org/wiki/Q1126970;http://id.loc.gov/authorities/subjects/sh88007306	metacognition	Metamemory; Meta knowledge	psychology;specialized skill;competency;lcsh	mooccubex	9.0	12.0
mooccubex.psy.运动习惯	运动习惯;lcsh.sh85114027	http://id.loc.gov/authorities/subjects/sh85114027	motor habit		psychology	mooccubex	13	16
mooccubex.psy.追踪研究	追踪研究;lightcast.KS125Z86RG0CH3YL1MM9;KS125Z86RG0CH3YL1MM9;wd.Q1758614;lcsh.sh99001636	https://skills.emsidata.com/skills/KS125Z86RG0CH3YL1MM9;https://www.wikidata.org/wiki/Q1758614;http://id.loc.gov/authorities/subjects/sh99001636	longitudinal study		psychology;specialized skill	mooccubex	9.0	12.0
mooccubex.psy.归属	归属;wd.Q4884527;lcsh.sh2010015330	https://www.wikidata.org/wiki/Q4884527;http://id.loc.gov/authorities/subjects/sh2010015330	belongingness		psychology	mooccubex	0.0	0.0
mooccubex.psy.动觉	动觉;wd.Q1129066;dbpedia.Anaesthesia	https://www.wikidata.org/wiki/Q1129066;http://dbpedia.org/resource/Category:Anaesthesia	kinesthesia		psychology	mooccubex	13	16
mooccubex.psy.人际距离	人际距离;lcsh.sh85067484	http://id.loc.gov/authorities/subjects/sh85067484	interpersonal distance		psychology	mooccubex	7.0	9.0
mooccubex.psy.反射系统	反射系统;lcsh.sh85112218	http://id.loc.gov/authorities/subjects/sh85112218	reflex system		psychology	mooccubex	13	16
mooccubex.psy.帕金森病	帕金森病;mooccubex.psy.帕金森氏病;帕金森氏病;lightcast.BGSEE25B9DCA85CCBC08;BGSEE25B9DCA85CCBC08;lcsh.sh85098115;dbpedia.Parkinson's_disease;wd.Q11085;lcsh.sh85098118	https://skills.emsidata.com/skills/BGSEE25B9DCA85CCBC08;http://id.loc.gov/authorities/subjects/sh85098115;http://dbpedia.org/resource/Category:Parkinson's_disease;https://www.wikidata.org/wiki/Q11085;http://id.loc.gov/authorities/subjects/sh85098118	Parkinson's disease	Paralysis agitans; Shaking palsy; Parkinson disease; Parkinsonism; Palsy, Shaking	psychology;specialized skill;lcsh;health;dbpedia	mooccubex	13	16
mooccubex.psy.视觉焦点	视觉焦点;dbpedia.Focus_Features_films	http://dbpedia.org/resource/Category:Focus_Features_films	visual focus		psychology	mooccubex	0.0	0.0
mooccubex.psy.社会隔离	社会隔离;lcsh.sh85123967;lcsh.sh2010113568	http://id.loc.gov/authorities/subjects/sh85123967;http://id.loc.gov/authorities/subjects/sh2010113568	social isolation	Social exclusion; Isolation, Social; Exclusion, Social	psychology;lcsh	mooccubex	9.0	12.0
mooccubex.psy.成就动机	成就动机;lcsh.sh85000493;lcsh.sh85000495	http://id.loc.gov/authorities/subjects/sh85000493;http://id.loc.gov/authorities/subjects/sh85000495	achievement motivation	Performance motivation	psychology;lcsh	mooccubex	13	16
mooccubex.psy.理想自我	理想自我;lcsh.sh85041255	http://id.loc.gov/authorities/subjects/sh85041255	ideal self		psychology	mooccubex	3.0	12.0
mooccubex.psy.米勒-莱尔错觉	米勒-莱尔错觉;wd.Q926299	https://www.wikidata.org/wiki/Q926299	Müller-Lyer illusion		psychology	mooccubex	13	16
mooccubex.psy.社会规范	社会规范;lcsh.sh85123980;lcsh.sh2011000604	http://id.loc.gov/authorities/subjects/sh85123980;http://id.loc.gov/authorities/subjects/sh2011000604	social norm	Norms, Social; Folkways; Rules, Social; Social rules	psychology;lcsh	mooccubex	0.0	0.0
mooccubex.psy.过度反应	过度反应;wd.Q86859083	https://www.wikidata.org/wiki/Q86859083	overreaction		psychology	mooccubex	13	16
mooccubex.psy.认知因素	认知因素;lcsh.sh95006723	http://id.loc.gov/authorities/subjects/sh95006723	cognitive factor		psychology	mooccubex	9.0	12.0
mooccubex.psy.消费行为	消费行为;mooccubex.psy.消费者行为;消费者行为;lcsh.sh87006429;wd.Q301468;lcsh.sh2008100113	http://id.loc.gov/authorities/subjects/sh87006429;https://www.wikidata.org/wiki/Q301468;http://id.loc.gov/authorities/subjects/sh2008100113	consumer behavior	Behavior, Consumer; Buyer behavior; Decision making, Consumer	psychology;lcsh	mooccubex	7.0	9.0
mooccubex.psy.社会心理学	社会心理学;lightcast.KS440PX6C8T08B4S2R9Q;KS440PX6C8T08B4S2R9Q;opensalt.bed66874-7524-44e9-ba38-ad61fa14ba78;opensalt.K;lcsh.sh85123994;dbpedia.Social_psychology;lcsh.sh99002570	https://skills.emsidata.com/skills/KS440PX6C8T08B4S2R9Q;http://id.loc.gov/authorities/subjects/sh85123994;http://dbpedia.org/resource/Category:Social_psychology;http://id.loc.gov/authorities/subjects/sh99002570	social psychology	Psychology, Social; Mass psychology	psychology;specialized skill;strand;lcsh;dbpedia	mooccubex	9.0	12.0
mooccubex.psy.负诱因	负诱因;lcsh.sh85064737	http://id.loc.gov/authorities/subjects/sh85064737	negative incentive		psychology	mooccubex	7.0	9.0
mooccubex.psy.催眠状态	催眠状态;lcsh.sh85063749	http://id.loc.gov/authorities/subjects/sh85063749	hypnotic state		psychology	mooccubex	13	16
mooccubex.psy.广告设计	广告设计;wd.Q11064553;dbpedia.Advertising_structure	https://www.wikidata.org/wiki/Q11064553;http://dbpedia.org/resource/Category:Advertising_structure	advertising design		psychology	mooccubex	0.0	12.0
mooccubex.psy.建构	建构;lightcast.KS1217R6SMDJ0WQHN6LK;KS1217R6SMDJ0WQHN6LK;lcsh.sh85031344;lcsh.sh99005337;dbpedia.Construction;wd.Q385378;lcsh.sh85017693	https://skills.emsidata.com/skills/KS1217R6SMDJ0WQHN6LK;http://id.loc.gov/authorities/subjects/sh85031344;http://id.loc.gov/authorities/subjects/sh99005337;http://dbpedia.org/resource/Category:Construction;https://www.wikidata.org/wiki/Q385378;http://id.loc.gov/authorities/subjects/sh85017693	Construction		psychology;specialized skill;lcsh;dbpedia	mooccubex	0.0	12.0
mooccubex.psy.人格发展	人格发展;lightcast.KS127Q86T7Q0N9Q5WVDZ;KS127Q86T7Q0N9Q5WVDZ;lcsh.sh87002534;wd.Q3520110;lcsh.sh2004002206	https://skills.emsidata.com/skills/KS127Q86T7Q0N9Q5WVDZ;http://id.loc.gov/authorities/subjects/sh87002534;https://www.wikidata.org/wiki/Q3520110;http://id.loc.gov/authorities/subjects/sh2004002206	Personality Development	Development, Personality; Character development; Development, Character; Character formation; Formation, Character	psychology;specialized skill;lcsh	mooccubex	9.0	12.0
mooccubex.psy.集体主义	集体主义;lcsh.sh85028261;dbpedia.Collectivism;wd.Q237789;lcsh.sh2009120629	http://id.loc.gov/authorities/subjects/sh85028261;http://dbpedia.org/resource/Category:Collectivism;https://www.wikidata.org/wiki/Q237789;http://id.loc.gov/authorities/subjects/sh2009120629	Collectivism		psychology;lcsh;dbpedia	mooccubex	3.0	12.0
mooccubex.psy.情绪记忆	情绪记忆;wd.Q2903210;lcsh.sh85042818	https://www.wikidata.org/wiki/Q2903210;http://id.loc.gov/authorities/subjects/sh85042818	Emotional Memory		psychology	mooccubex	9.0	12.0
mooccubex.psy.大脑左半球	大脑左半球;dbpedia.Hemispheres	http://dbpedia.org/resource/Category:Hemispheres	Left Hemisphere		psychology	mooccubex	13	16
mooccubex.psy.性心理障碍	性心理障碍;lcsh.sh85108504;wd.Q7256482;lcsh.sh00003615	http://id.loc.gov/authorities/subjects/sh85108504;https://www.wikidata.org/wiki/Q7256482;http://id.loc.gov/authorities/subjects/sh00003615	Psychosexual Disorder	Disorders, Psychosexual	psychology;lcsh	mooccubex	9.0	12.0
mooccubex.psy.老年期	老年期;dbpedia.Senescence;wd.Q2070979;dbpedia.Cellular_senescence	http://dbpedia.org/resource/Category:Senescence;https://www.wikidata.org/wiki/Q2070979;http://dbpedia.org/resource/Category:Cellular_senescence	Senescence		psychology;dbpedia	mooccubex	13	16
mooccubex.psy.心理辅导	心理辅导;lcsh.sh85033421;dbpedia.Counseling;wd.Q4390239;lcsh.sh99005356	http://id.loc.gov/authorities/subjects/sh85033421;http://dbpedia.org/resource/Category:Counseling;https://www.wikidata.org/wiki/Q4390239;http://id.loc.gov/authorities/subjects/sh99005356	Counseling	Counselling	psychology;lcsh;dbpedia	mooccubex	9.0	12.0
mooccubex.psy.推理能力	推理能力;lcsh.sh2007004465	http://id.loc.gov/authorities/subjects/sh2007004465	Reasoning Ability		psychology	mooccubex	0.0	12.0
mooccubex.psy.自信	自信;csp.EMS0110.01.17.05;S21225082;A17790385A71441E8CC99DEFE0F542CB;csp.1351090402.01.17.05;S21225997;A6C9A5983D824CF189867080EBA613FC;lightcast.KSXQFNCO7SGDYU3U5SHE;KSXQFNCO7SGDYU3U5SHE;lcsh.sh85119715;wd.Q6087423;lcsh.sh85030926	https://skills.emsidata.com/skills/KSXQFNCO7SGDYU3U5SHE;http://id.loc.gov/authorities/subjects/sh85119715;https://www.wikidata.org/wiki/Q6087423;http://id.loc.gov/authorities/subjects/sh85030926	Self-Confidence	Assurance, Self; Self-assurance	psychology;cte;common skill;lcsh	mooccubex	3.0	12.0
mooccubex.psy.启动	启动;lcsh.sh87006196;wd.Q66098695;lcsh.sh2002006777	http://id.loc.gov/authorities/subjects/sh87006196;https://www.wikidata.org/wiki/Q66098695;http://id.loc.gov/authorities/subjects/sh2002006777	Priming		psychology;lcsh	mooccubex	13	16
mooccubex.psy.镜像神经元	镜像神经元;lightcast.KS126M07474YNNGK54KF;KS126M07474YNNGK54KF;lcsh.sh2006009040;wd.Q309082	https://skills.emsidata.com/skills/KS126M07474YNNGK54KF;http://id.loc.gov/authorities/subjects/sh2006009040;https://www.wikidata.org/wiki/Q309082	Mirror Neuron		psychology;specialized skill;lcsh	mooccubex	9.0	12.0
mooccubex.psy.统计概率	统计概率;dbpedia.Applied_probability	http://dbpedia.org/resource/Category:Applied_probability	Statistical Probability		psychology	mooccubex	7.0	12.0
mooccubex.psy.顿悟	顿悟;lcsh.sh85066712;wd.Q15757820	http://id.loc.gov/authorities/subjects/sh85066712;https://www.wikidata.org/wiki/Q15757820	Insight		psychology;lcsh	mooccubex	13	16
mooccubex.psy.自我心理学	自我心理学;lightcast.KS440FV67TN8KHMSTGMQ;KS440FV67TN8KHMSTGMQ;lcsh.sh88002287;wd.Q2305304;dbpedia.Ego_psychology	https://skills.emsidata.com/skills/KS440FV67TN8KHMSTGMQ;http://id.loc.gov/authorities/subjects/sh88002287;https://www.wikidata.org/wiki/Q2305304;http://dbpedia.org/resource/Category:Ego_psychology	Self Psychology		psychology;specialized skill;lcsh	mooccubex	9.0	12.0
mooccubex.psy.认知领悟疗法	认知领悟疗法;lightcast.KS122315WX8ZRC1XKRVV;KS122315WX8ZRC1XKRVV;lcsh.sh85027756	https://skills.emsidata.com/skills/KS122315WX8ZRC1XKRVV;http://id.loc.gov/authorities/subjects/sh85027756	Cognitive Insight Therapy		psychology;specialized skill	mooccubex	9.0	12.0
mooccubex.psy.文化心理学	文化心理学;lightcast.KS122L55YW4X8J06Q67R;KS122L55YW4X8J06Q67R;wd.Q1378247;dbpedia.Cross-cultural_psychology	https://skills.emsidata.com/skills/KS122L55YW4X8J06Q67R;https://www.wikidata.org/wiki/Q1378247;http://dbpedia.org/resource/Category:Cross-cultural_psychology	Cultural Psychology		psychology;specialized skill	mooccubex	9.0	12.0
mooccubex.psy.少年期	少年期;mooccubex.psy.青少年期;青少年期;lcsh.sh85000952;dbpedia.Adolescence;wd.Q131774;lcsh.sh93001264	http://id.loc.gov/authorities/subjects/sh85000952;http://dbpedia.org/resource/Category:Adolescence;https://www.wikidata.org/wiki/Q131774;http://id.loc.gov/authorities/subjects/sh93001264	adolescence	Teen-age; Teenagers--Development	psychology;lcsh;dbpedia	mooccubex	9.0	12.0
mooccubex.psy.正诱因	正诱因;lcsh.sh85064737	http://id.loc.gov/authorities/subjects/sh85064737	Positive Incentive		psychology	mooccubex	7.0	9.0
mooccubex.psy.主观测验	主观测验		Subjective Test		psychology	mooccubex	6.0	7.0
mooccubex.psy.社会价值	社会价值;lcsh.sh85124083;wd.Q25394833;lcsh.sh2008111575	http://id.loc.gov/authorities/subjects/sh85124083;https://www.wikidata.org/wiki/Q25394833;http://id.loc.gov/authorities/subjects/sh2008111575	Social Value		psychology;lcsh	mooccubex	9.0	12.0
mooccubex.psy.生涯发展教育	生涯发展教育;opensalt.2f69ab60-f7f6-11e8-ada3-0242ac190005;lcsh.sh85020255	http://id.loc.gov/authorities/subjects/sh85020255	Career Development Education		psychology	mooccubex	6.0	12.0
mooccubex.psy.神经化学	神经化学;lightcast.KS127066KSLYSG0ZM8S9;KS127066KSLYSG0ZM8S9;lcsh.sh85091116;dbpedia.Neurochemistry;wd.Q786278;dbpedia.Neurochemists	https://skills.emsidata.com/skills/KS127066KSLYSG0ZM8S9;http://id.loc.gov/authorities/subjects/sh85091116;http://dbpedia.org/resource/Category:Neurochemistry;https://www.wikidata.org/wiki/Q786278;http://dbpedia.org/resource/Category:Neurochemists	Neurochemistry		psychology;specialized skill;lcsh;dbpedia	mooccubex	9.0	12.0
mooccubex.psy.压抑	压抑;mooccubex.psy.潜抑;潜抑;lightcast.KS9M6XMKC63JOMV3SRB1;KS9M6XMKC63JOMV3SRB1;lcsh.sh85112948;wd.Q1899269;dbpedia.Political_repression	https://skills.emsidata.com/skills/KS9M6XMKC63JOMV3SRB1;http://id.loc.gov/authorities/subjects/sh85112948;https://www.wikidata.org/wiki/Q1899269;http://dbpedia.org/resource/Category:Political_repression	Repression		psychology;specialized skill;lcsh	mooccubex	6.0	12.0
mooccubex.psy.产前诊断	产前诊断;lightcast.KS123WH70151JWSKQBRV;KS123WH70151JWSKQBRV;lcsh.sh85106375;wd.Q15760059;lcsh.sh2010108025	https://skills.emsidata.com/skills/KS123WH70151JWSKQBRV;http://id.loc.gov/authorities/subjects/sh85106375;https://www.wikidata.org/wiki/Q15760059;http://id.loc.gov/authorities/subjects/sh2010108025	Prenatal Diagnosis	Antenatal diagnosis; Prenatal testing; Intrauterine diagnosis	psychology;specialized skill;lcsh	mooccubex	13	16
mooccubex.psy.饥饿动机	饥饿动机;dbpedia.Hunger	http://dbpedia.org/resource/Category:Hunger	Hunger Drive		psychology	mooccubex	13	16
mooccubex.psy.认知失调理论	认知失调理论;lcsh.sh85027753	http://id.loc.gov/authorities/subjects/sh85027753	Cognitive Dissonance Theory		psychology	mooccubex	9.0	12.0
mooccubex.psy.心理障碍	心理障碍;mooccubex.psy.心理疾患;心理疾患;wd.Q12135;dbpedia.Disorders_of_psychological_development	https://www.wikidata.org/wiki/Q12135;http://dbpedia.org/resource/Category:Disorders_of_psychological_development	Psychological Disorder		psychology	mooccubex	9.0	12.0
mooccubex.psy.性心理	性心理;lcsh.sh2001008764	http://id.loc.gov/authorities/subjects/sh2001008764	Sexual Psychology		psychology	mooccubex	9.0	12.0
mooccubex.psy.社会行为	社会行为;wd.Q921513;lcsh.sh85123907	https://www.wikidata.org/wiki/Q921513;http://id.loc.gov/authorities/subjects/sh85123907	Social Behavior		psychology	mooccubex	9.0	12.0
mooccubex.psy.意志控制	意志控制		Willful Control		psychology	mooccubex	13	16
mooccubex.psy.人本心理学	人本心理学;mooccubex.psy.人本主义心理学;人本主义心理学;lcsh.sh85062909;dbpedia.Humanistic_psychology;wd.Q23364;dbpedia.Humanistic_psychologists	http://id.loc.gov/authorities/subjects/sh85062909;http://dbpedia.org/resource/Category:Humanistic_psychology;https://www.wikidata.org/wiki/Q23364;http://dbpedia.org/resource/Category:Humanistic_psychologists	humanistic psychology		psychology;lcsh;dbpedia	mooccubex	9.0	12.0
mooccubex.psy.程序性知识	程序性知识;dbpedia.Procedural_knowledge;wd.Q1813993;dbpedia.Procedural_generation	http://dbpedia.org/resource/Category:Procedural_knowledge;https://www.wikidata.org/wiki/Q1813993;http://dbpedia.org/resource/Category:Procedural_generation	Procedural Knowledge		psychology;dbpedia	mooccubex	3.0	12.0
mooccubex.psy.近因效应	近因效应;mooccubex.psy.循环效应;循环效应;wd.Q33766643	https://www.wikidata.org/wiki/Q33766643	Recency Effect		psychology	mooccubex	13	16
mooccubex.psy.意识流	意识流;wd.Q3284176;lcsh.sh85128571	https://www.wikidata.org/wiki/Q3284176;http://id.loc.gov/authorities/subjects/sh85128571	Stream of Consciousness		psychology	mooccubex	9.0	12.0
mooccubex.psy.联想学习	联想学习;wd.Q14330970	https://www.wikidata.org/wiki/Q14330970	Associative Learning		psychology	mooccubex	7.0	9.0
mooccubex.psy.测量法	测量法;wd.Q18120378;lcsh.sh85084416	https://www.wikidata.org/wiki/Q18120378;http://id.loc.gov/authorities/subjects/sh85084416	Measurement Method		psychology	mooccubex	1.0	6.0
mooccubex.psy.人际知觉	人际知觉;wd.Q1525098;lcsh.sh85067484	https://www.wikidata.org/wiki/Q1525098;http://id.loc.gov/authorities/subjects/sh85067484	Interpersonal Perception		psychology	mooccubex	9.0	12.0
mooccubex.psy.助听器	助听器;lightcast.KS124N579V4XHC5TV06F;KS124N579V4XHC5TV06F;wd.Q323808;lcsh.sh85059615	https://skills.emsidata.com/skills/KS124N579V4XHC5TV06F;https://www.wikidata.org/wiki/Q323808;http://id.loc.gov/authorities/subjects/sh85059615	Hearing Aid		psychology;specialized skill	mooccubex	13	16
mooccubex.psy.产后	产后;lcsh.sh85105565	http://id.loc.gov/authorities/subjects/sh85105565	Postpartum		psychology	mooccubex	13	16
mooccubex.psy.消费心理学	消费心理学;lcsh.sh2009121700;wd.Q105082676;dbpedia.Consumer_theory	http://id.loc.gov/authorities/subjects/sh2009121700;https://www.wikidata.org/wiki/Q105082676;http://dbpedia.org/resource/Category:Consumer_theory	Consumer Psychology		psychology;lcsh	mooccubex	9.0	12.0
mooccubex.psy.童年期	童年期;dbpedia.Childhood;lcsh.sh99004940	http://dbpedia.org/resource/Category:Childhood;http://id.loc.gov/authorities/subjects/sh99004940	Childhood		psychology;dbpedia	mooccubex	0.0	0.0
mooccubex.psy.数据收集	数据收集;lightcast.KS122NR6NY1KB0TD40G4;KS122NR6NY1KB0TD40G4;opensalt.1900f2ae-ca90-11ed-9dbf-0242ac160003;opensalt.S.DC;dbpedia.Data_collection;wd.Q4929239;dbpedia.Data_collection_in_research	https://skills.emsidata.com/skills/KS122NR6NY1KB0TD40G4;http://dbpedia.org/resource/Category:Data_collection;https://www.wikidata.org/wiki/Q4929239;http://dbpedia.org/resource/Category:Data_collection_in_research	Data Collection		psychology;specialized skill;strand;dbpedia	mooccubex	7.0	12.0
mooccubex.psy.社会认知	社会认知;wd.Q1432778;lcsh.sh2009120554	https://www.wikidata.org/wiki/Q1432778;http://id.loc.gov/authorities/subjects/sh2009120554	Social Cognition		psychology	mooccubex	9.0	12.0
mooccubex.psy.吸引	吸引;lcsh.sh85009417;wd.Q1144661;lcsh.sh88004960	http://id.loc.gov/authorities/subjects/sh85009417;https://www.wikidata.org/wiki/Q1144661;http://id.loc.gov/authorities/subjects/sh88004960	Attraction		psychology;lcsh	mooccubex	9.0	12.0
mooccubex.psy.周围性面瘫	周围性面瘫;wd.Q70023860;dbpedia.Facial_nerve_disorders	https://www.wikidata.org/wiki/Q70023860;http://dbpedia.org/resource/Category:Facial_nerve_disorders	Peripheral Facial Palsy		psychology	mooccubex	13	16
mooccubex.psy.生理成熟	生理成熟;lcsh.sh85082269	http://id.loc.gov/authorities/subjects/sh85082269	Physiological Maturation		psychology	mooccubex	0.0	0.0
mooccubex.psy.学习心理学	学习心理学;mooccubex.psy.教育心理学;教育心理学;lightcast.KS123C178DDPBCV1C43G;KS123C178DDPBCV1C43G;lcsh.sh85041141;dbpedia.Educational_psychology;wd.Q59157;lcsh.sh93004249	https://skills.emsidata.com/skills/KS123C178DDPBCV1C43G;http://id.loc.gov/authorities/subjects/sh85041141;http://dbpedia.org/resource/Category:Educational_psychology;https://www.wikidata.org/wiki/Q59157;http://id.loc.gov/authorities/subjects/sh93004249	Educational Psychology	Education--Psychology	psychology;specialized skill;lcsh;dbpedia	mooccubex	9.0	12.0
mooccubex.psy.自我概念	自我概念;wd.Q1860557;dbpedia.Conceptions_of_self	https://www.wikidata.org/wiki/Q1860557;http://dbpedia.org/resource/Category:Conceptions_of_self	Self-Concept		psychology	mooccubex	3.0	12.0
mooccubex.psy.心理放松	心理放松;lcsh.sh85112498;lcsh.sh85112499;lcsh.sh85112500;dbpedia.Relaxation_(approximation);dbpedia.Relaxation_(iterative_methods);wd.Q3935810;lcsh.sh85112503	http://id.loc.gov/authorities/subjects/sh85112498;http://id.loc.gov/authorities/subjects/sh85112499;http://id.loc.gov/authorities/subjects/sh85112500;http://dbpedia.org/resource/Category:Relaxation_(approximation);http://dbpedia.org/resource/Category:Relaxation_(iterative_methods);https://www.wikidata.org/wiki/Q3935810;http://id.loc.gov/authorities/subjects/sh85112503	Relaxation		psychology;lcsh;dbpedia	mooccubex	0.0	12.0
mooccubex.psy.舞台设计	舞台设计;wd.Q737201;lcsh.sh85127241	https://www.wikidata.org/wiki/Q737201;http://id.loc.gov/authorities/subjects/sh85127241	Stage Design		psychology	mooccubex	0.0	12.0
mooccubex.psy.依赖性	依赖性;lcsh.sh2001002906;wd.Q3044808;lcsh.sh94004460	http://id.loc.gov/authorities/subjects/sh2001002906;https://www.wikidata.org/wiki/Q3044808;http://id.loc.gov/authorities/subjects/sh94004460	Dependence	Random variables, Dependence of; Stochastic dependence; Dependence of random variables	psychology;lcsh	mooccubex	6.0	8.0
mooccubex.psy.购买动机	购买动机;lcsh.sh85087568	http://id.loc.gov/authorities/subjects/sh85087568	Purchase Motivation		psychology	mooccubex	7.0	9.0
mooccubex.psy.自我防御	自我防御;mooccubex.psy.自我防卫;自我防卫;lightcast.ESFF590B4370D07E8BEB;ESFF590B4370D07E8BEB;lcsh.sh85119726;lcsh.sh85119727;lcsh.sh85119728;lcsh.sh85119729;lcsh.sh98004942;dbpedia.Self-defense;dbpedia.Self_defense;wd.Q40283;lcsh.sh2001006121	https://skills.emsidata.com/skills/ESFF590B4370D07E8BEB;http://id.loc.gov/authorities/subjects/sh85119726;http://id.loc.gov/authorities/subjects/sh85119727;http://id.loc.gov/authorities/subjects/sh85119728;http://id.loc.gov/authorities/subjects/sh85119729;http://id.loc.gov/authorities/subjects/sh98004942;http://dbpedia.org/resource/Category:Self-defense;http://dbpedia.org/resource/Category:Self_defense;https://www.wikidata.org/wiki/Q40283;http://id.loc.gov/authorities/subjects/sh2001006121	Self-Defense		psychology;specialized skill;lcsh;social studies;dbpedia	mooccubex	3.0	12.0
mooccubex.psy.个性差异	个性差异;lcsh.sh88004306;wd.Q30287608;lcsh.sh88004307	http://id.loc.gov/authorities/subjects/sh88004306;https://www.wikidata.org/wiki/Q30287608;http://id.loc.gov/authorities/subjects/sh88004307	Individual Differences	Differences, Individual	psychology;lcsh	mooccubex	9.0	12.0
mooccubex.psy.神经肌肉接头	神经肌肉接头;wd.Q776995;lcsh.sh85091151	https://www.wikidata.org/wiki/Q776995;http://id.loc.gov/authorities/subjects/sh85091151	Neuromuscular Junction		psychology	mooccubex	13	16
mooccubex.psy.神经系统变性疾病	神经系统变性疾病;wd.Q1755122;dbpedia.Neurodegenerative_disorders	https://www.wikidata.org/wiki/Q1755122;http://dbpedia.org/resource/Category:Neurodegenerative_disorders	Neurodegenerative Disease		psychology	mooccubex	13	16
mooccubex.psy.抑郁状态	抑郁状态;dbpedia.Deep_depressions	http://dbpedia.org/resource/Category:Deep_depressions	Depressive State		psychology	mooccubex	9.0	12.0
mooccubex.psy.认知行为疗法	认知行为疗法;lightcast.KS1222X6DN2Y6WZ3NVXJ;KS1222X6DN2Y6WZ3NVXJ;dbpedia.Cognitive_behavioral_therapy;wd.Q1147152;lcsh.sh85027756	https://skills.emsidata.com/skills/KS1222X6DN2Y6WZ3NVXJ;http://dbpedia.org/resource/Category:Cognitive_behavioral_therapy;https://www.wikidata.org/wiki/Q1147152;http://id.loc.gov/authorities/subjects/sh85027756	Cognitive Behavioral Therapy		psychology;specialized skill;dbpedia	mooccubex	9.0	12.0
mooccubex.psy.皮质	皮质;wd.Q5173238;lcsh.sh85022087	https://www.wikidata.org/wiki/Q5173238;http://id.loc.gov/authorities/subjects/sh85022087	Cortex		psychology	mooccubex	9.0	12.0
mooccubex.psy.语境	语境;lcsh.sh85031544;lcsh.sh99005373;wd.Q1123462;lcsh.sh85043469	http://id.loc.gov/authorities/subjects/sh85031544;http://id.loc.gov/authorities/subjects/sh99005373;https://www.wikidata.org/wiki/Q1123462;http://id.loc.gov/authorities/subjects/sh85043469	Context	Grammar, Comparative and general--Context; Situation (Linguistics)	psychology;lcsh	mooccubex	13	16
mooccubex.psy.行为潜能	行为潜能;lcsh.sh85012901	http://id.loc.gov/authorities/subjects/sh85012901	Behavioral Potential		psychology	mooccubex	9.0	12.0
mooccubex.psy.理想化	理想化;lightcast.KS125036LJ79FQQX31FG;KS125036LJ79FQQX31FG;wd.Q776634;lcsh.sh85064123	https://skills.emsidata.com/skills/KS125036LJ79FQQX31FG;https://www.wikidata.org/wiki/Q776634;http://id.loc.gov/authorities/subjects/sh85064123	Idealization		psychology;specialized skill	mooccubex	13	16
mooccubex.psy.认知焦虑	认知焦虑;lcsh.sh98002756	http://id.loc.gov/authorities/subjects/sh98002756	Cognitive Anxiety		psychology	mooccubex	9.0	12.0
mooccubex.psy.大脑活动	大脑活动;lcsh.sh2007102128	http://id.loc.gov/authorities/subjects/sh2007102128	Brain Activity		psychology	mooccubex	9.0	12.0
mooccubex.psy.分裂型人格障碍	分裂型人格障碍;lcsh.sh85118156;wd.Q498237;lcsh.sh85108286	http://id.loc.gov/authorities/subjects/sh85118156;https://www.wikidata.org/wiki/Q498237;http://id.loc.gov/authorities/subjects/sh85108286	Schizoid Personality Disorder		psychology	mooccubex	9.0	12.0
mooccubex.psy.创造艺术	创造艺术;lcsh.sh2006007365	http://id.loc.gov/authorities/subjects/sh2006007365	Creative Art		psychology	mooccubex	0.0	0.0
mooccubex.psy.首因效应	首因效应;wd.Q10885388	https://www.wikidata.org/wiki/Q10885388	Primacy Effect		psychology	mooccubex	13	16
mooccubex.psy.自我评估	自我评估;csp.976BAFA680804B8DB0619ACAC279B3B8;S2769160;976BAFA680804B8DB0619ACAC279B3B8;wd.Q2067088;lcsh.sh97007041	https://www.wikidata.org/wiki/Q2067088;http://id.loc.gov/authorities/subjects/sh97007041	Self-Assessment		psychology;archived british columbia	mooccubex	6.0	7.0
mooccubex.psy.功能性磁共振成像	功能性磁共振成像;lightcast.KS124166LZC8Q2SWWR6Q;KS124166LZC8Q2SWWR6Q;lcsh.sh85079740;wd.Q903809;lcsh.sh2009117515	https://skills.emsidata.com/skills/KS124166LZC8Q2SWWR6Q;http://id.loc.gov/authorities/subjects/sh85079740;https://www.wikidata.org/wiki/Q903809;http://id.loc.gov/authorities/subjects/sh2009117515	Functional Magnetic Resonance Imaging		psychology;specialized skill	mooccubex	13	16
mooccubex.psy.脊髓后动脉	脊髓后动脉;wd.Q631471;lcsh.sh85142896	https://www.wikidata.org/wiki/Q631471;http://id.loc.gov/authorities/subjects/sh85142896	Posterior Spinal Artery		psychology	mooccubex	13	16
mooccubex.psy.情结	情结;opensalt.3b8c14a8-51dc-11ec-8ffd-0242ac140003;opensalt.ETS-L.B2.c;dbpedia.Complex_(psychology);wd.Q1497375;dbpedia.Stand_Alone_Complex	http://dbpedia.org/resource/Category:Complex_(psychology);https://www.wikidata.org/wiki/Q1497375;http://dbpedia.org/resource/Category:Stand_Alone_Complex	Complex		psychology;component;dbpedia	mooccubex	9.0	12.0
mooccubex.psy.统计方法	统计方法;lightcast.KS440Y87796WPP7W46RT;KS440Y87796WPP7W46RT;lcsh.sh85127572;lcsh.sh2001008679;dbpedia.Statistical_methods;wd.Q12718609;lcsh.sh2010112232	https://skills.emsidata.com/skills/KS440Y87796WPP7W46RT;http://id.loc.gov/authorities/subjects/sh85127572;http://id.loc.gov/authorities/subjects/sh2001008679;http://dbpedia.org/resource/Category:Statistical_methods;https://www.wikidata.org/wiki/Q12718609;http://id.loc.gov/authorities/subjects/sh2010112232	Statistical Method		psychology;specialized skill;lcsh;dbpedia	mooccubex	7.0	12.0
mooccubex.psy.积极关注	积极关注;lcsh.sh85009398	http://id.loc.gov/authorities/subjects/sh85009398	Positive Attention		psychology	mooccubex	9.0	12.0
mooccubex.psy.情境因素	情境因素;lcsh.sh87008020	http://id.loc.gov/authorities/subjects/sh87008020	Contextual Factor		psychology	mooccubex	1.0	6.0
mooccubex.psy.自我知觉	自我知觉;lcsh.sh85119775;wd.Q2267842;lcsh.sh85119776	http://id.loc.gov/authorities/subjects/sh85119775;https://www.wikidata.org/wiki/Q2267842;http://id.loc.gov/authorities/subjects/sh85119776	Self-Perception	Self image; Self-concept; Self-understanding	psychology;lcsh	mooccubex	3.0	12.0
mooccubex.psy.生理反应	生理反应;lcsh.sh00006423	http://id.loc.gov/authorities/subjects/sh00006423	Physiological Response		psychology	mooccubex	9.0	12.0
mooccubex.psy.重症肌无力	重症肌无力;lcsh.sh85089173;wd.Q8285;lcsh.sh2009002591	http://id.loc.gov/authorities/subjects/sh85089173;https://www.wikidata.org/wiki/Q8285;http://id.loc.gov/authorities/subjects/sh2009002591	Myasthenia Gravis		psychology;lcsh	mooccubex	13	16
mooccubex.psy.社会意识	社会意识;csp.3422E73A21514290B6B2E31C5F369077;3422E73A21514290B6B2E31C5F369077;wd.Q96200433;lcsh.sh2002005108	https://www.wikidata.org/wiki/Q96200433;http://id.loc.gov/authorities/subjects/sh2002005108	Social Awareness		psychology;prekindergarten guidelines	mooccubex	0.0	0.0
mooccubex.psy.公众距离	公众距离;wd.Q294440	https://www.wikidata.org/wiki/Q294440	Public Distance		psychology	mooccubex	7.0	9.0
mooccubex.psy.流行文化	流行文化;lcsh.sh85104904;dbpedia.Popular_culture;dbpedia.Popular_Culture;wd.Q131265;lcsh.sh2005004333	http://id.loc.gov/authorities/subjects/sh85104904;http://dbpedia.org/resource/Category:Popular_culture;http://dbpedia.org/resource/Category:Popular_Culture;https://www.wikidata.org/wiki/Q131265;http://id.loc.gov/authorities/subjects/sh2005004333	Popular Culture	Popular arts; Culture, Popular; Pop culture; Mass culture	psychology;lcsh;dbpedia	mooccubex	0.0	0.0
mooccubex.psy.大样本	大样本		Large Sample		psychology	mooccubex	1.0	6.0
mooccubex.psy.精神动力学	精神动力学;lightcast.KS1286D6099C0B85ZXQB;KS1286D6099C0B85ZXQB;dbpedia.Psychodynamics;wd.Q940923;dbpedia.Psychokineticists	https://skills.emsidata.com/skills/KS1286D6099C0B85ZXQB;http://dbpedia.org/resource/Category:Psychodynamics;https://www.wikidata.org/wiki/Q940923;http://dbpedia.org/resource/Category:Psychokineticists	Psychodynamics		psychology;specialized skill;dbpedia	mooccubex	9.0	12.0
mooccubex.psy.个人特质	个人特质;dbpedia.Personality_trait_theorists	http://dbpedia.org/resource/Category:Personality_trait_theorists	Personal Trait		psychology	mooccubex	9.0	12.0
mooccubex.psy.老年痴呆	老年痴呆;lightcast.KS120DT775YBNMTJSK05;KS120DT775YBNMTJSK05;lcsh.sh85004080;dbpedia.Alzheimer's_disease;wd.Q11081;lcsh.sh91003916	https://skills.emsidata.com/skills/KS120DT775YBNMTJSK05;http://id.loc.gov/authorities/subjects/sh85004080;http://dbpedia.org/resource/Category:Alzheimer's_disease;https://www.wikidata.org/wiki/Q11081;http://id.loc.gov/authorities/subjects/sh91003916	Alzheimer's Disease	Alzheimer disease; Alzheimer's dementia	psychology;specialized skill;lcsh;health;dbpedia	mooccubex	9.0	12.0
mooccubex.psy.品牌偏好	品牌偏好;wd.Q4956585;lcsh.sh85016402	https://www.wikidata.org/wiki/Q4956585;http://id.loc.gov/authorities/subjects/sh85016402	Brand Preference		psychology	mooccubex	13	16
mooccubex.psy.顺序效应	顺序效应;mooccubex.psy.系列位置效应;系列位置效应;wd.Q1426477	https://www.wikidata.org/wiki/Q1426477	Serial Position Effect		psychology	mooccubex	13	16
mooccubex.psy.自尊	自尊;lcsh.sh85119793;wd.Q10981881;lcsh.sh91001742	http://id.loc.gov/authorities/subjects/sh85119793;https://www.wikidata.org/wiki/Q10981881;http://id.loc.gov/authorities/subjects/sh91001742	Self-Esteem	Self-respect; Self-worth; Self-love (Psychology)	psychology;lcsh	mooccubex	3.0	12.0
mooccubex.psy.右半球	右半球;wd.Q18796923;dbpedia.Hemispheres	https://www.wikidata.org/wiki/Q18796923;http://dbpedia.org/resource/Category:Hemispheres	Right Hemisphere		psychology	mooccubex	1.0	6.0
mooccubex.psy.选择标准	选择标准;wd.Q95325094;dbpedia.Selection_algorithms	https://www.wikidata.org/wiki/Q95325094;http://dbpedia.org/resource/Category:Selection_algorithms	Selection Criteria		psychology	mooccubex	7.0	9.0
mooccubex.psy.直觉	直觉;lcsh.sh85067653;lcsh.sh85067654;wd.Q10303254;lcsh.sh94005238	http://id.loc.gov/authorities/subjects/sh85067653;http://id.loc.gov/authorities/subjects/sh85067654;https://www.wikidata.org/wiki/Q10303254;http://id.loc.gov/authorities/subjects/sh94005238	Intuition	Intuitionalism; Intuition (Psychology)	psychology;lcsh	mooccubex	0.0	12.0
mooccubex.psy.视知觉	视知觉;lcsh.sh85143926;dbpedia.Visual_perception;wd.Q162668;lcsh.sh85102005	http://id.loc.gov/authorities/subjects/sh85143926;http://dbpedia.org/resource/Category:Visual_perception;https://www.wikidata.org/wiki/Q162668;http://id.loc.gov/authorities/subjects/sh85102005	Visual Perception	Vision--Psychological aspects; Optics, Psychological	psychology;lcsh;dbpedia	mooccubex	0.0	0.0
mooccubex.psy.价值体系	价值体系;wd.Q831695;dbpedia.Value_theory	https://www.wikidata.org/wiki/Q831695;http://dbpedia.org/resource/Category:Value_theory	Value System		psychology	mooccubex	1.0	6.0
mooccubex.psy.心理机制	心理机制;lcsh.sh85108444	http://id.loc.gov/authorities/subjects/sh85108444	Psychological Mechanism		psychology	mooccubex	9.0	12.0
mooccubex.psy.感觉障碍	感觉障碍;lcsh.sh2005001956;wd.Q11850222;lcsh.sh2005001958	http://id.loc.gov/authorities/subjects/sh2005001956;https://www.wikidata.org/wiki/Q11850222;http://id.loc.gov/authorities/subjects/sh2005001958	Sensory Disorder	Sensory system disorders; Sensation disorders	psychology;lcsh	mooccubex	9.0	12.0
mooccubex.psy.超感知觉	超感知觉;lcsh.sh85046587;wd.Q790024;lcsh.sh85046588	http://id.loc.gov/authorities/subjects/sh85046587;https://www.wikidata.org/wiki/Q790024;http://id.loc.gov/authorities/subjects/sh85046588	Extrasensory Perception	ESP (Extrasensory perception); Sense, Sixth; Cryptesthesia; Perception, Extrasensory; Sixth sense	psychology;lcsh	mooccubex	9.0	12.0
mooccubex.psy.审判心理学	审判心理学;lightcast.KS124276CPJ1FS5JPCQB;KS124276CPJ1FS5JPCQB;lcsh.sh85108475;dbpedia.Forensic_psychology;wd.Q932219;lcsh.sh2003001461	https://skills.emsidata.com/skills/KS124276CPJ1FS5JPCQB;http://id.loc.gov/authorities/subjects/sh85108475;http://dbpedia.org/resource/Category:Forensic_psychology;https://www.wikidata.org/wiki/Q932219;http://id.loc.gov/authorities/subjects/sh2003001461	Forensic Psychology	Legal psychology; Psychology, Forensic; Juristic psychology; Juridical psychology	psychology;specialized skill;lcsh;dbpedia	mooccubex	9.0	12.0
mooccubex.psy.社会支持	社会支持;lightcast.KS1286T6J68LJGJNJ10Q;KS1286T6J68LJGJNJ10Q;wd.Q2297111;lcsh.sh85124049	https://skills.emsidata.com/skills/KS1286T6J68LJGJNJ10Q;https://www.wikidata.org/wiki/Q2297111;http://id.loc.gov/authorities/subjects/sh85124049	Social Support		psychology;specialized skill	mooccubex	0.0	0.0
mooccubex.psy.自我表露	自我表露;lcsh.sh85119736;wd.Q847337;lcsh.sh2010011511	http://id.loc.gov/authorities/subjects/sh85119736;https://www.wikidata.org/wiki/Q847337;http://id.loc.gov/authorities/subjects/sh2010011511	Self-Disclosure	Revelation of self; Self-revelation; Disclosure of self; Self-disclosing behavior	psychology;lcsh	mooccubex	3.0	12.0
mooccubex.psy.客体关系理论	客体关系理论;dbpedia.Object_relations_theory;wd.Q1399895;dbpedia.Object_relations_theorists	http://dbpedia.org/resource/Category:Object_relations_theory;https://www.wikidata.org/wiki/Q1399895;http://dbpedia.org/resource/Category:Object_relations_theorists	Object Relations Theory		psychology;dbpedia	mooccubex	0.0	12.0
mooccubex.psy.心理病态	心理病态;dbpedia.Psychopathy;wd.Q118418;dbpedia.Psychopathy_in_fiction	http://dbpedia.org/resource/Category:Psychopathy;https://www.wikidata.org/wiki/Q118418;http://dbpedia.org/resource/Category:Psychopathy_in_fiction	Psychopathy		psychology;dbpedia	mooccubex	9.0	12.0
mooccubex.psy.心理状态	心理状态;dbpedia.Mental_states;wd.Q3968640;dbpedia.Psychological_states	http://dbpedia.org/resource/Category:Mental_states;https://www.wikidata.org/wiki/Q3968640;http://dbpedia.org/resource/Category:Psychological_states	Mental State		psychology;dbpedia	mooccubex	9.0	12.0
mooccubex.psy.视错觉	视错觉;dbpedia.Visual_illusions;wd.Q174923;lcsh.sh2006008124	http://dbpedia.org/resource/Category:Visual_illusions;https://www.wikidata.org/wiki/Q174923;http://id.loc.gov/authorities/subjects/sh2006008124	Visual Illusion		psychology;dbpedia	mooccubex	0.0	0.0
mooccubex.psy.精神分析理论	精神分析理论;dbpedia.Psychoanalytic_theory;wd.Q7256338;dbpedia.Psychoanalytic_works	http://dbpedia.org/resource/Category:Psychoanalytic_theory;https://www.wikidata.org/wiki/Q7256338;http://dbpedia.org/resource/Category:Psychoanalytic_works	Psychoanalytic Theory		psychology;dbpedia	mooccubex	9.0	12.0
mooccubex.psy.自我	自我;lcsh.sh85041254;dbpedia.Egoism	http://id.loc.gov/authorities/subjects/sh85041254;http://dbpedia.org/resource/Category:Egoism	Ego		psychology;lcsh	mooccubex	3.0	12.0
mooccubex.psy.人际关系	人际关系;dbpedia.Interpersonal_relationships;wd.Q223642;lcsh.sh85067484	http://dbpedia.org/resource/Category:Interpersonal_relationships;https://www.wikidata.org/wiki/Q223642;http://id.loc.gov/authorities/subjects/sh85067484	Interpersonal Relationship		psychology;dbpedia	mooccubex	9.0	12.0
mooccubex.psy.本我	本我		Id		psychology	mooccubex	13	16
mooccubex.psy.遗传性	遗传性;wd.Q1503548	https://www.wikidata.org/wiki/Q1503548	Heritability		psychology	mooccubex	3.0	12.0
mooccubex.psy.情绪表现	情绪表现;mooccubex.psy.情绪表达;情绪表达;wd.Q5373787;lcsh.sh85042818	https://www.wikidata.org/wiki/Q5373787;http://id.loc.gov/authorities/subjects/sh85042818	Emotional Expression		psychology	mooccubex	9.0	12.0
mooccubex.psy.传播心理学	传播心理学;wd.Q20181823;lcsh.sh85029090	https://www.wikidata.org/wiki/Q20181823;http://id.loc.gov/authorities/subjects/sh85029090	Communication Psychology		psychology	mooccubex	9.0	12.0
mooccubex.psy.心理学流派	心理学流派;lightcast.ESBF2301C13C6E7431C1;ESBF2301C13C6E7431C1;wd.Q17212463;lcsh.sh85118392	https://skills.emsidata.com/skills/ESBF2301C13C6E7431C1;https://www.wikidata.org/wiki/Q17212463;http://id.loc.gov/authorities/subjects/sh85118392	School of Psychology		psychology;certification	mooccubex	9.0	12.0
mooccubex.psy.认知过程	认知过程;mooccubex.psy.认知策略;认知策略;lightcast.KS1222Z6ZZHVQ8782HTM;KS1222Z6ZZHVQ8782HTM;lightcast.KS1222X60X5L84FM5WF3;KS1222X60X5L84FM5WF3;lightcast.KS12233692WFM7VCLRG4;KS12233692WFM7VCLRG4;opensalt.dacc9bb2-16a5-4856-b909-ba2297106497;opensalt.H;wd.Q2200417;dbpedia.Mental_processes	https://skills.emsidata.com/skills/KS1222Z6ZZHVQ8782HTM;https://skills.emsidata.com/skills/KS1222X60X5L84FM5WF3;https://skills.emsidata.com/skills/KS12233692WFM7VCLRG4;https://www.wikidata.org/wiki/Q2200417;http://dbpedia.org/resource/Category:Mental_processes	Cognitive Process		psychology;specialized skill;strand	mooccubex	9.0	12.0
mooccubex.psy.女性气质	女性气质;lcsh.sh85047738;lcsh.sh85047739;dbpedia.Femininity;wd.Q866081;lcsh.sh99002615	http://id.loc.gov/authorities/subjects/sh85047738;http://id.loc.gov/authorities/subjects/sh85047739;http://dbpedia.org/resource/Category:Femininity;https://www.wikidata.org/wiki/Q866081;http://id.loc.gov/authorities/subjects/sh99002615	Femininity	Femininity (Psychology)	psychology;lcsh;dbpedia	mooccubex	9.0	12.0
mooccubex.psy.需要层次理论	需要层次理论		Hierarchy of Needs		psychology	mooccubex	13	16
mooccubex.psy.操作性行为	操作性行为;lcsh.sh85094912	http://id.loc.gov/authorities/subjects/sh85094912	Operant Behavior	Behavior, Operant; Intervention (Psychology); Behavior, Instrumental; Instrumental behavior	psychology;lcsh	mooccubex	13	16
mooccubex.psy.方法论	方法论;lcsh.sh85084414;lcsh.sh99001902;dbpedia.Methodology;wd.Q185698;lcsh.sh2002009792	http://id.loc.gov/authorities/subjects/sh85084414;http://id.loc.gov/authorities/subjects/sh99001902;http://dbpedia.org/resource/Category:Methodology;https://www.wikidata.org/wiki/Q185698;http://id.loc.gov/authorities/subjects/sh2002009792	Methodology	Philosophy--Methodology	psychology;lcsh;dbpedia	mooccubex	1.0	6.0
mooccubex.psy.罗森塔尔效应	罗森塔尔效应;wd.Q855150	https://www.wikidata.org/wiki/Q855150	Rosenthal Effect		psychology	mooccubex	13	16
mooccubex.psy.心理疲劳	心理疲劳;lcsh.sh85047466	http://id.loc.gov/authorities/subjects/sh85047466	Psychological Fatigue		psychology	mooccubex	9.0	12.0
mooccubex.psy.普遍性	普遍性;wd.Q875797;lcsh.sh85141079	https://www.wikidata.org/wiki/Q875797;http://id.loc.gov/authorities/subjects/sh85141079	Universality		psychology	mooccubex	13	16
mooccubex.psy.冯特错觉	冯特错觉;wd.Q2206122	https://www.wikidata.org/wiki/Q2206122	Wundt Illusion		psychology	mooccubex	13	16
mooccubex.psy.外部影响	外部影响;dbpedia.Media_influence	http://dbpedia.org/resource/Category:Media_influence	External Influence		psychology	mooccubex	9.0	12.0
mooccubex.psy.心理活动	心理活动;wd.Q105606485;lcsh.sh85083666	https://www.wikidata.org/wiki/Q105606485;http://id.loc.gov/authorities/subjects/sh85083666	Mental Activity		psychology	mooccubex	9.0	12.0
mooccubex.psy.幻觉	幻觉;lightcast.BGS4C7D16B9793A58CF7;BGS4C7D16B9793A58CF7;wd.Q130741;lcsh.sh85058489	https://skills.emsidata.com/skills/BGS4C7D16B9793A58CF7;https://www.wikidata.org/wiki/Q130741;http://id.loc.gov/authorities/subjects/sh85058489	Hallucination		psychology;specialized skill	mooccubex	9.0	12.0
mooccubex.psy.压力源	压力源;wd.Q1527480;dbpedia.Stress	https://www.wikidata.org/wiki/Q1527480;http://dbpedia.org/resource/Category:Stress	Stressor		psychology	mooccubex	13	16
mooccubex.psy.道德决策	道德决策;wd.Q106589010;lcsh.sh85036206	https://www.wikidata.org/wiki/Q106589010;http://id.loc.gov/authorities/subjects/sh85036206	Moral Decision-Making		psychology	mooccubex	9.0	12.0
mooccubex.psy.科学心理学	科学心理学;csp.SS.912.P.1.AP.1b;33F642EFA1394C059ADD11460DB285FE;csp.SS.912.P.1.AP.1a;505D2E956131440A9BDBDA7E65AA9D34;csp.PSY.6_12.1-3.D1.1;S21077031;5143B2AD3E0340C3B818A60630F4AB63;opensalt.5b76e98c-51f7-4154-aff5-7be350a6e9d5;opensalt.C;wd.Q18657711;lcsh.sh85118620	https://www.wikidata.org/wiki/Q18657711;http://id.loc.gov/authorities/subjects/sh85118620	Scientific Psychology		psychology;social studies;strand	mooccubex	6.0	12.0
mooccubex.psy.防御机制	防御机制;mooccubex.psy.心理防御机制;心理防御机制;lcsh.sh85036436;dbpedia.Defense_mechanism;wd.Q2866472;dbpedia.Defence_mechanism	http://id.loc.gov/authorities/subjects/sh85036436;http://dbpedia.org/resource/Category:Defense_mechanism;https://www.wikidata.org/wiki/Q2866472;http://dbpedia.org/resource/Category:Defence_mechanism	defense mechanism	Mental mechanisms; Mechanisms, Defense (Psychology)	psychology;lcsh;dbpedia	mooccubex	13	16
mooccubex.psy.学习动机	学习动机;wd.Q999590;lcsh.sh85087566	https://www.wikidata.org/wiki/Q999590;http://id.loc.gov/authorities/subjects/sh85087566	learning motivation		psychology	mooccubex	3.0	12.0
mooccubex.psy.集体主义文化	集体主义文化;lcsh.sh2009120629	http://id.loc.gov/authorities/subjects/sh2009120629	collectivist culture		psychology	mooccubex	0.0	0.0
mooccubex.psy.脊髓亚急性联合变性	脊髓亚急性联合变性;lcsh.sh85126666;lcsh.sh85126667	http://id.loc.gov/authorities/subjects/sh85126666;http://id.loc.gov/authorities/subjects/sh85126667	subacute combined degeneration of spinal cord		psychology	mooccubex	13	16
mooccubex.psy.操作条件反射	操作条件反射;lightcast.KS127CG6JGQCLRYD8ZX0;KS127CG6JGQCLRYD8ZX0;lcsh.sh85094913;wd.Q847079;lcsh.sh85026696	https://skills.emsidata.com/skills/KS127CG6JGQCLRYD8ZX0;http://id.loc.gov/authorities/subjects/sh85094913;https://www.wikidata.org/wiki/Q847079;http://id.loc.gov/authorities/subjects/sh85026696	operant conditioning	Conditioned operant response; Conditioning, Instrumental; Conditioning, Operant; Instrumental conditioning	psychology;specialized skill;lcsh	mooccubex	13	16
mooccubex.psy.情绪症状	情绪症状;dbpedia.Emotional_issues	http://dbpedia.org/resource/Category:Emotional_issues	emotional symptoms		psychology	mooccubex	13	16
mooccubex.psy.适应机制	适应机制;dbpedia.Animals_by_adaptation	http://dbpedia.org/resource/Category:Animals_by_adaptation	adaptation mechanism		psychology	mooccubex	13	16
mooccubex.psy.视网膜血管	视网膜血管;lcsh.sh85015021;lcsh.sh85113324	http://id.loc.gov/authorities/subjects/sh85015021;http://id.loc.gov/authorities/subjects/sh85113324	retinal blood vessels		psychology	mooccubex	13	16
mooccubex.psy.双重效应	双重效应;lcsh.sh00002291;dbpedia.Effects	http://id.loc.gov/authorities/subjects/sh00002291;http://dbpedia.org/resource/Category:Effects	double effect	Effect, Double (Ethics)	psychology;lcsh	mooccubex	13	16
mooccubex.psy.国际疾病分类	国际疾病分类;lightcast.KS7G7B972DG5S1XVJ7PG;KS7G7B972DG5S1XVJ7PG;dbpedia.International_Classification_of_Diseases;wd.Q50018;dbpedia.Lists_of_diseases	https://skills.emsidata.com/skills/KS7G7B972DG5S1XVJ7PG;http://dbpedia.org/resource/Category:International_Classification_of_Diseases;https://www.wikidata.org/wiki/Q50018;http://dbpedia.org/resource/Category:Lists_of_diseases	International Classification of Diseases		psychology;specialized skill;dbpedia	mooccubex	13	16
mooccubex.psy.自由联想	自由联想;lcsh.sh85051651;wd.Q1054460;lcsh.sh85051700	http://id.loc.gov/authorities/subjects/sh85051651;https://www.wikidata.org/wiki/Q1054460;http://id.loc.gov/authorities/subjects/sh85051700	free association	Association, Free (Psychology)	psychology;lcsh	mooccubex	13	16
mooccubex.psy.情感支持	情感支持;lightcast.BGS151177914345A4D6E;BGS151177914345A4D6E;lcsh.sh2019000040	https://skills.emsidata.com/skills/BGS151177914345A4D6E;http://id.loc.gov/authorities/subjects/sh2019000040	emotional support		psychology;specialized skill	mooccubex	9.0	12.0
mooccubex.psy.潜意识动机	潜意识动机;dbpedia.Motivation_theorists	http://dbpedia.org/resource/Category:Motivation_theorists	unconscious motivation		psychology	mooccubex	9.0	12.0
mooccubex.psy.联想	联想;dbpedia.Associations;lcsh.sh94007996	http://dbpedia.org/resource/Category:Associations;http://id.loc.gov/authorities/subjects/sh94007996	association		psychology;dbpedia	mooccubex	13	16
mooccubex.psy.外在动机	外在动机;wd.Q133818509;dbpedia.Motivation_theorists	https://www.wikidata.org/wiki/Q133818509;http://dbpedia.org/resource/Category:Motivation_theorists	extrinsic motivation		psychology	mooccubex	9.0	12.0
mooccubex.psy.社交恐怖症	社交恐怖症;lcsh.sh92004280;lcsh.sh2006007345	http://id.loc.gov/authorities/subjects/sh92004280;http://id.loc.gov/authorities/subjects/sh2006007345	social phobia	Social anxiety; Social anxiety disorder	psychology;lcsh	mooccubex	9.0	12.0
mooccubex.psy.胆碱酯酶	胆碱酯酶;lcsh.sh85024659;wd.Q415635;lcsh.sh90000852	http://id.loc.gov/authorities/subjects/sh85024659;https://www.wikidata.org/wiki/Q415635;http://id.loc.gov/authorities/subjects/sh90000852	cholinesterase	Choline esterases; Pseudocholinesterases	psychology;lcsh	mooccubex	13	16
mooccubex.psy.前额叶	前额叶;mooccubex.psy.额叶皮质;额叶皮质;lcsh.sh90005125;lcsh.sh85022087	http://id.loc.gov/authorities/subjects/sh90005125;http://id.loc.gov/authorities/subjects/sh85022087	prefrontal cortex	Cortex, Prefrontal	psychology;lcsh	mooccubex	9.0	12.0
mooccubex.psy.艺术心理学	艺术心理学;lcsh.sh97000650	http://id.loc.gov/authorities/subjects/sh97000650	psychology of art		psychology	mooccubex	9.0	12.0
mooccubex.psy.自我防御机制	自我防御机制;dbpedia.Defence_mechanism	http://dbpedia.org/resource/Category:Defence_mechanism	ego defense mechanism		psychology	mooccubex	13	16
mooccubex.psy.学习障碍	学习障碍;wd.Q860740;lcsh.sh85075540	https://www.wikidata.org/wiki/Q860740;http://id.loc.gov/authorities/subjects/sh85075540	learning disability		psychology	mooccubex	13	16
mooccubex.psy.强化程式	强化程式		reinforcement schedule		psychology	mooccubex	13	16
mooccubex.psy.知觉	知觉;lcsh.sh85099708;lcsh.sh85099711;dbpedia.Perception;lcsh.sh85102005	http://id.loc.gov/authorities/subjects/sh85099708;http://id.loc.gov/authorities/subjects/sh85099711;http://dbpedia.org/resource/Category:Perception;http://id.loc.gov/authorities/subjects/sh85102005	perception	Supraliminal perception	psychology;lcsh;dbpedia	mooccubex	9.0	12.0
mooccubex.psy.神经衰弱	神经衰弱;lcsh.sh85091106;wd.Q510236;lcsh.sh2004000686	http://id.loc.gov/authorities/subjects/sh85091106;https://www.wikidata.org/wiki/Q510236;http://id.loc.gov/authorities/subjects/sh2004000686	neurasthenia	Nervous exhaustion; Breakdown, Nervous; Prostration, Nervous; Nervous prostration; Exhaustion, Nervous; Neurasthenic neuroses; Nervous breakdown	psychology;lcsh	mooccubex	13	16
mooccubex.psy.再认	再认;lcsh.sh85111839;lcsh.sh85111840;lcsh.sh92001089;lcsh.sh94008713;dbpedia.Object_recognition_and_categorization	http://id.loc.gov/authorities/subjects/sh85111839;http://id.loc.gov/authorities/subjects/sh85111840;http://id.loc.gov/authorities/subjects/sh92001089;http://id.loc.gov/authorities/subjects/sh94008713;http://dbpedia.org/resource/Category:Object_recognition_and_categorization	recognition	Estrada doctrine; De facto doctrine (International law); Nonrecognition of governments; De facto government	psychology;lcsh;social studies	mooccubex	6.0	12.0
mooccubex.psy.脑死亡	脑死亡;lcsh.sh85016363;wd.Q223867;lcsh.sh85016364	http://id.loc.gov/authorities/subjects/sh85016363;https://www.wikidata.org/wiki/Q223867;http://id.loc.gov/authorities/subjects/sh85016364	brain death	Cerebral death; Irreversible coma	psychology;lcsh	mooccubex	9.0	12.0
mooccubex.psy.接近性	接近性;lcsh.sh85108028	http://id.loc.gov/authorities/subjects/sh85108028	proximity		psychology	mooccubex	7.0	9.0
mooccubex.psy.特质	特质;dbpedia.Personality_trait_theorists	http://dbpedia.org/resource/Category:Personality_trait_theorists	trait		psychology	mooccubex	13	16
mooccubex.psy.脑机制	脑机制;lcsh.sh2007102128	http://id.loc.gov/authorities/subjects/sh2007102128	brain mechanism		psychology	mooccubex	9.0	12.0
mooccubex.psy.大脑两半球	大脑两半球;lcsh.sh85022094;wd.Q97304355;dbpedia.Hemispheres	http://id.loc.gov/authorities/subjects/sh85022094;https://www.wikidata.org/wiki/Q97304355;http://dbpedia.org/resource/Category:Hemispheres	cerebral hemispheres	Brain hemispheres	psychology;lcsh	mooccubex	13	16
mooccubex.psy.视觉艺术	视觉艺术;lightcast.KS441VL65C885HLK4W32;KS441VL65C885HLK4W32;opensalt.b22d26c7-85cd-510e-85d5-1613b29fead2;dbpedia.Visual_arts;dbpedia.Visual_Arts;csp.7A479525116E4A3CBABF82E27C281BFB;7A479525116E4A3CBABF82E27C281BFB;dbpedia.Visual_art	https://skills.emsidata.com/skills/KS441VL65C885HLK4W32;http://dbpedia.org/resource/Category:Visual_arts;http://dbpedia.org/resource/Category:Visual_Arts;http://dbpedia.org/resource/Category:Visual_art	visual arts		psychology;specialized skill;dbpedia;early learning goals	mooccubex	0.0	0.0
mooccubex.psy.应用心理学	应用心理学;lightcast.KS120LK68X1HRD307WXL;KS120LK68X1HRD307WXL;dbpedia.Applied_psychology;wd.Q538904;lcsh.sh85108472	https://skills.emsidata.com/skills/KS120LK68X1HRD307WXL;http://dbpedia.org/resource/Category:Applied_psychology;https://www.wikidata.org/wiki/Q538904;http://id.loc.gov/authorities/subjects/sh85108472	applied psychology		psychology;specialized skill;dbpedia	mooccubex	9.0	12.0
mooccubex.psy.精神科医生	精神科医生;lcsh.sh85108377;dbpedia.Psychiatrists;dbpedia.Consultant_psychiatrist	http://id.loc.gov/authorities/subjects/sh85108377;http://dbpedia.org/resource/Category:Psychiatrists;http://dbpedia.org/resource/Category:Consultant_psychiatrist	psychiatrist	Psychopathologists; Alienists	psychology;lcsh;dbpedia	mooccubex	9.0	12.0
mooccubex.psy.心向	心向;dbpedia.Mentalism	http://dbpedia.org/resource/Category:Mentalism	mental set		psychology	mooccubex	9.0	12.0
mooccubex.psy.表演型人格障碍	表演型人格障碍;wd.Q845787;dbpedia.People_with_histrionic_personality_disorder	https://www.wikidata.org/wiki/Q845787;http://dbpedia.org/resource/Category:People_with_histrionic_personality_disorder	histrionic personality disorder		psychology	mooccubex	9.0	12.0
mooccubex.psy.实验范式	实验范式;dbpedia.Design_of_experiments	http://dbpedia.org/resource/Category:Design_of_experiments	experimental paradigm		psychology	mooccubex	9.0	12.0
mooccubex.psy.生活事件	生活事件;wd.Q114785545;lcsh.sh85076819	https://www.wikidata.org/wiki/Q114785545;http://id.loc.gov/authorities/subjects/sh85076819	life events		psychology	mooccubex	7.0	9.0
mooccubex.psy.行为矫正	行为矫正;lcsh.sh85012897;dbpedia.Behavior_modification;wd.Q4880689;dbpedia.Behaviour_modification	http://id.loc.gov/authorities/subjects/sh85012897;http://dbpedia.org/resource/Category:Behavior_modification;https://www.wikidata.org/wiki/Q4880689;http://dbpedia.org/resource/Category:Behaviour_modification	behavior modification		psychology;lcsh;dbpedia	mooccubex	9.0	12.0
mooccubex.psy.气质类型	气质类型;lcsh.sh85133695	http://id.loc.gov/authorities/subjects/sh85133695	temperament type		psychology	mooccubex	13	16
mooccubex.psy.自我认知	自我认知;csp.210B7AC9D8B844F3AA7D2F39559F679E;S2516408;210B7AC9D8B844F3AA7D2F39559F679E;csp.D02F6F7DBAA44459AC7BE617A5F74B46;S2516411;D02F6F7DBAA44459AC7BE617A5F74B46;csp.08C9F0F0178B4E2B9BD664713A84A175;S2516414;08C9F0F0178B4E2B9BD664713A84A175;lcsh.sh85119766	http://id.loc.gov/authorities/subjects/sh85119766	self-knowledge		psychology;career and education development learning results: parameters for essential instruction	mooccubex	3.0	12.0
mooccubex.psy.好奇心	好奇心;lightcast.ESA420F05EBBD34B3C2A;ESA420F05EBBD34B3C2A;opensalt.8ec3ddb6-a4d9-11e9-8aee-f9b1c78433da;lcsh.sh85034861;wd.Q366791;lcsh.sh85034862	https://skills.emsidata.com/skills/ESA420F05EBBD34B3C2A;http://id.loc.gov/authorities/subjects/sh85034861;https://www.wikidata.org/wiki/Q366791;http://id.loc.gov/authorities/subjects/sh85034862	curiosity	Inquisitiveness; Exploratory behavior	psychology;common skill;competency;lcsh	mooccubex	13	16
mooccubex.psy.自我中心	自我中心;mooccubex.psy.自我中心主义;自我中心主义;wd.Q463910;dbpedia.Egoism	https://www.wikidata.org/wiki/Q463910;http://dbpedia.org/resource/Category:Egoism	egocentrism		psychology	mooccubex	3.0	12.0
mooccubex.psy.妄想	妄想;lcsh.sh87005620;wd.Q189643	http://id.loc.gov/authorities/subjects/sh87005620;https://www.wikidata.org/wiki/Q189643	delusion	Beliefs, Delusional; Disorders, Delusional; Delusional disorders; Delusional beliefs	psychology;lcsh	mooccubex	13	16
mooccubex.psy.表情	表情;mooccubex.psy.面部表情;面部表情;lcsh.sh85046804;dbpedia.Facial_expressions;wd.Q327968;lcsh.sh97000882	http://id.loc.gov/authorities/subjects/sh85046804;http://dbpedia.org/resource/Category:Facial_expressions;https://www.wikidata.org/wiki/Q327968;http://id.loc.gov/authorities/subjects/sh97000882	facial expression	Face--Expression; Facial expressions	psychology;lcsh;dbpedia	mooccubex	9.0	12.0
mooccubex.psy.超心理学	超心理学;lcsh.sh85108405;dbpedia.Parapsychology;wd.Q179098;lcsh.sh89002678	http://id.loc.gov/authorities/subjects/sh85108405;http://dbpedia.org/resource/Category:Parapsychology;https://www.wikidata.org/wiki/Q179098;http://id.loc.gov/authorities/subjects/sh89002678	parapsychology	Paranormal phenomena; Parapsychology--Controversial literature; Metaphysics (Parapsychology); Psychic phenomena; Psychical research; Psi (Parapsychology)	psychology;lcsh;dbpedia	mooccubex	9.0	12.0
mooccubex.psy.脑干	脑干;dbpedia.Brainstem;wd.Q182228;dbpedia.Braintree	http://dbpedia.org/resource/Category:Brainstem;https://www.wikidata.org/wiki/Q182228;http://dbpedia.org/resource/Category:Braintree	brainstem		psychology;dbpedia	mooccubex	13	16
mooccubex.psy.记忆类型	记忆类型;wd.Q27555265;dbpedia.Types_of_RAM	https://www.wikidata.org/wiki/Q27555265;http://dbpedia.org/resource/Category:Types_of_RAM	memory type		psychology	mooccubex	13	16
mooccubex.psy.觉察	觉察;lcsh.sh85010576;wd.Q9081;lcsh.sh2002002231	http://id.loc.gov/authorities/subjects/sh85010576;https://www.wikidata.org/wiki/Q9081;http://id.loc.gov/authorities/subjects/sh2002002231	awareness		psychology;lcsh	mooccubex	0.0	0.0
mooccubex.psy.感觉记忆	感觉记忆;dbpedia.Sensory_systems	http://dbpedia.org/resource/Category:Sensory_systems	sensory memory		psychology	mooccubex	9.0	12.0
mooccubex.psy.灵感	灵感;lcsh.sh00006259;lcsh.sh85066719;wd.Q196668;lcsh.sh2003001409	http://id.loc.gov/authorities/subjects/sh00006259;http://id.loc.gov/authorities/subjects/sh85066719;https://www.wikidata.org/wiki/Q196668;http://id.loc.gov/authorities/subjects/sh2003001409	inspiration		psychology;lcsh	mooccubex	13	16
mooccubex.psy.性别角色	性别角色;dbpedia.Gender_roles;wd.Q2672163;dbpedia.Gender_roles_by_society	http://dbpedia.org/resource/Category:Gender_roles;https://www.wikidata.org/wiki/Q2672163;http://dbpedia.org/resource/Category:Gender_roles_by_society	gender role		psychology;dbpedia	mooccubex	13	16
mooccubex.psy.奖赏	奖赏;lcsh.sh85113517;lcsh.sh85113518;lcsh.sh85113519;lcsh.sh85113520;lcsh.sh85113521;lcsh.sh85113522;lcsh.sh85113523;lcsh.sh85113524;lcsh.sh85113525;lcsh.sh2007020117;lcsh.sh91006355	http://id.loc.gov/authorities/subjects/sh85113517;http://id.loc.gov/authorities/subjects/sh85113518;http://id.loc.gov/authorities/subjects/sh85113519;http://id.loc.gov/authorities/subjects/sh85113520;http://id.loc.gov/authorities/subjects/sh85113521;http://id.loc.gov/authorities/subjects/sh85113522;http://id.loc.gov/authorities/subjects/sh85113523;http://id.loc.gov/authorities/subjects/sh85113524;http://id.loc.gov/authorities/subjects/sh85113525;http://id.loc.gov/authorities/subjects/sh2007020117;http://id.loc.gov/authorities/subjects/sh91006355	reward	Reading Excellence: Word Attack and Rate Development Strategies (Reading program); REWARDS Intermediate (Reading program); Reading Excellence: Word Attack & Rate Development Strategies (Reading program); REWARDS Secondary (Reading program)	psychology;lcsh;social studies;language	mooccubex	0.0	12.0
mooccubex.psy.组织形态学	组织形态学;lcsh.sh85061086	http://id.loc.gov/authorities/subjects/sh85061086	histomorphology		psychology	mooccubex	13	16
mooccubex.psy.糖尿病性神经病变	糖尿病性神经病变;wd.Q2046550;lcsh.sh85037471	https://www.wikidata.org/wiki/Q2046550;http://id.loc.gov/authorities/subjects/sh85037471	diabetic neuropathy		psychology	mooccubex	13	16
mooccubex.psy.社会认可	社会认可;lcsh.sh85123905	http://id.loc.gov/authorities/subjects/sh85123905	social approval		psychology	mooccubex	0.0	0.0
mooccubex.psy.波根多夫错觉	波根多夫错觉;wd.Q1542758	https://www.wikidata.org/wiki/Q1542758	Poggendorff illusion		psychology	mooccubex	13	16
mooccubex.psy.记忆储存	记忆储存;dbpedia.Computer_memory	http://dbpedia.org/resource/Category:Computer_memory	Memory Storage		psychology	mooccubex	7.0	12.0
mooccubex.psy.兴奋	兴奋;lcsh.sh85007409;wd.Q379784;dbpedia.Sexual_arousal	http://id.loc.gov/authorities/subjects/sh85007409;https://www.wikidata.org/wiki/Q379784;http://dbpedia.org/resource/Category:Sexual_arousal	Arousal		psychology;lcsh	mooccubex	9.0	12.0
mooccubex.psy.合作方案	合作方案;lightcast.KS122D673HLMNLY5V1ZN;KS122D673HLMNLY5V1ZN;wd.Q303446;dbpedia.Peer_learning	https://skills.emsidata.com/skills/KS122D673HLMNLY5V1ZN;https://www.wikidata.org/wiki/Q303446;http://dbpedia.org/resource/Category:Peer_learning	Cooperative Learning		psychology;common skill	mooccubex	3.0	12.0
mooccubex.psy.犯罪行为	犯罪行为;lcsh.sh85034037;wd.Q126693638;lcsh.sh2009122050	http://id.loc.gov/authorities/subjects/sh85034037;https://www.wikidata.org/wiki/Q126693638;http://id.loc.gov/authorities/subjects/sh2009122050	Criminal Behavior		psychology;lcsh	mooccubex	9.0	12.0
mooccubex.psy.消极情绪	消极情绪;mooccubex.psy.负面情绪;负面情绪;wd.Q60539481;lcsh.sh85042818	https://www.wikidata.org/wiki/Q60539481;http://id.loc.gov/authorities/subjects/sh85042818	Negative Emotion		psychology	mooccubex	9.0	12.0
mooccubex.psy.社会助长	社会助长;wd.Q1535412;lcsh.sh85123907	https://www.wikidata.org/wiki/Q1535412;http://id.loc.gov/authorities/subjects/sh85123907	Social Facilitation		psychology	mooccubex	9.0	12.0
mooccubex.psy.认知方式	认知方式;lightcast.KS122346K2VBLYDFYGWR;KS122346K2VBLYDFYGWR;lcsh.sh85027755;wd.Q2380771;lcsh.sh88004658	https://skills.emsidata.com/skills/KS122346K2VBLYDFYGWR;http://id.loc.gov/authorities/subjects/sh85027755;https://www.wikidata.org/wiki/Q2380771;http://id.loc.gov/authorities/subjects/sh88004658	Cognitive Style	Styles, Cognitive	psychology;specialized skill;lcsh	mooccubex	9.0	12.0
mooccubex.psy.非意识	非意识;lcsh.sh85031235	http://id.loc.gov/authorities/subjects/sh85031235	Non-conscious		psychology	mooccubex	13	16
mooccubex.psy.寂寞	寂寞;lcsh.sh85078243;wd.Q223270;lcsh.sh91002594	http://id.loc.gov/authorities/subjects/sh85078243;https://www.wikidata.org/wiki/Q223270;http://id.loc.gov/authorities/subjects/sh91002594	Loneliness		psychology;lcsh	mooccubex	9.0	12.0
mooccubex.psy.客观测验	客观测验;lcsh.sh85093659;wd.Q3657183;lcsh.sh85093658	http://id.loc.gov/authorities/subjects/sh85093659;https://www.wikidata.org/wiki/Q3657183;http://id.loc.gov/authorities/subjects/sh85093658	Objective Test		psychology;lcsh	mooccubex	13	16
mooccubex.psy.神经冲动	神经冲动;wd.Q3150791;lcsh.sh85064679	https://www.wikidata.org/wiki/Q3150791;http://id.loc.gov/authorities/subjects/sh85064679	Neural Impulse		psychology	mooccubex	9.0	12.0
mooccubex.psy.消极信息	消极信息;dbpedia.Negative_concepts	http://dbpedia.org/resource/Category:Negative_concepts	Negative Information		psychology	mooccubex	7.0	9.0
mooccubex.psy.归属感	归属感;lcsh.sh2010015330	http://id.loc.gov/authorities/subjects/sh2010015330	Sense of Belonging		psychology	mooccubex	0.0	0.0
mooccubex.psy.行为控制	行为控制;lcsh.sh85042273	http://id.loc.gov/authorities/subjects/sh85042273	Behavioral Control		psychology	mooccubex	9.0	12.0
mooccubex.psy.神经回路	神经回路;wd.Q105081244;lcsh.sh85091089	https://www.wikidata.org/wiki/Q105081244;http://id.loc.gov/authorities/subjects/sh85091089	Neural Circuit		psychology	mooccubex	13	16
mooccubex.psy.感觉损伤	感觉损伤;lcsh.sh2005001959	http://id.loc.gov/authorities/subjects/sh2005001959	Sensory Deficit		psychology	mooccubex	13	16
mooccubex.psy.自我决定理论	自我决定理论;lightcast.KS12862687Z6LHGXJ2R1;KS12862687Z6LHGXJ2R1;wd.Q1433910;lcsh.sh85119735	https://skills.emsidata.com/skills/KS12862687Z6LHGXJ2R1;https://www.wikidata.org/wiki/Q1433910;http://id.loc.gov/authorities/subjects/sh85119735	Self-Determination Theory		psychology;specialized skill	mooccubex	3.0	12.0
mooccubex.psy.原生家庭	原生家庭;wd.Q125312714;dbpedia.Families_by_ancestry	https://www.wikidata.org/wiki/Q125312714;http://dbpedia.org/resource/Category:Families_by_ancestry	Family of Origin		psychology	mooccubex	13	16
mooccubex.psy.催眠	催眠;lightcast.KS124WY6P61HDPMV737C;KS124WY6P61HDPMV737C;dbpedia.Hypnosis;wd.Q8609;lcsh.sh85063752	https://skills.emsidata.com/skills/KS124WY6P61HDPMV737C;http://dbpedia.org/resource/Category:Hypnosis;https://www.wikidata.org/wiki/Q8609;http://id.loc.gov/authorities/subjects/sh85063752	Hypnosis		psychology;specialized skill;dbpedia	mooccubex	13	16
mooccubex.psy.人格心理学	人格心理学;lightcast.KS127Q967RQR9NV7ZW7K;KS127Q967RQR9NV7ZW7K;wd.Q271716;lcsh.sh85100128	https://skills.emsidata.com/skills/KS127Q967RQR9NV7ZW7K;https://www.wikidata.org/wiki/Q271716;http://id.loc.gov/authorities/subjects/sh85100128	Personality Psychology		psychology;specialized skill	mooccubex	9.0	12.0
mooccubex.psy.积极心理学	积极心理学;lightcast.ES2BE5EB03FFE1AC535E;ES2BE5EB03FFE1AC535E;lcsh.sh2004003042;dbpedia.Positive_psychology;wd.Q718809;dbpedia.Positive_psychologists	https://skills.emsidata.com/skills/ES2BE5EB03FFE1AC535E;http://id.loc.gov/authorities/subjects/sh2004003042;http://dbpedia.org/resource/Category:Positive_psychology;https://www.wikidata.org/wiki/Q718809;http://dbpedia.org/resource/Category:Positive_psychologists	Positive Psychology		psychology;specialized skill;lcsh;dbpedia	mooccubex	9.0	12.0
mooccubex.psy.感觉运动	感觉运动;wd.Q122333208;lcsh.sh87006733	https://www.wikidata.org/wiki/Q122333208;http://id.loc.gov/authorities/subjects/sh87006733	Sensorimotor		psychology	mooccubex	9.0	12.0
mooccubex.psy.异常行为	异常行为;opensalt.a1f19557-2d2a-4450-9089-8666b523f4de;opensalt.J;wd.Q102186784;dbpedia.Abnormal_psychology_stubs	https://www.wikidata.org/wiki/Q102186784;http://dbpedia.org/resource/Category:Abnormal_psychology_stubs	Abnormal Behavior		psychology;strand	mooccubex	9.0	12.0
mooccubex.psy.人际互动	人际互动;wd.Q609298;lcsh.sh85067484	https://www.wikidata.org/wiki/Q609298;http://id.loc.gov/authorities/subjects/sh85067484	Interpersonal Interaction		psychology	mooccubex	9.0	12.0
mooccubex.psy.心理调适	心理调适;dbpedia.Psychological_adjustment;lcsh.sh85000892	http://dbpedia.org/resource/Category:Psychological_adjustment;http://id.loc.gov/authorities/subjects/sh85000892	Psychological Adjustment		psychology;dbpedia	mooccubex	9.0	12.0
mooccubex.psy.天赋	天赋;mooccubex.psy.才能;才能;lcsh.sh85132082;wd.Q267639;lcsh.sh85107366	http://id.loc.gov/authorities/subjects/sh85132082;https://www.wikidata.org/wiki/Q267639;http://id.loc.gov/authorities/subjects/sh85107366	Talent	Pounds (Parable)	psychology;lcsh	mooccubex	0.0	12.0
mooccubex.psy.动机理论	动机理论;dbpedia.Motivation_theorists	http://dbpedia.org/resource/Category:Motivation_theorists	Motivation Theory		psychology	mooccubex	9.0	12.0
mooccubex.psy.遗忘曲线	遗忘曲线;wd.Q949167	https://www.wikidata.org/wiki/Q949167	Forgetting Curve		psychology	mooccubex	13	16
mooccubex.psy.双盲	双盲;lcsh.sh85014855	http://id.loc.gov/authorities/subjects/sh85014855	Double-blind		psychology	mooccubex	13	16
mooccubex.psy.行为主义理论	行为主义理论;lcsh.sh85012905;lcsh.sh99004132;dbpedia.Behaviorism;wd.Q168338;lcsh.sh2002008867	http://id.loc.gov/authorities/subjects/sh85012905;http://id.loc.gov/authorities/subjects/sh99004132;http://dbpedia.org/resource/Category:Behaviorism;https://www.wikidata.org/wiki/Q168338;http://id.loc.gov/authorities/subjects/sh2002008867	Behaviorism	Behavioralism (Psychology); Behaviourism (Psychology); Scientific behaviorism; Behaviouralism (Psychology); Behavioristic psychology	psychology;lcsh;dbpedia	mooccubex	9.0	12.0
mooccubex.psy.刻板印象	刻板印象;lcsh.sh85128018;dbpedia.Stereotypes;wd.Q167172;lcsh.sh2020005540	http://id.loc.gov/authorities/subjects/sh85128018;http://dbpedia.org/resource/Category:Stereotypes;https://www.wikidata.org/wiki/Q167172;http://id.loc.gov/authorities/subjects/sh2020005540	Stereotype	Mental stereotypes; Stereotyping (Social psychology); Stereotype (Psychology)	psychology;lcsh;dbpedia	mooccubex	9.0	12.0
mooccubex.psy.相关研究	相关研究;wd.Q112189167	https://www.wikidata.org/wiki/Q112189167	Correlational Research		psychology	mooccubex	6.0	12.0
mooccubex.psy.调节因素	调节因素		Moderating Factor		psychology	mooccubex	7.0	9.0
mooccubex.psy.思维形式	思维形式;lcsh.sh85134988	http://id.loc.gov/authorities/subjects/sh85134988	Form of Thought		psychology	mooccubex	9.0	12.0
mooccubex.psy.精神病性症状	精神病性症状;lcsh.sh87001886	http://id.loc.gov/authorities/subjects/sh87001886	Psychotic Symptoms		psychology	mooccubex	13	16
mooccubex.psy.延迟满足	延迟满足;wd.Q816125	https://www.wikidata.org/wiki/Q816125	Delayed Gratification		psychology	mooccubex	13	16
mooccubex.psy.动物本能	动物本能;wd.Q134722193;lcsh.sh85005162	https://www.wikidata.org/wiki/Q134722193;http://id.loc.gov/authorities/subjects/sh85005162	Animal Instinct		psychology	mooccubex	9.0	12.0
mooccubex.psy.精神病	精神病;csp.1351090402.31.02.05;S21226497;38A2D48EB49D407684AF8FCFB51A926F;lightcast.KS1286K78QKMF4BQZVXZ;KS1286K78QKMF4BQZVXZ;dbpedia.Psychosis;wd.Q170082;lcsh.sh85108502	https://skills.emsidata.com/skills/KS1286K78QKMF4BQZVXZ;http://dbpedia.org/resource/Category:Psychosis;https://www.wikidata.org/wiki/Q170082;http://id.loc.gov/authorities/subjects/sh85108502	Psychosis		psychology;cte;specialized skill;dbpedia	mooccubex	9.0	12.0
mooccubex.psy.定向反射	定向反射;lcsh.sh85095641;lcsh.sh85095640	http://id.loc.gov/authorities/subjects/sh85095641;http://id.loc.gov/authorities/subjects/sh85095640	Orienting Reflex	Orienting response; Orienting reaction; Orientation reaction	psychology;lcsh	mooccubex	13	16
mooccubex.psy.天才	天才;lcsh.sh85053909;lcsh.sh85053910;dbpedia.The_Genius_(TV_series);wd.Q3419343	http://id.loc.gov/authorities/subjects/sh85053909;http://id.loc.gov/authorities/subjects/sh85053910;http://dbpedia.org/resource/Category:The_Genius_(TV_series);https://www.wikidata.org/wiki/Q3419343	Genius	Companion spirits	psychology;lcsh;dbpedia	mooccubex	13	16
mooccubex.psy.情绪性	情绪性;wd.Q5373805;lcsh.sh85042818	https://www.wikidata.org/wiki/Q5373805;http://id.loc.gov/authorities/subjects/sh85042818	Emotionality		psychology	mooccubex	9.0	12.0
mooccubex.psy.态度改变	态度改变;lcsh.sh85009411;dbpedia.Attitude_change;wd.Q4818546;lcsh.sh2001001912	http://id.loc.gov/authorities/subjects/sh85009411;http://dbpedia.org/resource/Category:Attitude_change;https://www.wikidata.org/wiki/Q4818546;http://id.loc.gov/authorities/subjects/sh2001001912	Attitude Change	Change of attitude	psychology;lcsh;dbpedia	mooccubex	13	16
mooccubex.psy.控制组	控制组;wd.Q2148398	https://www.wikidata.org/wiki/Q2148398	Control Group		psychology	mooccubex	13	16
mooccubex.psy.中枢性面瘫	中枢性面瘫;wd.Q5062095;dbpedia.Facial_nerve_disorders	https://www.wikidata.org/wiki/Q5062095;http://dbpedia.org/resource/Category:Facial_nerve_disorders	Central Facial Palsy		psychology	mooccubex	13	16
mooccubex.psy.工作满意度	工作满意度;lcsh.sh85070581;lcsh.sh99004960;wd.Q629463;lcsh.sh2008106162	http://id.loc.gov/authorities/subjects/sh85070581;http://id.loc.gov/authorities/subjects/sh99004960;https://www.wikidata.org/wiki/Q629463;http://id.loc.gov/authorities/subjects/sh2008106162	Job Satisfaction	Work satisfaction; Occupational satisfaction	psychology;lcsh	mooccubex	9.0	12.0
mooccubex.psy.社会关系	社会关系;wd.Q853725;lcsh.sh85067484	https://www.wikidata.org/wiki/Q853725;http://id.loc.gov/authorities/subjects/sh85067484	Social Relationship		psychology	mooccubex	9.0	12.0
mooccubex.psy.人格特征	人格特征;dbpedia.Personality_traits;wd.Q2393196;dbpedia.Personality_trait_theorists	http://dbpedia.org/resource/Category:Personality_traits;https://www.wikidata.org/wiki/Q2393196;http://dbpedia.org/resource/Category:Personality_trait_theorists	Personality Trait		psychology;dbpedia	mooccubex	9.0	12.0
mooccubex.psy.脊髓疾病	脊髓疾病;lcsh.sh85126670;lcsh.sh85126666;wd.Q2303951;dbpedia.Spinal_cord_disorders	http://id.loc.gov/authorities/subjects/sh85126670;http://id.loc.gov/authorities/subjects/sh85126666;https://www.wikidata.org/wiki/Q2303951;http://dbpedia.org/resource/Category:Spinal_cord_disorders	Spinal Cord Disease		psychology;lcsh	mooccubex	13	16
mooccubex.psy.反社会性	反社会性;mooccubex.psy.反社会行为;反社会行为;wd.Q734611;dbpedia.People_with_antisocial_personality_disorder	https://www.wikidata.org/wiki/Q734611;http://dbpedia.org/resource/Category:People_with_antisocial_personality_disorder	antisocial behavior		psychology	mooccubex	9.0	12.0
mooccubex.psy.心理倾向	心理倾向;dbpedia.Psychological_attitude	http://dbpedia.org/resource/Category:Psychological_attitude	psychological tendency		psychology	mooccubex	9.0	12.0
mooccubex.psy.平均预期寿命	平均预期寿命;lcsh.sh85076821;wd.Q188419;lcsh.sh85076822	http://id.loc.gov/authorities/subjects/sh85076821;https://www.wikidata.org/wiki/Q188419;http://id.loc.gov/authorities/subjects/sh85076822	life expectancy	Expectancy of life; Expectation of life	psychology;lcsh	mooccubex	1.0	6.0
mooccubex.psy.无意识	无意识;dbpedia.Unconscious;lcsh.sh85031235	http://dbpedia.org/resource/Category:Unconscious;http://id.loc.gov/authorities/subjects/sh85031235	unconscious		psychology;dbpedia	mooccubex	13	16
mooccubex.psy.自我同一性	自我同一性;wd.Q124380592;lcsh.sh85041255	https://www.wikidata.org/wiki/Q124380592;http://id.loc.gov/authorities/subjects/sh85041255	ego identity		psychology	mooccubex	3.0	12.0
mooccubex.psy.新行为主义	新行为主义;wd.Q4317149;dbpedia.Neognathae	https://www.wikidata.org/wiki/Q4317149;http://dbpedia.org/resource/Category:Neognathae	neobehaviorism		psychology	mooccubex	13	16
mooccubex.psy.进化心理学	进化心理学;lightcast.ESD76FEC98E900BAA826;ESD76FEC98E900BAA826;lcsh.sh2003003007;dbpedia.Evolutionary_psychology;wd.Q219695;dbpedia.Evolutionary_psychologists	https://skills.emsidata.com/skills/ESD76FEC98E900BAA826;http://id.loc.gov/authorities/subjects/sh2003003007;http://dbpedia.org/resource/Category:Evolutionary_psychology;https://www.wikidata.org/wiki/Q219695;http://dbpedia.org/resource/Category:Evolutionary_psychologists	evolutionary psychology		psychology;specialized skill;lcsh;dbpedia	mooccubex	9.0	12.0
mooccubex.psy.神经性贪食症	神经性贪食症;wd.Q64513386;lcsh.sh85017926	https://www.wikidata.org/wiki/Q64513386;http://id.loc.gov/authorities/subjects/sh85017926	bulimia nervosa		psychology	mooccubex	13	16
mooccubex.psy.犯罪心理画像	犯罪心理画像;dbpedia.Criminal_psychologists	http://dbpedia.org/resource/Category:Criminal_psychologists	criminal psychological profiling		psychology	mooccubex	9.0	12.0
mooccubex.psy.社会交往	社会交往;opensalt.f5a6739c-5114-11ec-9692-0242ac140003;opensalt.ETS-R.A2.j;opensalt.d1b3a224-5115-11ec-b702-0242ac140003;opensalt.ETS-R.A3.b;lcsh.sh85123965;lcsh.sh2024002693	http://id.loc.gov/authorities/subjects/sh85123965;http://id.loc.gov/authorities/subjects/sh2024002693	social interaction	Symbolic interaction; Interaction, Social; Human interaction	psychology;component;lcsh	mooccubex	9.0	12.0
mooccubex.psy.人格结构	人格结构;lcsh.sh2010105808	http://id.loc.gov/authorities/subjects/sh2010105808	personality structure		psychology	mooccubex	9.0	12.0
mooccubex.psy.时间知觉	时间知觉;lcsh.sh85135422;lcsh.sh87007534	http://id.loc.gov/authorities/subjects/sh85135422;http://id.loc.gov/authorities/subjects/sh87007534	time perception	Time estimation; Chronometry, Mental; Mental chronometry; Time--Perception; Intuition of duration; Time, Cognition of; Duration, Intuition of	psychology;lcsh	mooccubex	1.0	6.0
mooccubex.psy.社会态度	社会态度;dbpedia.Psychological_attitude	http://dbpedia.org/resource/Category:Psychological_attitude	social attitude		psychology	mooccubex	9.0	12.0
mooccubex.psy.强化理论	强化理论		reinforcement theory		psychology	mooccubex	1.0	6.0
mooccubex.psy.心理咨询	心理咨询;lightcast.KS1286F6MDS7YZ2HL1ZM;KS1286F6MDS7YZ2HL1ZM;lcsh.sh2005003372	https://skills.emsidata.com/skills/KS1286F6MDS7YZ2HL1ZM;http://id.loc.gov/authorities/subjects/sh2005003372	psychological counseling		psychology;specialized skill	mooccubex	9.0	12.0
mooccubex.psy.发展任务	发展任务;wd.Q983472;lcsh.sh2007004308	https://www.wikidata.org/wiki/Q983472;http://id.loc.gov/authorities/subjects/sh2007004308	developmental task		psychology	mooccubex	0.0	0.0
mooccubex.psy.解释	解释;lcsh.sh00006354;lcsh.sh00006356;lcsh.sh85067495;dbpedia.Interpretation;dbpedia.Interpretation_(philosophy);wd.Q210439;lcsh.sh85067494	http://id.loc.gov/authorities/subjects/sh00006354;http://id.loc.gov/authorities/subjects/sh00006356;http://id.loc.gov/authorities/subjects/sh85067495;http://dbpedia.org/resource/Category:Interpretation;http://dbpedia.org/resource/Category:Interpretation_(philosophy);https://www.wikidata.org/wiki/Q210439;http://id.loc.gov/authorities/subjects/sh85067494	interpretation		psychology;lcsh;dbpedia	mooccubex	7.0	7.0
mooccubex.psy.神经性厌食	神经性厌食;lcsh.sh85005453;dbpedia.Anorexia_nervosa;wd.Q131749;dbpedia.People_with_anorexia_nervosa	http://id.loc.gov/authorities/subjects/sh85005453;http://dbpedia.org/resource/Category:Anorexia_nervosa;https://www.wikidata.org/wiki/Q131749;http://dbpedia.org/resource/Category:People_with_anorexia_nervosa	anorexia nervosa		psychology;lcsh;dbpedia	mooccubex	13	16
mooccubex.psy.吞咽反射	吞咽反射;lcsh.sh85112218	http://id.loc.gov/authorities/subjects/sh85112218	swallowing reflex		psychology	mooccubex	13	16
mooccubex.psy.无助	无助;mooccubex.psy.无力感;无力感;lcsh.sh85060107;wd.Q3785625;lcsh.sh88003978	http://id.loc.gov/authorities/subjects/sh85060107;https://www.wikidata.org/wiki/Q3785625;http://id.loc.gov/authorities/subjects/sh88003978	helplessness		psychology;lcsh	mooccubex	13	16
mooccubex.psy.约拿情结	约拿情结;wd.Q6013650;dbpedia.Jonah	https://www.wikidata.org/wiki/Q6013650;http://dbpedia.org/resource/Category:Jonah	Jonah complex		psychology	mooccubex	13	16
mooccubex.psy.运动迟缓	运动迟缓;wd.Q897134;lcsh.sh85016289	https://www.wikidata.org/wiki/Q897134;http://id.loc.gov/authorities/subjects/sh85016289	bradykinesia		psychology	mooccubex	13	16
mooccubex.psy.抑郁发作	抑郁发作;wd.Q6738337;dbpedia.Deep_depressions	https://www.wikidata.org/wiki/Q6738337;http://dbpedia.org/resource/Category:Deep_depressions	depressive episode		psychology	mooccubex	9.0	12.0
mooccubex.psy.言语活动	言语活动;lcsh.sh85142797	http://id.loc.gov/authorities/subjects/sh85142797	verbal activity		psychology	mooccubex	9.0	12.0
mooccubex.psy.心理疏导	心理疏导;lcsh.sh2008110168	http://id.loc.gov/authorities/subjects/sh2008110168	psychological guidance		psychology	mooccubex	9.0	12.0
mooccubex.psy.左旋多巴	左旋多巴;wd.Q300989;lcsh.sh85076310	https://www.wikidata.org/wiki/Q300989;http://id.loc.gov/authorities/subjects/sh85076310	levodopa		psychology	mooccubex	13	16
mooccubex.psy.系统脱敏	系统脱敏;lcsh.sh85037132	http://id.loc.gov/authorities/subjects/sh85037132	systematic desensitization		psychology	mooccubex	13	16
mooccubex.psy.神经症	神经症;wd.Q181032;lcsh.sh85091169	https://www.wikidata.org/wiki/Q181032;http://id.loc.gov/authorities/subjects/sh85091169	neurosis		psychology	mooccubex	9.0	12.0
mooccubex.psy.情绪反应	情绪反应;lcsh.sh85042818	http://id.loc.gov/authorities/subjects/sh85042818	emotional response		psychology	mooccubex	9.0	12.0
mooccubex.psy.心理学史	心理学史;dbpedia.History_of_psychology;wd.Q5866092;lcsh.sh2010106351	http://dbpedia.org/resource/Category:History_of_psychology;https://www.wikidata.org/wiki/Q5866092;http://id.loc.gov/authorities/subjects/sh2010106351	history of psychology		psychology;dbpedia	mooccubex	9.0	12.0
mooccubex.psy.心理健康教育	心理健康教育;lightcast.ES56A8DAD4E61AF87F52;ES56A8DAD4E61AF87F52;lcsh.sh85083620;wd.Q11072128;lcsh.sh2010101474	https://skills.emsidata.com/skills/ES56A8DAD4E61AF87F52;http://id.loc.gov/authorities/subjects/sh85083620;https://www.wikidata.org/wiki/Q11072128;http://id.loc.gov/authorities/subjects/sh2010101474	mental health education		psychology;specialized skill;lcsh;health	mooccubex	9.0	12.0
mooccubex.psy.合作	合作;lightcast.KS122D66ZXYMB2T0HT81;KS122D66ZXYMB2T0HT81;lcsh.sh85032203;wd.Q380962;dbpedia.Enhanced_cooperation	https://skills.emsidata.com/skills/KS122D66ZXYMB2T0HT81;http://id.loc.gov/authorities/subjects/sh85032203;https://www.wikidata.org/wiki/Q380962;http://dbpedia.org/resource/Category:Enhanced_cooperation	cooperation	Distribution, Cooperative; Cooperative distribution; Collaborative economy; Cooperative movement; Sharing economy; Peer-to-peer economy	psychology;common skill;lcsh	mooccubex	9.0	12.0
mooccubex.psy.微表情	微表情;wd.Q559811;lcsh.sh2009002917	https://www.wikidata.org/wiki/Q559811;http://id.loc.gov/authorities/subjects/sh2009002917	microexpression		psychology	mooccubex	1.0	6.0
mooccubex.psy.均值回归	均值回归		regression to the mean		psychology	mooccubex	7.0	9.0
mooccubex.psy.性取向	性取向;lcsh.sh91005179;dbpedia.Sexual_orientation;dbpedia.Sexual_orientation_and_psychology	http://id.loc.gov/authorities/subjects/sh91005179;http://dbpedia.org/resource/Category:Sexual_orientation;http://dbpedia.org/resource/Category:Sexual_orientation_and_psychology	sexual orientation	Orientation, Sexual; Sexual preference	psychology;lcsh;dbpedia	mooccubex	13	16
mooccubex.psy.归因理论	归因理论;wd.Q862990;dbpedia.Source_attribution	https://www.wikidata.org/wiki/Q862990;http://dbpedia.org/resource/Category:Source_attribution	attribution theory		psychology	mooccubex	9.0	12.0
mooccubex.psy.社会赞许	社会赞许;lcsh.sh85123936;lcsh.sh95009223	http://id.loc.gov/authorities/subjects/sh85123936;http://id.loc.gov/authorities/subjects/sh95009223	social desirability	Social approval; Approval, Social; Desirability, Social	psychology;lcsh	mooccubex	9.0	12.0
mooccubex.psy.心理适应	心理适应;lcsh.sh85000802	http://id.loc.gov/authorities/subjects/sh85000802	psychological adaptation		psychology	mooccubex	9.0	12.0
mooccubex.psy.咽反射	咽反射;lcsh.sh85112218	http://id.loc.gov/authorities/subjects/sh85112218	pharyngeal reflex		psychology	mooccubex	13	16
mooccubex.psy.人本主义	人本主义;lightcast.KS124VN5XNQD9Z4FB2P5;KS124VN5XNQD9Z4FB2P5;lcsh.sh85062902;dbpedia.Humanism;wd.Q46158;lcsh.sh85062904	https://skills.emsidata.com/skills/KS124VN5XNQD9Z4FB2P5;http://id.loc.gov/authorities/subjects/sh85062902;http://dbpedia.org/resource/Category:Humanism;https://www.wikidata.org/wiki/Q46158;http://id.loc.gov/authorities/subjects/sh85062904	humanism		psychology;specialized skill;lcsh;dbpedia	mooccubex	9.0	12.0
mooccubex.psy.概念形成	概念形成;wd.Q69906796;lcsh.sh2007007421	https://www.wikidata.org/wiki/Q69906796;http://id.loc.gov/authorities/subjects/sh2007007421	concept formation		psychology	mooccubex	3.0	12.0
mooccubex.psy.回避	回避;lcsh.sh85010555;wd.Q1717246;lcsh.sh91005712	http://id.loc.gov/authorities/subjects/sh85010555;https://www.wikidata.org/wiki/Q1717246;http://id.loc.gov/authorities/subjects/sh91005712	avoidance		psychology;lcsh	mooccubex	9.0	12.0
mooccubex.psy.视觉记忆	视觉记忆;lcsh.sh89002207	http://id.loc.gov/authorities/subjects/sh89002207	visual memory		psychology	mooccubex	0.0	0.0
mooccubex.psy.个体需要	个体需要		individual need		psychology	mooccubex	3.0	12.0
mooccubex.psy.言语沟通	言语沟通;lcsh.sh2002006437	http://id.loc.gov/authorities/subjects/sh2002006437	verbal communication		psychology	mooccubex	9.0	12.0
mooccubex.psy.模仿学习	模仿学习;wd.Q124742024	https://www.wikidata.org/wiki/Q124742024	imitation learning		psychology	mooccubex	9.0	12.0
mooccubex.psy.中性刺激	中性刺激;wd.Q7003027;lcsh.sh85128152	https://www.wikidata.org/wiki/Q7003027;http://id.loc.gov/authorities/subjects/sh85128152	neutral stimulus		psychology	mooccubex	9.0	12.0
mooccubex.psy.内部表征	内部表征;lcsh.sh85067355	http://id.loc.gov/authorities/subjects/sh85067355	internal representation		psychology	mooccubex	6.0	12.0
mooccubex.psy.丘脑出血	丘脑出血;lcsh.sh93006261	http://id.loc.gov/authorities/subjects/sh93006261	thalamic hemorrhage		psychology	mooccubex	13	16
mooccubex.psy.群体压力	群体压力;wd.Q115431349;lcsh.sh85106541	https://www.wikidata.org/wiki/Q115431349;http://id.loc.gov/authorities/subjects/sh85106541	group pressure		psychology	mooccubex	7.0	9.0
mooccubex.psy.发展阶段	发展阶段;wd.Q55597235;dbpedia.Educational_stages	https://www.wikidata.org/wiki/Q55597235;http://dbpedia.org/resource/Category:Educational_stages	developmental stage		psychology	mooccubex	0.0	0.0
mooccubex.psy.额叶	额叶;lcsh.sh85052069;wd.Q749520;lcsh.sh91003621	http://id.loc.gov/authorities/subjects/sh85052069;https://www.wikidata.org/wiki/Q749520;http://id.loc.gov/authorities/subjects/sh91003621	frontal lobe		psychology;lcsh	mooccubex	9.0	12.0
mooccubex.psy.保健	保健;csp.9-12.C.13.G.3;72845EBEA15F46A48D5DB4740DAC61BA;dbpedia.Health_care;csp.9C4B1255A7C94F06B38CF207E9351A70;9C4B1255A7C94F06B38CF207E9351A70;csp.1EF3BC0F640C49E4A886FB0113FD4EEB;1EF3BC0F640C49E4A886FB0113FD4EEB;wd.Q31207;dbpedia.Healthcare	http://dbpedia.org/resource/Category:Health_care;https://www.wikidata.org/wiki/Q31207;http://dbpedia.org/resource/Category:Healthcare	health care		psychology;social studies;dbpedia;health	mooccubex	3.0	12.0
mooccubex.psy.稳定因素	稳定因素;dbpedia.Stability_theory	http://dbpedia.org/resource/Category:Stability_theory	stability factor		psychology	mooccubex	7.0	9.0
mooccubex.psy.驱力	驱力;wd.Q22131511;dbpedia.Driving	https://www.wikidata.org/wiki/Q22131511;http://dbpedia.org/resource/Category:Driving	drive		psychology	mooccubex	13	16
mooccubex.psy.抑郁质	抑郁质;wd.Q124383838;lcsh.sh85133695	https://www.wikidata.org/wiki/Q124383838;http://id.loc.gov/authorities/subjects/sh85133695	melancholic temperament		psychology	mooccubex	13	16
mooccubex.psy.内在动机	内在动机;lcsh.sh85067642;wd.Q58834189;dbpedia.Motivation_theorists	http://id.loc.gov/authorities/subjects/sh85067642;https://www.wikidata.org/wiki/Q58834189;http://dbpedia.org/resource/Category:Motivation_theorists	intrinsic motivation		psychology;lcsh	mooccubex	3.0	12.0
mooccubex.psy.成年期	成年期;lcsh.sh85001056;dbpedia.Adulthood;wd.Q18000;lcsh.sh2007100673	http://id.loc.gov/authorities/subjects/sh85001056;http://dbpedia.org/resource/Category:Adulthood;https://www.wikidata.org/wiki/Q18000;http://id.loc.gov/authorities/subjects/sh2007100673	adulthood	Grownups; Adults; Grown-ups	psychology;lcsh;dbpedia	mooccubex	9.0	12.0
mooccubex.psy.概念化	概念化;lightcast.KS1228C646D4PFRLP3PF;KS1228C646D4PFRLP3PF;wd.Q25852979;lcsh.sh85029625	https://skills.emsidata.com/skills/KS1228C646D4PFRLP3PF;https://www.wikidata.org/wiki/Q25852979;http://id.loc.gov/authorities/subjects/sh85029625	conceptualization		psychology;specialized skill	mooccubex	9.0	12.0
mooccubex.psy.心理治疗师	心理治疗师;lcsh.sh85108511;dbpedia.Psychotherapists;dbpedia.American_psychotherapists	http://id.loc.gov/authorities/subjects/sh85108511;http://dbpedia.org/resource/Category:Psychotherapists;http://dbpedia.org/resource/Category:American_psychotherapists	psychotherapist		psychology;lcsh;dbpedia	mooccubex	9.0	12.0
mooccubex.psy.识记	识记;lcsh.sh00009368	http://id.loc.gov/authorities/subjects/sh00009368	recognition memory		psychology	mooccubex	6.0	12.0
mooccubex.psy.宣泄	宣泄;lcsh.sh85021009;wd.Q83181016;lcsh.sh87020449	http://id.loc.gov/authorities/subjects/sh85021009;https://www.wikidata.org/wiki/Q83181016;http://id.loc.gov/authorities/subjects/sh87020449	catharsis	Abreaction	psychology;lcsh	mooccubex	13	16
mooccubex.psy.思考	思考;dbpedia.Thinking;lcsh.sh85134988	http://dbpedia.org/resource/Category:Thinking;http://id.loc.gov/authorities/subjects/sh85134988	thinking		psychology;dbpedia	mooccubex	9.0	12.0
mooccubex.psy.群体意识	群体意识;wd.Q430880;dbpedia.Collective_Consciousness_Society_members	https://www.wikidata.org/wiki/Q430880;http://dbpedia.org/resource/Category:Collective_Consciousness_Society_members	collective consciousness		psychology	mooccubex	0.0	0.0
mooccubex.psy.痛性抽搐	痛性抽搐;lcsh.sh85126339	http://id.loc.gov/authorities/subjects/sh85126339	painful spasm		psychology	mooccubex	13	16
mooccubex.psy.侦查心理学	侦查心理学;wd.Q17145875;lcsh.sh87001872	https://www.wikidata.org/wiki/Q17145875;http://id.loc.gov/authorities/subjects/sh87001872	investigative psychology		psychology	mooccubex	9.0	12.0
mooccubex.psy.生理机制	生理机制;lcsh.sh00006423	http://id.loc.gov/authorities/subjects/sh00006423	physiological mechanism		psychology	mooccubex	9.0	12.0
mooccubex.psy.否认	否认;lcsh.sh85036731;wd.Q19358049;lcsh.sh2017004461	http://id.loc.gov/authorities/subjects/sh85036731;https://www.wikidata.org/wiki/Q19358049;http://id.loc.gov/authorities/subjects/sh2017004461	denial		psychology;lcsh	mooccubex	13	16
mooccubex.psy.发展史	发展史;lightcast.BGSFE19A3017774F077C;BGSFE19A3017774F077C;dbpedia.History_of_childhood	https://skills.emsidata.com/skills/BGSFE19A3017774F077C;http://dbpedia.org/resource/Category:History_of_childhood	developmental history		psychology;specialized skill	mooccubex	0.0	0.0
mooccubex.psy.社会适应	社会适应;lcsh.sh85123908	http://id.loc.gov/authorities/subjects/sh85123908	social adaptation		psychology	mooccubex	9.0	12.0
mooccubex.psy.面神经管	面神经管;lcsh.sh85046809	http://id.loc.gov/authorities/subjects/sh85046809	facial nerve canal		psychology	mooccubex	13	16
mooccubex.psy.笔迹学	笔迹学;lightcast.KS124HH66YG2QHB4R3XZ;KS124HH66YG2QHB4R3XZ;lcsh.sh85056495;dbpedia.Graphology;wd.Q185133;lcsh.sh2010008610	https://skills.emsidata.com/skills/KS124HH66YG2QHB4R3XZ;http://id.loc.gov/authorities/subjects/sh85056495;http://dbpedia.org/resource/Category:Graphology;https://www.wikidata.org/wiki/Q185133;http://id.loc.gov/authorities/subjects/sh2010008610	graphology	Handwriting analysis	psychology;specialized skill;lcsh;dbpedia	mooccubex	1.0	6.0
mooccubex.psy.汉密尔顿焦虑量表	汉密尔顿焦虑量表;wd.Q5644839	https://www.wikidata.org/wiki/Q5644839	Hamilton Anxiety Rating Scale		psychology	mooccubex	13	16
mooccubex.psy.闪光灯记忆	闪光灯记忆;lcsh.sh92000726;wd.Q288223;lcsh.sh93007615	http://id.loc.gov/authorities/subjects/sh92000726;https://www.wikidata.org/wiki/Q288223;http://id.loc.gov/authorities/subjects/sh93007615	flashbulb memory	Flashbulb memories	psychology;lcsh	mooccubex	13	16
mooccubex.psy.思维过程	思维过程;lcsh.sh85134988	http://id.loc.gov/authorities/subjects/sh85134988	thought process		psychology	mooccubex	9.0	12.0
mooccubex.psy.内部感觉	内部感觉;lcsh.sh85067476;wd.Q1668091;lcsh.sh2024002447	http://id.loc.gov/authorities/subjects/sh85067476;https://www.wikidata.org/wiki/Q1668091;http://id.loc.gov/authorities/subjects/sh2024002447	interoception		psychology;lcsh	mooccubex	13	16
mooccubex.psy.特发性面神经麻痹	特发性面神经麻痹;lcsh.sh85097835;wd.Q34480075	http://id.loc.gov/authorities/subjects/sh85097835;https://www.wikidata.org/wiki/Q34480075	idiopathic facial paralysis		psychology	mooccubex	9.0	12.0
mooccubex.psy.知道感	知道感;wd.Q230100;dbpedia.Feeling	https://www.wikidata.org/wiki/Q230100;http://dbpedia.org/resource/Category:Feeling	feeling of knowing		psychology	mooccubex	3.0	12.0
mooccubex.psy.潜能开发	潜能开发		potential development		psychology	mooccubex	0.0	0.0
mooccubex.psy.下意识	下意识;lcsh.sh85129414	http://id.loc.gov/authorities/subjects/sh85129414	subconscious		psychology	mooccubex	9.0	12.0
mooccubex.psy.背景音乐	背景音乐;wd.Q492264;dbpedia.Theme_music	https://www.wikidata.org/wiki/Q492264;http://dbpedia.org/resource/Category:Theme_music	background music		psychology	mooccubex	0.0	12.0
mooccubex.psy.身体发展	身体发展;csp.9C13A5F0A01D4525A7542F2CAAEC62F3;9C13A5F0A01D4525A7542F2CAAEC62F3		physical development		psychology;early learning goals	mooccubex	0.0	0.0
mooccubex.psy.皮肤电反应	皮肤电反应;lcsh.sh85052883;wd.Q1326834	http://id.loc.gov/authorities/subjects/sh85052883;https://www.wikidata.org/wiki/Q1326834	galvanic skin response	Electrodermal response; Skin electric conductance; Skin conductance response; Skin potential response; Skin response, Galvanic; GSR (Galvanic skin response); Psychogalvanic skin response; Galvanic skin reflex; Psychogalvanic skin reflex; Psychogalvanic skin reaction; Psychogalvanic reflex; Psychogalvanic response	psychology;lcsh	mooccubex	13	16
mooccubex.psy.吗啡	吗啡;lcsh.sh85087342;dbpedia.Morphine;wd.Q81225;lcsh.sh85087343	http://id.loc.gov/authorities/subjects/sh85087342;http://dbpedia.org/resource/Category:Morphine;https://www.wikidata.org/wiki/Q81225;http://id.loc.gov/authorities/subjects/sh85087343	morphine	Morphia	psychology;lcsh;dbpedia	mooccubex	13	16
mooccubex.psy.犯罪动机	犯罪动机;lcsh.sh85034041	http://id.loc.gov/authorities/subjects/sh85034041	criminal motive		psychology	mooccubex	9.0	12.0
mooccubex.psy.外展神经	外展神经;dbpedia.Abducens_nerve;wd.Q318773;lcsh.sh85139450	http://dbpedia.org/resource/Category:Abducens_nerve;https://www.wikidata.org/wiki/Q318773;http://id.loc.gov/authorities/subjects/sh85139450	abducens nerve		psychology;dbpedia	mooccubex	13	16
mooccubex.psy.条件反射	条件反射;lcsh.sh85026696	http://id.loc.gov/authorities/subjects/sh85026696	conditioned reflex		psychology	mooccubex	13	16
mooccubex.psy.解离症	解离症;lcsh.sh92004916;dbpedia.Dissociative_disorders;wd.Q2627467;lcsh.sh92004917	http://id.loc.gov/authorities/subjects/sh92004916;http://dbpedia.org/resource/Category:Dissociative_disorders;https://www.wikidata.org/wiki/Q2627467;http://id.loc.gov/authorities/subjects/sh92004917	dissociative disorder	Disorders, Dissociative; DDs (Psychology)	psychology;lcsh;dbpedia	mooccubex	9.0	12.0
mooccubex.psy.卫生政策	卫生政策;dbpedia.Health_policy;wd.Q1519812;dbpedia.Health_policy_in_the_United_States	http://dbpedia.org/resource/Category:Health_policy;https://www.wikidata.org/wiki/Q1519812;http://dbpedia.org/resource/Category:Health_policy_in_the_United_States	health policy		psychology;dbpedia;health	mooccubex	3.0	12.0
mooccubex.psy.内向	内向;lcsh.sh85067649;wd.Q3800808;lcsh.sh2005005407	http://id.loc.gov/authorities/subjects/sh85067649;https://www.wikidata.org/wiki/Q3800808;http://id.loc.gov/authorities/subjects/sh2005005407	introversion		psychology;lcsh	mooccubex	9.0	12.0
mooccubex.psy.基本需求	基本需求;lcsh.sh85012081	http://id.loc.gov/authorities/subjects/sh85012081	basic need	Necessities of life; Needs, Basic	psychology;lcsh	mooccubex	13	16
mooccubex.psy.条件反应	条件反应;lcsh.sh85030776;wd.Q212737;lcsh.sh2021001518	http://id.loc.gov/authorities/subjects/sh85030776;https://www.wikidata.org/wiki/Q212737;http://id.loc.gov/authorities/subjects/sh2021001518	conditioned response	Conditional reflexes; Conditional response; Conditioned reflexes; Response, Conditioned	psychology;lcsh	mooccubex	13	16
mooccubex.psy.个人主义文化	个人主义文化;wd.Q6025349;lcsh.sh85119722	https://www.wikidata.org/wiki/Q6025349;http://id.loc.gov/authorities/subjects/sh85119722	individualistic culture		psychology	mooccubex	9.0	12.0
mooccubex.psy.表征	表征;csp.III.2.A.a.ii;6B8BD737124542E9B17787BE3768C0E6;lcsh.sh85112936;lcsh.sh94002512;csp.DFE16AD5767F42CAB854A8694BEDF648;DFE16AD5767F42CAB854A8694BEDF648;dbpedia.Representation_theory	http://id.loc.gov/authorities/subjects/sh85112936;http://id.loc.gov/authorities/subjects/sh94002512;http://dbpedia.org/resource/Category:Representation_theory	representation	Representationalism (Philosophy); Representationism (Philosophy)	psychology;social studies;lcsh	mooccubex	6.0	12.0
mooccubex.psy.心理测量	心理测量;lightcast.KS1286H75BQH1Y9PMTRJ;KS1286H75BQH1Y9PMTRJ;lcsh.sh85108492;dbpedia.Psychometricians	https://skills.emsidata.com/skills/KS1286H75BQH1Y9PMTRJ;http://id.loc.gov/authorities/subjects/sh85108492;http://dbpedia.org/resource/Category:Psychometricians	psychometry	Psychometry (Occult sciences); Psychometry (Occultism)	psychology;specialized skill;lcsh	mooccubex	9.0	12.0
mooccubex.psy.个人距离	个人距离;lcsh.sh2004002863	http://id.loc.gov/authorities/subjects/sh2004002863	personal distance		psychology	mooccubex	7.0	9.0
mooccubex.psy.集体	集体;dbpedia.Collectives;wd.Q13473501;dbpedia.Animal_Collective	http://dbpedia.org/resource/Category:Collectives;https://www.wikidata.org/wiki/Q13473501;http://dbpedia.org/resource/Category:Animal_Collective	collective		psychology;dbpedia	mooccubex	7.0	9.0
mooccubex.psy.自我参照效应	自我参照效应;lcsh.sh2025000643	http://id.loc.gov/authorities/subjects/sh2025000643	self-reference effect		psychology	mooccubex	6.0	7.0
mooccubex.psy.感觉通道	感觉通道;dbpedia.Sensory_systems	http://dbpedia.org/resource/Category:Sensory_systems	sensory channel		psychology	mooccubex	13	16
mooccubex.psy.心理维度	心理维度;lcsh.sh85108436	http://id.loc.gov/authorities/subjects/sh85108436	psychological dimension		psychology	mooccubex	9.0	12.0
mooccubex.psy.人际吸引	人际吸引;lcsh.sh85067480;dbpedia.Interpersonal_attraction;wd.Q2632514;lcsh.sh94005232	http://id.loc.gov/authorities/subjects/sh85067480;http://dbpedia.org/resource/Category:Interpersonal_attraction;https://www.wikidata.org/wiki/Q2632514;http://id.loc.gov/authorities/subjects/sh94005232	interpersonal attraction	Attraction, Interpersonal	psychology;lcsh;dbpedia	mooccubex	9.0	12.0
mooccubex.psy.刺激控制	刺激控制;lcsh.sh85128153	http://id.loc.gov/authorities/subjects/sh85128153	stimulus control		psychology	mooccubex	9.0	12.0
mooccubex.psy.十六种人格因素问卷	十六种人格因素问卷;lcsh.sh85123069	http://id.loc.gov/authorities/subjects/sh85123069	16 Personality Factor Questionnaire		psychology	mooccubex	1.0	6.0
mooccubex.psy.瞬时记忆	瞬时记忆;wd.Q18652;lcsh.sh97002102	https://www.wikidata.org/wiki/Q18652;http://id.loc.gov/authorities/subjects/sh97002102	iconic memory		psychology	mooccubex	13	16
mooccubex.psy.药物成瘾	药物成瘾;lcsh.sh85089810;wd.Q3378593;dbpedia.Addiction	http://id.loc.gov/authorities/subjects/sh85089810;https://www.wikidata.org/wiki/Q3378593;http://dbpedia.org/resource/Category:Addiction	drug addiction	Drug dependence; Drug habit; Narcotics addiction; Drug dependency; Narcotic addiction; Narcotic habit; Addiction to drugs	psychology;lcsh	mooccubex	9.0	12.0
mooccubex.psy.方向错觉	方向错觉;lcsh.sh2006008124	http://id.loc.gov/authorities/subjects/sh2006008124	directional illusion		psychology	mooccubex	13	16
mooccubex.psy.肌肉放松	肌肉放松;wd.Q10860644;lcsh.sh2009007875	https://www.wikidata.org/wiki/Q10860644;http://id.loc.gov/authorities/subjects/sh2009007875	muscle relaxation		psychology	mooccubex	13	16
mooccubex.psy.特质焦虑	特质焦虑;lcsh.sh98002756	http://id.loc.gov/authorities/subjects/sh98002756	trait anxiety		psychology	mooccubex	9.0	12.0
mooccubex.psy.实验设计	实验设计;lightcast.KS122VN73RX0QR6GMDHV;KS122VN73RX0QR6GMDHV;opensalt.bcdf050e-f2e5-11ea-9f9f-0242ac140002;lcsh.sh85046441;dbpedia.Experimental_design;wd.Q2334061;dbpedia.Design_of_experiments	https://skills.emsidata.com/skills/KS122VN73RX0QR6GMDHV;http://id.loc.gov/authorities/subjects/sh85046441;http://dbpedia.org/resource/Category:Experimental_design;https://www.wikidata.org/wiki/Q2334061;http://dbpedia.org/resource/Category:Design_of_experiments	experimental design	Statistical design; Design of experiments	psychology;specialized skill;strand;lcsh;art;dbpedia	mooccubex	9.0	12.0
mooccubex.psy.定向反应	定向反应;wd.Q2030681;lcsh.sh85095640	https://www.wikidata.org/wiki/Q2030681;http://id.loc.gov/authorities/subjects/sh85095640	orienting response		psychology	mooccubex	13	16
mooccubex.psy.人格测验	人格测验;lcsh.sh85100136;dbpedia.Personality_tests;lcsh.sh85100133	http://id.loc.gov/authorities/subjects/sh85100136;http://dbpedia.org/resource/Category:Personality_tests;http://id.loc.gov/authorities/subjects/sh85100133	personality test		psychology;lcsh;dbpedia	mooccubex	6.0	7.0
mooccubex.psy.心理疾病	心理疾病;lcsh.sh85083643;wd.Q12135;lcsh.sh85083699	http://id.loc.gov/authorities/subjects/sh85083643;https://www.wikidata.org/wiki/Q12135;http://id.loc.gov/authorities/subjects/sh85083699	mental illness	Mental disorders; Mental diseases; Madness	psychology;lcsh	mooccubex	9.0	12.0
mooccubex.psy.自我分析	自我分析;lcsh.sh94004392	http://id.loc.gov/authorities/subjects/sh94004392	self-analysis		psychology;lcsh	mooccubex	3.0	12.0
mooccubex.psy.生物性动机	生物性动机;wd.Q40093392;lcsh.sh88003956	https://www.wikidata.org/wiki/Q40093392;http://id.loc.gov/authorities/subjects/sh88003956	biological motivation		psychology	mooccubex	9.0	12.0
mooccubex.psy.恋母情结	恋母情结;mooccubex.psy.恋父情结;恋父情结;lcsh.sh85094129;wd.Q131246;lcsh.sh85094131	http://id.loc.gov/authorities/subjects/sh85094129;https://www.wikidata.org/wiki/Q131246;http://id.loc.gov/authorities/subjects/sh85094131	Oedipus complex	Edipus complex	psychology;lcsh	mooccubex	13	16
mooccubex.psy.肌无力	肌无力;wd.Q270421;lcsh.sh85089285	https://www.wikidata.org/wiki/Q270421;http://id.loc.gov/authorities/subjects/sh85089285	myasthenia		psychology	mooccubex	13	16
mooccubex.psy.眼电图	眼电图;lightcast.KS123FS768207FSVQSLK;KS123FS768207FSVQSLK;lcsh.sh85042431;wd.Q420647;lcsh.sh85042442	https://skills.emsidata.com/skills/KS123FS768207FSVQSLK;http://id.loc.gov/authorities/subjects/sh85042431;https://www.wikidata.org/wiki/Q420647;http://id.loc.gov/authorities/subjects/sh85042442	electrooculography		psychology;specialized skill;lcsh	mooccubex	13	16
mooccubex.psy.内容心理学	内容心理学;dbpedia.Mental_content	http://dbpedia.org/resource/Category:Mental_content	mental content psychology		psychology	mooccubex	9.0	12.0
mooccubex.psy.元认知策略	元认知策略;lcsh.sh2008005032	http://id.loc.gov/authorities/subjects/sh2008005032	metacognitive strategy		psychology	mooccubex	9.0	12.0
mooccubex.psy.助人行为	助人行为;lcsh.sh85060103;wd.Q5710255;lcsh.sh85060106	http://id.loc.gov/authorities/subjects/sh85060103;https://www.wikidata.org/wiki/Q5710255;http://id.loc.gov/authorities/subjects/sh85060106	helping behavior	Behavior, Helping	psychology;lcsh	mooccubex	9.0	12.0
mooccubex.psy.集体潜意识	集体潜意识;wd.Q28995;dbpedia.Collective_Consciousness_Society_members	https://www.wikidata.org/wiki/Q28995;http://dbpedia.org/resource/Category:Collective_Consciousness_Society_members	collective unconscious		psychology	mooccubex	0.0	0.0
mooccubex.psy.发展时期	发展时期;lcsh.sh00006121	http://id.loc.gov/authorities/subjects/sh00006121	developmental period		psychology	mooccubex	0.0	0.0
mooccubex.psy.相似原则	相似原则;lcsh.sh85122727	http://id.loc.gov/authorities/subjects/sh85122727	similarity principle		psychology	mooccubex	7.0	9.0
mooccubex.psy.本能	本能;lcsh.sh85066739;lcsh.sh85066740;wd.Q30607999;lcsh.sh85036112	http://id.loc.gov/authorities/subjects/sh85066739;http://id.loc.gov/authorities/subjects/sh85066740;https://www.wikidata.org/wiki/Q30607999;http://id.loc.gov/authorities/subjects/sh85036112	instinct	Intelligence of animals; Animal instinct	psychology;lcsh	mooccubex	9.0	12.0
mooccubex.psy.时间估计	时间估计;lightcast.KS3GMCF0IO3L0T0X2JRE;KS3GMCF0IO3L0T0X2JRE;lcsh.sh85135420	https://skills.emsidata.com/skills/KS3GMCF0IO3L0T0X2JRE;http://id.loc.gov/authorities/subjects/sh85135420	time estimation		psychology;specialized skill	mooccubex	4.0	4.0
mooccubex.psy.领域行为	领域行为;lcsh.sh85062898	http://id.loc.gov/authorities/subjects/sh85062898	territorial behavior		psychology	mooccubex	9.0	12.0
mooccubex.psy.学习态度	学习态度;lcsh.sh85009410	http://id.loc.gov/authorities/subjects/sh85009410	learning attitude		psychology	mooccubex	3.0	12.0
mooccubex.psy.道德发展	道德发展;lcsh.sh85087199;wd.Q6909101;lcsh.sh94006685	http://id.loc.gov/authorities/subjects/sh85087199;https://www.wikidata.org/wiki/Q6909101;http://id.loc.gov/authorities/subjects/sh94006685	moral development	Ethical development	psychology;lcsh	mooccubex	0.0	0.0
mooccubex.psy.社会刻板印象	社会刻板印象;dbpedia.Social_stereotypes;lcsh.sh2008111588	http://dbpedia.org/resource/Category:Social_stereotypes;http://id.loc.gov/authorities/subjects/sh2008111588	social stereotype		psychology;dbpedia	mooccubex	9.0	12.0
mooccubex.psy.海洛因	海洛因;dbpedia.Heroin;lcsh.sh85060444;wd.Q62024745;lcsh.sh85060445	http://dbpedia.org/resource/Category:Heroin;http://id.loc.gov/authorities/subjects/sh85060444;https://www.wikidata.org/wiki/Q62024745;http://id.loc.gov/authorities/subjects/sh85060445	heroin	Diacetylmorphine; Dimorphine; Diamorphine; Acetomorphine	psychology;dbpedia;lcsh	mooccubex	13	16
mooccubex.psy.自我欺骗	自我欺骗;lcsh.sh85119723;lcsh.sh85036187	http://id.loc.gov/authorities/subjects/sh85119723;http://id.loc.gov/authorities/subjects/sh85036187	self-deception		psychology;lcsh	mooccubex	3.0	12.0
mooccubex.psy.治疗师	治疗师;mooccubex.psy.治疗者;治疗者;lcsh.sh85134732	http://id.loc.gov/authorities/subjects/sh85134732	therapist		psychology	mooccubex	9.0	12.0
mooccubex.psy.自我监控	自我监控;lcsh.sh2010012165;wd.Q7448152;lcsh.sh2004010488	http://id.loc.gov/authorities/subjects/sh2010012165;https://www.wikidata.org/wiki/Q7448152;http://id.loc.gov/authorities/subjects/sh2004010488	Self-monitoring	Monitoring, Self	psychology;lcsh	mooccubex	6.0	7.0
mooccubex.psy.群体行为	群体行为;wd.Q3482410;lcsh.sh85028094	https://www.wikidata.org/wiki/Q3482410;http://id.loc.gov/authorities/subjects/sh85028094	Group behavior		psychology	mooccubex	7.0	9.0
mooccubex.psy.负面情感	负面情感;lcsh.sh85001493	http://id.loc.gov/authorities/subjects/sh85001493	Negative affect		psychology	mooccubex	7.0	9.0
mooccubex.psy.归因	归因;lcsh.sh85009422;lcsh.sh2002006112;wd.Q230768;dbpedia.Source_attribution	http://id.loc.gov/authorities/subjects/sh85009422;http://id.loc.gov/authorities/subjects/sh2002006112;https://www.wikidata.org/wiki/Q230768;http://dbpedia.org/resource/Category:Source_attribution	Attribution		psychology;lcsh	mooccubex	13	16
mooccubex.psy.黑林错觉	黑林错觉;wd.Q2035662	https://www.wikidata.org/wiki/Q2035662	Hering illusion		psychology	mooccubex	13	16
mooccubex.psy.恐惧症	恐惧症;csp.1351090402.31.02.02;S21226494;87BC70C9930044ADBF2DE8FEEAC71BA4;lightcast.KS127RR5YD0F61PBSLRS;KS127RR5YD0F61PBSLRS;lcsh.sh85101017;dbpedia.Phobias;wd.Q175854;lcsh.sh2019101844	https://skills.emsidata.com/skills/KS127RR5YD0F61PBSLRS;http://id.loc.gov/authorities/subjects/sh85101017;http://dbpedia.org/resource/Category:Phobias;https://www.wikidata.org/wiki/Q175854;http://id.loc.gov/authorities/subjects/sh2019101844	Phobia	Phobic disorders; Phobic neuroses	psychology;cte;specialized skill;lcsh;dbpedia	mooccubex	9.0	12.0
mooccubex.psy.购买行为	购买行为;lcsh.sh85123577	http://id.loc.gov/authorities/subjects/sh85123577	Purchasing behavior		psychology	mooccubex	7.0	9.0
mooccubex.psy.认知评价	认知评价;wd.Q5141187	https://www.wikidata.org/wiki/Q5141187	Cognitive appraisal		psychology	mooccubex	9.0	12.0
mooccubex.psy.学习活动	学习活动;wd.Q98034006;lcsh.sh2001009044	https://www.wikidata.org/wiki/Q98034006;http://id.loc.gov/authorities/subjects/sh2001009044	Learning activity		psychology	mooccubex	0.0	12.0
mooccubex.psy.学前期	学前期;lcsh.sh98004515	http://id.loc.gov/authorities/subjects/sh98004515	Preschool period		psychology	mooccubex	13	16
mooccubex.psy.心理学家	心理学家;lcsh.sh85108453;dbpedia.Psychologists;wd.Q212980;lcsh.sh85027066	http://id.loc.gov/authorities/subjects/sh85108453;http://dbpedia.org/resource/Category:Psychologists;https://www.wikidata.org/wiki/Q212980;http://id.loc.gov/authorities/subjects/sh85027066	Psychologist		psychology;lcsh;dbpedia	mooccubex	9.0	12.0
mooccubex.psy.面神经	面神经;lcsh.sh85046807;dbpedia.Facial_nerve;wd.Q242160;lcsh.sh85046808	http://id.loc.gov/authorities/subjects/sh85046807;http://dbpedia.org/resource/Category:Facial_nerve;https://www.wikidata.org/wiki/Q242160;http://id.loc.gov/authorities/subjects/sh85046808	Facial nerve		psychology;lcsh;dbpedia	mooccubex	13	16
mooccubex.psy.替代	替代;lcsh.sh85129546;lcsh.sh85129547;lcsh.sh85129548;lcsh.sh85129549;lcsh.sh2001009064;dbpedia.Substitution_(logic);wd.Q23009439;dbpedia.Chord_substitution	http://id.loc.gov/authorities/subjects/sh85129546;http://id.loc.gov/authorities/subjects/sh85129547;http://id.loc.gov/authorities/subjects/sh85129548;http://id.loc.gov/authorities/subjects/sh85129549;http://id.loc.gov/authorities/subjects/sh2001009064;http://dbpedia.org/resource/Category:Substitution_(logic);https://www.wikidata.org/wiki/Q23009439;http://dbpedia.org/resource/Category:Chord_substitution	Substitution	Substitute response	psychology;lcsh;dbpedia	mooccubex	7.0	9.0
mooccubex.psy.考试焦虑	考试焦虑;lcsh.sh85134140;wd.Q1426787;lcsh.sh85005838	http://id.loc.gov/authorities/subjects/sh85134140;https://www.wikidata.org/wiki/Q1426787;http://id.loc.gov/authorities/subjects/sh85005838	Test anxiety		psychology;lcsh	mooccubex	13	16
mooccubex.psy.腱鞘囊肿	腱鞘囊肿;wd.Q1144367;lcsh.sh85025976	https://www.wikidata.org/wiki/Q1144367;http://id.loc.gov/authorities/subjects/sh85025976	Ganglion cyst		psychology	mooccubex	13	16
mooccubex.psy.研究型	研究型;lcsh.sh87001872	http://id.loc.gov/authorities/subjects/sh87001872	Investigative type		psychology	mooccubex	13	16
mooccubex.psy.面肌痉挛	面肌痉挛;wd.Q1568480;lcsh.sh85022127	https://www.wikidata.org/wiki/Q1568480;http://id.loc.gov/authorities/subjects/sh85022127	Hemifacial spasm		psychology	mooccubex	13	16
mooccubex.psy.学习过程	学习过程;wd.Q118279347;dbpedia.Applied_learning	https://www.wikidata.org/wiki/Q118279347;http://dbpedia.org/resource/Category:Applied_learning	Learning process		psychology	mooccubex	9.0	12.0
mooccubex.psy.合理情绪疗法	合理情绪疗法;lcsh.sh85111516;lcsh.sh85012900;wd.Q1133018	http://id.loc.gov/authorities/subjects/sh85111516;http://id.loc.gov/authorities/subjects/sh85012900;https://www.wikidata.org/wiki/Q1133018	Rational emotive behavior therapy	RET (Rational emotive therapy); REBT (Rational emotive behavior therapy); Rational psychotherapy; Rational emotive therapy; Rational-emotive psychotherapy	psychology;lcsh	mooccubex	9.0	12.0
mooccubex.psy.自我意象	自我意象;wd.Q473596;dbpedia.Self-images_that_have_been_claimed	https://www.wikidata.org/wiki/Q473596;http://dbpedia.org/resource/Category:Self-images_that_have_been_claimed	Self-image		psychology	mooccubex	3.0	12.0
mooccubex.psy.学习方法	学习方法;dbpedia.Learning_methods;wd.Q1899632;lcsh.sh2011005586	http://dbpedia.org/resource/Category:Learning_methods;https://www.wikidata.org/wiki/Q1899632;http://id.loc.gov/authorities/subjects/sh2011005586	Learning method		psychology;dbpedia	mooccubex	9.0	12.0
mooccubex.psy.人际影响	人际影响;wd.Q21072628;lcsh.sh85067484	https://www.wikidata.org/wiki/Q21072628;http://id.loc.gov/authorities/subjects/sh85067484	Interpersonal influence		psychology	mooccubex	9.0	12.0
mooccubex.psy.模仿	模仿;lcsh.sh85064501;wd.Q1131737;lcsh.sh85064502	http://id.loc.gov/authorities/subjects/sh85064501;https://www.wikidata.org/wiki/Q1131737;http://id.loc.gov/authorities/subjects/sh85064502	Imitation	Mimicry	psychology;lcsh	mooccubex	13	16
mooccubex.psy.脊髓病变	脊髓病变;lcsh.sh85126666;lcsh.sh85126667	http://id.loc.gov/authorities/subjects/sh85126666;http://id.loc.gov/authorities/subjects/sh85126667	Spinal cord lesion		psychology	mooccubex	13	16
mooccubex.psy.心理咨询室	心理咨询室;lightcast.KS128G96ZRS3WYFVLR68;KS128G96ZRS3WYFVLR68;wd.Q30288897;dbpedia.Counseling_organizations	https://skills.emsidata.com/skills/KS128G96ZRS3WYFVLR68;https://www.wikidata.org/wiki/Q30288897;http://dbpedia.org/resource/Category:Counseling_organizations	counseling center		psychology;specialized skill	mooccubex	13	16
mooccubex.psy.合理化	合理化;lcsh.sh85111522;lcsh.sh85111520	http://id.loc.gov/authorities/subjects/sh85111522;http://id.loc.gov/authorities/subjects/sh85111520	rationalization		psychology;lcsh	mooccubex	7.0	9.0
mooccubex.psy.注意	注意;lcsh.sh85009391;dbpedia.Attention;wd.Q6501338;lcsh.sh85009398	http://id.loc.gov/authorities/subjects/sh85009391;http://dbpedia.org/resource/Category:Attention;https://www.wikidata.org/wiki/Q6501338;http://id.loc.gov/authorities/subjects/sh85009398	attention	Flow (Psychology); Concentration (Psychology)	psychology;lcsh;dbpedia	mooccubex	13	16
mooccubex.psy.分析	分析;opensalt.aeaedd36-e398-11ed-b991-0242ac1d0003;opensalt.7ee1a53a-e39c-11ed-809a-0242ac1d0003;lcsh.sh85004780;dbpedia.Analysis;lcsh.sh2002006221;wd.Q15751184;dbpedia.Real_analysis	http://id.loc.gov/authorities/subjects/sh85004780;http://dbpedia.org/resource/Category:Analysis;http://id.loc.gov/authorities/subjects/sh2002006221;https://www.wikidata.org/wiki/Q15751184;http://dbpedia.org/resource/Category:Real_analysis	analysis	Analysis, Philosophical; Analysis, Logical; Logical analysis; Analytical philosophy; Analytic philosophy; Analysis, Linguistic (Philosophy); Linguistic analysis (Philosophy); Philosophy, Analytical; Philosophical analysis	psychology;topic;lcsh;dbpedia	mooccubex	7.0	9.0
mooccubex.psy.自我定向	自我定向;dbpedia.One_Direction	http://dbpedia.org/resource/Category:One_Direction	self-direction		psychology	mooccubex	3.0	12.0
mooccubex.psy.产前	产前;lcsh.sh85106296	http://id.loc.gov/authorities/subjects/sh85106296	prenatal		psychology	mooccubex	13	16
mooccubex.psy.概念体系	概念体系;lightcast.KS1228B60V757M0PVDJ6;KS1228B60V757M0PVDJ6;wd.Q2623243;dbpedia.Conceptual_systems	https://skills.emsidata.com/skills/KS1228B60V757M0PVDJ6;https://www.wikidata.org/wiki/Q2623243;http://dbpedia.org/resource/Category:Conceptual_systems	conceptual framework		psychology;specialized skill	mooccubex	13	16
mooccubex.psy.心理疗法	心理疗法;lightcast.KS1253M692K6LV8K04XS;KS1253M692K6LV8K04XS;lcsh.sh85108516;dbpedia.Psychotherapy;lcsh.sh85108526	https://skills.emsidata.com/skills/KS1253M692K6LV8K04XS;http://id.loc.gov/authorities/subjects/sh85108516;http://dbpedia.org/resource/Category:Psychotherapy;http://id.loc.gov/authorities/subjects/sh85108526	psychotherapy	Psychagogy; Therapy (Psychotherapy)	psychology;specialized skill;lcsh;dbpedia	mooccubex	9.0	12.0
assistments.1	lcsh.sh99011512	http://id.loc.gov/authorities/subjects/sh99011512	Box and Whisker		math;k-12	assistments	3	8
assistments.2	csp.3F0282B19525492CAB117582453FF30F;S2726957;3F0282B19525492CAB117582453FF30F;wd.Q5121450;dbpedia.Graphs_by_radius	https://www.wikidata.org/wiki/Q5121450;http://dbpedia.org/resource/Category:Graphs_by_radius	Circle Graph		math;k-12;archived british columbia	assistments	7.0	7.0
assistments.4	junyi.3T5CjM/cVJ69j4JcjfIpyFR12FVoH9zN8h1GhXhBCAk=;【一般】認識折線圖與直方圖		Histogram as Table or Graph		math;k-12;junior	assistments	7.0	9.0
assistments.5	lcsh.sh85093208;wd.Q35689	http://id.loc.gov/authorities/subjects/sh85093208;https://www.wikidata.org/wiki/Q35689	Number Line		math;k-12;lcsh	assistments	7.0	9.0
assistments.8	lightcast.KS440B66PS40GSKJ2SLV;KS440B66PS40GSKJ2SLV;wd.Q1045782	https://skills.emsidata.com/skills/KS440B66PS40GSKJ2SLV;https://www.wikidata.org/wiki/Q1045782	Scatter Plot		math;k-12;specialized skill	assistments	7.0	9.0
assistments.10	dbpedia.Tables;lcsh.sh85131792;lcsh.sh85131810;lcsh.sh85131813;lcsh.sh99001770;dbpedia.Tables_(landform);dbpedia.Tables_(furniture);wd.Q14748;lcsh.sh2008103080	http://dbpedia.org/resource/Category:Tables;http://id.loc.gov/authorities/subjects/sh85131792;http://id.loc.gov/authorities/subjects/sh85131810;http://id.loc.gov/authorities/subjects/sh85131813;http://id.loc.gov/authorities/subjects/sh99001770;http://dbpedia.org/resource/Category:Tables_(landform);http://dbpedia.org/resource/Category:Tables_(furniture);https://www.wikidata.org/wiki/Q14748;http://id.loc.gov/authorities/subjects/sh2008103080	Table	Eating	math;k-12;dbpedia;lcsh	assistments	1.0	6.0
assistments.11	lightcast.KS125YS6Q5D028CMDG50;KS125YS6Q5D028CMDG50;lcsh.sh85142739;wd.Q190763	https://skills.emsidata.com/skills/KS125YS6Q5D028CMDG50;http://id.loc.gov/authorities/subjects/sh85142739;https://www.wikidata.org/wiki/Q190763	Venn Diagram		math;k-12;specialized skill;lcsh	assistments	7.0	12.0
assistments.12	junyi.JlLOrhjyKOHgQMgBDevMNpEYdnN2KuLkLOsihld3/ug=;【基礎】平均數;dbpedia.Means;lcsh.sh85082688;wd.Q2303661	http://dbpedia.org/resource/Category:Means;http://id.loc.gov/authorities/subjects/sh85082688;https://www.wikidata.org/wiki/Q2303661	Mean		math;k-12;junior;dbpedia;lcsh	assistments	7.0	9.0
assistments.16	csp.TDL-MM-6.3;S21401200;EA082516F11A442687D3DFCA67961713;lcsh.sh85033451	http://id.loc.gov/authorities/subjects/sh85033451	Counting Methods		math;k-12;ctae	assistments	9.0	12.0
assistments.17			Probability of Two Distinct Events		math;k-12	assistments	7.0	9.0
assistments.18	dbpedia.Applied_probability	http://dbpedia.org/resource/Category:Applied_probability	Probability of a Single Event		math;k-12	assistments	7.0	9.0
assistments.21			Interior Angles Figures with More than 3 Sides		math;k-12	assistments	1.0	9.0
assistments.22			Interior Angles Triangle		math;k-12	assistments	7.0	9.0
assistments.26			Angles on Parallel Lines Cut by a Transversal		math;k-12	assistments	7.0	9.0
assistments.32	dbpedia.3D_graphics_models	http://dbpedia.org/resource/Category:3D_graphics_models	Nets of 3D Figures		math;k-12	assistments	1.0	6.0
assistments.35			Effect of Changing Dimensions of a Shape Prportionally		math;k-12	assistments	1.0	6.0
assistments.39	lcsh.sh85006984	http://id.loc.gov/authorities/subjects/sh85006984	Area Circle		math;k-12	assistments	1.0	6.0
assistments.42			Perimeter of a Polygon		math;k-12	assistments	1.0	6.0
assistments.46			Calculations with Similar Figures		math;k-12	assistments	7.0	9.0
assistments.47			Conversion of Fraction Decimals Percents		math;k-12	assistments	1.0	6.0
assistments.49			Ordering Positive Decimals		math;k-12	assistments	1.0	6.0
assistments.51	dbpedia.Ordering	http://dbpedia.org/resource/Category:Ordering	Ordering Integers		math;k-12	assistments	7.0	9.0
assistments.54	lcsh.sh2010002550;wd.Q663208;lcsh.sh85115539	http://id.loc.gov/authorities/subjects/sh2010002550;https://www.wikidata.org/wiki/Q663208;http://id.loc.gov/authorities/subjects/sh85115539	Rounding		math;k-12;lcsh	assistments	1.0	6.0
assistments.58			Addition Whole Numbers		math;k-12	assistments	1.0	6.0
assistments.61	lcsh.sh00006400	http://id.loc.gov/authorities/subjects/sh00006400	Division Fractions		math;k-12	assistments	7.0	9.0
assistments.64			Fraction Of		math;k-12	assistments	5.0	5.0
assistments.67			Multiplication Fractions		math;k-12	assistments	7.0	9.0
assistments.69	lcsh.sh85029480	http://id.loc.gov/authorities/subjects/sh85029480	Multiplication Whole Numbers		math;k-12	assistments	1.0	6.0
assistments.74			Subtraction Whole Numbers		math;k-12	assistments	7.0	9.0
assistments.92	wd.Q130362650;lcsh.sh85098786	https://www.wikidata.org/wiki/Q130362650;http://id.loc.gov/authorities/subjects/sh85098786	Pattern Finding		math;k-12	assistments	1.0	6.0
assistments.110	dbpedia.Probability_interpretations	http://dbpedia.org/resource/Category:Probability_interpretations	D.4.8-understanding-concept-of-probabilities		math;k-12	assistments	7.0	9.0
assistments.165			Algebraic Simplification		math;k-12	assistments	1.0	6.0
assistments.166	lcsh.sh85044517	http://id.loc.gov/authorities/subjects/sh85044517	Algebraic Solving		math;k-12	assistments	7.0	9.0
assistments.173			Choose an Equation from Given Information		math;k-12	assistments	1.0	6.0
assistments.203			Percent Discount		math;k-12	assistments	7.0	9.0
assistments.276	dbpedia.Decimalisation	http://dbpedia.org/resource/Category:Decimalisation	Multiplication and Division Positive Decimals		math;k-12	assistments	1.0	6.0
assistments.277			Addition and Subtraction Integers		math;k-12	assistments	7.0	9.0
assistments.278	dbpedia.Decimalisation	http://dbpedia.org/resource/Category:Decimalisation	Addition and Subtraction Positive Decimals		math;k-12	assistments	1.0	6.0
assistments.279	lcsh.sh85093212	http://id.loc.gov/authorities/subjects/sh85093212	Multiplication and Division Integers		math;k-12	assistments	7.0	9.0
assistments.280			Addition and Subtraction Fractions		math;k-12	assistments	7.0	9.0
assistments.294			Area Irregular Figure		math;k-12	assistments	1.0	9.0
assistments.296	lcsh.sh85006984	http://id.loc.gov/authorities/subjects/sh85006984	Area Rectangle		math;k-12	assistments	1.0	6.0
assistments.297	lcsh.sh85137114	http://id.loc.gov/authorities/subjects/sh85137114	Area Trapezoid		math;k-12	assistments	1.0	6.0
assistments.298	dbpedia.Triangle_geometry	http://dbpedia.org/resource/Category:Triangle_geometry	Area Triangle		math;k-12	assistments	1.0	6.0
assistments.301			Surface Area Rectangular Prism		math;k-12	assistments	1.0	6.0
assistments.307			Volume Rectangular Prism		math;k-12	assistments	6.0	6.0
assistments.309			Order of Operations +,-,/,* () positive reals		math;k-12	assistments	7.0	9.0
assistments.310	dbpedia.Orders_of_precedence	http://dbpedia.org/resource/Category:Orders_of_precedence	Order of Operations All		math;k-12	assistments	7.0	9.0
assistments.311			Equation Solving Two or Fewer Steps		math;k-12	assistments	7.0	9.0
assistments.312			Equation Solving More Than Two Steps		math;k-12	assistments	7.0	9.0
assistments.321	csp.107032D73AD4474885087039EFF8485C;S2533997;107032D73AD4474885087039EFF8485C		Computation with Real Numbers		math;k-12;college and career readiness	assistments	9.0	12.0
assistments.322			Write Linear Equation from Ordered Pairs		math;k-12	assistments	9.0	12.0
assistments.323			Write Linear Equation from Situation		math;k-12	assistments	7.0	9.0
assistments.324			Recognize Linear Pattern		math;k-12	assistments	7.0	9.0
assistments.325			Write Linear Equation from Graph		math;k-12	assistments	7.0	9.0
assistments.334			Finding Slope from Ordered Pairs		math;k-12	assistments	7.0	9.0
assistments.346	lcsh.sh85046846	http://id.loc.gov/authorities/subjects/sh85046846	Polynomial Factors		math;k-12	assistments	7.0	9.0
assistments.348			Recognize Quadratic Pattern		math;k-12	assistments	7.0	9.0
assistments.350			Solving Systems of Linear Equations		math;k-12	assistments	7.0	9.0
assistments.356	lcsh.sh85044517	http://id.loc.gov/authorities/subjects/sh85044517	Quadratic Formula to Solve Quadratic Equation		math;k-12	assistments	7.0	9.0
assistments.362			Parts of a Polyomial, Terms, Coefficient, Monomial, Exponent, Variable		math;k-12	assistments	7.0	9.0
assistments.365			Interpreting Coordinate Graphs		math;k-12	assistments	1.0	6.0
assistments.368			Solving for a variable		math;k-12	assistments	1.0	6.0
assistments.371			Simplifying Expressions positive exponents		math;k-12	assistments	7.0	9.0
assistments.375	lcsh.sh94009499	http://id.loc.gov/authorities/subjects/sh94009499	Solving Inequalities		math;k-12	assistments	7.0	9.0
junyi.odIwFdIiecFwVUAEEV40K3MSuCSlIZkbq92Zp9tkZq8=	【基礎】怎樣解題：數量關係;junyi.yHgHyIJ05U7s8Ak1XnUHY08MP++zF14JXnyie5AL5s0=;【進階】怎樣解題：數量關係;junyi.CspTRnYx/rdKxnW0RuyjMXwx1vrcR55tQZDzjzV5mRc=;【一般】怎樣解題：數量關係;lcsh.sh2010108504	http://id.loc.gov/authorities/subjects/sh2010108504	Problem-Solving Strategies: Quantitative Relationships		math;elementary	junyi	1.0	6.0
junyi.dfeeBaa8zDhWS6nu7zeXKwLyi4zqEajI3tJM9/fSBPM=	【基礎】和差問題 1		Sum and Difference Problems 1		math;elementary	junyi	1.0	6.0
junyi.C2AT0OBTUn+PRxEVd39enhW/DJtka1Tk90DUAR6yVdA=	【基礎】雞兔問題 1;lcsh.sh85110203	http://id.loc.gov/authorities/subjects/sh85110203	Chickens and Rabbits Problems 1		math;elementary	junyi	1.0	6.0
junyi.jZvYpEa6VB/WrlKKmQHnfbv/xJ4OypBzq0epVcn500Q=	【基礎】年齡問題 1;dbpedia.Age_error	http://dbpedia.org/resource/Category:Age_error	Age Problems 1		math;elementary	junyi	1.0	6.0
junyi.M+UxJPgRIW57a0YS3eik8A9YDj+AwaMpTa5yWYn/kAw=	【基礎】追趕問題;lcsh.sh85137954	http://id.loc.gov/authorities/subjects/sh85137954	Pursuit Problems		math;elementary	junyi	1.0	6.0
junyi.wUssm1kBiL8949UikpoP4M7jA0qR8JoaLthb513afBA=	【基礎】流水問題		Upstream and Downstream Problems		math;elementary	junyi	1.0	6.0
junyi.P7BbN3XtNfmNgFUznGo0EKF0EO8JfiDgw/XJD1h/Crs=	【基礎】簡化問題 1		Simplification Problems 1		math;elementary	junyi	1.0	6.0
junyi.7Z/KCQJ/Nos87439+IVOvNaz0gOZPSKmri8DEQgNazU=	【基礎】簡化問題 2		Simplification Problems 2		math;elementary	junyi	1.0	6.0
junyi.lZL4UoNcmffkQ/nM3VYvBC7BAwD1OPmiOb5c3tmIm5s=	【基礎】間隔問題;lcsh.sh85067539	http://id.loc.gov/authorities/subjects/sh85067539	Interval Problems		math;elementary	junyi	1.0	6.0
junyi.FFX0ABpL61Fw6NB6T5NXjBlQnaknwhJjmbrC3z1AyHA=	【基礎】列表找規則 2		Finding Patterns in Tables 2		math;elementary	junyi	1.0	6.0
junyi.EoxaKgXtsgVLpnw8d6TdnsnnqzM2gEb+mHUwkOsZGpU=	簡化與歸納問題：綜合;lcsh.sh85065807	http://id.loc.gov/authorities/subjects/sh85065807	Simplification and Induction Problems: Comprehensive		math;elementary	junyi	1.0	6.0
junyi.u5SYmgbMwMzEurXJkN8SzYMacAqwjR02xCA0/prnVeI=	【一般】和差問題 2		Sum and Difference Problems 2		math;elementary	junyi	1.0	6.0
junyi.T4f/arzfSalcvrX0iElU649bu8yFkRYxheJCrrNEkLQ=	【一般】雞兔問題 2;lcsh.sh85110203	http://id.loc.gov/authorities/subjects/sh85110203	Chickens and Rabbits Problems 2		math;elementary	junyi	1.0	6.0
junyi.kSGW7jiMb919zyekSOS3O3twBsFg+jh/QoZTlNlm2xU=	【一般】年齡問題 2;dbpedia.Age_error	http://dbpedia.org/resource/Category:Age_error	Age Problems 2		math;elementary	junyi	1.0	6.0
junyi.AftCWTe9HWCQtI7qOgUITUl2eWnLhe6p09IHSLTFB2o=	【基礎】列式並解題：x+a=b		Equation Writing and Solution: x+a=b		math;elementary	junyi	1.0	6.0
junyi.cYgMGBbf7LdGQPgpluIyEfy/nofh1pO0STOjHrLThpc=	【基礎】加與除的兩步驟問題		Two-Step Problems: Addition and Division		math;elementary	junyi	1.0	6.0
junyi.h3/qpdMuhf5rZwqcHX//oZtCPV6xOKgXZyeHSGnWAsA=	【基礎】減與除的兩步驟問題;lcsh.sh00006400	http://id.loc.gov/authorities/subjects/sh00006400	Two-Step Problems: Subtraction and Division		math;elementary	junyi	1.0	6.0
junyi.qTFR2TIte0fD2b2N9J1h/QspauQCDlkyzaanvg5SsNc=	【基礎】連乘的兩步驟問題		Two-Step Problems: Consecutive Multiplication		math;elementary	junyi	1.0	6.0
junyi.i63OzZpTkqfe5ND+D9DAeVXqzKrB/7OasjU2PnkdHfs=	【基礎】乘除的兩步驟問題		Two-Step Problems: Multiplication and Division		math;elementary	junyi	1.0	6.0
junyi.b6cw1Qxc9pcHLkL8JmxW99AJEkZtsztt9ZvSboO7usA=	【基礎】兩步驟計算規則綜合習題;junyi.wkd96LaG/2zfF/UXCPKhMm/u+QWPguay/di04trhNlc=;【進階】兩步驟計算規則綜合習題;junyi.fvFMso7Q63rng+f8fs9HliWNJ06dvmCvI89pP3g8AZI=;【一般】兩步驟計算規則綜合習題		Two-Step Calculation Rules: Comprehensive Exercises		math;elementary	junyi	1.0	6.0
junyi.tUeUQK4V+TthlYOfXGU45TfMrMvMlcmhUaMf6Sy4WxQ=	【基礎】加減混合計算的簡化		Simplification of Mixed Addition and Subtraction		math;elementary	junyi	1.0	6.0
junyi.JZfQaPLUEZBed+XMOOWufLndpgukChiiKsqH/d+cxlI=	【基礎】四則計算：先乘除後加減;lcsh.sh85018806	http://id.loc.gov/authorities/subjects/sh85018806	Four Operations: Multiplication/Division Before Addition/Subtraction		math;elementary	junyi	1.0	6.0
junyi.dIoqlJEhZ/uEUpnudTQ+Ve8Uw1oiqSMobNqXb2YQfcs=	【基礎】只有加減或乘除的計算：有括號		Addition/Subtraction or Multiplication/Division Only: With Parentheses		math;elementary	junyi	1.0	6.0
junyi.VkqQZJ473iP+Q3cuRr/ss9TxWBXBIsPwC0fwGbVIgjU=	【基礎】連乘計算：含有括號		Consecutive Multiplication: With Parentheses		math;elementary	junyi	1.0	6.0
junyi.LCz/rIBPDjV+9tcB8P8On0xwPups1k9t8fcMBsc7rRs=	【基礎】連除計算：含有括號;lcsh.sh00006400	http://id.loc.gov/authorities/subjects/sh00006400	Consecutive Division: With Parentheses		math;elementary	junyi	1.0	6.0
junyi.PIoM9UkR72BGOOCJwBMgzPXrR5EHZiv8SzfvVFsNlxk=	【基礎】連加計算的簡化		Simplification of Consecutive Addition		math;elementary	junyi	1.0	6.0
junyi.EedOkesRVDnFwtBDegS+2DXjAMOSPgOvhPbGLmqAjcc=	【基礎】只有加減或乘除的計算：無括號		Addition/Subtraction or Multiplication/Division Only: Without Parentheses		math;elementary	junyi	1.0	6.0
junyi.h6xIB8Vz3g7+BOulVtddhzDp6mlqvqglH70sh8SfyOA=	【基礎】連乘計算的簡化		Simplification of Consecutive Multiplication		math;elementary	junyi	1.0	6.0
junyi.7fbJaPJmoN2eKJr5ET2A4DTPY+IMpCxnc/1KKVl828E=	【基礎】兩步驟問題併式：連加、連減、加減綜合習題;junyi.z63YRJBWfFRlEmNRbbP4dElBqjDwsHUJ4X+mLaRj+pU=;【一般】兩步驟問題併式：連加、連減、加減綜合習題		Two-Step Problem Expressions: Consecutive Addition, Subtraction, and Mixed Comprehensive Exercises		math;elementary	junyi	1.0	6.0
junyi.apFEy2v1Cp11xrY8+93ALiMxibD9kdla4EDA1KJdSm0=	【基礎】連加的併式		Consecutive Addition Expression		math;elementary	junyi	1.0	6.0
junyi.74uvGh9hBfx+jQdqw9n6TzJCCnr8Q5wDHJqUead5+RU=	【基礎】連減的併式		Consecutive Subtraction Expression		math;elementary	junyi	1.0	6.0
junyi.ZfijBfJmW6aiU5BUvf9fG0QF1XKo3pbEYQ8mYC94hT8=	【基礎】加減併式：有括號的先算		Addition/Subtraction Expression: Parentheses First		math;elementary	junyi	1.0	6.0
junyi.0oPDO0zy0NDr7kBNesLy+ZbkNuyynak8fcfE05h+pwc=	【基礎】加減併式：由左而右計算		Addition/Subtraction Expression: Left-to-Right Calculation		math;elementary	junyi	1.0	6.0
junyi.OkgyFAFUhVF5xeu+iDV16+5dlnfzfYQJxXIidJx7dzE=	【基礎】兩步驟問題併式：連乘、連除、乘除綜合習題;junyi.RtjkuNmuzBI2VhWYRk43wMkzhzIQD6YstXG1ZsypAZU=;【進階】兩步驟問題併式：連乘、連除、乘除綜合習題;junyi.OowZ5vdDfwOEL1LD/3yxHdHmT5fHqZUl1obUtKekJlU=;【一般】兩步驟問題併式：連乘、連除、乘除綜合習題		Two-Step Problem Expressions: Consecutive Multiplication, Division, and Mixed Comprehensive Exercises		math;elementary	junyi	1.0	6.0
junyi.TIFqzAEaJ9dzg/KCrFFPRw7C0KKV+dPmxhnS9zS0w+E=	【基礎】連除的兩步驟應用問題		Two-Step Application Problems: Consecutive Division		math;elementary	junyi	1.0	6.0
junyi.0f0BGV01H4RbdYLrd/fZN5enqRjIC7Bkzcoqxzgf0YA=	【基礎】乘除併式：無括號		Multiplication/Division Expression: Without Parentheses		math;elementary	junyi	1.0	6.0
junyi.M4lv3w3T20+Z1YcnIEUe/CKdA/ROAHdY/dmcaJTg0hA=	【基礎】兩步驟問題併式：乘與加減、除與加減綜合習題;junyi.Sb3aon2FSNNX4wgPRFi3hwJKcQgo8dM+4M26k2TF4wY=;【進階】兩步驟問題併式：乘與加減、除與加減綜合習題;junyi.gOX2LgERQWRqT9yOkaWwpJsbIezSaFgRg27NSNXzrjs=;【一般】兩步驟問題併式：乘與加減、除與加減綜合習題		Two-Step Problem Expressions: Multiplication/Addition-Subtraction and Division/Addition-Subtraction Comprehensive Exercises		math;elementary	junyi	1.0	6.0
junyi.fBA/dR3/vn5rjFVbPKC9asCyTQ2ieY/iBYb1sqWO2oc=	【基礎】乘與加減的兩步驟問題		Two-Step Problems: Multiplication with Addition/Subtraction		math;elementary	junyi	1.0	6.0
junyi.LVQFQmyO5bd6aJa8iZwe04tHXH1gEaS9K+H5oxb8raU=	【基礎】乘與加減的併式：無括號		Multiplication and Addition/Subtraction Expression: Without Parentheses		math;elementary	junyi	1.0	6.0
junyi.Um/VucrWT3ytfnYCAhdIJf58cjByGJkSIPJrsdq3Z18=	【基礎】乘與加減的併式：有括號		Multiplication and Addition/Subtraction Expression: With Parentheses		math;elementary	junyi	1.0	6.0
junyi.i0Z53FafHddw11FFfQ85WbBa2vs7zK8iD9q9iYEPjJk=	【基礎】除與加減的兩步驟問題;lcsh.sh00006400	http://id.loc.gov/authorities/subjects/sh00006400	Two-Step Problems: Division with Addition/Subtraction		math;elementary	junyi	1.0	6.0
junyi.voVpsR3NChso9TsHdzn/OkPeLiymYrV3qu8Xe0PUOHg=	【基礎】除與加減的併式：無括號		Division and Addition/Subtraction Expression: Without Parentheses		math;elementary	junyi	1.0	6.0
junyi.flzEj3Mnu3HFWNtkqEhaKk3L6u5aBJRuGGTTmNC1DR4=	【基礎】除與加減的併式：有括號		Division and Addition/Subtraction Expression: With Parentheses		math;elementary	junyi	1.0	6.0
junyi.HbzxHxzxJEcXXmpGxn6HVgsAeH82lubPagM1RpCsh8E=	【基礎】整數的四則運算綜合習題;junyi.bdWR70qmnAJIvbK4o/p60bDY5QbnX2vaRkVdg1s1DZk=;【進階】整數的四則運算綜合習題;junyi.d7EhDMIrDeTrwHOcqUhYpiwc4yQMwmZ/8RjcPpojXzc=;【一般】整數的四則運算綜合習題		Integer Four Operations: Comprehensive Exercises		math;elementary	junyi	1.0	6.0
junyi.GKsTLPdjoFT5L8MFLduUaKOBTgtAz0RjoP8E5qYsmF8=	【基礎】乘除的併式;lcsh.sh00006400	http://id.loc.gov/authorities/subjects/sh00006400	Multiplication/Division Expression		math;elementary	junyi	1.0	6.0
junyi.tKPJ+aL8jZdRX7rLqbXvQRirJzPopGK2mxUlBEHW1aA=	【基礎】乘除計算規律;lcsh.sh00006400	http://id.loc.gov/authorities/subjects/sh00006400	Multiplication/Division Calculation Patterns		math;elementary	junyi	1.0	6.0
junyi.z40HWZR+gOnq+/hu58VFytoZlZYp9/VyuyENVRGJ/OU=	【基礎】連除的併式;lcsh.sh00006400	http://id.loc.gov/authorities/subjects/sh00006400	Consecutive Division Expression		math;elementary	junyi	1.0	6.0
junyi.PlMIYvc3fCsZ4pYDuAJK1ADA8SMuWLshZIh1bvsDgaY=	【基礎】四則混合計算		Mixed Four Operations Calculation		math;elementary	junyi	1.0	6.0
junyi.cWGivrZDSwN5LiL2G27HYCmyOuUeAhMIchLIraXiV8Q=	【基礎】連除計算規律;lcsh.sh00006400	http://id.loc.gov/authorities/subjects/sh00006400	Consecutive Division Calculation Patterns		math;elementary	junyi	1.0	6.0
junyi.375WTBbZdRYv/Jw/rnTv7auOCQAAiNliDREgtraOuH0=	【基礎】三步驟併式應用問題		Three-Step Expression Application Problems		math;elementary	junyi	1.0	6.0
junyi.6UJI/nUJp0n771O8yxGM05XhkhXAfGhsT0DUpIRFFVQ=	【基礎】分數與小數的四則運算綜合習題;junyi.Gs2eHMkqvr4Vmv27og7SW0dttNc2vGI+ECb6wDhNGBI=;【進階】分數與小數的四則運算綜合習題;junyi.pQ/2AQfwKgwmw2M2LVFo2N6j9s48R5T0saCeTKoyYm4=;【一般】分數與小數的四則運算綜合習題		Fractions and Decimals Four Operations: Comprehensive Exercises		math;elementary	junyi	1.0	6.0
junyi.XPxKzkvjDB7yK2AQPahFqPB7cnoHs5/dy4T498HoX5M=	【基礎】分數的四則運算：括號先算、先乘除後加減		Fraction Four Operations: Parentheses First, Multiplication/Division Before Addition/Subtraction		math;elementary	junyi	1.0	6.0
junyi.P9MBH2y9lTr+ueuFDr6VDrx3GSS1/MvPLRyklqdSyVM=	【基礎】分數的四則運算：分配律		Fraction Four Operations: Distributive Property		math;elementary	junyi	1.0	6.0
junyi.+lmw480dBLSwkBgaKdL9MeVNsUfCgHmD+L4wzqUFX9M=	【基礎】分數的的加減混合計算：連減兩數		Fraction Addition/Subtraction Mixed Calculation: Consecutive Subtraction of Two Numbers		math;elementary	junyi	1.0	6.0
junyi.Qfkdu0xMDo7ZKO14VkT7AmpqH0GnAvcprI5Fj+rC1u0=	【基礎】分數的的加減混合計算：加減混合		Fraction Addition/Subtraction Mixed Calculation: Addition and Subtraction Mixed		math;elementary	junyi	1.0	6.0
junyi.R6QefDBKjMm/uoG5bP/sWm4HxgqX8fZQ9wriQsEbLhU=	【基礎】分數的的乘除混合計算：乘除混合;lcsh.sh00006400	http://id.loc.gov/authorities/subjects/sh00006400	Fraction Multiplication/Division Mixed Calculation: Multiplication and Division Mixed		math;elementary	junyi	1.0	6.0
junyi.Fs7rh4BWTNyGyHmP1FDo2C0JQzPnyByghyUsARf8uvE=	【基礎】連減兩數等於減兩數的和		Consecutive Subtraction of Two Numbers Equals Subtraction of Their Sum		math;elementary	junyi	1.0	6.0
junyi.jyV3TtfAbZjDOzo8nkyM/0J0ZhwbB6Q2w53P4VyYpRw=	【基礎】連除兩數等於除以兩數的積		Consecutive Division of Two Numbers Equals Division by Their Product		math;elementary	junyi	1.0	6.0
junyi.abZeR/hnIssN0A8N+KhGYvmhrlPuBAPZSPOCXwLIQd0=	【基礎】小數的四則運算：分配律;dbpedia.Decimalisation	http://dbpedia.org/resource/Category:Decimalisation	Decimal Four Operations: Distributive Property		math;elementary	junyi	1.0	6.0
junyi.0SEOeLpKd2K4V+T1BhZENWUuLHGTd+x+SQiXWcPAFZc=	【基礎】小數四則混合運算;dbpedia.Decimalisation	http://dbpedia.org/resource/Category:Decimalisation	Decimal Mixed Four Operations		math;elementary	junyi	1.0	6.0
junyi.Y8wMuwT4XAOV0oJ6FnQLaEEOIi5GxbVxfLaXLdbchfg=	【基礎】分數和小數單步驟計算		Fractions and Decimals Single-Step Calculation		math;elementary	junyi	1.0	6.0
junyi.HWsQi2gh2imZ+B7lfffCgOj8uzOy5kWwOYfTHpW0BI0=	【基礎】分數與小數混合的簡化計算：小數化成分數		Simplified Calculation of Fractions and Decimals: Converting Decimals to Fractions		math;elementary	junyi	1.0	6.0
junyi.wWxHJ8aDeAVSEp62k6aRXGwVOAzzQz+w7iBA9wZium4=	【基礎】分數與小數的四則運算應用題		Fractions and Decimals Four Operations Application Problems		math;elementary	junyi	1.0	6.0
junyi.OFviqNusL3qUCiAp+zDob+G8I7rsTkSPGFNa+xzA8sE=	【基礎】小數的兩步驟問題;dbpedia.Decimalisation	http://dbpedia.org/resource/Category:Decimalisation	Two-Step Decimal Problems		math;elementary	junyi	1.0	6.0
junyi.yC2VB5lJ5y/sgxAF1VTGmJEeWwn9WiP2T6dEfU6m9jg=	【基礎】加減的等量公理：整數		Equality Property of Addition/Subtraction: Integers		math;elementary	junyi	1.0	6.0
junyi.5j1q7lkHFW8HJEpfUarDBzEppNaa42zrbrz1xDFw+Ck=	【基礎】乘除的等量公理：整數		Equality Property of Multiplication/Division: Integers		math;elementary	junyi	1.0	6.0
junyi.COZ39Wo+uIUO2s7c2VGEHjJf6Vx0xifxVAiaeHtaTdk=	【基礎】用符號代表數;lcsh.sh85131427	http://id.loc.gov/authorities/subjects/sh85131427	Using Symbols to Represent Numbers		math;elementary	junyi	1.0	6.0
junyi.Rcsy5m8O7pQ3np5tv3eeCgGc7Vn9vqmoMEYbz1pB8pw=	加與乘的兩步驟問題		Two-Step Problems: Addition and Multiplication		math;elementary	junyi	1.0	6.0
junyi.Yp1BxxjeCigA5sXXXV9seEAdOYA8MchGwafHWyUm7qQ=	減與乘的兩步驟問題		Two-Step Problems: Subtraction and Multiplication		math;elementary	junyi	1.0	6.0
junyi.b9R/xne951+T/j1JI1MBUYj5GedaqnaVkFFXo7wZ+qo=	【一般】兩步驟應用問題：加減與除綜合習題		Two-Step Application Problems: Addition/Subtraction and Division Comprehensive Exercises		math;elementary	junyi	1.0	6.0
junyi.vj2oAek5lK+ewqbR0hgGrkyAZpWXIxl9Qt3HpVZVBK8=	【一般】兩步驟應用問題-連乘、乘除與連除綜合習題		Two-Step Application Problems: Consecutive Multiplication, Multiplication/Division, and Consecutive Division Comprehensive Exercises		math;elementary	junyi	1.0	6.0
junyi.l2/vcuhsUZHwmURWCt7xK+5y11xqlvCniAXvZvbs7sM=	【一般】連除的兩步驟問題		Two-Step Problems: Consecutive Division		math;elementary	junyi	1.0	6.0
junyi.gr4NKrj+oJ0DWsF5eptZqQQ7ksEfY5k4NLv8FQdDDk4=	【一般】連減計算的簡化		Simplification of Consecutive Subtraction		math;elementary	junyi	1.0	6.0
junyi.wZCkmlfJ0G2xyiucQ85Ms+DMGXRSg8yhQ+MiwtSHS30=	【一般】分數的的乘除混合計算：括號先不要算完		Fraction Multiplication/Division Mixed Calculation: Do Not Fully Calculate Parentheses First		math;elementary	junyi	1.0	6.0
junyi.ZGnaehUOvrRIwrXHqEnz72BTVo/xzUr85yaqAjY5FN0=	【一般】加減的等量公理：分、小數		Equality Property of Addition/Subtraction: Fractions and Decimals		math;elementary	junyi	1.0	6.0
junyi.TdvU/GNCYUygMo4pGEGXRSCZb9aI1CNNc3QR3WHsRuU=	【一般】乘除的等量公理：分、小數		Equality Property of Multiplication/Division: Fractions and Decimals		math;elementary	junyi	1.0	6.0
junyi.fJV+/6UaR4fnZLzM81X+1r4Ma1REep5Q0Rj30zM6z+Y=	【一般】運用等量公理求四則混合運算式中未知數的解		Solving for Unknowns in Mixed Four Operations Expressions Using the Equality Property		math;elementary	junyi	1.0	6.0
junyi.O5REHVmAHn7gqbV004+NYosaXTrsEuiqcIORcWSdXXY=	【基礎】點與圓的位置關係		Position relationship between point and circle		math;junior	junyi	7.0	9.0
junyi.4BVALn5irV1247RL43vCYHrGwGO+WyV5JNasXCe3N8Y=	【基礎】直線與圓的位置關係		Position relationship between line and circle		math;junior	junyi	7.0	9.0
junyi.f7095rj+E71WXpZHXMkEExF0RcHXLX3GBHaoIK6/1GM=	【基礎】圓的切線性質;junyi.VoHrX2UnJ3IU2DdxSNj+Bbm9zCM0xLPSoYevLWFeGD8=;圓的切線性質		Properties of tangent lines to circles		math;junior	junyi	7.0	9.0
junyi.nBwPY4ITPn4irJXI7w5Vv522X8MdSZdwqehjg03kgBE=	【基礎】圓外切四邊形;wd.Q1064389;lcsh.sh85074180	https://www.wikidata.org/wiki/Q1064389;http://id.loc.gov/authorities/subjects/sh85074180	Tangential quadrilateral		math;junior	junyi	7.0	9.0
junyi.E3B9SjT8bMG3v5nbUC0ygPR3x4i/oVjGtA/5V/f05rg=	【基礎】弦心距的應用;junyi.KRStnam9HyVFJNcPipeCdLCojuvcpEJluG+TnIQa/Qo=;弦心距的應用		Application of chord-to-center distance		math;junior	junyi	7.0	9.0
junyi.ODEv/zQe85ashn/pvTconu7UT/KCBkxkZokBH6H8OxI=	【基礎】兩圓的位置關係		Position relationship between two circles		math;junior	junyi	7.0	9.0
junyi.SJTFghEQOed1hZMCrR3hHBJLS2VNyHCmi8/CHDDmy44=	【基礎】兩圓的公切線段長		Length of common tangent segments		math;junior	junyi	7.0	9.0
junyi.zHqZC5BMQzmA8ZbWd776nwinT6LWg2mxiT0WiW/5YZE=	【基礎】弦、弧與圓心角		Chord, arc, and central angle		math;junior	junyi	7.0	9.0
junyi.DRTrxTZ3EjiwnJUUqIsOLCqDQihuHkqux4RSUOkk2sA=	【基礎】圓周角與其所對的弧		Inscribed angle and its intercepted arc		math;junior	junyi	7.0	9.0
junyi.NbBubQKT4fanKTDFR8SmEerTmNXGgdkwtP8ovb9/AHg=	【基礎】半圓、平行弦		Semicircle and parallel chords		math;junior	junyi	7.0	9.0
junyi.zHDjrBKb5lNSncPDp2hPXdb1zXdHj1Y/iQvzW7DTaIQ=	【基礎】弦切角		Angle between tangent and chord		math;junior	junyi	7.0	9.0
junyi.GqjrKOz5f3VIEoX3SIXFX4c0u+ZQf78K7jEausPq1zY=	【基礎】圓外角		Angle formed by secants outside circle		math;junior	junyi	7.0	9.0
junyi.YVNOK+AhFjUEHxCvwUmqSSiYmGqD98ZGZrp5l+7UAFg=	【基礎】圓內接四邊形;wd.Q692086;lcsh.sh85074180	https://www.wikidata.org/wiki/Q692086;http://id.loc.gov/authorities/subjects/sh85074180	Cyclic quadrilateral		math;junior	junyi	7.0	9.0
junyi.Vj19/FOJ9nuzsw/E4T14ddKY6iiZGnG+3fxiJSvbiD4=	【基礎】圓冪性質;wd.Q898575	https://www.wikidata.org/wiki/Q898575	Power of a point		math;junior	junyi	7.0	9.0
junyi.9lNlcOPdqsxv4gFKj/l373+cK9Dfus5eNNsvjHY1yos=	【基礎】內冪性質		Internal power of point		math;junior	junyi	7.0	9.0
junyi.jE1Pn6eb/odIa2Xtuki0YOh7gk0BCjq9q2oE+AJb1QQ=	【進階】圓心角的應用		Application of central angles		math;junior	junyi	7.0	9.0
junyi.ABO0BTpEYfMxm7ab5QAZhbOUJGui6N8h7ohJBPwlkDA=	【進階】圓周角的應用;junyi.mrG4s2qdh44vRQsx7/T2OnjSJj8UzM23ODdwSHYMNFQ=;【進階】圓內角的應用		Application of inscribed angles		math;junior	junyi	7.0	9.0
junyi.AWydRuHu2+cX0wAcWh9RcQJnBs4mFdeObcCzF1yM17A=	【進階】圓外角的應用		Application of angles formed by secants		math;junior	junyi	7.0	9.0
junyi.R5pBjwxHhlwD8Iv1qdtR9VtjKwfWBVuh5P0UM3eQg7Y=	【進階】圓的幾何性質應用		Application of circle properties		math;junior	junyi	7.0	9.0
junyi.nLHQ1qJlj3kW0aZ1DY+O6yD5N474TKSw+L1lDDMnnOA=	點與圓的關係		Point-circle relationship		math;junior	junyi	7.0	9.0
junyi.2Q4i17ObOkd2Yb449DHA1IBEBnZ/7EImF3FYztgI+dk=	兩圓的位置關係應用		Application of two-circle position relationships		math;junior	junyi	7.0	9.0
junyi.g+QrAwIOrKpsjGfixPcsV8mYJ11PnKrFOt+JL386CZk=	公切線應用;lcsh.sh85032240	http://id.loc.gov/authorities/subjects/sh85032240	Application of common tangents		math;junior	junyi	7.0	9.0
junyi.pCMaU32mbXzBUo97xzQ8N2IV9uQoBgqqdfOz6dcl9RM=	【基礎】認識點與線		Introduction to points and lines		math;junior	junyi	7.0	9.0
junyi.bhl5niycEORGZd9uw9vrbmuxJKvPUJT7TabweC0W77M=	【基礎】認識角;junyi.iJ+Rpf5Qnw63bObvZLfXRBU4Hmi06Io+lXRGV9hsFgg=;lcsh.sh85055855	http://id.loc.gov/authorities/subjects/sh85055855	Introduction to angles		math;junior;elementary	junyi	1.0	9.0
junyi.WkiJbEtcQ/6K9mzb+6b/b9MvUag94v5b3NTx6TRIcn8=	【基礎】三角形的分類;dbpedia.Triangles_of_numbers	http://dbpedia.org/resource/Category:Triangles_of_numbers	Classification of triangles		math;junior	junyi	7.0	9.0
junyi.8xpaZEEZJ6206ep4as56VEyc5msrupMEjwLCnFKp7LQ=	【基礎】四邊形的分類;lcsh.sh85074180	http://id.loc.gov/authorities/subjects/sh85074180	Classification of quadrilaterals		math;junior	junyi	7.0	9.0
junyi.eIXu+dbL2Ej0/ZO+/PYSUzo1dTaTEqy1S2TGCSUlLAA=	【基礎】認識多邊形;dbpedia.Polygon_Pictures	http://dbpedia.org/resource/Category:Polygon_Pictures	Introduction to polygons		math;junior	junyi	7.0	9.0
junyi./OENQOL30zwAXAy3IN1FbzZFfjfOLaynYaW3w6bk2gw=	【基礎】認識圓、扇形、弓形		Introduction to circles, sectors, and segments		math;junior	junyi	7.0	9.0
junyi.3Eu8lfUzzxW5b7/tSAH3gjzZMSa5Zu0vZJEc8avjHqQ=	【基礎】扇形的周長與面積		Perimeter and area of sectors		math;junior	junyi	7.0	9.0
junyi.KnnV92Q4yuuCVckJy9mwIY9AjLwwiUnTPus2pCC1FYo=	【基礎】垂直與平分		Perpendicularity and bisection		math;junior	junyi	7.0	9.0
junyi.oVxTuTeb3r2r9kzjJBtC875rvwJ9k4YjqpmptbNVwaI=	【基礎】線對稱圖形;junyi.4aBoITa95u1u3wbHY37hPJIFFinn6ZnQjmZmH1sP830=;junyi.aiQx7FTmtkEzQOA5cGnbKrlqzKkK4IAgGnwNsgrBuC4=;【進階】線對稱圖形		Line symmetric figures		math;junior;elementary	junyi	1.0	9.0
junyi.mE6rCLdazwHjJQ+97f8SLUFEAFoZSGD+UnwBvtxU/iQ=	【基礎】判斷線對稱圖形的對稱軸		Identifying lines of symmetry		math;junior	junyi	7.0	9.0
junyi.wzK9LGOjC7Om6cUDilMUGE3wYXuPD6EX+6TS832183c=	【基礎】直角三角形的邊長關係		Side relationships in right triangles		math;junior	junyi	7.0	9.0
junyi.qL32qjAo+JiSXztqNQlcTqRuI0e7ki0ohCVe1gkp4h8=	【基礎】直角三角形、等腰三角形與正三角形的邊長關係		Side relationships in right, isosceles, and equilateral triangles		math;junior	junyi	7.0	9.0
junyi.aaqqTl3AwAAh2Zu0fBTrKYA+Jgnh5Xcn3VznWez5WJU=	【基礎】尺規作圖：線段;lcsh.sh85130874	http://id.loc.gov/authorities/subjects/sh85130874	Compass and straightedge construction: Segments		math;junior	junyi	7.0	9.0
junyi.AFUszjsf6svmUlda54hgkgrK1VBaoOplWgUuvdf6qHU=	【基礎】尺規作圖：角;lcsh.sh85130874	http://id.loc.gov/authorities/subjects/sh85130874	Compass and straightedge construction: Angles		math;junior	junyi	7.0	9.0
junyi.Ro29/9OFIon5Y4nq4ptN7g7LWevKCWual3GGUaKeYYw=	【基礎】尺規作圖：垂線與分角線;lcsh.sh85130874	http://id.loc.gov/authorities/subjects/sh85130874	Compass and straightedge construction: Perpendiculars and angle bisectors		math;junior	junyi	7.0	9.0
junyi.QkM4hin94znSQ6Dj6MkPpYBAjcEKA0u+2HbJyCWol3I=	【一般】複合圖形的面積;junyi.v0QQMEqKJpDj2celSchjacrZA92MTrfjIWGDYbugu6k=;【進階】複合圖形的面積;junyi.j8b2h08zIbWHp6sKBsI0qaQuiA3vUGMjaYZFFE/gQ3I=;【基礎】複合圖形的面積		Area of composite figures		math;junior;elementary	junyi	1.0	9.0
junyi./ejwQaTpw8saI8XVEo0mo08Yf2ko9KW5lwBJRlO8/dM=	【一般】特殊三角形應用;dbpedia.Triangle_geometry	http://dbpedia.org/resource/Category:Triangle_geometry	Application of special triangles		math;junior	junyi	7.0	9.0
junyi.Q6oyQv4evP1EzfiPfaiyLQUS1mHQgoz+d7J7zk+zxbs=	【一般】尺規作圖的概念與應用		Concepts and applications of compass and straightedge construction		math;junior	junyi	7.0	9.0
junyi.qdz1OAuC9qg0p/4BrA4V1fBXexshZHZxt32IjY+UduM=	【基礎】認識截線與截角;dbpedia.Geometric_transversal_theory	http://dbpedia.org/resource/Category:Geometric_transversal_theory	Introduction to transversals and corresponding angles		math;junior	junyi	7.0	9.0
junyi.DmF26Iww/ia0ys9by6NpVRp+OxwD5keuuqZ+CbR56FA=	【基礎】應用平行線截線性質		Application of parallel line transversal properties		math;junior	junyi	7.0	9.0
junyi.T0aJ7xmDPBaqhhLPpZP5EPK0XfPj9a1vqdKuvOmoHCI=	【基礎】平行線與幾何圖形;junyi.JBY82dSINZ2oyc72lrBg93wms83Z1GAJh8BWYZ2JMv8=;【一般】平行線與幾何圖形;lcsh.sh85054129	http://id.loc.gov/authorities/subjects/sh85054129	Parallel lines and geometric figures		math;junior	junyi	7.0	9.0
junyi.LrwnPq9m+L8jrO/2MgLsR7Yno06Qevd9IkZhsoY7DfY=	【基礎】矩形與正方形;lcsh.sh97000719	http://id.loc.gov/authorities/subjects/sh97000719	Rectangle and square		math;junior	junyi	7.0	9.0
junyi.ttWja925wzclBgMnR8D0fmHiM9PQ1QV3cwXWu51m31U=	【基礎】特殊四邊形;lcsh.sh85074180	http://id.loc.gov/authorities/subjects/sh85074180	Special quadrilaterals		math;junior	junyi	7.0	9.0
junyi.IVUvy0QcT07F2gkgugegsSriZOW7G5XrpVSXqY7TWl4=	【一般】複雜平行線截線性質		Complex parallel line transversal properties		math;junior	junyi	7.0	9.0
junyi.TH+9EqnFdeRqXgd+9frMdewrp3rP654euGJZm++hRT4=	【一般】判別平行線		Identifying parallel lines		math;junior	junyi	7.0	9.0
junyi.CveY41m7f7+cJ9cxZRljF7rMPXhMo990yikQ5KYM0x4=	【一般】複雜平行四邊形問題		Complex parallelogram problems		math;junior	junyi	7.0	9.0
junyi.WwGpcpKdAF1kvKHFVZOLDv9609c0Rs+eGWAu1Ub/k9c=	【基礎】認識三維空間的物體		Introduction to 3D solids		math;junior	junyi	7.0	9.0
junyi.0va2kBHyhCQAFKdC9DOJnPagiG32mCuQJZuApAXzMw0=	【基礎】正方體與長方體的體積表面積;lcsh.sh85130733	http://id.loc.gov/authorities/subjects/sh85130733	Volume and surface area of cubes and rectangular prisms		math;junior	junyi	7.0	9.0
junyi.BOsRDO+HYK8BWQZeW6NYvjKlmA4tI7BV6Y9tC1RIpQI=	【基礎】空間中的線與面的關係 - 即將下架		Line-plane relationships in space [Deprecated]		math;junior	junyi	7.0	9.0
junyi.tnrz/gdH6WgtHgJSpfzyUGtIqz/0OHL5ogbfxCsXR6Y=	【基礎】角柱的點、邊、面 - 即將下架		Vertices, edges, and faces of prisms [Deprecated]		math;junior	junyi	7.0	9.0
junyi.PsNJe5XMT7olF29RVFBkcVUKbBQorktzCVlg3h5/UXI=	【基礎】認識圓柱與圓柱的體積 - 即將下架;lcsh.sh85053286	http://id.loc.gov/authorities/subjects/sh85053286	Introduction to cylinders and cylinder volume [Deprecated]		math;junior	junyi	7.0	9.0
junyi.yC0fMjNE4oQ+f9qyqRKdEydTAIscFvSra9wP052SgL4=	【基礎】認識角錐 - 即將下架;lcsh.sh97000660	http://id.loc.gov/authorities/subjects/sh97000660	Introduction to pyramids [Deprecated]		math;junior	junyi	7.0	9.0
junyi.ZlHr1zKJsK/9HFeradx6cAyqADDSSyihZ9XHBS1PfyU=	【基礎】圓錐的特性 - 即將下架;lcsh.sh86007358	http://id.loc.gov/authorities/subjects/sh86007358	Properties of cones [Deprecated]		math;junior	junyi	7.0	9.0
junyi.4XDfW1dI2Qj2YY+tPotz6VY0VwcPfBzlZtfQa8RH98o=	【進階】複合形體;lcsh.sh85029395	http://id.loc.gov/authorities/subjects/sh85029395	Composite solids		math;junior	junyi	7.0	9.0
junyi.ap9wOXDnXVFePVnnpscqo0DFNvaLEzP+JC5FyWOxYI8=	【進階】容積與倒水問題		Volume and water-pouring problems		math;junior	junyi	7.0	9.0
junyi.86gD6UU9EwEF1gJZmFYJhq0JhD/6MJggjkNdt9CKiJk=	【一般】長方體表面的距離		Distance on rectangular prism surface		math;junior	junyi	7.0	9.0
junyi.tsZO34MHUt335zNWrd05l1ILk9vvcWzIR2hEk6dNYc4=	【一般】角柱的體積與表面積與展開圖 - 即將下架;lcsh.sh85130733	http://id.loc.gov/authorities/subjects/sh85130733	Volume, surface area, and net of prisms [Deprecated]		math;junior	junyi	7.0	9.0
junyi.gCO8NpEiiKGbe1pbysbDipvP7hdI2LxjDVnbMOCvG5c=	【一般】角錐的展開圖與表面積 - 即將下架		Net and surface area of pyramids [Deprecated]		math;junior	junyi	7.0	9.0
junyi.hRDwfL0PL5rN6c4l8N3LjeJYcHhYCuoF4aRrclMweXQ=	【一般】圓錐的展開圖與表面積 - 即將下架		Net and surface area of cones [Deprecated]		math;junior	junyi	7.0	9.0
junyi.KaJlr5jTCShzkQu8T3MYWsJbqqEXtX+F4w15fmUPlOE=	【基礎】三角形的內角和與外角和		Sum of interior and exterior angles of triangles		math;junior	junyi	7.0	9.0
junyi.bjqNyUe/0l0x5+ie8inJrNliiPty2kvg7F/29KIioKA=	【基礎】三角形全等的意義		Definition of triangle congruence		math;junior	junyi	7.0	9.0
junyi.TXBvUiNlr5jhR8zA+8xXAAvhjwKoxhJgVCFi6g3MkXE=	【基礎】用全等性質判斷全等;lcsh.sh85031123	http://id.loc.gov/authorities/subjects/sh85031123	Determining congruence using congruence criteria		math;junior	junyi	7.0	9.0
junyi.7dWkhERQ653SMIMYe5OWVLn4eVm+680Vd2jEcsd4urY=	【基礎】角平分線性質		Properties of angle bisectors		math;junior	junyi	7.0	9.0
junyi.VyJAFv77nIaZWzFAcZrlwtNbqZ9GtG8gXWS/QeH8dBY=	【基礎】中垂線性質		Properties of perpendicular bisectors		math;junior	junyi	7.0	9.0
junyi.jyf7N5ZnreskNIwFO3N9eFFPPK78T8maCsrCNfiOZB8=	【基礎】三角形中的邊角關係;dbpedia.Triangle_geometry	http://dbpedia.org/resource/Category:Triangle_geometry	Relationship between sides and angles in triangles		math;junior	junyi	7.0	9.0
junyi.odpQo0xwxNj77x4vDVOFe0SsN91+KI8cS8ytWOMB02Q=	【一般】補足判斷全等的條件;lcsh.sh85031123	http://id.loc.gov/authorities/subjects/sh85031123	Completing conditions to determine congruence		math;junior	junyi	7.0	9.0
junyi.1vxQPFV4O43WybxMtioe1qA8GIcP/kOWTaysWsNrBRY=	【一般】用全等性值判斷全等：複雜圖形與邊角關係		Determining congruence using congruence: Complex figures and side-angle relationships		math;junior	junyi	7.0	9.0
junyi.OkMUi9/AtQ/YxPVmMj4Jx9WVHcjuXS9/fhcreFEB9Bg=	【一般】樞紐定理;wd.Q2607007	https://www.wikidata.org/wiki/Q2607007	Hinge theorem		math;junior	junyi	7.0	9.0
junyi.JpYzPRDw0n+B3QTPjgJAEBPXFwlycyukYkLcooX0mHM=	【一般】等腰三角形性質		Properties of isosceles triangles		math;junior	junyi	7.0	9.0
junyi.fpz98Db0LX6xbMc9XXMAqpnq17WoOxhJwylsP0dj24c=	【一般】正三角形性質		Properties of equilateral triangles		math;junior	junyi	7.0	9.0
junyi.bm+PA9RRRt5EzYn5/rlVo0Sg77oozAjc+46VbJhE7YU=	【基礎】相似形;junyi.qXZEcmfOOXDyc3HYJqoJL7PdSiHNmOpELzPkGSsYCHA=;【進階】相似形;junyi.H4fOcqGek4BtHazEnZ2doEbvXkWwjby37JYFdtJWbLE=;【一般】相似形		Similar figures		math;junior	junyi	7.0	9.0
junyi.8gP4KXoWBPXMgFg1cGnXshZYBZU+gowtj0kzfH3LDIo=	【基礎】三角形底邊與面積的關係		Relationship between base and area of triangles		math;junior	junyi	7.0	9.0
junyi.vb599W2257CQW/TGHxuRb4KR46aEykZxjDVpARmgaBs=	【基礎】平行線截比例線段性質 3		Parallel lines cut by proportional segments property 3		math;junior	junyi	7.0	9.0
junyi.PL/9zJXG7zguwqO/MqHkdLaEWAXCT0AIMUNY1gqRrNQ=	【基礎】用比例線段判別平行線		Identifying parallel lines using proportional segments		math;junior	junyi	7.0	9.0
junyi.nuGqWNM24fHhFJ8DYewgXdy+p5eVZB+a+wblwZNPbEg=	【基礎】三角形兩邊中點連線性質		Midsegment theorem for triangles		math;junior	junyi	7.0	9.0
junyi.OTW/dDCx+GEYDj+DqmvyLkxuab8epUX6tuGXQbN2wls=	【基礎】坐標平面上線段的中點坐標		Midpoint of a segment on coordinate plane		math;junior	junyi	7.0	9.0
junyi.Sscg9vquPUuOL9DKkSbs9NTSxfCV/DYuMnsLRUZs6eA=	【基礎】平行線截比例線段性質 1 & 2		Properties of Proportional Segments Intercepted by Parallel Lines 1 & 2		math;junior	junyi	7.0	9.0
junyi.IiMukcYDN2GyT48gY4Z/D+VuYzqu4uN1AkHV+io7qzI=	【基礎】縮放圖形;dbpedia.Scale_modeling	http://dbpedia.org/resource/Category:Scale_modeling	Scaling Figures		math;junior	junyi	7.0	9.0
junyi.pgZz2VlENmyB6DeW+lnVjNHeVQZDCenZM2Nc1RllQlI=	【基礎】相似三角形的判別		Similarity Criteria for Triangles		math;junior	junyi	7.0	9.0
junyi.hc6X3OiDLxt7O0VfZXJN1yzHnMLWAZSp1TefeEUe4WE=	【基礎】三角形相似性質的應用		Applications of Triangle Similarity Properties		math;junior	junyi	7.0	9.0
junyi.sSl0A9RyQ3LbuoNIUSeLVfCmVa0Zff2L9FNm8PQsrSI=	【基礎】相似三角形之應用		Applications of Similar Triangles		math;junior	junyi	7.0	9.0
junyi.hJYgCgsL44C0NlZ4PZX9Lr7Q8Kn9Nm/Dpy8IrP+4NLg=	【基礎】相似三角形的周長比與面積比		Perimeter Ratio and Area Ratio of Similar Triangles		math;junior	junyi	7.0	9.0
junyi.DK+rYDqFxs5kQDeBg236ch52xxIxBdsYcrn0t52y/O4=	【基礎】直角三角形母子相似性質		Parent-Child Similar Right Triangle Properties		math;junior	junyi	7.0	9.0
junyi.Z5JB3D/LstCk46Bi7qFkVXd18rYRFy7qFCpd5rEMAZw=	【基礎】各邊中點連線		Midsegment of Triangle		math;junior	junyi	7.0	9.0
junyi.PSHqjHPywyyXi0y2Xgl+jLfJn4P5u6EHMd5/3/hvPlg=	【基礎】兩個相似三角形的對應線段關係		Corresponding Segments in Similar Triangles		math;junior	junyi	7.0	9.0
junyi.h8yV7uoM6hu2grzOG5Weh+0M055I9znunaEikiEHXjo=	【進階】圖形的放大與縮小		Enlargement and Reduction of Figures		math;junior	junyi	7.0	9.0
junyi.s3Y4TUK7PUKpvlrFcFIgHdMC8P2mf2hvD3j7fIdmTvg=	【進階】相似三角形的判斷		Determining Similar Triangles		math;junior	junyi	7.0	9.0
junyi.1/laFoxMaEJLQfaHo92bbuIVjnq33aptQA8IY+0Hu+8=	【進階】求相似三角形		Finding Similar Triangles		math;junior	junyi	7.0	9.0
junyi.4XFuNjD7fAKEKH6jyDqZPZJjoVyNn2hc2m3fVVgE2/8=	【進階】平面圖形的縮放		Scaling of Plane Figures		math;junior	junyi	7.0	9.0
junyi.RlHAktJl64ZiBd7sf7MkpXdvIKiGtmUYYctdc2AjNSE=	【一般】平行線截比例線段性質的應用		Applications of Proportional Segments Intercepted by Parallel Lines		math;junior	junyi	7.0	9.0
junyi.KDUfRj93vFrSB/KZ2C5TDu8EQ8QkkkSbtjQjYVletro=	【基礎】幾何證明與三心;junyi.k+LswM25FPuxm5I13Ggn5uKhScLlWro6/Jb5yYOOkr0=;【進階】幾何證明與三心;junyi.+IgBffWedJpxG6Zo/kHbrgIRR4jwwTwa6nV03GLwX5A=;【一般】幾何證明與三心;dbpedia.Triangle_centers	http://dbpedia.org/resource/Category:Triangle_centers	Geometric Proofs and Triangle Centers		math;junior	junyi	7.0	9.0
junyi.ipXsIHrPnClNy40wiQznLM085tMhWMAbi1z/IrBVUTY=	【基礎】認識證明;lcsh.sh85107437	http://id.loc.gov/authorities/subjects/sh85107437	Introduction to Proof		math;junior	junyi	7.0	9.0
junyi.QLZ1wKDTHboEYAyw3gx/ZFqOkxwu4cMUHZrenzwD9sY=	【基礎】代數證明 2;dbpedia.Algebraic_analysis	http://dbpedia.org/resource/Category:Algebraic_analysis	Algebraic Proofs 2		math;junior	junyi	7.0	9.0
junyi.C0OnRDLdTPvcy6KEjcoRFC2/hqKUOxytXBGKJT2hbaA=	【基礎】幾何證明;dbpedia.Geometric_algebra	http://dbpedia.org/resource/Category:Geometric_algebra	Geometric Proofs		math;junior	junyi	7.0	9.0
junyi.sabwQYnBMn/T08INMmZflUXyrrd2ltP6YajeNpwGWSU=	【基礎】利用輔助線來證明		Proofs Using Auxiliary Lines		math;junior	junyi	7.0	9.0
junyi./dgnkSSQs7RfFOI233RPKNKg29VBS0L7s7IBSmtIWqI=	【基礎】代數證明 1;junyi.DLnrzChizTx453F5jnRlIz32VK1+v4h/rD4QR1q9KL0=;【一般】代數證明 1;dbpedia.Algebraic_analysis	http://dbpedia.org/resource/Category:Algebraic_analysis	Algebraic Proofs 1		math;junior	junyi	7.0	9.0
junyi.xRoZGzdttZPj1kvoQoPFWXD2LfUawhSL5nCz5NXjhn8=	【基礎】三角形的外心;dbpedia.Triangle_centers	http://dbpedia.org/resource/Category:Triangle_centers	Circumcenter of Triangle		math;junior	junyi	7.0	9.0
junyi.VmJb1VGYXyZxQg1h4pXkCw5h+qFQQoC7T9iez9RkbKI=	【基礎】三角形兩頂點與外心連線的夾角		Angle Between Circumcenter and Triangle Vertices		math;junior	junyi	7.0	9.0
junyi.XGAA22+obUN8IuJrlW3W+g3lh+u3VHufuQK521z+R0U=	【基礎】三角形外接圓半徑;dbpedia.Triangle_geometry	http://dbpedia.org/resource/Category:Triangle_geometry	Circumradius of Triangle		math;junior	junyi	7.0	9.0
junyi.lKGYmPAYQXCknHyHodD2wxXC+5G/OxKIiDH3GgLI+cQ=	【基礎】三角形的內心;dbpedia.Triangle_geometry	http://dbpedia.org/resource/Category:Triangle_geometry	Incenter of Triangle		math;junior	junyi	7.0	9.0
junyi.Fbva86ABOgW15Bp8DdzvBmqz5++wT8+Lwr32PDvWBkk=	【基礎】三角形的內切圓半徑		Inradius of Triangle		math;junior	junyi	7.0	9.0
junyi.f50Nnagzc0knPQZr++FGzNdqmAk4E7Gw0ePgQ75hs5U=	【基礎】三角形的重心;dbpedia.Triangle_centers	http://dbpedia.org/resource/Category:Triangle_centers	Centroid of Triangle		math;junior	junyi	7.0	9.0
junyi.NBTrqZQukYoF9YwDkIjYlsqwaqpMVimSFrDmMuOXQRs=	【基礎】三角形重心性質的應用		Applications of Centroid Properties		math;junior	junyi	7.0	9.0
junyi.MOPXEiz/NLBJOOXxlMiH+uc18WdVV6TmghrIbK0e56w=	【基礎】特殊三角形的三心關係;dbpedia.Triangle_centers	http://dbpedia.org/resource/Category:Triangle_centers	Triangle Centers in Special Triangles		math;junior	junyi	7.0	9.0
junyi.LQrGjVlzt2saOM8v9XMeeVj0T00lsFpsdJx95qQza2k=	【基礎】多邊形的外心與內心		Circumcenter and Incenter of Polygons		math;junior	junyi	7.0	9.0
junyi.lzijoqcCBafidRGCkuAcau0Fyc+z+574LY9rAn0Qnng=	【基礎】分配律：單項乘以雙項		Distributive Property: Monomial Times Binomial		math;junior	junyi	7.0	9.0
junyi.iFMkY4C4t4FONMCI2C5VBOIfCIFNLYTG+TmcgGayb4o=	【基礎】利用和的平方公式求值;junyi.626yBYLPoc8DKImfxhg1tjUMl+mBpYA7IyBh0uG4zTU=;【基礎】利用差的平方公式求值		Finding Values Using Perfect Square Trinomial (Sum)		math;junior	junyi	7.0	9.0
junyi.dhcYvFxAnTGh2QWGixaFcYaEHbyJU37cmczsNwVKDzk=	【基礎】利用和的平方公式簡化數的運算		Simplifying Numerical Operations Using Perfect Square Trinomial (Sum)		math;junior	junyi	7.0	9.0
junyi.qVt6XIA/cWnMm3kFpC0sZTJ8ad+ZMuYKfkyeLB40vB8=	【基礎】利用平方差公式求值		Finding Values Using Difference of Squares		math;junior	junyi	7.0	9.0
junyi.DoDNUFFBBErUlGRh0wKmlOlznf+PtByhRT4bnpALAD8=	【基礎】利用平方差公式簡化數的運算		Simplifying Numerical Operations Using Difference of Squares		math;junior	junyi	7.0	9.0
junyi.hVo+IVNVaOniJLhdg54xFL60xgc41GXeHG1PKtkgsVQ=	【基礎】差的平方公式的應用		Applications of Perfect Square Trinomial (Difference)		math;junior	junyi	7.0	9.0
junyi.oPPWA1w9EpOYPS5U8pdx8YhZuOIKVaGZ1BRRHEOr48M=	【基礎】綜合應用;lcsh.sh87001966	http://id.loc.gov/authorities/subjects/sh87001966	Comprehensive Applications		math;junior	junyi	7.0	9.0
junyi./SsQisa91ErcEufKW7SNb4xZ6DASvJZ4Ml5/0BluyAA=	【基礎】認識多項式		Introduction to Polynomials		math;junior	junyi	7.0	9.0
junyi.Kb79tl+Nvf6D1h2jOL9TPzcV7Bd0QlIDpHl55dgLBKU=	【基礎】多項式的升降冪排列		Arranging Polynomials in Ascending and Descending Powers		math;junior	junyi	7.0	9.0
junyi.DnZ+4F0wfZyawol4t+/bAvIm5PTPYUC/NSZakKr8g4I=	【基礎】多項式的加法		Addition of Polynomials		math;junior	junyi	7.0	9.0
junyi.3Y3dv8Z1NFlxuvaLEK3OTOR8tgE75EPsZ93DaYMtApU=	【基礎】多項式的減法		Subtraction of Polynomials		math;junior	junyi	7.0	9.0
junyi.wK18kWTTyXKCMshFfhwqTEKgqTQSBDhz4A8+ucEUoU8=	【基礎】多項式加減運算的應用		Applications of Polynomial Addition and Subtraction		math;junior	junyi	7.0	9.0
junyi.1Fy/09VqlDTU2ABClPQcq/zyTpDz9LpnuIS7kowjjEA=	【基礎】單項式乘以單項式		Multiplication of Monomials		math;junior	junyi	7.0	9.0
junyi.r7ofQ4mqaPd26iV4SuiFWV4Jw8cBhNsXgEHGJLxpZOQ=	【基礎】單項式乘以多項式		Monomial Times Polynomial		math;junior	junyi	7.0	9.0
junyi.csvTOQUIhu2MK2FXPlq40vS4Zt3CTRXxG7dBI/MqOck=	【基礎】多項式乘以多項式與直式計算		Polynomial Multiplication and Long Multiplication		math;junior	junyi	7.0	9.0
junyi.tpPS7qXY6cPLmRqFIgY5ryhwHp+BGA5rPeRemY/bJ/Q=	【基礎】利用乘法公式做多項式的乘法		Polynomial Multiplication Using Formulas		math;junior	junyi	7.0	9.0
junyi.0nHTRYRZznXBRGpGHElXm2Gw+zHjWz37H+X3XCvUxQI=	【基礎】除式為單項式		Division by Monomial		math;junior	junyi	7.0	9.0
junyi.gzgoMDT5Pa6CgqZlMw9xlIcFUgfnwEJrNt4xbeDbolg=	【基礎】除式為一次式		Division by Linear Expression		math;junior	junyi	7.0	9.0
junyi.0lDY2d/yzs1IgpdsEVNAptv7CcTNSmBXzskCNgPAJTU=	【基礎】除式為二次式		Division by Quadratic Expression		math;junior	junyi	7.0	9.0
junyi.vY/EjWpZBxxkshbM63KTTP6JSh+NHfmwSBWQi2XN8so=	【基礎】多項式的應用問題;dbpedia.Polynomial-time_problems	http://dbpedia.org/resource/Category:Polynomial-time_problems	Application Problems with Polynomials		math;junior	junyi	7.0	9.0
junyi.9/bbdH6Njs7y/o/QWcJf3YPX0UcgoyiUAexULCLnKbI=	【基礎】多項式的四則運算;lcsh.sh85007174	http://id.loc.gov/authorities/subjects/sh85007174	Arithmetic Operations on Polynomials		math;junior	junyi	7.0	9.0
junyi.Jk92rjScG7+mMuAptzCsrhBXKpDuLQA6KI3ojSVY0LA=	【基礎】被除式 = 除式 × 商式 + 餘式;lcsh.sh00006400	http://id.loc.gov/authorities/subjects/sh00006400	Polynomial Division Algorithm		math;junior	junyi	7.0	9.0
junyi.uPQFTfURBN++Ua40NC/iECWGB8APSlwjR48SMzkr0cQ=	【進階】和的平方公式計算		Perfect Square Trinomial (Sum) Calculations		math;junior	junyi	7.0	9.0
junyi.5BnT2c2+EFO9V0kttajPXaqmUNM2vAriGL/lJQdnidM=	【進階】和的平方公式判斷與化簡;junyi.KVamuw/JPWoQiskPUCpFW+TQbKOEJonhNcUCJlTcVV8=;【進階】差的平方公式判斷與化簡		Identifying and Simplifying Perfect Square Trinomials (Sum)		math;junior	junyi	7.0	9.0
junyi.Jk155nzVVLSMQ3+fpddzICkIOrVE5MOJx759S/AF/dk=	【進階】差的平方公式計算		Perfect Square Trinomial (Difference) Calculations		math;junior	junyi	7.0	9.0
junyi.p3jpMnd9RbFnPh9KuKJwVlRfvp6F0p4ETps4sCI9dmA=	【進階】平方差公式計算		Difference of Squares Calculations		math;junior	junyi	7.0	9.0
junyi.e1sAMu3IIfTozHcol7SwsRlLOnca0S9V3KN3/RFthmE=	【進階】平方差公式判斷與化簡		Identifying and Simplifying Difference of Squares		math;junior	junyi	7.0	9.0
junyi.2tKnUmnucgz4dVzTefKY0jsYdmnTfpuCZoCDvA49L/k=	【進階】多項式乘法計算		Polynomial Multiplication Calculations		math;junior	junyi	7.0	9.0
junyi.EQns4v7nyWQ3aZaF1kJ+TZcugJ3hlFkc153alreohMo=	【進階】多項式展開後化簡		Simplifying Polynomials After Expansion		math;junior	junyi	7.0	9.0
junyi.n8ucjLV4S1bWVucNLlgs5dy/AR5sQChHBqJVIzBH6MQ=	【進階】多項式商式、餘式計算		Calculating Quotient and Remainder in Polynomial Division		math;junior	junyi	7.0	9.0
junyi.znVNbyVOWXo/XrF4bWN0DAWkAGmYu/jwUwO5BReUQxY=	【進階】多項式除法運算;lcsh.sh85038612	http://id.loc.gov/authorities/subjects/sh85038612	Polynomial Division Operations		math;junior	junyi	7.0	9.0
junyi.DZOzPkrGKGiWZ0ZEIezqQG1SVtsv7aigoWyf1AIB7X0=	【進階】多項式及相關名詞		Polynomials and Related Terminology		math;junior	junyi	7.0	9.0
junyi.OnOsto+ftuylNECIWNGMBEpa8RoJ39dz4+95nFUtmE4=	【基礎】一元一次方程式;junyi.bd5nps07t0OtRxZxiwM39yi9o6qmxUkuW5g46/PKjeo=;【進階】一元一次方程式;junyi.KRXigmwLKxDb5f7nG9tNMvk7+Ccz8OTTLR5foLjtOY4=;【一般】一元一次方程式;lcsh.sh85044522	http://id.loc.gov/authorities/subjects/sh85044522	Linear Equations in One Variable		math;junior	junyi	7.0	9.0
junyi.GWrfasljlyqZ+UNT8MRgzzxZcKQFFHyQVMnG7T7Wre8=	【基礎】代數式的簡記;lcsh.sh85082126	http://id.loc.gov/authorities/subjects/sh85082126	Notation of Algebraic Expressions		math;junior	junyi	7.0	9.0
junyi.ad/P0gKMpXTOaZ/ShZQX2Y5m7BBidPE5CT858fakoAo=	【基礎】以代數式表示數量關係;junyi.cvjFCVBHPMRGgHN646n278rct/tKIPgmtYIu9XsyGe0=;【一般】以代數式表示數量關係		Representing Quantity Relationships with Algebraic Expressions		math;junior	junyi	7.0	9.0
junyi.30tNTRnlyLs5r1ni/Lc0PMtHJajnPKrAhD37ZIOoIQQ=	【基礎】代數式的值;junyi.Gxwblz42IsMsZNyQ/o1AOV2zvb9lGbE/lk8NAHtE3uc=;【一般】代數式的值		Values of Algebraic Expressions		math;junior	junyi	7.0	9.0
junyi.8jkEHU4ZGZRzZmBTkQGDvsyLjZIUExZmATnB5Xh7RnE=	【基礎】一元一次式的加減運算		Addition and Subtraction of Linear Expressions		math;junior	junyi	7.0	9.0
junyi.KgVjZvzzM9YeUr6YdniKOUEu5U9A1qHrbdthvkqUg0s=	【基礎】一元一次式的乘除運算		Multiplication and Division of Linear Expressions		math;junior	junyi	7.0	9.0
junyi.e0+hFijqTJTOfBIL9insE6M7fh8UL201r+EDBi9M2Vw=	【基礎】一元一次方程式的意義與列式		Meaning and Formation of Linear Equations		math;junior	junyi	7.0	9.0
junyi.aaltH7YODgrsZuZYKu16qokv/Z+TofzVxU6Ai/dDhl8=	【基礎】一元一次方程式的解		Solutions of Linear Equations		math;junior	junyi	7.0	9.0
junyi.OjIombrPy9hCBI5SbBeZHRWfcXoVRZAN8p6p28nQDfQ=	【基礎】用等量公理解方程式：加法、減法		Solving Equations Using Equality Property: Addition and Subtraction		math;junior	junyi	7.0	9.0
junyi.FGPC2guShr0Gk55qXrzvUeeAunh9m5xf7lFMutk2foU=	【基礎】用移項法則解方程式：整數係數		Solving Equations Using Transposition: Integer Coefficients		math;junior	junyi	7.0	9.0
junyi.KzqwnxUK+iRBndR+lzXwahSLXmETUnzgdJOrYdF4zxU=	【基礎】用移項法則解方程式：分數係數		Solving Equations Using Transposition: Fractional Coefficients		math;junior	junyi	7.0	9.0
junyi.lNrVQ1xnsnsWvtrLukPSOek8Go6yuhzXiDuwKdSMa58=	【基礎】用移項法則解方程式：去括號		Solving Equations Using Transposition: Removing Parentheses		math;junior	junyi	7.0	9.0
junyi.vbfF+FocMgYeYyHLA80N4d9gMts+9/pmqj80PmM6wFk=	【基礎】用等量公理解方程式：乘法、除法		Solving Equations Using Equality Property: Multiplication and Division		math;junior	junyi	7.0	9.0
junyi.T2hI5mqqogezvse00UeJHgHc3DDK1vrGyyn7Z6IIpsM=	【基礎】倍數問題		Multiple and Ratio Problems		math;junior	junyi	7.0	9.0
junyi.9Xac/b9GDl8fIMKKSkRMpyot1KsrqcJ/hE/axKQRwH8=	【基礎】生活消費問題;lcsh.sh85031497	http://id.loc.gov/authorities/subjects/sh85031497	Consumer Spending Problems		math;junior	junyi	7.0	9.0
junyi.X1afKm2XO2cxQD9qw6cTUXRW2hrgPrfOGaduO3zsrqM=	【基礎】數量問題;junyi.toEj9DQe3d6eCqpUhPzaRUzZjuvoB6uu27TxH+ermwU=		Quantity Problems		math;junior	junyi	7.0	9.0
junyi.QjpkOpuGWH0UnITA2wpaRypYPOTnkGJFcYezuYGtYuM=	【基礎】分配問題;junyi.RHcmN3mTXkmYbY1GZpG9Rrtjg8Jahs0zXkFyLBy/ekc=;【一般】分配問題;dbpedia.Discrete_distributions	http://dbpedia.org/resource/Category:Discrete_distributions	Distribution Problems		math;junior	junyi	7.0	9.0
junyi.+tX4n52MmDdJGGzRnY7I7jEoynqRl6k1jAnonznfs7Q=	【基礎】年齡問題;dbpedia.Age_error	http://dbpedia.org/resource/Category:Age_error	Age Problems		math;junior	junyi	7.0	9.0
junyi.CejMfdLJACR3d5PBzF/nALE8oDLqufdT1ThGCWBAtzs=	【基礎】折扣問題;lcsh.sh85038355	http://id.loc.gov/authorities/subjects/sh85038355	Discount Problems		math;junior	junyi	7.0	9.0
junyi.FOZdPAbVSKKgrQXyJeHVAVOYrXr2K5t8OYG1fJ/+Ex0=	【基礎】解的合理性;junyi.49sbTmIMLfubZ+jwrUcdiWu5DciVkyQyCxSDPZcKAgk=;【一般】解的合理性		Reasonableness of Solutions		math;junior	junyi	7.0	9.0
junyi.vANSd42hTmOLeN7SdvJlNigKaY6CjHCx2iVDaWBVKgE=	【一般】一元一次式的四則運算		Arithmetic Operations on Linear Expressions (General)		math;junior	junyi	7.0	9.0
junyi.t01hjun7X39jNVm5uQ4Zim5uJ7au2kSCDtgaN5TBBR4=	【基礎】一元二次方程式的解;lcsh.sh85044517	http://id.loc.gov/authorities/subjects/sh85044517	Solutions of Quadratic Equations		math;junior	junyi	7.0	9.0
junyi.S9X2EjiG3ZyYzP5GckQ0s4bkH4Sz1X3NSre3vniBFw8=	【基礎】提單項公因式		Extracting monomial common factors		math;junior	junyi	7.0	9.0
junyi.Ksao1OzuQrrxT6tlJ/URlJ5P6Fi0NsFEL/yG31harfo=	【基礎】利用十字交乘法解方程式		Solving equations using cross multiplication method		math;junior	junyi	7.0	9.0
junyi.3d6TySgzpTTKAQOg92jopidAKHKVBDpBnxMb8Sj9qZs=	【基礎】利用平方差解方程式;lcsh.sh85044517	http://id.loc.gov/authorities/subjects/sh85044517	Solving equations using difference of squares		math;junior	junyi	7.0	9.0
junyi.5kSVSkNPjZ9e2yxsfdxafAY9krIn0DXQ6ltiytN0CPU=	【基礎】展開後再求解		Expanding then solving		math;junior	junyi	7.0	9.0
junyi.x37TFkKPkx7jWPaTY+41UeSFOmMoZB7jw3UiTm8ZMGM=	【基礎】變換符號解方程式;lcsh.sh85044511	http://id.loc.gov/authorities/subjects/sh85044511	Solving equations by changing signs		math;junior	junyi	7.0	9.0
junyi.blcaSZRDQfHg6i4RKYRvO7/D6wVIL6rGsyTJtdOElCg=	【基礎】一元二次方程式的判別;junyi.xqUFQGqV26XnOt6wrAeKn6kM6Duc18fKQsh+1YnzaUo=;【基礎】二次方程式的判別式;lcsh.sh85038374	http://id.loc.gov/authorities/subjects/sh85038374	Discriminant of quadratic equations		math;junior	junyi	7.0	9.0
junyi.t0ecyrPtga+CgNqPsmtLQkYiw6JQE9TK0eIlMebASeU=	【基礎】提公因式 ax+b		Extracting common factor ax+b		math;junior	junyi	7.0	9.0
junyi.qAxhX2oiVk/7ZL78L/aygBfw+dbSxNbYUQKRY8byEUo=	【基礎】利用和或差的平方解方程式		Solving equations using perfect square trinomials		math;junior	junyi	7.0	9.0
junyi.0scVV//lTsPR9BCw3T2WDN6f9c0ASzANn/bUBJM4+gI=	【基礎】已知方程式一解，求方程式另一解;dbpedia.Final_Solution	http://dbpedia.org/resource/Category:Final_Solution	Finding the other solution given one solution		math;junior	junyi	7.0	9.0
junyi.EeGMnhrm4kMsHkyciCkRHDKmLKUY/jHQd5H7C/vPDNM=	【基礎】利用平方根解一元二次方程式：方程式的解沒有根號		Solving quadratic equations using square roots: solutions without radicals		math;junior	junyi	7.0	9.0
junyi.4+ldnKTcBGARW+MU2EyI+NRoyL2s/Mi8v7Po4+/RR6Y=	【基礎】利用配方法解一元二次方程式：二次項係數為 1;lcsh.sh85044517	http://id.loc.gov/authorities/subjects/sh85044517	Solving quadratic equations by completing the square: leading coefficient 1		math;junior	junyi	7.0	9.0
junyi.oujB8OrUofV7wuIygS0fGGodg6zwhEMNdNDLD2bzHhY=	【基礎】利用配方法解一元二次方程式：二次項係數不為 1		Solving quadratic equations by completing the square: leading coefficient not 1		math;junior	junyi	7.0	9.0
junyi.GQxT3JGAhbU5cjX/+o/dFINzhYOTlP9i7GeQGgOIfHs=	【基礎】先移項，再利用平方根解一元二次方程式：方程式的解有根號		Solving quadratic equations using square roots after transposing: solutions with radicals		math;junior	junyi	7.0	9.0
junyi.oX4x/m50Ln6LFrVAAgXT4aeeS7iOsjP5iG3MDVO35is=	【基礎】常數項很大的一元二次方程式;lcsh.sh85044517	http://id.loc.gov/authorities/subjects/sh85044517	Quadratic equations with large constant terms		math;junior	junyi	7.0	9.0
junyi.R+PA0n0gNtg8uHV6dQ5TLW+3WEt2Bac2ak0mDoaL9f0=	【基礎】判別式的應用;lcsh.sh85038374	http://id.loc.gov/authorities/subjects/sh85038374	Applications of the discriminant		math;junior	junyi	7.0	9.0
junyi.Mp4dXv8p6ukOHl3zEXKwRT/DJ1jn+U/fHT3Km+vjH6g=	【一般】一元二次應用題：幾何類;lcsh.sh85109414	http://id.loc.gov/authorities/subjects/sh85109414	Quadratic application problems: geometry		math;junior	junyi	7.0	9.0
junyi.QMSnwGbK7tYBNz9p869x0lrxHkB6Yd1EQcOqjCuLujU=	【一般】一元二次應用題：數量類;lcsh.sh85109414	http://id.loc.gov/authorities/subjects/sh85109414	Quadratic application problems: quantity		math;junior	junyi	7.0	9.0
junyi.FR4KFXSJBwuu1LqaZRVJs+gv6d7T8mqibchrQhNvAKc=	【基礎】認識函數的對應關係;dbpedia.Functions_and_mappings	http://dbpedia.org/resource/Category:Functions_and_mappings	Understanding function correspondence		math;junior	junyi	7.0	9.0
junyi.CEQr505iIq/1Tu39ojlsHXf7Y+jMalnhWU126UWdgyI=	【基礎】函數求值;dbpedia.Evaluation_methods	http://dbpedia.org/resource/Category:Evaluation_methods	Function evaluation		math;junior	junyi	7.0	9.0
junyi.jw8OL6LfnyWsdxIIZhy1YgMUrD3jub8kSMulJZffG6U=	【基礎】從函數圖形認識函數值		Understanding function values from graphs		math;junior	junyi	7.0	9.0
junyi.K1JDDj+chCE/ZH5wzdraQHI2j52Nzy0JBJmeLOgq3vc=	【基礎】線型函數圖形的繪製		Graphing linear functions		math;junior	junyi	7.0	9.0
junyi.czwYNtatxXTkGd58zAmjHhwFS0+fjoCGpWJdrG2FPJ0=	【進階】一次函數與常數函數的圖形與應用		Graphs and applications of linear and constant functions		math;junior	junyi	7.0	9.0
junyi.Eqh3rtLupSh4OZOBfz/QwrSxbdbPLXAGP3luGcRi7Kk=	【進階】線型函數的應用		Applications of linear functions		math;junior	junyi	7.0	9.0
junyi.8k+9SvG1ONpORy6T3RZLB31a0oaYmZCZLbpxKfRT180=	【一般】函數關係式;junyi.yNZkf4iG5MD4X39lSv9FyBiCLLRauEz4BYFx+p8XxvQ=;lcsh.sh85052318	http://id.loc.gov/authorities/subjects/sh85052318	Function equations		math;junior	junyi	7.0	9.0
junyi.MI2RiivkQ8/bMsM+kVBZJpnZHfd2EWxrnY4/dl/VBKA=	【一般】函數值的計算;lcsh.sh85093244	http://id.loc.gov/authorities/subjects/sh85093244	Computing function values		math;junior	junyi	7.0	9.0
junyi.tDKyHKjiaYS/9r2OSVnPQ7tSPPSNRYT9jWOZCemk7/8=	【一般】一次函數的觀念判斷		Conceptual understanding of linear functions		math;junior	junyi	7.0	9.0
junyi.3yFVYhjNhMP7tnJJxuCoKfPObXOoeoA5CWP2jeb05pw=	【一般】函數值的應用		Applications of function values		math;junior	junyi	7.0	9.0
junyi.voXzLrgpNaTssnERUsWHe8i5qAk+0Mev4EacAigUwIk=	【一般】由圖形求線型函數		Finding linear functions from graphs		math;junior	junyi	7.0	9.0
junyi.fE04LEEwnBo+HjQx10Ikc5iW8dGBbjfZuxqEt31yeaA=	【一般】線型函數圖形的係數判別		Identifying coefficients in linear function graphs		math;junior	junyi	7.0	9.0
junyi.sF5/ooX9Coeoi4ZQqBvtNL1W15RujzkLLPDIHAh3sIA=	【一般】線型函數圖形的交點;lcsh.sh98006983	http://id.loc.gov/authorities/subjects/sh98006983	Intersection points of linear function graphs		math;junior	junyi	7.0	9.0
junyi.afFEQbum8M2N2a175IzVSs8+P894DSA/3Y10COWsVeA=	【一般】有限制條件的函數圖形		Function graphs with restrictions		math;junior	junyi	7.0	9.0
junyi.UV/JR6UaacYCmtRkgf+fISD6dzm7gIQwTfyFEd5m490=	【一般】函數圖形的應用問題		Application problems involving function graphs		math;junior	junyi	7.0	9.0
junyi.0hKXPT2iK/182EPLj3c5qePYUT84KU4JI+P/t6nnmBk=	【基礎】一元一次不等式;junyi.0jLx3N/h3zT921WmSVhS4e0TPADpzOygjsvjtTOolmc=;【進階】一元一次不等式;junyi.SQMgGY6bpDnpHTx2hEwNomSPUK2IpSvmaAXUKpx7+pI=;【一般】一元一次不等式;lcsh.sh94002353	http://id.loc.gov/authorities/subjects/sh94002353	Linear inequalities in one variable		math;junior	junyi	7.0	9.0
junyi.Za+UP8i5RYOzsfA98cUkUzKWLYcmHOg7TpQTWUNg1is=	【基礎】認識常見不等式關鍵字		Understanding common inequality keywords		math;junior	junyi	7.0	9.0
junyi.zh/Ht6E99DfEW1ZtC/mgD6MmKmVQEiH09UOhX+Dz3rI=	【基礎】列出一元一次不等式		Writing linear inequalities		math;junior	junyi	7.0	9.0
junyi.tiLwNbKNBTH/JttT2Z5fA/wezgf65zakDT1fSS4Onjo=	【基礎】判別一元一次不等式的解		Identifying solutions to linear inequalities		math;junior	junyi	7.0	9.0
junyi.8pMUDp4kBRtzPo1x8x6E3RZvxvLworxgH8lF8X/YHEg=	【基礎】圖示一元一次不等式的解 1		Graphing solutions to linear inequalities 1		math;junior	junyi	7.0	9.0
junyi.Gac0tsJ6sYFX0zK9L6kkirwp3tvIjB7XfBt/4n74c60=	【基礎】解一元一次不等式 1;lcsh.sh94002353	http://id.loc.gov/authorities/subjects/sh94002353	Solving linear inequalities 1		math;junior	junyi	7.0	9.0
junyi.Qo3teiynihSpD4R1XtUH9HqLDtvdWpneGpSfDR1fSto=	【一般】 一元一次不等式的觀念		Concepts of linear inequalities		math;junior	junyi	7.0	9.0
junyi./acOsfJkQuYuDq5UjkRrojhkbUcIgia4SvjKpo1v0pI=	【一般】解一元一次不等式;lcsh.sh94002353	http://id.loc.gov/authorities/subjects/sh94002353	Solving linear inequalities		math;junior	junyi	7.0	9.0
junyi.Av3E5D+JWfyHjDr2vSsiW200MsgBmim5sLZc4UBQM/0=	【一般】不等式的應用;dbpedia.Geometric_inequalities	http://dbpedia.org/resource/Category:Geometric_inequalities	Applications of inequalities		math;junior	junyi	7.0	9.0
junyi.sZzqvkCEVEK4DRlsw4qO8upL5iffeB996S09fm5pMco=	【一般】圖示一元一次不等式的解 2		Graphing solutions to linear inequalities 2		math;junior	junyi	7.0	9.0
junyi.jzyFMCUW6ZcfKY1QjrGkroMDhsSaehgk/yAfsIi7Yqs=	【一般】解一元一次不等式 2;lcsh.sh94002353	http://id.loc.gov/authorities/subjects/sh94002353	Solving linear inequalities 2		math;junior	junyi	7.0	9.0
junyi.AOPJ6VAg/KKkFJJKSu/lQV/vvzgscheE8m81+R3ZzIQ=	【一般】解不等式及圖示其解		Solving inequalities and graphing solutions		math;junior	junyi	7.0	9.0
junyi.MLd1zG5xQjPdScBoMFYa9Hj+Y3upNMhxFLidC8v2AmM=	【一般】解兩個不等號的不等式及圖示其解		Solving compound inequalities and graphing solutions		math;junior	junyi	7.0	9.0
junyi.EiOn32wcldy/0j20uRGp8a2BWA9tBLVZiul1Z67Shxk=	【一般】已知不等式條件求範圍;lcsh.sh85111360	http://id.loc.gov/authorities/subjects/sh85111360	Finding ranges given inequality conditions		math;junior	junyi	7.0	9.0
junyi.lJa8pFWndfotoKPXOGmjPMwYR4olU7viRy2gAKzJb20=	【一般】不等式的應用問題;lcsh.sh94009499	http://id.loc.gov/authorities/subjects/sh94009499	Application problems involving inequalities		math;junior	junyi	7.0	9.0
junyi.fkYHSXvk0VmYunyFLG74H16A4P9WX6Cx2MMKpQcvVNQ=	【基礎】判別二次函數- 即將下架		Identifying quadratic functions		math;junior	junyi	7.0	9.0
junyi.lPqS7vvN6keLg+WxwQ7LhK/W2VR9OLpakcefYcleLn4=	【基礎】單項型的二次函數圖形 - 即將下架		Graphs of monomial quadratic functions		math;junior	junyi	7.0	9.0
junyi.bx+6BdRWpHzjw2lzHZq06pywvvL/Q1TL+gEZL5lhy7Y=	【基礎】二次函數圖形開口方向及大小;lcsh.sh85097722	http://id.loc.gov/authorities/subjects/sh85097722	Direction and width of parabolas		math;junior	junyi	7.0	9.0
junyi.O+qdSyYcmKAzs4PPZikdBQWMw5MMHcW5ROV8s8sFljc=	【基礎】二次函數 y=ax^2+k 的圖形 - 即將下架		Graphs of y=ax^2+k		math;junior	junyi	7.0	9.0
junyi.NoSFhTWBKqUGlYjm2smtD46bykxeTrKtsQuV3y6aJQ0=	【基礎】二次函數 y=a(x-h)^2 的圖形 - 即將下架		Graphs of y=a(x-h)^2		math;junior	junyi	7.0	9.0
junyi.6/W9+pVrE9AFh807PuW/my0HtmEcry1j37kEec96OoU=	【基礎】用配方法繪製二次函數：x^2 係數為1		Graphing quadratic functions by completing the square: x^2 coefficient 1		math;junior	junyi	7.0	9.0
junyi.d78kpes0fgN20aS/f8XWcwktKDL/e+vtWguyMOrdHbw=	【基礎】y=a(x-h)^2 +k 型的極值 - 即將下架		Extreme values of y=a(x-h)^2+k		math;junior	junyi	7.0	9.0
junyi.C909uiishGWZRTfgsev1IhCjyL0gUD0ph9QKAYE+2DE=	【基礎】二次函數：數值問題 - 即將下架;lcsh.sh85044517	http://id.loc.gov/authorities/subjects/sh85044517	Quadratic functions: value problems		math;junior	junyi	7.0	9.0
junyi.eVnUwCnYPCD+UvlFn/2t7HsPe+up0G0F8cznv/+R/a4=	【基礎】二次函數：面積的極值 - 即將下架		Quadratic functions: extreme values of area		math;junior	junyi	7.0	9.0
junyi.bGhEHzDDpgeN/wftiCCViepN+b6lTXEnxj1/8DxWeZ4=	【基礎】二次函數：定價與銷售量 - 即將下架;lcsh.sh2007005948	http://id.loc.gov/authorities/subjects/sh2007005948	Quadratic functions: pricing and sales		math;junior	junyi	7.0	9.0
junyi.nDwmEHmpKe7ktc7gphnloA5Qcjt2UFcu89G8HJ/EyoQ=	【一般】二次函數圖形的應用- 即將下架		Applications of quadratic function graphs		math;junior	junyi	7.0	9.0
junyi.ZfOvxkOK32fpHT6LuZQ7Iy1BUbJm78JuTpNnvl/t5HE=	【一般】用配方法繪製二次函數：一般式 - 即將下架		Graphing quadratic functions by completing the square: general form		math;junior	junyi	7.0	9.0
junyi.fC9kCqQqWNfROUPdgfDgMz44LI9SzI6Ka00bolSA2/I=	【一般】y=ax^2+bx+c 型的極值 - 即將下架		Extreme values of y=ax^2+bx+c		math;junior	junyi	7.0	9.0
junyi.Pj38dvOZ+H6eylMm22y2HUPJ/2MqKuSTsaOIkGFdExM=	【一般】二次函數圖形與 x 軸的交點個數 - 即將下架		Number of x-intercepts of quadratic function graphs		math;junior	junyi	7.0	9.0
junyi.RLVg2oNL54gAjL5WK5vK9JDSj1xUds0tDwVqAAfDTxg=	【一般】二次函數：拋體運動 - 即將下架;lcsh.sh85107375	http://id.loc.gov/authorities/subjects/sh85107375	Quadratic functions: projectile motion		math;junior	junyi	7.0	9.0
junyi.YXMFRXPpfMq0dR1ji3gtHLMvc080j2c2AF52HbRm7O4=	【一般】二次函數：拱橋問題 - 即將下架		Quadratic functions: arch bridge problems		math;junior	junyi	7.0	9.0
junyi.fw1/GoseFhHX1yH+qmBYplRxoAishYQPUm39HhXVIgg=	【基礎】因式分解;lcsh.sh85046842;dbpedia.Factoring;wd.Q188804;lcsh.sh85046846	http://id.loc.gov/authorities/subjects/sh85046842;http://dbpedia.org/resource/Category:Factoring;https://www.wikidata.org/wiki/Q188804;http://id.loc.gov/authorities/subjects/sh85046846	Factoring		math;junior;lcsh;business;dbpedia	junyi	7.0	9.0
junyi.YCBDRftfzwiEL3TgdJIBFRRVKPJU3ZdlRy3jNdXYO3w=	【基礎】找出公因式;lcsh.sh85046846	http://id.loc.gov/authorities/subjects/sh85046846	Finding common factors		math;junior	junyi	7.0	9.0
junyi.EC3mXr36NXo2Y460UNktlpNHH4fmUjKYq/yDyy6NXUw=	【基礎】提公因式做因式分解;lcsh.sh85046846	http://id.loc.gov/authorities/subjects/sh85046846	Factoring by extracting common factors		math;junior	junyi	7.0	9.0
junyi.xqsA8iAEMS23iTamqyxrcPqpN9mMeybGKfFYVSTBBXI=	【基礎】重新分組提公因式		Regrouping to extract common factors		math;junior	junyi	7.0	9.0
junyi.s8wFEbIjj7l7GebegKyLlX7a4MHtSXocDaHEJu0soD8=	【基礎】利用平方差公式做因式分解 1		Factoring using difference of squares formula 1		math;junior	junyi	7.0	9.0
junyi.Ybd/zfRZPKlB4rPFPmqgjUOxkC9KP7WFThltU3wWFOo=	【基礎】利用平方差公式做因式分解 2		Factoring using difference of squares formula 2		math;junior	junyi	7.0	9.0
junyi.QZYEX3iUClUnuqodly/8KADAcMRs+hjzmHD61g1apGg=	【基礎】利用和的平方公式因式分解;junyi.q+qhddeoPj+932QSq5bGBAzgqT4XtW74phrSiM/jfw8=;【基礎】利用差的平方公式因式分解;junyi.i+WBqYjpHnnT036NunBEGVrujLPLey7WKD8K0OXapNM=;【進階】運用和與差的平方式因式分解		Factoring using perfect square trinomial (sum)		math;junior	junyi	7.0	9.0
junyi.khOJBYjD96rDUWMEwdvjKMsGVcKds/Lpjh1KbkxeROY=	【基礎】先提公因式再利用乘法公式因式分解;lcsh.sh85046846	http://id.loc.gov/authorities/subjects/sh85046846	Factoring by extracting common factors then using formulas		math;junior	junyi	7.0	9.0
junyi.837V238PE+WJU81/8PpBu5ac7OXNU68cfC9XrqOMp2o=	【基礎】綜合運用乘法公式因式分解;lcsh.sh85046846	http://id.loc.gov/authorities/subjects/sh85046846	Factoring using multiple formulas		math;junior	junyi	7.0	9.0
junyi.HiffIWPAC1YJDwu8WRYatMOmxW/ufbs1/6A6HoWj1dU=	【基礎】十字交乘法：常數項係數為正		Cross multiplication method: positive constant term		math;junior	junyi	7.0	9.0
junyi.sbRL5aKtZBIUbbb8mbJqn1Zi8nvOprK9WY8NWGHonA0=	【基礎】十字交乘法：常數項係數為負		Cross multiplication method: negative constant term		math;junior	junyi	7.0	9.0
junyi.a3dIrvVFRsNUndL0o6tSC2evd4XhhCObHWe0OO0WemU=	【基礎】十字交乘法：二次項係數不為 1		Cross multiplication method: leading coefficient not 1		math;junior	junyi	7.0	9.0
junyi.B1sKmLxXJgGq4v5V6OiiviSQvlRRVdG+VPhw5mtnB2A=	【基礎】先提出係數的公因數再做因式分解		Factoring by extracting GCD of coefficients first		math;junior	junyi	7.0	9.0
junyi.DVBcyBb/39zS15rRE/1kw6f60ixtFIs83UFgKIrKv7c=	【基礎】變換符號，做十字交乘法		Cross multiplication method with sign changes		math;junior	junyi	7.0	9.0
junyi.SkN/5zphtv5ctUPsh3QRmLCj0yp23MT9pzr5EDFZe/8=	【基礎】利用係數的特性：奇數、偶數		Factoring using properties of odd/even coefficients		math;junior	junyi	7.0	9.0
junyi.3PSp+aLiSSlNgI+ZmYAMp/CUwJpbtLr21j9xOVFbKho=	【進階】運用平方差公式因式分解		Factoring using difference of squares (advanced)		math;junior	junyi	7.0	9.0
junyi.1e/leswSLZ3mYyWZriPrPDY2EoN3wwCXPbjTUX5aYW8=	【進階】利用十字交乘法因式分解		Cross multiplication factoring (advanced)		math;junior	junyi	7.0	9.0
junyi.QmVklaXAga6VIQ+lpYkCclWpaUrgeJABVDnm+XFhXB0=	【例題】利用平方公式因式分解：係數帶有新文字符號		Factoring using perfect square formulas: coefficients with new variables		math;junior	junyi	7.0	9.0
junyi.m6DnlS38gmb+QFf7102iqmQim9m7dKlTfZ7bPLN+Ato=	【一般】十字交乘法：常數項有多個因數		Cross multiplication method: constant term with multiple factors		math;junior	junyi	7.0	9.0
junyi.SPmFV4RvUZLm41Gfgt8kBm8u6VzSl1tNcT5BsAQvMls=	【一般】提出分數係數;lcsh.sh91002088	http://id.loc.gov/authorities/subjects/sh91002088	Factoring out fractional coefficients		math;junior	junyi	7.0	9.0
junyi.v82Gd4uP/xcTasSq+nvw7cWkEDEigud4yXgwp4hOh2I=	【一般】平面直角坐標的基礎概念		Fundamental concepts of rectangular coordinates		math;junior	junyi	7.0	9.0
junyi.TKDAjftSYyI2PNmAkXdInD39P5BcPNa6a+qx0fxm4RA=	【基礎】找出點坐標		Finding point coordinates		math;junior	junyi	7.0	9.0
junyi.NoskBq4Br1/gsHaS0Pkuhdx67DlKfRiCcj2jMAWpRS8=	【基礎】點坐標到x、y軸的距離		Distance from point coordinates to x and y axes		math;junior	junyi	7.0	9.0
junyi.Y/3Ni8Hqpn0fTKF+ZASK6Bpn/wyoF0isUcBEeF5fPiU=	【基礎】依據點坐標描點		Plotting points from coordinates		math;junior	junyi	7.0	9.0
junyi.JX8VtWTwbrh5ibmIbFVUWpUPiQ+0rW+HGVOz7RD0W4c=	【基礎】依性質符號判斷象限		Determining quadrants by sign properties		math;junior	junyi	7.0	9.0
junyi.UJx6vGY4lwuup0V3VTTKZmE76AogRe5ecQHc+Yly1YM=	【基礎】二元一次方程式的解與圖形上的點		Solutions of linear equations in two variables and points on graphs		math;junior	junyi	7.0	9.0
junyi.2asf2uduG+FkuOfdP8cHt1SZjfjhNwqotGgnVZXKiuQ=	【進階】坐標平面的概念題;dbpedia.Three-dimensional_coordinate_systems	http://dbpedia.org/resource/Category:Three-dimensional_coordinate_systems	Coordinate plane concept problems (advanced)		math;junior	junyi	7.0	9.0
junyi.IEMYaVfcWrRohEaMdaspvChKtdAfFIeDu5dOMwU5tUE=	【一般】判斷坐標平面點的距離;lcsh.sh85038508	http://id.loc.gov/authorities/subjects/sh85038508	Distance between points on coordinate plane		math;junior	junyi	7.0	9.0
junyi.nqzgl42VGCsfvLZy5eYGwqYuXblo5zIhTfjUMt6Kv7Y=	【一般】坐標平面上點的移動;lcsh.sh85032234	http://id.loc.gov/authorities/subjects/sh85032234	Point translation on coordinate plane		math;junior	junyi	7.0	9.0
junyi.GPPZXkxbs0qmtzPG952Kt89U6p108D097EKpuuHk2Kw=	【一般】二元一次方程式的解與圖形		Solutions and graphs of linear equations in two variables		math;junior	junyi	7.0	9.0
junyi.b1IGwey9JYxxOGjLTGRvkWIsfmIlerNqghEc8OtDB8o=	【一般】坐標平面上的平移;lcsh.sh85136964	http://id.loc.gov/authorities/subjects/sh85136964	Translation on coordinate plane		math;junior	junyi	7.0	9.0
junyi.tBo6ECyT8IlKAM8UhQHWkqv92PRLcSiwuerfC7vNX+w=	【一般】判斷直線通過的象限		Determining quadrants through which a line passes		math;junior	junyi	7.0	9.0
junyi.oNIM1eH6FUaiqw9ZJSkRfnJ3jbGUx8QoWBTNq/mmB5E=	【一般】求過已知點的直線		Finding a line through a known point		math;junior	junyi	7.0	9.0
junyi.oA2Mmn3NImJPql4w+/mtQhYJopaJDLagBcvQ7o7Ej9s=	【一般】聯立方程式恰有一組解		System of equations with exactly one solution		math;junior	junyi	7.0	9.0
junyi.Cfvrgm1Xt18sIEZ4kpSnePUQfJFC6uDZ281lZ6A7m+U=	【一般】聯立方程式無限多組解、無解		System of equations with infinitely many solutions or no solution		math;junior	junyi	7.0	9.0
junyi.Lvy3d56mLmoLgxzNCF8tmLRCNBaq0S/ZQXkG5viaWX4=	二元一次聯立方程式的基礎概念		Fundamental concepts of systems of linear equations in two variables		math;junior	junyi	7.0	9.0
junyi.wXoFQMmHnMGZXrHfDmiM9pkDKC69Ma8aLEN5Xn/CVv0=	【基礎】二元一次式的列式;junyi.piY6Rtl4scHsQEvP2kKvqjK8pOEnNJuHNijb/bxPCSw=;二元一次式列式		Setting up linear expressions in two variables		math;junior	junyi	7.0	9.0
junyi.rWyTBc21lUbZZOxzXwmYY6yQCzZdvnkrd7TYKnb2mkc=	【基礎】二元一次式的化簡：合併同類項		Simplifying linear expressions in two variables: combining like terms		math;junior	junyi	7.0	9.0
junyi.Zo5OH3GyWGn52CiWFk1qCg8zwtyTw2CzekYXwgDtx0Y=	【基礎】認識二元一次方程式		Understanding linear equations in two variables		math;junior	junyi	7.0	9.0
junyi.TxLf722uDU7ltT6N5kFlFl2wr9XwFTbcNCG3r5P1Hkk=	【基礎】二元一次方程式的列式		Setting up linear equations in two variables		math;junior	junyi	7.0	9.0
junyi.iO9aRlOBQNV0rwx+0/2SRlANvc87xhKd9Yff43mfDzk=	【基礎】認識二元一次聯立方程式與其解		Understanding systems of linear equations in two variables and their solutions		math;junior	junyi	7.0	9.0
junyi.O8HMQ+uWFY7AqdCEYgIDBl6+KBNIau8wuCUGPTVSrXA=	【基礎】代入消去法：y=ax		Substitution method: y=ax		math;junior	junyi	7.0	9.0
junyi.dL+vpyv8mp2L14ZNIt1k9tpwdFydZoov6EvnXSW4Dt4=	【基礎】加減消去法：兩式直接加減		Addition/subtraction method: direct addition or subtraction		math;junior	junyi	7.0	9.0
junyi.NUYjCvs6zBkoCO90jnqqPYhJ04GkmopjXV6JhCOLkOw=	【基礎】加減消去法：需乘除再加減		Addition/subtraction method: requiring multiplication/division before adding or subtracting		math;junior	junyi	7.0	9.0
junyi.sd/gIUfo7qpyKxmzyZZwkHqzIqSHblf6c1K/iHrd/FA=	【基礎】雞兔同籠		Chicken and rabbit problem		math;junior	junyi	7.0	9.0
junyi.WR85TYAmgzldheol7nA1RzEqixyhrnrQsG8iD/RhpHU=	化簡二元一次式		Simplifying linear expressions in two variables		math;junior	junyi	7.0	9.0
junyi.c0t5AkrKR7NWKeq1VVONr8Y04yJwdRPn/Qil5esGVUQ=	代入消去法解聯立方程式		Solving systems using substitution method		math;junior	junyi	7.0	9.0
junyi.3VfCWZFKH42xkwq4yzD7e3080d6sXtw7H8OM4GXFB/4=	加減消去法解聯立方程式		Solving systems using addition/subtraction method		math;junior	junyi	7.0	9.0
junyi.3C+qN0SBDoX18ZlkWCo9GhwnYOVQZ4S3XcPPwRLkOWU=	判斷二元一次方程式及幾組解		Identifying linear equations in two variables and number of solutions		math;junior	junyi	7.0	9.0
junyi.T+TdpKTtcckj1sM4MAUOU/taROWhuq1ZIiOoJbasmhg=	二元一次方程式的解;junyi.cv9POISG2CRsF6NgWLZALS9+KTAB25ASQhvveqRLYtM=;【一般】二元一次方程式的解		Solutions of linear equations in two variables		math;junior	junyi	7.0	9.0
junyi.OYK+8MJAblYDOgh2ohzoG1xT40feTLYvk/fAvdTktkI=	二元一次方程式的應用		Applications of linear equations in two variables		math;junior	junyi	7.0	9.0
junyi.GhFxv7BoAI++BrgjSP6mVEhEsO33gLRvb66hG7WW6iA=	【一般】二元一次式的化簡：分配律與多重括號		Simplifying linear expressions in two variables: distributive property and nested parentheses		math;junior	junyi	7.0	9.0
junyi.ofj2YfPcmy8LgkDZmnVRSjxKny4tFQmum9uEfub8URE=	【一般】二元一次式的化簡：分數型		Simplifying linear expressions in two variables: fractional form		math;junior	junyi	7.0	9.0
junyi.AinVdT3v40+Xkc6XK1PV8yd3nMSyxfXNylgOVqAUTuc=	【一般】代入消去法：y=ax+b		Substitution method: y=ax+b		math;junior	junyi	7.0	9.0
junyi.hORfMtOHyiNudQ4hjk2xrUaL/uU+G9Tn6ElVFNXh3Cc=	【一般】加減消去法 1		Addition/subtraction method 1		math;junior	junyi	7.0	9.0
junyi.M57I/0GVGuAMT7/cRvngV0AJF7YUWoBgB2+jdIZbSLo=	【一般】加減消去法 2		Addition/subtraction method 2		math;junior	junyi	7.0	9.0
junyi.tiIUNJuhqyg5QFheXTdIr63OSY8kp2q1F7ScUUvTPsk=	【一般】二元一次方程式解的情形		Cases of solutions for linear equations in two variables		math;junior	junyi	7.0	9.0
junyi.Z3Dy7GKG+3wjN6aJw7KVQxD+9q+PgN6WynGJfScaDXE=	【一般】平均濃度問題;lcsh.sh85029614	http://id.loc.gov/authorities/subjects/sh85029614	Average concentration problems		math;junior	junyi	7.0	9.0
junyi./ZG3Gxrc7wG0FWxYWExavs4ATbc0nu47cDYJAuQYVvc=	【一般】速度的應用問題		Application problems involving speed		math;junior	junyi	7.0	9.0
junyi.yQCMHCiSG6RrDzqfXFSue4eu3I7cE9ExTdPUJFwwGQk=	【一般】買反問題		Buying and selling problems		math;junior	junyi	7.0	9.0
junyi.uPxHwMXd5UwnfZuCmJPEZXMrFc82OGm2MzwjB6CWP54=	【一般】幾何求解問題;lcsh.sh85054126	http://id.loc.gov/authorities/subjects/sh85054126	Geometric solution problems		math;junior	junyi	7.0	9.0
junyi.n/Gg32Tsd7+amD+EE0JzXjRaDJSjJNN6mu0t7j1Pd4E=	【一般】分組問題;dbpedia.Grouping	http://dbpedia.org/resource/Category:Grouping	Grouping problems		math;junior	junyi	7.0	9.0
junyi.9mYZdVIanfb2q60ypmKFtC5A+DcaoFToPY67MkZPrxs=	讀長條圖與折線圖：基礎;lcsh.sh00001531	http://id.loc.gov/authorities/subjects/sh00001531	Reading bar charts and line graphs: basics		math;elementary	junyi	1.0	6.0
junyi.bL9LCeyWY9s37YHGGaajw9y6AvwkTvCxHwEL9prznXk=	【基礎】認識圓形圖		Understanding pie charts		math;elementary	junyi	1.0	6.0
junyi.wIsDMrI/eBE3OPuBThlLMMwauFehCay2ubzznnf0I2I=	讀長條圖與折線圖：進階;lcsh.sh00001531	http://id.loc.gov/authorities/subjects/sh00001531	Reading bar charts and line graphs: advanced		math;elementary	junyi	1.0	6.0
junyi.WMgUXcGDQCwsVgpqW00m0nL9vzTUYdkN6Cbdtg8M29k=	讀長條圖與折線圖：綜合;lcsh.sh00001531	http://id.loc.gov/authorities/subjects/sh00001531	Reading bar charts and line graphs: comprehensive		math;elementary	junyi	1.0	6.0
junyi.NNDeofPcfsq3nkylBjexLeCKrf/SETj91zj7YGiS0FE=	認識長條圖;dbpedia.Bar_chart_templates	http://dbpedia.org/resource/Category:Bar_chart_templates	Understanding bar charts		math;elementary	junyi	1.0	6.0
junyi.A4uyvCQoQk/eDtSbRh4VQSkKghw1lxAz3hTuikhchB8=	認識複雜的長條圖;dbpedia.Bar_chart_templates	http://dbpedia.org/resource/Category:Bar_chart_templates	Understanding complex bar charts		math;elementary	junyi	1.0	6.0
junyi.ssoD0v75OrrqwAKQZP0ePSDhxD9qGSJwqCyB5pd+O+4=	認識折線圖;dbpedia.Graph_drawing	http://dbpedia.org/resource/Category:Graph_drawing	Understanding line graphs		math;elementary	junyi	1.0	6.0
junyi.JLq4ipDD2gaVkE/NL1l6a3pfa1VXclx0VegIpE9bj5Q=	認識複雜的折線圖		Understanding complex line graphs		math;elementary	junyi	1.0	6.0
junyi.OKTWoAXQB4dzLEFSDU2mSMMKG6VxaLq5vqLpTTVFgeo=	【基礎】生活中的表格綜合習題;junyi.ierVgp9Aw3orfAmQMe77mB+wYdaV6fK6Vy3vmvs6Ods=;【一般】生活中的表格綜合習題;lcsh.sh91001998	http://id.loc.gov/authorities/subjects/sh91001998	Tables in everyday life: comprehensive practice (basic)		math;elementary	junyi	1.0	6.0
junyi.GXHkSyhWAOB0hH/wOko5D5pr0II7SUPrjnejCj98N8k=	【基礎】一維表格：價格表、電視節目表		One-dimensional tables: price lists and TV schedules		math;elementary	junyi	1.0	6.0
junyi.AqtrGa+Qvhqa4wB01SqXoQf7HJKNBmJRrvl6F9s1ANE=	【基礎】一維表格：各班人數表、圖書分類表		One-dimensional tables: class enrollment tables and book classification tables		math;elementary	junyi	1.0	6.0
junyi.GkU4YRR5l1jeRDOWNQmr37Lv5G6jR8z3dHRsRgLiyts=	【基礎】二維表格：功課表、各年級人數表		Two-dimensional tables: assignment schedules and grade-level enrollment tables		math;elementary	junyi	1.0	6.0
junyi.mWLymE1Nkn97ABCS6bLlR35/Hk/RnkkXXFmQaVMAFTQ=	【基礎】二維表格：火車時刻表、火車票價表		Two-dimensional tables: train schedules and train fare tables		math;elementary	junyi	1.0	6.0
junyi.fuM14IacAZTrOR0wL7pjHs3d+dmNJ7EMH4s6iLNNg7A=	【基礎】二維表格：食物營養標示、資源回收統計表、天氣預報表		Two-dimensional tables: nutrition labels, recycling statistics, and weather forecasts		math;elementary	junyi	1.0	6.0
junyi.+cLbiKkV7+VhNPr7OGG3B3kPpZ8er0mvFvqPbM/gm+E=	點與線、線與線距離;lcsh.sh85038508	http://id.loc.gov/authorities/subjects/sh85038508	Distance between points and lines, and between lines		math;senior	junyi	10.0	12.0
junyi.HniUZmsvDs7UGkQACuak9ZIBo5uVv1BxZT8RHR/uGhY=	【基礎】數的四則運算;dbpedia.Binary_operations	http://dbpedia.org/resource/Category:Binary_operations	Four basic operations with numbers		math;junior	junyi	7.0	9.0
junyi.OnztoLe/KRAGCzT1fhys2SSvoBd4VIDTcFpP5fMpU68=	【基礎】判別 3、9、11 的倍數;lcsh.sh85093212	http://id.loc.gov/authorities/subjects/sh85093212	Divisibility tests for 3, 9, and 11		math;junior	junyi	7.0	9.0
junyi.TyoVFxBv3mKmQSTdiIfM1t4wORIIFZNjz4BKyM0ed+c=	【基礎】質因數分解與標準分解式;junyi.7rEAlWAqa1YJ7CQRXAVVv6XcsYdqKiyBAL2Ka5B2Ilc=;【一般】質因數分解與標準分解式		Prime factorization and standard form		math;junior	junyi	7.0	9.0
junyi.8iS7x756R3pFJUI3YiqHZJFPniXzmPnp2z6qzvdCGnA=	【基礎】因數的應用		Applications of factors		math;junior	junyi	7.0	9.0
junyi.jyw4UBYsVqQ8IeYXUywTKN8TEZjJgYNuhb6JBTBoidg=	【基礎】公因數與最大公因數;lcsh.sh85046846	http://id.loc.gov/authorities/subjects/sh85046846	Common factors and greatest common factor		math;junior	junyi	7.0	9.0
junyi.+kCFtC8nCf9I2/ee1BGgQRlVBoECQV9G/8z4fL7hzp4=	【基礎】互質;junyi.PB2mQE/E3slXrHhnDVHSNhb5Ei8QIwQB6DipI2jRkOU=		Coprime numbers		math;junior;elementary	junyi	1.0	9.0
junyi.vlp5gR/PnY3FuaIANmLDZjLT7VR+mhj/8Skk+dfLf0I=	【基礎】利用短除法求最大公因數		Finding GCF using short division		math;junior	junyi	7.0	9.0
junyi.0L/eenAcUQ8YSZ6x22wFpagb2l4TXqOSGgRtSI56kvI=	【基礎】利用標準分解式求最大公因數		Finding GCF using prime factorization		math;junior	junyi	7.0	9.0
junyi.Uq/TS8KieZduAKrYzEVKNL2Mm4txq9AR3VFY5cZO9rs=	【基礎】公倍數與最小公倍數;junyi.oaQZ7IRVxNjjdG2iOLuZGC+k6uqpCbfHg7RHgPlR7gI=;【進階】公倍數與最小公倍數		Common multiples and least common multiple		math;junior	junyi	7.0	9.0
junyi.pcvV6WqrDJpbJUdIXVS/AhhfRlw8NPela28C22qPeX4=	【基礎】利用短除法求最小公倍數		Finding LCM using short division		math;junior	junyi	7.0	9.0
junyi.+N+e7SzcUVowUo7D4udR8rBKRmR1H7yuu5Tleqlhv48=	【基礎】分數的約分與擴分;lcsh.sh85051149	http://id.loc.gov/authorities/subjects/sh85051149	Reducing and expanding fractions		math;junior	junyi	7.0	9.0
junyi.zxxjH0rOlRk3Fe7P3H8+00eXPXeazjvuIXf2bdEyhJo=	【基礎】同分母分數的加減		Adding and subtracting fractions with common denominators		math;junior	junyi	7.0	9.0
junyi.4SA/+F8g7P5zdbzUmu4C70OOtDhWIvjhrlb5KsJctFg=	【基礎】異分母分數的加減		Adding and subtracting fractions with different denominators		math;junior	junyi	7.0	9.0
junyi.3ODGnNWJeT6dSEdVq0/4+miAK7egH5D4MD5iRNsyKCY=	【基礎】去括號規則;lcsh.sh85098006	http://id.loc.gov/authorities/subjects/sh85098006	Rules for removing parentheses		math;junior	junyi	7.0	9.0
junyi.U6uPrXsMf01kkpbyFTf6NgLBFfypQFIdHmXH8GYZPyw=	【基礎】分數的乘法;junyi.o4eu7F3IQOZHR4xqfRGGCivSLHoG7zs88hxWfdfL40o=;【一般】分數的乘法		Multiplication of fractions		math;junior	junyi	7.0	9.0
junyi.MefOHEpHMbpSlIglmM0dFv9PLECXPNiRwF5qFmNSncA=	【基礎】倒數;lcsh.sh85111824;lcsh.sh2009007451	http://id.loc.gov/authorities/subjects/sh85111824;http://id.loc.gov/authorities/subjects/sh2009007451	Reciprocals		math;junior;lcsh	junyi	7.0	9.0
junyi.0FaNRnGt8wB5REzt8NnMPYaoTw4/qe+3z2hOkQOvI/s=	【基礎】分數的除法;lcsh.sh00006400	http://id.loc.gov/authorities/subjects/sh00006400	Division of fractions		math;junior	junyi	7.0	9.0
junyi.LcAN7TMK1vKQDUSPxjKDIARJeOwJX98jW9S6vZylVKs=	【基礎】指數律 2：乘方的乘方與兩數相乘的乘方;dbpedia.Power_laws	http://dbpedia.org/resource/Category:Power_laws	Exponent Laws 2: Power of a Power and Power of a Product		math;junior	junyi	7.0	9.0
junyi.LIglPayokICs9zOBBba+6/GlGrg6tTHTfZ2ahuKWfNk=	【基礎】含指數、絕對值的四則運算		Arithmetic Operations with Exponents and Absolute Values		math;junior	junyi	7.0	9.0
junyi.Yg+sVKaVUURclcpez8GQE2MOKwxr958SB3sI6NhKmIE=	【基礎】分數運算的應用問題;junyi.biaxP2zII7NP2ksFgn8KMiJxA30RhydZ7oiHmr4Lh5Y=;【一般】分數運算的應用問題;lcsh.sh93004015	http://id.loc.gov/authorities/subjects/sh93004015	Application Problems of Fraction Operations		math;junior	junyi	7.0	9.0
junyi.lzRhsRBch0NUNxYhlfhKKF53dO6Eymsb/GPNZG010+w=	【基礎】乘方的比較大小;dbpedia.Orders_of_magnitude	http://dbpedia.org/resource/Category:Orders_of_magnitude	Comparing Magnitudes of Powers		math;junior	junyi	7.0	9.0
junyi.OByIaYY/56y05bpjY1K3Dg+OS32Y/fB3yVjKfBqFIIY=	【基礎】先乘除後加減，有括號要先算		Order of Operations: Multiplication and Division Before Addition and Subtraction, Parentheses First		math;junior	junyi	7.0	9.0
junyi.h9aHZcm1WZajfq4phXyy9suACFoWvuQXvvI44jbgj10=	【基礎】分數的乘除混合運算		Mixed Multiplication and Division of Fractions		math;junior	junyi	7.0	9.0
junyi.cYcQzu2bjsSMNeaAw4lWpDUGdH8SsNow/a+k3vVor3E=	【進階】數的四則運算;junyi.HXnIAxmCDEWAJJV2J7f2pEeGvddv9MpcRjbckar9YTY=;【一般】數的四則運算;dbpedia.Computer_arithmetic_algorithms	http://dbpedia.org/resource/Category:Computer_arithmetic_algorithms	Arithmetic Operations of Numbers (Advanced)		math;junior	junyi	7.0	9.0
junyi.fIGjoMn51hw+f/+MS3QOlQbp677TV1G/gVDzckNAxoo=	【進階】因數與倍數的意義		Meaning of Factors and Multiples (Advanced)		math;junior	junyi	7.0	9.0
junyi.9jGMq1D6/YUFkliSwkqCwoWcAr1IYE6C0Y/kxGatKSo=	【一般】最大公因數的應用		Applications of Greatest Common Divisor		math;junior	junyi	7.0	9.0
junyi.bPD7y6gQ2IeTfXrQunq8OXXx5LY2zIsQ8wfSBApCHTc=	【一般】最小公倍數的應用;junyi.WS6WWNekaOD2ftvFW2KFOR67cYFe7KHl0DfZjhjhbRU=;【基礎】最小公倍數的應用題		Applications of Least Common Multiple		math;junior;elementary	junyi	1.0	9.0
junyi.oybx9PFfxCN2VikUvZvMK8xe1nKfkPfqy06vVyZsKOQ=	【一般】異分母分數的加減		Addition and Subtraction of Fractions with Unlike Denominators		math;junior	junyi	7.0	9.0
junyi.0BL+DbelLoGwTw7JvHBXe7pZr1N/E8JVhngim3zzjJ4=	【基礎】根號		Square Root Notation		math;junior	junyi	7.0	9.0
junyi.wZ49H8xuqS5c5fox/rUaZgS6R/TVKJkjRnvzEjrSOa0=	【基礎】比較大小;dbpedia.Orders_of_magnitude	http://dbpedia.org/resource/Category:Orders_of_magnitude	Comparing Magnitudes		math;junior	junyi	7.0	9.0
junyi.K+E2pj1HgSC5GexBpChmTuG21HlO2wcCulMly1KSNE4=	【基礎】根號a的值		Value of Square Root a		math;junior	junyi	7.0	9.0
junyi.7weJLTdGePcbI6VZb5/eh77sHGzpnDTZXxgPlao6EMY=	【基礎】求正分數、正小數的平方根		Finding Square Roots of Positive Fractions and Decimals		math;junior	junyi	7.0	9.0
junyi.VN+hlrC3u3EiecxSo+9icATbCs/7B1UlrxrPfAEWf+k=	【基礎】十分逼近法;dbpedia.Approximations	http://dbpedia.org/resource/Category:Approximations	Decimal Approximation Method		math;junior	junyi	7.0	9.0
junyi.n7S5SGJpFgGcbGt//qTyiHxZTrIcQXIl+L/ECKOYAnc=	【基礎】用查表法求根號a的近似值		Finding Approximate Value of Square Root a Using Table Lookup		math;junior	junyi	7.0	9.0
junyi.iEdGYWnwFWEsG4gsq/lsZjkmGc8datVNwuwSAAe7H34=	【基礎】平方根的應用		Applications of Square Root		math;junior	junyi	7.0	9.0
junyi.LABXrcnSSYw9D5Y6UesjShprnzk2yqms4v5kBAod3uI=	【基礎】根式的乘法;lcsh.sh85110377	http://id.loc.gov/authorities/subjects/sh85110377	Multiplication of Radicals		math;junior	junyi	7.0	9.0
junyi.ip5uBacJ1fPhAi+v1Uymms6Ie5bRJCPNau3ZoyRwiKo=	【基礎】判斷最簡根式;lcsh.sh85110377	http://id.loc.gov/authorities/subjects/sh85110377	Identifying Simplest Radical Form		math;junior	junyi	7.0	9.0
junyi.dAipsKstQKUN4VipBEuqm9rBlREJoKyays23NuZ4B/A=	【基礎】化為最簡根式;lcsh.sh85110377	http://id.loc.gov/authorities/subjects/sh85110377	Simplifying Radicals to Simplest Form		math;junior	junyi	7.0	9.0
junyi.tPAGQq+YU6D1NO1cU3U4fdlaNEm6YSSlRHK6qq/RQfw=	【基礎】根式的除法：有理化分母		Division of Radicals: Rationalizing the Denominator		math;junior	junyi	7.0	9.0
junyi.q4u/j6i3QRAvoheOBrj6QY/8q1aVDXN5t2VqjgaFXq4=	【基礎】根式的除法;lcsh.sh85110377	http://id.loc.gov/authorities/subjects/sh85110377	Division of Radicals		math;junior	junyi	7.0	9.0
junyi.n0+5yVdX/Q8BcTmvBKZUbUq6T5X8LDLWkAv/FLIuEfg=	【基礎】根式的加減：合併同類方根;lcsh.sh85110377	http://id.loc.gov/authorities/subjects/sh85110377	Addition and Subtraction of Radicals: Combining Like Terms		math;junior	junyi	7.0	9.0
junyi.jfGwrPbDKlpdxGG+g8gs5jmPWCFHmc2bC6ZxGBvFsSQ=	【基礎】根式的加減：先化簡再合併		Addition and Subtraction of Radicals: Simplify Then Combine		math;junior	junyi	7.0	9.0
junyi.nXCivRFCQRQbeb8yBFJJjoMht7oLbOOKEknNyNG78BQ=	【基礎】根式的四則運算：利用分配律或乘法公式		Arithmetic Operations of Radicals: Using Distributive Property or Multiplication Formulas		math;junior	junyi	7.0	9.0
junyi.X0cKvLgZxul/9WFXcTzJ//4b19Uf+pNMQ2NRT0fs3ws=	【基礎】利用平方差公式有理化分母		Rationalizing Denominator Using Difference of Squares Formula		math;junior	junyi	7.0	9.0
junyi.d0epea1fc69jCEDP+o1Ko8TO9UcNtQ4nH4RpOz+toyc=	【基礎】利用畢氏定理求直角三角形的邊長 1;dbpedia.Pythagoreans	http://dbpedia.org/resource/Category:Pythagoreans	Using Pythagorean Theorem to Find Sides of Right Triangle 1		math;junior	junyi	7.0	9.0
junyi.PTyaFYWmIg+5PNX4LsFQGDFZlntPfkud08tNGBXnw+Y=	【基礎】畢氏定理的應用 1;dbpedia.Pythagoreans	http://dbpedia.org/resource/Category:Pythagoreans	Applications of Pythagorean Theorem 1		math;junior	junyi	7.0	9.0
junyi.rBSjOGOOKyFbSw+SyepIiwE7qocz4HhQqfUy1F5HEhM=	【基礎】直角坐標平面上兩點的距離公式;lcsh.sh85038508	http://id.loc.gov/authorities/subjects/sh85038508	Distance Formula Between Two Points on Coordinate Plane		math;junior	junyi	7.0	9.0
junyi.FYcSOmLQ15uJo7MMKj/zGR2neWU4YI50GUDT/kc9Y2I=	【基礎】利用畢氏定理求直角三角形的邊長 2;dbpedia.Pythagoreans	http://dbpedia.org/resource/Category:Pythagoreans	Using Pythagorean Theorem to Find Sides of Right Triangle 2		math;junior	junyi	7.0	9.0
junyi.t9NE+shI32BkAQiBqhqi7Yfxk/GqipntnvKPkuV9fCc=	【基礎】求直角三角形斜邊上的高		Finding Altitude to Hypotenuse of Right Triangle		math;junior	junyi	7.0	9.0
junyi.FvDZFrVXY2bQd2/8mdGCy8jeH+9OoOsU4qeDzZSptPU=	【基礎】求水平線或鉛直線上兩點的距離		Distance Between Two Points on Horizontal or Vertical Line		math;junior	junyi	7.0	9.0
junyi.mpK6ZQnWafdhjIV2XTI5WAMwImQ0bbZHwxY0A4y+kGc=	【一般】畢氏定理與面積;dbpedia.Pythagoreans	http://dbpedia.org/resource/Category:Pythagoreans	Pythagorean Theorem and Area		math;junior	junyi	7.0	9.0
junyi.3G6mZ4PSx2p5a6KftzQvLgJ9vr4dhJnTV8SVKGqIg8Q=	【一般】距離公式的應用;lcsh.sh85038508	http://id.loc.gov/authorities/subjects/sh85038508	Applications of Distance Formula		math;junior	junyi	7.0	9.0
junyi.yQwYr+IKuFKwlC3oGLHemMwCjRjNIiJUqTzt5A+E4iI=	【一般】多個直角三角形的複合圖形		Composite Figures with Multiple Right Triangles		math;junior	junyi	7.0	9.0
junyi.KTHoYjN6XAYd5rCzRQ/xn3o7OozbvxdwUeiVYFSJPGM=	【基礎】認識比與比值;junyi.5XOh9hPgSIw+4ArOqH8SRFzrFrG107tCCpwFQcpZ9T8=;【一般】認識比與比值		Understanding Ratio and Ratio Value		math;junior	junyi	7.0	9.0
junyi.ZcwX8fZUrnZDOsvBOPux3Oaf1viIG83MNe5frh0jnQw=	【基礎】相等的比;junyi.VdDGn0d64C/s9UWPNmugh8Upm4696fFybvSQxW5ghuU=;相等的比;junyi.aQtj+vhFKWn0qz527tbi3q254EkieQ0rqf8dS5yw+m0=;dbpedia.Statistical_ratios	http://dbpedia.org/resource/Category:Statistical_ratios	Equal Ratios		math;junior;elementary	junyi	1.0	9.0
junyi.tqKbTGIV+RDS6qwn6Tp173RrtMV4LeR0UEBqa9etzIA=	【基礎】比的運算;dbpedia.Statistical_ratios	http://dbpedia.org/resource/Category:Statistical_ratios	Operations of Ratios		math;junior	junyi	7.0	9.0
junyi.ZDQe2EAf9O/FBmCJpXM2GZK7E3bfQfT6M8rHZ21H5Uc=	【基礎】正比的判斷;lcsh.sh85046819	http://id.loc.gov/authorities/subjects/sh85046819	Determining Direct Proportion		math;junior	junyi	7.0	9.0
junyi.+owQ9eTzitOLHF3SZxKwWN9ZpsHjg3tK4A9fpS7E0oo=	【基礎】正比的計算;lcsh.sh85046819	http://id.loc.gov/authorities/subjects/sh85046819	Calculating Direct Proportion		math;junior	junyi	7.0	9.0
junyi.4ocFSB0WJ+OdC6URbytP90Mq+4KaJGPg3s0Dq7kysgw=	【基礎】反比的計算		Calculating Inverse Proportion		math;junior	junyi	7.0	9.0
junyi.0TFQA8MIRYvgH+PXVXYkRKMPK/LPcaVH9hTxb5daZ+o=	比的應用;dbpedia.Statistical_ratios	http://dbpedia.org/resource/Category:Statistical_ratios	Applications of Ratio		math;junior	junyi	7.0	9.0
junyi.7bahRo+EXaR1vW7KnSZ4jCacIWZQrJwQEb99sSBqZ0E=	比與比值的應用		Applications of Ratio and Ratio Value		math;junior	junyi	7.0	9.0
junyi.Y+91ladMQTxor3mEVlnYFcmpwmJFyT1HMG+DNySbVZ4=	比例式的應用問題;junyi.BUPBhaJgHOYfys/H+7clnnHEW1LZ9koprANEAsxlMpc=;【一般】比例式的應用題		Application Problems of Proportion Equations		math;junior	junyi	7.0	9.0
junyi.dEdTB/d9fVuyj1/b7hO9H4lL6XcWJW155+5nwHCyE7w=	連比的基本觀念;lcsh.sh85051149	http://id.loc.gov/authorities/subjects/sh85051149	Basic Concept of Continued Ratio		math;junior	junyi	7.0	9.0
junyi.5BND+QhJLGTw2gPNqCs0SjqEQuGL+IN798lUL3RUG3s=	連比例式的運算;junyi.DtvKO1+2Ch/AE2FEfvJk1CyuVHFhFA08kGI64zamVfI=;【一般】連比例式的運算;lcsh.sh85051149	http://id.loc.gov/authorities/subjects/sh85051149	Operations of Continued Proportion Equations		math;junior	junyi	7.0	9.0
junyi.Gjss1lWMScHPWwWZlfDClUNvL+nDFQp9FEarWeurC+Q=	連比例式的應用題;lcsh.sh85051149	http://id.loc.gov/authorities/subjects/sh85051149	Application Problems of Continued Proportion Equations		math;junior	junyi	7.0	9.0
junyi.yHJf0g7o8YLIn0qLcWkybcezKBHdmlj7ih14MWWbzNI=	正比;junyi.412PAnenNdYglQWXSlVtS1RYA7Yg60Wty166LCMaiHU=;【基礎】正比關係;lcsh.sh85046819	http://id.loc.gov/authorities/subjects/sh85046819	Direct Proportion		math;junior;elementary	junyi	1.0	9.0
junyi.TwWIHt3X4PpZYPEyrUAz/c+T7Wq73JD/n+6I2DKtKAw=	【一般】最簡整數比;junyi.PYkuZLd5EpFjzAeC8E2gVnGIXBLSlrBXRPhZNaQtdqo=;【基礎】最簡單整數比		Simplest Integer Ratio		math;junior;elementary	junyi	1.0	9.0
junyi.a9UEy8sIwRzT8QudLWkrjcWrb+ZKuiVhcEiPQih1o38=	【一般】認識連比;lcsh.sh85051149	http://id.loc.gov/authorities/subjects/sh85051149	Understanding Continued Ratio		math;junior	junyi	7.0	9.0
junyi.xk269k5cel7t7lVVPwniYDSV03nxPEP6B43dF03A7gE=	【一般】將兩組比例寫成連比;lcsh.sh85051149	http://id.loc.gov/authorities/subjects/sh85051149	Writing Two Ratios as Continued Ratio		math;junior	junyi	7.0	9.0
junyi.Q4AS2RKvRVznNTDtYdm7+t6zz+hfmsMaQZxVVRuKN8I=	【一般】給連比、總和求各別值;lcsh.sh85051149	http://id.loc.gov/authorities/subjects/sh85051149	Finding Individual Values Given Continued Ratio and Total		math;junior	junyi	7.0	9.0
junyi.2rJ6DLjEMKZiRtzTx7yjg+2lbHOfTfLDyNli2mFXTiA=	【一般】正比與反比的混合判斷		Mixed Determination of Direct and Inverse Proportion		math;junior	junyi	7.0	9.0
junyi.DNXGwbi0H2VORtI1i1PGiDKE8ZQmugjzZLUNzuWQwE8=	【一般】正比與反比的計算		Calculations of Direct and Inverse Proportion		math;junior	junyi	7.0	9.0
junyi.rgBDC18nMxXbJVgqjaW3ZPSdMNCn8V3qFt6nhx2EolI=	【一般】正比與反比的概念題		Concept Problems of Direct and Inverse Proportion		math;junior	junyi	7.0	9.0
junyi.C7iIbMZdPneDzT/rQltVfazJAO3ZwSES2ZirNpKCmeM=	【一般】正反比的應用題		Application Problems of Direct and Inverse Proportion		math;junior	junyi	7.0	9.0
junyi.Z3dSEIJzUCdIKWEO4/I7voT/RlkFDuMuU57dI6kGzcs=	【基礎】認識數列與數列的項		Understanding Sequence and Terms of Sequence		math;junior	junyi	7.0	9.0
junyi.yyB3Cv5ZNO9vRc2FUExQu3LZs+xZSYKo7W//FZCkg/U=	【基礎】數列的規律;junyi.NX/cV2Wm/e+Ky0eV3a9fb4uti9Fl/VPgmuajzfa8wtU=;【一般】數列的規律;lcsh.sh95000276	http://id.loc.gov/authorities/subjects/sh95000276	Pattern of Sequence		math;junior	junyi	7.0	9.0
junyi.7GfQH+xzSUY6otFf1vL+TrUfTP/mPShPsFPOrzb8tZc=	【基礎】認識等差數列;junyi.Pm4ZYd3FPx3Chch18Er/uNkCsIZCSvPv19sFZFtZyTA=;【一般】認識等差數列;dbpedia.Integer_sequences	http://dbpedia.org/resource/Category:Integer_sequences	Understanding Arithmetic Sequence		math;junior	junyi	7.0	9.0
junyi.eLblaDUmtz3c7uZgJ8pgtSnq7nnc+tke1g8HqUw1F5E=	【基礎】認識級數與等差級數;lcsh.sh85120238	http://id.loc.gov/authorities/subjects/sh85120238	Understanding Series and Arithmetic Series		math;junior	junyi	7.0	9.0
junyi.kGRuB0J+2WBQOkAU2so3cirN6g3c0kJ9Enwcux8MS6s=	【基礎】等差級數的應用;junyi.aWIZnPhyDCMR9yuVS0hy2iEHURPnHdsUNDkz0hzDL3o=;【一般】等差級數的應用;lcsh.sh85120238	http://id.loc.gov/authorities/subjects/sh85120238	Applications of Arithmetic Series		math;junior	junyi	7.0	9.0
junyi.QEjs/Y0qxKqphtX3HPy3o5NLK3ln/f5PNCKLAhhvKJM=	【一般】等差數列的應用;dbpedia.Computer_arithmetic_algorithms	http://dbpedia.org/resource/Category:Computer_arithmetic_algorithms	Applications of Arithmetic Sequence		math;junior	junyi	7.0	9.0
junyi.DsagSH6fY3fa91S3IfiweWR01YDbg7w40kuIJWwvvZM=	【一般】等差級數的公式;lcsh.sh85120238	http://id.loc.gov/authorities/subjects/sh85120238	Formula of Arithmetic Series		math;junior	junyi	7.0	9.0
junyi.6Y5XzaNnvoUiMar6dJzcl0gW14UUz60BXY0x7j2LqTc=	【基礎】數線與絕對值;junyi.VoUEV5MkNaFrGENiLqm3zykytS3WV6a2u96d8kgEAN0=;【進階】數線與絕對值;junyi.HVK5NzAAwATh2OikiX5NMJyrMLE5+2ef85INuQeTIqU=;【一般】數線與絕對值		Number Line and Absolute Value		math;junior	junyi	7.0	9.0
junyi.v0TbRc4ZlN2+X5KttQxhQOr4bWfGw70hWriCxujmRTM=	【基礎】指數與科學記號;junyi.DH1woY0jiq5IXrppQ7IjlrjnVUoe9Y99FFrAnh4K9qc=;【進階】指數與科學記號;junyi.i5SUcTqeYRtx49V8b84jSxOrV47WyyCXa+/7pE6/6Gg=;【一般】指數與科學記號;lcsh.sh85118579	http://id.loc.gov/authorities/subjects/sh85118579	Exponent and Scientific Notation		math;junior	junyi	7.0	9.0
junyi.tOR47i7wGbuHkGxkhX9tHItMHHuJtAttsvHDOjDRVOw=	【基礎】正數與負數;wd.Q18324102;lcsh.sh85093215	https://www.wikidata.org/wiki/Q18324102;http://id.loc.gov/authorities/subjects/sh85093215	Positive and Negative Numbers		math;junior	junyi	7.0	9.0
junyi.BG1RsWojzEHzV28RBm/1iKi1NyZgDcDomLYEJSV6lmo=	【基礎】數的相關名詞介紹		Introduction of Related Number Terms		math;junior	junyi	7.0	9.0
junyi.EH35TxVqqCRWfd7C+kBleb4yHsq1ycppE5AvnX+WQBE=	【基礎】數線上的點坐標		Coordinates of Points on Number Line		math;junior	junyi	7.0	9.0
junyi.4p305X/NqL1Zx9j6BDJEpiQx090kFF3o/LTTGJt5s/E=	【基礎】三一律與遞移律;lcsh.sh00006585	http://id.loc.gov/authorities/subjects/sh00006585	Trichotomy and Transitivity		math;junior	junyi	7.0	9.0
junyi.Wk1PobqnhB1FsjjiU84gVNe9j4O6SLWWYfvGb/l6MR4=	【基礎】同號數相加		Addition of same-sign numbers		math;junior	junyi	7.0	9.0
junyi.pHm5o9NLjlO2lXB7CH2U80qF20rcHwHgxaIwnQiSd/c=	【基礎】異號數相加		Addition of opposite-sign numbers		math;junior	junyi	7.0	9.0
junyi.MT7C8JLJuKRBwbHC7sjLfteRuwqBae+IlGh/2pBtUX4=	【基礎】交換律與結合律的應用;lcsh.sh85008821	http://id.loc.gov/authorities/subjects/sh85008821	Application of commutative and associative properties		math;junior	junyi	7.0	9.0
junyi.PGbCr6wCmzlyPoKCBQv8aOM0NW8HVk4PW+IU4iR6GRI=	【基礎】整數的減法		Subtraction of integers		math;junior	junyi	7.0	9.0
junyi.lG8uYsrQADh32pvOcrvytT25qo4UpZUGkrybb4ycFEs=	【基礎】整數加減運算		Integer addition and subtraction		math;junior	junyi	7.0	9.0
junyi.LpZS/GFsDGjF3rEt7YLZd8IYdScjZ5Z+5bJuJ/c2BZs=	【基礎】含絕對值的加減運算		Addition and subtraction with absolute values		math;junior	junyi	7.0	9.0
junyi.zcH7Yl/gFwkU2Mej9UzQgaJL66wIdiMucPZwVyeqHxc=	【基礎】去括號的加減運算		Removing parentheses in addition and subtraction		math;junior	junyi	7.0	9.0
junyi.IttU7X/dI6br6pFlzFNdqVSEFYzU5wvX2yFKtVdqbjs=	【基礎】數線上兩點的距離		Distance between two points on a number line		math;junior	junyi	7.0	9.0
junyi.clP2+ai8jg0m7J92YX2RrRzXyBa4jLyja5WruzDuOZ0=	【基礎】求中點坐標		Finding midpoint coordinates		math;junior	junyi	7.0	9.0
junyi.QKs+1aEPk0x80IIx0aKNLHlmX1JIOry1/wb3Lhq4sFg=	【基礎】整數的乘法 1		Multiplication of integers 1		math;junior	junyi	7.0	9.0
junyi.+tVk3DLjXUKiZ3/hK6CJAl3Z8sfp093/2DwLqCsFgMA=	【基礎】整數的乘法 2		Multiplication of integers 2		math;junior	junyi	7.0	9.0
junyi.H+kjSpD4tvJlZwMTYPX4lhGX0K6WehpDCq47nVwRYI8=	【基礎】乘法交換律、結合律的應用;lcsh.sh85008821	http://id.loc.gov/authorities/subjects/sh85008821	Application of commutative and associative properties of multiplication		math;junior	junyi	7.0	9.0
junyi.e/+cIBGmDAZDgbD/6i/zllBplAiM5B1squ96zM4BIj4=	【基礎】整數的除法;lcsh.sh00006400	http://id.loc.gov/authorities/subjects/sh00006400	Division of integers		math;junior	junyi	7.0	9.0
junyi.MjiiiChVSuiaHesBEPm6QmA0eZIz8dgF9wOzXR9La48=	【基礎】整數的四則運算		Four operations with integers		math;junior	junyi	7.0	9.0
junyi.d96gb3CJNJAs06rSg/7oI0q50Y7vxIOB8A4ubdHQADU=	【基礎】乘法分配律的應用;junyi.YDMrFIf6Xald2go/hpaWsU2D05toJULMFD982lohHw0=;【一般】乘法分配律的應用		Application of distributive property		math;junior	junyi	7.0	9.0
junyi.NoiGICCqJdvFmvy6LlcPw0m5SH7C7FO4TMbJHCdlRz4=	【基礎】指數為偶數或奇數的乘方計算		Exponentiation with even or odd exponents		math;junior	junyi	7.0	9.0
junyi.bcVaSTFMr4RK9JPKGqEq+y6uMvBtTET8i7vhnwCQTpA=	【基礎】10 的次方;lcsh.sh85133805	http://id.loc.gov/authorities/subjects/sh85133805	Powers of 10		math;junior	junyi	7.0	9.0
junyi.HMhzLW9miVf0WLDDX9F7g67mAm9td0TfHSo8TeZQj5M=	【基礎】科學記號的比較大小		Comparing numbers in scientific notation		math;junior	junyi	7.0	9.0
junyi.utmhbxXhQQSgaC8EVrCmsYgVsNCiRAd7R80icvSkcME=	【基礎】判斷科學記號的位數		Determining number of digits in scientific notation		math;junior	junyi	7.0	9.0
junyi.Iri0Mm69Jhy9dYumaZScJt7B6cHJhAjve5Ii96kP4vc=	【進階】負整數與數線;lcsh.sh85093215	http://id.loc.gov/authorities/subjects/sh85093215	Negative integers and number line		math;junior	junyi	7.0	9.0
junyi.tPzc0JSXpr0JmIZKsEwoPNd7HYlbgErDMf2uJUXKJco=	【進階】負數的使用情境;lcsh.sh85093215	http://id.loc.gov/authorities/subjects/sh85093215	Applications of negative numbers		math;junior	junyi	7.0	9.0
junyi.BMWFDTPQo2WDehX7lEVqVUvQfGCijq3whIyPYMnjc30=	【進階】數線的特性		Properties of number line		math;junior	junyi	7.0	9.0
junyi.PB+tEauJ6Cu8clF5IHjouv5FqEgH9UDWxbOqE+SBa50=	【進階】數線上的非整數點		Non-integer points on number line		math;junior	junyi	7.0	9.0
junyi.XG1pV3YZ4tnQkmvmVbwNYnm01m9sRhZovPW1qTPIGYI=	【一般】數的大小;dbpedia.Computing_comparisons	http://dbpedia.org/resource/Category:Computing_comparisons	Comparing numbers		math;junior	junyi	7.0	9.0
junyi.45ftKnZp9GFrtzAvKvMwoMxtJRjVTLZxIXl1Vo6PzFY=	【一般】整數的乘法 3		Multiplication of integers 3		math;junior	junyi	7.0	9.0
junyi.KDOmuTrY/IJzDP4kIgIYCBiGyTymsJ8Iy4cDB35WGYg=	【一般】含乘方的四則運算		Four operations with exponents		math;junior	junyi	7.0	9.0
junyi.nSqkMbcuNaqkzvd89qwGhLvqOM1liLIgDjmIgS4Hgj8=	【一般】指數的應用		Applications of exponents		math;junior	junyi	7.0	9.0
junyi.u2U8EISDcFel7/t+fC2pJWsANLAo2XCOdvqmg2fatRg=	【基礎】角度綜合習題;junyi.P02YQOS0HnUM+0FJcT2Hpa5X0gjJ/eIaL/Quc8Kj5u0=;【進階】角度綜合習題;junyi.PpW+++sV2g8ZfNiSrJBx4aUY2yL+BPpbafTDwscbOow=;【一般】角度綜合習題		Angle comprehensive problems		math;elementary	junyi	1.0	6.0
junyi.gwyAKrDd3r/aPElAq/97BWk1H4+bsSURhZI+O3WDwFY=	【基礎】量角器的應用		Using protractor		math;elementary	junyi	1.0	6.0
junyi.suDCkQs0H6kriJ78abNYmrtyOrBj80FflKWAiW3yfD8=	【基礎】角度的加減		Addition and subtraction of angles		math;elementary	junyi	1.0	6.0
junyi.hUzEsTi50WTbf2tmbhGIyPzIujolDgn1RHd2PkkB1Z4=	【基礎】旋轉角與平角、周角		Rotation angles, straight angles, and full angles		math;elementary	junyi	1.0	6.0
junyi.YK8k7vXBGE+Uz9zSJyxXp6OC214bTKKGGTqalD/Zf5I=	【基礎】周界與周長綜合習題;junyi.lFLZ4isn2Tcu3H1DyFd4lxgmyJw8//GeWJHAYAvGHfo=;【進階】周界與周長綜合習題;junyi.VLG8jzZDi3OzlWsTunU487LkKuMt8oRCf6DBpBjv/pc=;【一般】周界與周長綜合習題		Perimeter comprehensive problems		math;elementary	junyi	1.0	6.0
junyi.Mg4qERZHTwwC2gbKK5PK1x83LmW5lgPUKB6xEdFM6Ys=	【基礎】圖形的內部、外部與周界 2		Interior, exterior, and boundary of figures 2		math;elementary	junyi	1.0	6.0
junyi.uFCpz18ILNOA86AuPKzKb6a5FpQZu4/+OQ3z40HL+e0=	【基礎】計算周長		Calculating perimeter		math;elementary	junyi	1.0	6.0
junyi.dbfungJHCNq5u7rIZjs2wCd9hgFrRs2MXbTqu1obyVY=	【基礎】認識圓綜合習題;junyi.XABiqjiym+yxP9IxWjibmAF+Ccqqu+GF+oujfq0IbWY=;【一般】認識圓綜合習題		Understanding circles comprehensive problems		math;elementary	junyi	1.0	6.0
junyi.2I9aYyQzVZey2D9t2kJpJn97Aty7PBeZ0ITJvFS7Hfk=	【基礎】三角形綜合習題;junyi.HkphON7FGZhxH00QM+nroOHvAGI5ntJX09tiU1Vu80A=;【進階】三角形綜合習題;dbpedia.Triangle_geometry	http://dbpedia.org/resource/Category:Triangle_geometry	Triangle comprehensive problems		math;elementary	junyi	1.0	6.0
junyi.65YgA0ahggSdeaYBdRl82v/AO+pGzmZFqsi8TTDiP3Y=	【基礎】正三角形和等腰三角形		Equilateral triangles and isosceles triangles		math;elementary	junyi	1.0	6.0
junyi.Xon2nhjAvMcy7wYUdVvTMH3poFnamhJUQElLk1ijsb0=	【基礎】全等三角形、切割等腰三角形		Congruent triangles and dividing isosceles triangles		math;elementary	junyi	1.0	6.0
junyi.5svTX6dhnFB2BXkiQO1O2qKKYggIy5f5KlvnEVntVhM=	【基礎】四邊形綜合習題;junyi.9x6ylQHM8NlCIaCOiZUyL0Y/WcL5HVFdi3T/TCdr9W8=;【進階】四邊形綜合習題;lcsh.sh85074180	http://id.loc.gov/authorities/subjects/sh85074180	Quadrilateral comprehensive problems		math;elementary	junyi	1.0	6.0
junyi.o2v8hx0EmFclMvX5SlXFoeynGuxWWbcFjk7H1MUqkjw=	【基礎】四邊形的鄰邊、對邊、對角、對角線		Adjacent sides, opposite sides, opposite angles, and diagonals of quadrilaterals		math;elementary	junyi	1.0	6.0
junyi.Lhd00PvCdq23PNggSHEbszeZ68vTRWdg6MmaBD1kEZ8=	【基礎】各類四邊形及其性質;lcsh.sh85074180	http://id.loc.gov/authorities/subjects/sh85074180	Types of quadrilaterals and their properties		math;elementary	junyi	1.0	6.0
junyi.J967JTnPp2BN291C9SMVH/p3iQ130V2A2rVdlybNUv8=	【基礎】全等四邊形、切割平行四邊形		Congruent quadrilaterals and dividing parallelograms		math;elementary	junyi	1.0	6.0
junyi.JSn/IrR9AojleJJunX1UPpeay9cWZA1jAL2BZ2RcmFU=	【基礎】三角形與多邊形綜合習題;junyi.w8mrAb/M/c9pr/FAngd/vU90ZIlBOtjnjrpToRgWGGA=;【進階】三角形與多邊形綜合習題;dbpedia.Triangle_geometry	http://dbpedia.org/resource/Category:Triangle_geometry	Triangle and polygon comprehensive problems		math;elementary	junyi	1.0	6.0
junyi.nBtFGzjZtlpB0wyz3JkA25mI5JiF+hdWJNzJUiMw1V8=	【基礎】三角形的邊長性質		Side length properties of triangles		math;elementary	junyi	1.0	6.0
junyi.cINypIteJpgvnBnuBcPhQ0QhSdf0LxpMPHuxN3Ibuyw=	【基礎】四邊形、五邊形的內角和		Sum of interior angles of quadrilaterals and pentagons		math;elementary	junyi	1.0	6.0
junyi.uX/j5LVl0PCKk2qBUgAktTGQtVdMKcT0MuXKsahNaX0=	【基礎】扇形綜合習題;junyi.uT7yFiOpFCZP5NXkxFZg0sUJ1zKo8HYmtUxumXs3khM=;【進階】扇形綜合習題;dbpedia.Economic_sectors	http://dbpedia.org/resource/Category:Economic_sectors	Sector comprehensive problems		math;elementary	junyi	1.0	6.0
junyi.arhLfqJ8pA8XhguBiyIZKbrXTISqxBnAQeYVkKBtcWQ=	【基礎】認識扇形;dbpedia.Economic_sectors	http://dbpedia.org/resource/Category:Economic_sectors	Understanding sectors		math;elementary	junyi	1.0	6.0
junyi.OVwmRGTNCS+hBkvFYDawSwdperfo46ooCVV/tBEfd84=	【基礎】認識圓心角		Understanding central angles		math;elementary	junyi	1.0	6.0
junyi.eHoVband54HgDCiLdmwxL2LOmHeZyfACsh/KtEbRFUU=	【基礎】三角形與四邊形的面積綜合習題;junyi.EmMf7fKLNR/bxD1PlEAJpZ6oI8o05NkGbs2nb4hnj20=;【進階】三角形與四邊形的面積綜合習題		Area of triangles and quadrilaterals comprehensive problems		math;elementary	junyi	1.0	6.0
junyi.ZS2aKTrfYoSFzhm+weF3amIGgUrNaR6urAPzgLNqWdY=	【基礎】認識線對稱圖形及對稱軸		Understanding line symmetry and axes of symmetry		math;elementary	junyi	1.0	6.0
junyi.uARLhNTVv+B9sHgK+FR/rGo126mTuK6g9WGLYh9qQZU=	【基礎】對稱點、對稱邊和對稱角		Symmetric points, symmetric sides, and symmetric angles		math;elementary	junyi	1.0	6.0
junyi.+aXi8dpg0URdKkJtkicic7DrTHAWPSnR9bwD+QouANE=	【基礎】常見的線對稱圖形		Common line-symmetric figures		math;elementary	junyi	1.0	6.0
junyi.psOl97Npo5l16YVN2pmzdl20PaJ8JJBhPfoVVdDMiHc=	【基礎】縮放圖與比例尺;junyi.K+/l1QecCKo4z/PiXGWgLmP5q07XSMDUh34+HKmEltE=;【進階】縮放圖與比例尺;dbpedia.Scale_modeling	http://dbpedia.org/resource/Category:Scale_modeling	Scaled figures and scale		math;elementary	junyi	1.0	6.0
junyi.8Ncq2cefDusTuXeFUg7peZUP0xBVAEOXIeeF0IxNqic=	【基礎】放大與縮小		Enlargement and reduction		math;elementary	junyi	1.0	6.0
junyi.4JcS9o5eqSGmsfqe/xrIrLH6445lgnKVcwF9b24djEw=	【基礎】圓與扇形的縮放圖		Scaled figures of circles and sectors		math;elementary	junyi	1.0	6.0
junyi.nPsED61TTD7PvRSGYJUPEHBUKdezjtZUIvu4i8tBFdY=	【基礎】圓周率;lcsh.sh85101712;dbpedia.Pi	http://id.loc.gov/authorities/subjects/sh85101712;http://dbpedia.org/resource/Category:Pi	Pi		math;elementary	junyi	1.0	6.0
junyi.O7yKpGNIFze/B/+ivo0JTHDVQ3EpuTLWwbjz2ouVChw=	【基礎】圓面積		Area of circles		math;elementary	junyi	1.0	6.0
junyi.m7rxdmifsJ8HxB91x1USFvW7op/ZusrvlAjq/FAmRE8=	【基礎】扇形面積;dbpedia.Economic_sectors	http://dbpedia.org/resource/Category:Economic_sectors	Area of sectors		math;elementary	junyi	1.0	6.0
junyi.68qPK7TNOqHxa+vLFjF5SaA8s85h1cGPnEcSqmp/G4I=	【進階】三角形面積的應用 2		Applications of triangle area 2		math;elementary	junyi	1.0	6.0
junyi.HxDSyyUmHERWpro0B8nEQFWH/E461CuZXM5F7LpOHO4=	【進階】面積公式的應用		Applications of area formulas		math;elementary	junyi	1.0	6.0
junyi.oggomtrz9eq2rWMdcZAh+i1WGKGz84PfStIZUsiqfCM=	【進階】複合圖形的周長和面積		Perimeter and area of composite figures		math;elementary	junyi	1.0	6.0
junyi.hxF+GCZ2kFjuoHOUVj0a6Jn9NbRfydExscjLa0cvxuw=	扇形面積：綜合;dbpedia.Economic_sectors	http://dbpedia.org/resource/Category:Economic_sectors	Area of sectors: comprehensive		math;elementary	junyi	1.0	6.0
junyi.PSneyMRyz91kF3BethZIYuhHg8W9mV383mS+3rQguUQ=	【一般】角度加減的應用		Applications of angle addition and subtraction		math;elementary	junyi	1.0	6.0
junyi.ROy2LJr08ctjmiuRc4SXFKrmk91KPBxZU6hZPJ7JIu8=	【一般】周長的應用		Applications of perimeter		math;elementary	junyi	1.0	6.0
junyi.8Ym4s3vcF6pOUvb/40MoFgXhozbjEeY5KL6S60BHW2A=	【一般】圖形內部、外部與周界的應用		Applications of interior, exterior, and boundary of figures		math;elementary	junyi	1.0	6.0
junyi.OUnkRX0qK0fXq4JbhUkqNk/Pm5YTwahvlT0CQeC21Zg=	【一般】圓的應用		Applications of circles		math;elementary	junyi	1.0	6.0
junyi.81slPW4ugMYwnmjLjYrVz7eWERceMuwjaiOLE/U4Cg4=	【一般】三角形綜合習題;dbpedia.Triangle_geometry	http://dbpedia.org/resource/Category:Triangle_geometry	Comprehensive Triangle Problems		math;elementary	junyi	1.0	6.0
junyi.uNJhNi/pUS9w/pd7eVnHXB9PvBDWWQQdf22l/K+jxW4=	【一般】三角形與多邊形綜合習題;dbpedia.Triangle_geometry	http://dbpedia.org/resource/Category:Triangle_geometry	Comprehensive Triangle and Polygon Problems		math;elementary	junyi	1.0	6.0
junyi.txKQr1wDyBrIVa1zb9Lvl17prOdzCzFhO+UpqBdTlhE=	【一般】扇形綜合習題;dbpedia.Economic_sectors	http://dbpedia.org/resource/Category:Economic_sectors	Comprehensive Sector Problems		math;elementary	junyi	1.0	6.0
junyi.eCi043NcnwGh9pN73yoZOB0rftEOHoYCpIkcigyKXhA=	【一般】三角形與四邊形的面積綜合習題		Comprehensive Triangle and Quadrilateral Area Problems		math;elementary	junyi	1.0	6.0
junyi.RyHgPcXfEn/CVHtbJsSpZTh3Ri3giA5M6sf1VGayr7c=	【一般】三角形面積的應用 1		Applications of Triangle Area 1		math;elementary	junyi	1.0	6.0
junyi.2/JTGg3RUH3Q7RJgicVubieOoxNnseT0PQorlMexeog=	【一般】線對稱圖形		Line Symmetry Figures		math;elementary	junyi	1.0	6.0
junyi.SNny3SIxP6zv/dhk4ZU0EH0mmajwjgeHGzeEZpTbzvs=	【一般】縮放圖與比例尺;lcsh.sh85080841	http://id.loc.gov/authorities/subjects/sh85080841	Scale Drawings and Map Scales		math;elementary	junyi	1.0	6.0
junyi.3b4WEwcR5WHjNJnrhAcEIsTdouxsfJ8nSQZ/4ikf4SM=	【一般】圓面積的應用		Applications of Circle Area		math;elementary	junyi	1.0	6.0
junyi.cdFXA6IT4q2KUZxKXFD21+IYBmdKr9+64dIZOPfosfI=	【基礎】正方體與長方體體積;junyi./Sw5cJFSX/oGzBxxguGO4BkFKPZmhFXSpCCJVhOtffU=;【進階】正方體與長方體體積;junyi.lJHhoRHd3ZUe74e2337gW8J09hUfhPdaYcz7qmJYkh8=;【一般】正方體與長方體體積		Volume of Cubes and Rectangular Prisms		math;elementary	junyi	1.0	6.0
junyi.CHLr4TQcYRa8ps6Vpimyi7fiuL+EtoUaN1YAWoCE+Tw=	【基礎】長方體和正方體的體積公式		Volume Formulas for Rectangular Prisms and Cubes		math;elementary	junyi	1.0	6.0
junyi.YORLcxgiHpb03U15diML90XnAXNqfG/QtxNo1PrCGVk=	【基礎】複合形體的體積 1;junyi.TWogEjXZZBCw1gGUayarBvTA2viDN2Ly0/KsRLsP0rg=;【一般】複合形體的體積 1		Volume of Composite Solids 1		math;elementary	junyi	1.0	6.0
junyi.awqH6F/TgV0QhF46PtnHP7eSsTSHSXMKIO4KqJaMn04=	【基礎】複合形體的體積 2;junyi.ivMwj8BftiUhzy+S92MtpdbXyuTfab9H8lSFFi2azt4=;【一般】複合形體的體積 2		Volume of Composite Solids 2		math;elementary	junyi	1.0	6.0
junyi.1xsYLCdr/gQCUDijkXoMhULyqs0zluLgCvJN7Bfq3Pg=	【基礎】正方體與長方體的表面積;junyi.7Q7Ff0raH7ISEZGbShV9Ir0eGA4xKjVISqXU/om3sX8=;【進階】正方體與長方體的表面積;junyi.R9Uc/YSWli57zmUYbFm1LrpLpQSpiV8XlzGUDkoUIn8=;【一般】正方體與長方體的表面積		Surface Area of Cubes and Rectangular Prisms		math;elementary	junyi	1.0	6.0
junyi.KDmidXT8+B/WOtPvVSWF6TKTO7xeI+S5CqqmaRdkHcM=	【基礎】長方體和正方體的展開圖 1		Net Diagrams of Rectangular Prisms and Cubes 1		math;elementary	junyi	1.0	6.0
junyi.FXZHogJiLvLU25++7dJCE1y9LEuSi4gulb0iPp36vdQ=	【基礎】長方體和正方體的表面積		Surface Area of Rectangular Prisms and Cubes		math;elementary	junyi	1.0	6.0
junyi.n+b0VzjA7b3kgqw8iXzwX0yTpYwNRczONSV0z2jNGtg=	【基礎】柱體、錐體和球;junyi.FzlL3BMs4RcndF+5SIruQoA/ds42iWUt+cuErOyosIg=;【進階】柱體、錐體和球;junyi.Ng8Iw8PYfUoT3Pv0dKtEs6DvpuenM9W6STSDlwcc2f0=;【一般】柱體、錐體和球		Cylinders, Cones, and Spheres		math;elementary	junyi	1.0	6.0
junyi.QZ6LopqYP/r9aU9mfJaX3+scQfAlYe19eeaj7TW+zww=	【基礎】立體形體的分類;lcsh.sh86005025	http://id.loc.gov/authorities/subjects/sh86005025	Classification of Three-Dimensional Shapes		math;elementary	junyi	1.0	6.0
junyi.8k9UdKViQ2bczWr7yGZpegN088XEN6uGJi0UI+kr5vU=	【基礎】柱體的構成要素;lcsh.sh85053286	http://id.loc.gov/authorities/subjects/sh85053286	Components of Cylinders		math;elementary	junyi	1.0	6.0
junyi.2f91Isfs+HaZMyoefue8KM5T9TUHnyfMUs7lDEcsgWo=	【基礎】錐體的構成要素;lcsh.sh86007358	http://id.loc.gov/authorities/subjects/sh86007358	Components of Cones		math;elementary	junyi	1.0	6.0
junyi.X3kjMLe+TWKd9Bm5TfIaJZzzngni5Yb5nJxHI3WWvO0=	【基礎】立體形體的頂點、邊、面的數量;lcsh.sh86005025	http://id.loc.gov/authorities/subjects/sh86005025	Vertices, Edges, and Faces of Three-Dimensional Shapes		math;elementary	junyi	1.0	6.0
junyi.R8DtELOi6cThZOCqTX6c+wNDtTcGGuaAufw4vCdQPsw=	【基礎】形體關係與柱體表面積綜合習題		Shape Relationships and Cylinder Surface Area Comprehensive Problems		math;elementary	junyi	1.0	6.0
junyi.SBKtN+xP0yIQrTRObRW2C5D7oO34pRf8QAnjfMjnqcY=	【基礎】柱體的體積綜合習題;junyi.GA6Dha1MDEK/UJfiA7ab/hYV7PyA+y3Ff04A0q01FLI=;【一般】柱體的體積綜合習題		Comprehensive Cylinder Volume Problems		math;elementary	junyi	1.0	6.0
junyi.ZTrivKluBU7pmaSFNu6x4a8QnBgW4kdz9KN9RcGKzn4=	【基礎】面與面的平行和垂直關係		Parallel and Perpendicular Relationships Between Faces		math;elementary	junyi	1.0	6.0
junyi.hLFiBikqhFsQw0px/iUFWmJ/TvnIlZpv95bRtR7baZM=	【基礎】面與線的垂直關係		Perpendicular Relationships Between Faces and Lines		math;elementary	junyi	1.0	6.0
junyi.v0sbjtQ2OP0XxliWlaM9TYTIuItpb/xj6QRsVVITb9o=	【基礎】角柱面與面、線與面的關係		Relationships Between Faces and Between Lines and Faces of Prisms		math;elementary	junyi	1.0	6.0
junyi.AUKcVABab0p2gaDWuFp3/SBBMLdbzqtduBnXhYaNX4A=	【基礎】底面為平行四邊形、三角形的柱體體積		Volume of Prisms with Parallelogram or Triangle Bases		math;elementary	junyi	1.0	6.0
junyi.YnI7n8GUBMZqWulnBVfUXzZLgJVDs7v0mGRfjKqao2k=	【基礎】底面為梯形、圓柱的柱體體積		Volume of Prisms with Trapezoid Bases and Cylinders		math;elementary	junyi	1.0	6.0
junyi.dp78n2nBF0mjm5oRY8h60W1V3QuUhYHp7Q+b48XB8e0=	【進階】長方體和正方體的體積應用題		Applications of Rectangular Prism and Cube Volume		math;elementary	junyi	1.0	6.0
junyi.GZY8ga1P0DFvam+70Fjj0NwIsPACRwDe+RH8rmO/m9I=	【一般】正方體邊長和體積的變化關係		Relationship Between Edge Length and Volume of Cubes		math;elementary	junyi	1.0	6.0
junyi.UukST5Jm3oHVK7g3ktel5joKNlCYBQJIX/A+GOGyjG4=	【一般】長方體和正方體的展開圖 2		Net Diagrams of Rectangular Prisms and Cubes 2		math;elementary	junyi	1.0	6.0
junyi.wWw2CLiK4yqlM5/ZJQgVspMEHVnWTfbbuGHAZs+py9c=	【一般】兩正方體表面積的倍數關係		Multiples of Surface Area Between Two Cubes		math;elementary	junyi	1.0	6.0
junyi.7fdHou+q4q/QY9nkfzbfGyWbvW6prJBGXnsOLgIlQbw=	【基礎】認識長條圖與圓餅圖;dbpedia.Bar_chart_templates	http://dbpedia.org/resource/Category:Bar_chart_templates	Understanding Bar Charts and Pie Charts		math;junior	junyi	7.0	9.0
junyi.4Cs14shCTLdfFnIdlQ4kN//z73I2k0ryjmF6E1FzBmo=	【基礎】百分位數與四分位數		Percentiles and Quartiles		math;junior	junyi	7.0	9.0
junyi.Ijs1UshEIMgt1OcG6eKsXptj44RGEr6VuWhFcmr0erA=	【基礎】全距、四分位距;lcsh.sh85111360	http://id.loc.gov/authorities/subjects/sh85111360	Range and Interquartile Range		math;junior	junyi	7.0	9.0
junyi.qFKdCNiWQCeUTbvGJqYeg6lzdzk69fUJmjb6efOtAUU=	【基礎】機率的概念;dbpedia.Probability_interpretations	http://dbpedia.org/resource/Category:Probability_interpretations	Concept of Probability		math;junior	junyi	7.0	9.0
junyi.2k3XtblUSWpurYNdEmcHclEHBkPUraezRZrIxjMggzE=	【基礎】機會均等的機率		Probability of Equally Likely Events		math;junior	junyi	7.0	9.0
junyi.igyppz1W8cwmEp4KYuI4wd36zojXrAzg1FjgEb9oaW0=	【基礎】事件發生的機率;dbpedia.Applied_probability	http://dbpedia.org/resource/Category:Applied_probability	Probability of Events		math;junior	junyi	7.0	9.0
junyi.BFLeIt3fKT+RFErw4CjMV/iHEo5mzd9ZTYi6tORkpok=	【基礎】樹狀圖求機率：兩階段		Tree Diagrams for Probability: Two Stages		math;junior	junyi	7.0	9.0
junyi.NcWaNtErOZNSS3qaqbqUhMRUU3/LUYwHj+5/vw601SU=	【進階】資料調整對統計量的影響		Effects of Data Adjustment on Statistical Measures		math;junior	junyi	7.0	9.0
junyi.CVPAbATBJIcwj+W5tdHPMJPOXd7zjBzeCVdUuSchQOQ=	【進階】統計資料的綜合應用;dbpedia.Statistical_data;dbpedia.Statistical_databases	http://dbpedia.org/resource/Category:Statistical_data;http://dbpedia.org/resource/Category:Statistical_databases	Comprehensive Applications of Statistical Data		math;junior	junyi	7.0	9.0
junyi.DDlDJPD+Pf0lX8WBgnOUdm1wA1bnHc1lsKlvUct+Qb0=	【一般】相對次數分配與累積次數分配		Relative Frequency Distribution and Cumulative Frequency Distribution		math;junior	junyi	7.0	9.0
junyi.31pm8raJKwwI41JrU+s508PpAfTazsyOVzK6AcUPbU4=	【一般】次數分配表的平均數		Mean of Frequency Distribution Table		math;junior	junyi	7.0	9.0
junyi.tX7NdqantvoBvQvdkD5+zE0t7sWCWqUqRru/FcnRYEY=	【一般】次數分配表的中位數		Median of Frequency Distribution Table		math;junior	junyi	7.0	9.0
junyi.iXwCZxKEZeb4dyC2NYB/rHZE/rYeCXcZ3kTdfe7CQBo=	【一般】已分組的百分位數與四分位數		Percentiles and Quartiles of Grouped Data		math;junior	junyi	7.0	9.0
junyi.CMyGDXUELzeplk/4CMeRIFdFeukLF5cACzMugP2ar2k=	【一般】多個盒狀圖的比較		Comparison of Multiple Box Plots		math;junior	junyi	7.0	9.0
junyi.N7RI6heSDN83dU42Jm5Q5/NhgGiBHJV/siihpGG9+YY=	【一般】樹狀圖求機率：三階段		Tree Diagrams for Probability: Three Stages		math;junior	junyi	7.0	9.0
junyi.RC6q7zijbSkLeANRrhUHoLSa+HC/PGtbFSSBlsaFrag=	【基礎】指數：紙張對摺與次方關係		Exponents: Paper Folding and Exponential Relationships		math;senior	junyi	10.0	12.0
junyi.vKy7mwWzDQnqrw/yaJ6PB2jW/wheq1QhTZ1+TEFcP8U=	【基礎】指數：用計算機計算指數;dbpedia.Electronic_calculators	http://dbpedia.org/resource/Category:Electronic_calculators	Exponents: Calculating Exponents with Calculators		math;senior	junyi	10.0	12.0
junyi.5hdoig9S5bMSEU8dY8iuOOHDxIhRszCyjA2j1+HvnCs=	【基礎】乘法和除法綜合習題;lcsh.sh85038612	http://id.loc.gov/authorities/subjects/sh85038612	Comprehensive Multiplication and Division Problems		math;elementary	junyi	1.0	6.0
junyi./fQsOaxbPuYyM7ZO/JBLBRA6HJyOHY8zUN9oLVT5vYM=	【基礎】乘法和除法的關係 1		Relationship Between Multiplication and Division 1		math;elementary	junyi	1.0	6.0
junyi.4O/bW47dO93OOFh+q3pUoZX5kXQfbqI8onvu0RriUbE=	【基礎】乘法和除法的關係 2		Relationship Between Multiplication and Division 2		math;elementary	junyi	1.0	6.0
junyi.J8b8Ok1gEPROB5T/Vtq9jdAFAnS8sLo1ZMsdTpWLr0g=	【基礎】被乘數或乘數未知		Unknown Multiplicand or Multiplier		math;elementary	junyi	1.0	6.0
junyi.DBCNxZ0sgsp2UnxD2QjnB5hpbDbKo2poEf5HLMnXhck=	【基礎】被除數或除數未知;lcsh.sh85038584	http://id.loc.gov/authorities/subjects/sh85038584	Unknown Dividend or Divisor		math;elementary	junyi	1.0	6.0
junyi.fjWWAOup4/22H9FJ4JGCOoAlKuzlTKJEBvhYtRhNkEQ=	【基礎】容量、容積和體積綜合習題;junyi.f0wLgPqiGPfmX/CF5qxgNmuoQj/9Z6CKss1Oi6P61I0=;【進階】容量、容積和體積綜合習題;junyi.YvQPbwjYS29kj/MLwNYQQZEeHg3g0EltbLRfuPywjqE=;【一般】容量、容積和體積綜合習題		Comprehensive Capacity, Volume, and Cubic Capacity Problems		math;elementary	junyi	1.0	6.0
junyi.s6iUzyQUzDGLXdahm0mCWfk5q8rcxE5JGLnSGk5h88M=	【基礎】已知內部邊長求容積		Finding Volume Given Internal Dimensions		math;elementary	junyi	1.0	6.0
junyi.cNDFZsIE6ShplieFXQVimwas6pEjjQ6TXTMZSV/ROT8=	【基礎】速率;junyi.kNUnYkzBPHsIi2kTqCFtR7iMGyx2yZD/KZHuu839hcY=;【進階】速率;dbpedia.Need_for_Speed	http://dbpedia.org/resource/Category:Need_for_Speed	Speed and Rate		math;elementary	junyi	1.0	6.0
junyi.HKqPgUALqZGw984KFqAMeDwDJTi9cNhJ51UXfjzELSg=	【基礎】比快、比慢;lcsh.sh89001825	http://id.loc.gov/authorities/subjects/sh89001825	Comparing Speeds		math;elementary	junyi	1.0	6.0
junyi.VFSfDdE2vLsyVfGCGYLnxYih+n8+IpUbRoiUpDJ4hc4=	【基礎】速率的記法		Notation of Speed and Rate		math;elementary	junyi	1.0	6.0
junyi.4OOqY/SxnrDhJYNG9IWfI75NGmUwzQF9qC7YYdUwrbI=	【基礎】基準量與比較量;junyi.7Sm+J+ttrSwXrO/bKt4ZU534Mei/1rKNNW6TpNBbous=;【進階】基準量與比較量;junyi.8gOZWBxE7wr8h/rGa/eYrD35P96u8qBjlPgsaHLe/IU=;【一般】基準量與比較量		Base Quantity and Comparison Quantity		math;elementary	junyi	1.0	6.0
junyi.D+FHl27nM1FORJIrrx21aDYgSjXGIM4nzk77BDQCSz4=	【基礎】認識基準量與比較量 1		Understanding Base Quantity and Comparison Quantity 1		math;elementary	junyi	1.0	6.0
junyi.Yld92kacYxRSUfN9lQovMp24sfx19G3veIT3XSsHuQY=	【基礎】兩量的和;junyi.7XD1iSHcwJip7u6ZRYkTQhjk1DLbKL4lQMrf9nBWnX4=;【進階】兩量的和;junyi.I5F+V017wkGXlo9YHRtw1qVfzFDId1dx7MtIEKLw8J8=;【一般】兩量的和		Sum of Two Quantities		math;elementary	junyi	1.0	6.0
junyi.7czfGZNjJ+Rcey3EayH2GbR2/u33U9m2PKb1+lMA1bs=	【進階】不規則物體的體積;lcsh.sh85144332	http://id.loc.gov/authorities/subjects/sh85144332	Volume of Irregular Objects		math;elementary	junyi	1.0	6.0
junyi.y2cIQJI2w9BzUTARUpwIfpZKS7NOEaAdBnn0A7fA7Bk=	【進階】速率固定，利用時間的倍數求出距離;lcsh.sh85135428	http://id.loc.gov/authorities/subjects/sh85135428	Fixed Rate, Finding Distance Using Multiples of Time		math;elementary	junyi	1.0	6.0
junyi.LkGxmLWesEPJgooW03RGU1eRXKGzJKoyurxRYeh0KOI=	【進階】速率固定，利用距離的倍數求出時間;lcsh.sh85135428	http://id.loc.gov/authorities/subjects/sh85135428	Fixed Rate, Finding Time Using Multiples of Distance		math;elementary	junyi	1.0	6.0
junyi.yMjqmd4vaehZlSUXc9AMmPQBdPp+256dayxZ/xS7svg=	【進階】時間固定，利用速率的倍數求出距離;lcsh.sh85135428	http://id.loc.gov/authorities/subjects/sh85135428	Fixed Time, Finding Distance Using Multiples of Rate		math;elementary	junyi	1.0	6.0
junyi.U7WkGZRG7Ap28BleazYLuVCBEN3TdSTYP43SOFuOb54=	【進階】時間固定，利用距離的倍數求出速率;lcsh.sh85135428	http://id.loc.gov/authorities/subjects/sh85135428	Fixed Time, Finding Rate Using Multiples of Distance		math;elementary	junyi	1.0	6.0
junyi.Fp2N843wQ4ascJJ2z+U5gFTitsWL/g/USFepwMhW+cQ=	【進階】兩量的差;junyi.OpP2FCplZ1a3UCUD9+tmw0Az+FrTdUOy8QtzWTO3BbM=;【一般】兩量的差		Difference of Two Quantities		math;elementary	junyi	1.0	6.0
junyi.P1aW4NWkbjTAgrdvKdb/WsQZOI7wEV81FWNrD8IkT0Q=	【一般】已知外部邊長與厚度求容積：有蓋、無蓋		Finding Volume Given External Dimensions and Thickness: With or Without Lid		math;elementary	junyi	1.0	6.0
junyi.gTX47i+8MQYHcDkBirEicZc7nqG0hNf/20GgU2oQK0o=	【一般】認識容積與容量		Understanding Cubic Capacity and Capacity		math;elementary	junyi	1.0	6.0
junyi.U0mwINNikgvZ0ftlUeNE7EDUElvPx/tTWfJtl20gC6g=	【一般】液體的體積;lcsh.sh2006001016	http://id.loc.gov/authorities/subjects/sh2006001016	Volume of Liquids		math;elementary	junyi	1.0	6.0
junyi.5dlKZnVky02kPrQ3HjXsJq0FAO4nImf7Q/v6t5xOoq8=	【一般】秒速、分速、時速		Speed per second, speed per minute, speed per hour		math;elementary	junyi	1.0	6.0
junyi.9z7XR/FDfIAlrvVwIbw6cXuoTHPxXx3Tfe2fcYkLFCU=	【一般】速率的三個公式應用;lcsh.sh85126489	http://id.loc.gov/authorities/subjects/sh85126489	Three formulas for speed applications		math;elementary	junyi	1.0	6.0
junyi.INRHW4A8HcdD24d9DGp5JEEdx6Z4StQt3X0XknSShA8=	【一般】速率的比較：化成同單位		Speed comparison: converting to the same unit		math;elementary	junyi	1.0	6.0
junyi.WfTXipC1a2n1v6FzNC711Jzm2ikIDAAPKcOP6AEaR1Y=	【一般】平均速率;wd.Q1267186	https://www.wikidata.org/wiki/Q1267186	Average speed		math;elementary	junyi	1.0	6.0
junyi.qkyb1eQM8HrW/1r3sz2c+00GK5edqo/fzRXXgF53eTI=	【基礎】找出一個數的因數;lcsh.sh85046846	http://id.loc.gov/authorities/subjects/sh85046846	Finding factors of a number		math;elementary	junyi	1.0	6.0
junyi.fbuOkTzKc7bABIGPJvp/bTmmesQeECfkMWrERS9NDEo=	【基礎】認識倍數;lcsh.sh2013002677	http://id.loc.gov/authorities/subjects/sh2013002677	Understanding multiples		math;elementary	junyi	1.0	6.0
junyi.ByQA/MmCIFpFDmbqdsY9HPLUXlMwe6dauKrJXJFmtO0=	【基礎】認識公因數;dbpedia.Chief_factors	http://dbpedia.org/resource/Category:Chief_factors	Understanding common factors		math;elementary	junyi	1.0	6.0
junyi.9/t+DtjQ/LZtSlRiyxT42j/uCkaXNx3dilnbirw8Idg=	【基礎】公因數的應用問題		Applications of common factors		math;elementary	junyi	1.0	6.0
junyi.U2kVmFcvfYHpuYGFYE9P/5A//cmtFnXpxBQYS9yWaiw=	【基礎】認識公倍數;lcsh.sh2013002677	http://id.loc.gov/authorities/subjects/sh2013002677	Understanding common multiples		math;elementary	junyi	1.0	6.0
junyi.rp9yfKKSxDxu3W+c66zfqMEOPAFoBxPk/WXvxBAXfUo=	【基礎】公倍數的應用問題		Applications of common multiples		math;elementary	junyi	1.0	6.0
junyi.nds7oVk2a6yC/6tk1sTPm75v/0ZPkvrJ00WGmYRciOI=	【基礎】因數與公因數綜合習題;junyi.RKkxBe+3Z33I75tZfZ8EY7LtVnN5QEfE8O0y6bPFCeo=;【進階】因數與公因數綜合習題;junyi.o/aHMWaMdC0+kGRlcK7UV02bbJaIcaE/j2nbSkgupxw=;【一般】因數與公因數綜合習題		Factors and common factors comprehensive problems		math;elementary	junyi	1.0	6.0
junyi.qAtLSVC787ORvbDSF5uaZalBGtpHCkGfy0rXm8xJD/I=	【基礎】利用乘法找因數;lcsh.sh85046846	http://id.loc.gov/authorities/subjects/sh85046846	Finding factors using multiplication		math;elementary	junyi	1.0	6.0
junyi.Ps4dfShfpeMF3VG030HqZ2bsbD7PaVxvJYFTtroeSzQ=	【基礎】倍數的應用;lcsh.sh2013002677	http://id.loc.gov/authorities/subjects/sh2013002677	Applications of multiples		math;elementary	junyi	1.0	6.0
junyi.wmSqGTqsAyWkNPvpGkVe/Jb9ezYUQbMHUQmyDPhmRLQ=	【基礎】判別 2、3、5、10 的倍數		Identifying multiples of 2, 3, 5, 10		math;elementary	junyi	1.0	6.0
junyi.rwtEkQkEDS3aQkE+XIosHysCXQU9C8iB14xc1kQC/k0=	【基礎】倍數與公倍數綜合習題;junyi.qoREG2KBVgevjuwDNMApauSTJsLjeqqVEyXdOAB0xMc=;【進階】倍數與公倍數綜合習題;junyi.eddO7Y62aSxN4O6q6+UZ1oFT7Ev3tJqJn8H7Lz664kk=;【一般】倍數與公倍數綜合習題;lcsh.sh2013002677	http://id.loc.gov/authorities/subjects/sh2013002677	Multiples and common multiples comprehensive problems		math;elementary	junyi	1.0	6.0
junyi.rrZveAGxgrsKF1qL65AmLVqda8Zbg24xqWyj34qac9c=	【基礎】最大公因數的應用題		Applications of greatest common factor		math;elementary	junyi	1.0	6.0
junyi./d39FzqaM3PZzpoMXxA80PMICsVhzfL6MGSCqZtsQOo=	【基礎】找出最小公倍數		Finding least common multiple		math;elementary	junyi	1.0	6.0
junyi.1fj13beFL9gkyJu7fOVD08cezQW4aaruf2z0f+Xew1E=	【基礎】找出最大公因數		Finding greatest common factor		math;elementary	junyi	1.0	6.0
junyi.2gvPp/ApACeovvXfovMnj6PCOtw2m8IJH2WxJuJuktE=	【基礎】最大公因數與最小公倍數綜合習題;junyi.0FMoJE22DcUZEQ3fIPHBSuBfrQEG0vjhpvOoWyeTTXY=;【進階】最大公因數與最小公倍數綜合習題;junyi.Th3OVzxgS2ilcKpcQLrQzAG30fdrg7VHZmV5f4PjJb8=;【一般】最大公因數與最小公倍數綜合習題		GCF and LCM comprehensive problems		math;elementary	junyi	1.0	6.0
junyi.gBWgPAdRB7ghGaR1wXxs0jogZW6obH9cO2hmBu/pUx8=	【基礎】找最大公因數的練習		Practice finding greatest common factor		math;elementary	junyi	1.0	6.0
junyi.HDHAipSsrFpMgCVqD8wYT4JhziGVSgjG2rkkL3dKY/g=	【基礎】最大公因數的應用問題		Greatest common factor application problems		math;elementary	junyi	1.0	6.0
junyi.aMy+V/IgYkfzzxp0JhGeJIW3f3X4rBOZf/UgsI2IX/4=	【基礎】最小公倍數的應用問題		Least common multiple application problems		math;elementary	junyi	1.0	6.0
junyi.YuGOmB+frbM8rfAa0RJE882R+IoMf9N89OiVqLbAHBw=	【基礎】尋找質因數;lcsh.sh85046846	http://id.loc.gov/authorities/subjects/sh85046846	Finding prime factors		math;elementary	junyi	1.0	6.0
junyi.PDjFRBgq4c5rzxS6wQrkOkhNs3qKPZ35htxUocnuNEw=	【一般】質因數的應用		Applications of prime factors		math;elementary	junyi	1.0	6.0
junyi.GogTiwoGv+VkAzLYeC5+qm/zPzJ/9QGAW7+43gzaFyA=	【基礎】體積：立方公分綜合習題;junyi.sXQotCwOU/fcmIsFMqsFT1+jDrgNl3Eetil55blgp1Y=;【進階】體積：立方公分綜合習題;junyi.7TnOWfQ9G1fHRFFRHP2UNZ3SdWfN5I40rfh/K1ZepWc=;【一般】體積：立方公分綜合習題		Volume: cubic centimeters comprehensive problems		math;elementary	junyi	1.0	6.0
junyi.9sB9W+3x5hEFUN/pFLPakL+0ubNopXBy3NGjYgRPSI4=	【基礎】大小與體積;dbpedia.Units_of_volume	http://dbpedia.org/resource/Category:Units_of_volume	Size and volume		math;elementary	junyi	1.0	6.0
junyi./4h6DuvZuZzr028oR886m6kpiLYuUSmpr9v3ITNTgiY=	【基礎】認識立方公分		Understanding cubic centimeters		math;elementary	junyi	1.0	6.0
junyi.+c+5BQh1a2P75VjWgg/aX+j7kru6tteMWrupq+MMQgw=	【基礎】時、分、秒的乘法問題		Multiplication problems with hours, minutes, seconds		math;elementary	junyi	1.0	6.0
junyi.po7dH4OmeU04x3Ji/XOLOur74ArAEobOa+Ras1+UdNM=	【基礎】時、分、秒的除法問題		Division problems with hours, minutes, seconds		math;elementary	junyi	1.0	6.0
junyi.NbzNnWabooJ8J/09unhbUwFiH6Jr9Vv3VQwYF8cT2IY=	【基礎】日、時、分、秒綜合習題;junyi.mf5PUtZaZKgrMrWPXCK8shRWejWlf18QjoDp60P8GxA=;【一般】日、時、分、秒綜合習題		Days, hours, minutes, seconds comprehensive problems		math;elementary	junyi	1.0	6.0
junyi.RqWJRTdyiEJkrfUuO1BNxb3KXHD+idu3CvWpdu9lgHM=	【基礎】認識日、時、分、秒		Understanding days, hours, minutes, seconds		math;elementary	junyi	1.0	6.0
junyi.H9tE/axZ4DsmCfhZY9auIyxyBeXalwM2dnTvNSkhD+E=	【基礎】日、時、分、秒的換算		Conversion of days, hours, minutes, seconds		math;elementary	junyi	1.0	6.0
junyi.iWYmMDS9CSVGUTFmETeO+1hSj89Z4w5RGwP5H9Zv3SQ=	【基礎】認識 24 時制		Understanding 24-hour time format		math;elementary	junyi	1.0	6.0
junyi.K4GS8qPmRPsosinHUMiie4K4rcAVcF05OI/bcQqHJdc=	【基礎】之前或之後的時刻：兩個單位的時間計算		Time before or after: calculation with two units		math;elementary	junyi	1.0	6.0
junyi.bZml5gkJWB1WJFn9WFcAJB4dwFXSFI3h0uK0BwtBHzg=	【基礎】經過多久的時間？		How much time has elapsed?		math;elementary	junyi	1.0	6.0
junyi.oNW2oJaLDT1nfBVzmLcalNj1Z3lWGmnvRSEytScLsTs=	【基礎】認識平年和閏年;dbpedia.Old_Style_leap_years	http://dbpedia.org/resource/Category:Old_Style_leap_years	Understanding common years and leap years		math;elementary	junyi	1.0	6.0
junyi.3sOEuxGBKh09ZpcaBhWXk4+LY+clD2Zpu/qTcPUVkVc=	【基礎】之前或之後的時刻：同單位的時間計算		Time before or after: calculation with same unit		math;elementary	junyi	1.0	6.0
junyi.BCz3hEB0CxBDHs6ebA0dwY/yJI1GRKhXo5MmxjsLONM=	【基礎】時間的加減計算綜合習題;junyi.QlgE9ktDNbyezcCDHWTZkmzRM8/8FOcwEHpwzA+Zib8=;【進階】時間的加減計算綜合習題;junyi.WloCXEmnD+f/vvG/m5NptiLPqazIZr+l8yqpaTAtMfg=;【一般】時間的加減計算綜合習題		Addition and subtraction of time comprehensive problems		math;elementary	junyi	1.0	6.0
junyi.daGwNLwnh35rFVqjg4maa1tVsx+wdDt7V9HggGCDZXI=	【基礎】時間量的加減計算		Addition and subtraction of time quantities		math;elementary	junyi	1.0	6.0
junyi.SVxqhYXrH6SfIgcbLQ9Z+95ZeN14VIMuO/gr6OWgXBU=	【基礎】兩時刻之間的時間量		Time duration between two moments		math;elementary	junyi	1.0	6.0
junyi.gKJglt665bOi+yhFGI4R+H8qLidcbQP+hBH8wGvpE5U=	【基礎】一段時間之前或之後的時刻：不跨日		Time before or after a duration: without crossing days		math;elementary	junyi	1.0	6.0
junyi.iTEZw73MY3n+LoNon1FUuwEW5jHj4CQXGnFo5CaVYEM=	【基礎】時間的乘除計算;junyi.Pno/CGBMlrCkP6v7Qig/GV1dlecJ5lEnZSJ6jZbpmZE=;【進階】時間的乘除計算;junyi.PZiMEThYIWDp5LXaqdNHdOfMunTBCS2DXk0x9ctcOzk=;【一般】時間的乘除計算		Multiplication and division of time		math;elementary	junyi	1.0	6.0
junyi.6OqLfhKn7o3dbR9qbbxwkWWiO1BxMW3/iRqMJ3C4TNI=	【基礎】日、時的除法問題		Division problems with days and hours		math;elementary	junyi	1.0	6.0
junyi.GBuuTGwr8n5kkbXa8dQb8tLv+dfcK0gZ9vNcFCjlDJ0=	【基礎】日、時的乘法問題		Multiplication problems with days and hours		math;elementary	junyi	1.0	6.0
junyi.dVKfHzCsi1dOBhd343bsUNF4dowsiANnvRBkWqToitg=	看時鐘（整點）;lcsh.sh85135409	http://id.loc.gov/authorities/subjects/sh85135409	Reading a clock (on the hour)		math;elementary	junyi	1.0	6.0
junyi.vhz7ZImgcFLciakjMFdmn0S/He85wqQkhLiYXRPpu18=	 時間的基本概念;dbpedia.Philosophy_of_time	http://dbpedia.org/resource/Category:Philosophy_of_time	Basic concepts of time		math;elementary	junyi	1.0	6.0
junyi.zX5HAUpRYC4F7YPNs5tUeBqVi++rEmPUfsAtHpoZmEQ=	數日子;wd.Q5177134;dbpedia.Days	https://www.wikidata.org/wiki/Q5177134;http://dbpedia.org/resource/Category:Days	Counting days		math;elementary	junyi	1.0	6.0
junyi.l1rjnoyfJCnZv8AJ4YiaXNG3b/Qrtstg83+T9K4A4pU=	【一般】數字較大的時間單位換算;lcsh.sh85135396	http://id.loc.gov/authorities/subjects/sh85135396	Time unit conversion with larger numbers		math;elementary	junyi	1.0	6.0
junyi.7cFI976r8aUQRMMibLQL8WwJA2qtycc67CAiCglG1yA=	【一般】一段時間之前或之後的時刻：跨日;dbpedia.Cross-quarter_days	http://dbpedia.org/resource/Category:Cross-quarter_days	Time before or after a duration: crossing days		math;elementary	junyi	1.0	6.0
junyi.Td40Heh6rp61Aa5Pd6cd46sOEZ65dgSfsT9oTDoFl+c=	【一般】時間乘除的應用題 1		Application problems of time multiplication and division 1		math;elementary	junyi	1.0	6.0
junyi.iCI6VPG9JvYhgJi7cBepbWJUtUoFgOO/HrhSwkumLO8=	【一般】時間乘除的應用題 2		Application problems of time multiplication and division 2		math;elementary	junyi	1.0	6.0
junyi.mzSnT1CgsdPVx0yFebyrR837l1a+t4MBMugTwpmRQ7g=	【基礎】一位小數的大小比較 1		Comparing one-decimal-place numbers 1		math;elementary	junyi	1.0	6.0
junyi.ViIxd7sl/Dp2C0nC24swu3Cm5o8UkaEMgyMuUp7pq0g=	【基礎】比率的基本計算;dbpedia.Statistical_ratios	http://dbpedia.org/resource/Category:Statistical_ratios	Basic calculations of ratios		math;elementary	junyi	1.0	6.0
junyi.VkDMjjCaJsUcJWn56ZVLtKz6ohgWVycmo0nh3ieP7Oo=	【基礎】百分率的計算練習		Practice calculating percentages		math;elementary	junyi	1.0	6.0
junyi.BKt/X36NfFpI627PMWLYduGX+QjDoMwvH4t3vd7m8Fk=	【基礎】一位小數綜合習題		One-decimal-place numbers comprehensive problems		math;elementary	junyi	1.0	6.0
junyi.4ZORM6aG+AuCdVwSDcuY5CIGomxB+yV7jEQ3c7BV9w4=	【基礎】認識一位小數		Understanding one-decimal-place numbers		math;elementary	junyi	1.0	6.0
junyi.WIX8cNygX1SJ0qs+f36JttnScd1lBN+e2c7/KEYlysI=	【基礎】一位小數的位值		Place value of one-decimal-place numbers		math;elementary	junyi	1.0	6.0
junyi.btutOdU/ny9Ykgd+Tc9xiiMu9JaIcbX/87A/I7MsM2g=	【基礎】一位小數與長度;dbpedia.Decimalisation	http://dbpedia.org/resource/Category:Decimalisation	One-decimal-place numbers and length		math;elementary	junyi	1.0	6.0
junyi.HNE+oAEQp1JlBxa/P70tJmhSzwORSx4tR5MrBQl5jsU=	【基礎】一位小數的大小比較 2		Comparing one-decimal-place numbers 2		math;elementary	junyi	1.0	6.0
junyi.m05vYiRhzb0tIGStVVCNMqTKMCT4UT7bf0UdiR5d0+4=	【基礎】一位小數的加法 2		Addition of one-decimal-place numbers 2		math;elementary	junyi	1.0	6.0
junyi.tZf/bEBKSTS+3LVGtBC9SDk0DW861g71Tm+ZVdS2co4=	【基礎】一位小數的減法 2		Subtraction of one-decimal-place numbers 2		math;elementary	junyi	1.0	6.0
junyi.a3YtCNan74n5yr33mRTziRBk7zjFI9XrLXC0Wtp8kWU=	【基礎】一位小數與數線		One-decimal-place numbers and number line		math;elementary	junyi	1.0	6.0
junyi.hT3lzAgSbDmKyrgoiN9ijCKlXj0jcr8pmOTmiJ5sNw0=	【基礎】一位小數在數線上的大小比較		Comparing one-decimal-place numbers on a number line		math;elementary	junyi	1.0	6.0
junyi.uL6KHETQYCoqBED2zQuy+zkxtwJwdoa9myALWa6dHRE=	【基礎】在數線上標示 0 與 1 之間的小數 2		Marking decimals between 0 and 1 on a number line 2		math;elementary	junyi	1.0	6.0
junyi.OJioXoiZxIzRBhycCjmphl4dI2Dt8J+exC1qFpvek/8=	【基礎】二位小數綜合習題		Two-decimal-place numbers comprehensive problems		math;elementary	junyi	1.0	6.0
junyi.rzWpkZfVptJjhCtmA5xHgJIsAZQKyQ0mwHzaE2K/I9Y=	【基礎】認識二位小數		Understanding two-decimal-place numbers		math;elementary	junyi	1.0	6.0
junyi.OmVUm+97EqL1PSeEy318gszce7gJjIMnEjDMFU9e+qA=	【基礎】二位小數與位值表		Two-decimal-place numbers and place value chart		math;elementary	junyi	1.0	6.0
junyi.zFUHHn64b2GorjfAU6+BVy85oSZxzLhsrqGzKB7JwZc=	【基礎】二位小數的加法		Addition of two-decimal-place numbers		math;elementary	junyi	1.0	6.0
junyi.POe1GpZCs0XAkf8qMngYc903fO7YAI7ijydnbX3l+/U=	【基礎】二位小數的減法;dbpedia.Decimalisation	http://dbpedia.org/resource/Category:Decimalisation	Subtraction of two-decimal-place numbers		math;elementary	junyi	1.0	6.0
junyi.9lLzmJS+WCb4lxE0gk7bLrUFLMGJusLbizkGGvG52IU=	【基礎】二位小數的大小比較		Comparing two-decimal-place numbers		math;elementary	junyi	1.0	6.0
junyi.3FRmd7Ra1OoMuIMLg7kdD6GNoPN0J1tQEzwMpnuopVA=	【基礎】小數乘以整數綜合習題;dbpedia.Decimalisation	http://dbpedia.org/resource/Category:Decimalisation	Decimal multiplied by integer comprehensive problems		math;elementary	junyi	1.0	6.0
junyi.evRRGINVvP8D982nKYCUr6xI3QP2Mx+Fvu2ZIrKNajM=	【基礎】一位小數乘以一位整數;dbpedia.Decimalisation	http://dbpedia.org/resource/Category:Decimalisation	One-decimal-place number multiplied by one-digit integer		math;elementary	junyi	1.0	6.0
junyi.+zUL0wWCfsBXNoDj5KsvASLlqd26KU9+nSN1zZ7GsQI=	【基礎】二位小數乘以一位整數;dbpedia.Decimalisation	http://dbpedia.org/resource/Category:Decimalisation	Two-decimal-place number multiplied by one-digit integer		math;elementary	junyi	1.0	6.0
junyi.B8R6Hg4V/F/7VfoeoS3JflqvHVf/8wTTpw3F+5QRK0U=	【基礎】一、二位小數乘以二位整數		Multiplication of one- and two-digit decimals by two-digit integers		math;elementary	junyi	1.0	6.0
junyi.GwclrRm7k07DFC2KIvqVsFlerQ5flvoi99WUcJsWipQ=	【基礎】在數線上標示分數與小數;lcsh.sh85036192	http://id.loc.gov/authorities/subjects/sh85036192	Representing fractions and decimals on a number line		math;elementary	junyi	1.0	6.0
junyi.BrLr9H0NbhhH0E8bcCav8bq+2csWvEraQIgMmNsgvaE=	【基礎】小數的乘法綜合習題;junyi.tN8SpZieIVVCovn2b6LL/lY1ljwmZRYbAR3J6V6ScWs=;【進階】小數的乘法綜合習題;junyi.2CExVv5jxzlmXb7zEgSlHP1/7BPhBG5eJ83q7zmPOkc=;【一般】小數的乘法綜合習題;dbpedia.Decimalisation	http://dbpedia.org/resource/Category:Decimalisation	Decimal multiplication comprehensive exercises		math;elementary	junyi	1.0	6.0
junyi.1MhbCa7PFHspw9qYdDLAld7A/t5TV965ehYwzUUf1ug=	【基礎】整數乘以一位小數的計算;dbpedia.Decimalisation	http://dbpedia.org/resource/Category:Decimalisation	Multiplication of integers by one-digit decimals		math;elementary	junyi	1.0	6.0
junyi.KVumCxlGcZIZ8c8xC2wj9/EVY1hSqjb33TZDX0OIaE4=	【基礎】小數乘以小數;dbpedia.Decimalisation	http://dbpedia.org/resource/Category:Decimalisation	Decimal multiplication by decimal		math;elementary	junyi	1.0	6.0
junyi.jm3AQrDCqr+tJAABNEyhQdSZUH7EWmfIZxEkfBTU9cs=	【基礎】整數除以整數的應用;lcsh.sh00006400	http://id.loc.gov/authorities/subjects/sh00006400	Application of integer division by integer		math;elementary	junyi	1.0	6.0
junyi.Btds09v+9HMRx4P6eflC5gPQoNUwxSaOSdqT5SfNzRs=	【基礎】小數除以整數 1;lcsh.sh00006400	http://id.loc.gov/authorities/subjects/sh00006400	Decimal division by integer 1		math;elementary	junyi	1.0	6.0
junyi.Al012qyMxPulPF6AG/591Tc4yZpAu7WzF0W1nozqDjE=	【基礎】單位小數相乘;dbpedia.Decimalisation	http://dbpedia.org/resource/Category:Decimalisation	Unit decimal multiplication		math;elementary	junyi	1.0	6.0
junyi.iifaTxiiTf4efLofMvQKfjMIGBdh4KuZsWv1TYIQd90=	【基礎】小數乘以 0.1、0.01 以及 0.001;dbpedia.Decimalisation	http://dbpedia.org/resource/Category:Decimalisation	Decimal multiplication by 0.1, 0.01, and 0.001		math;elementary	junyi	1.0	6.0
junyi.z9WEaz3dU4bh7FPuKdAt6UrOgqpVnwWFrb/AL4dkKJs=	【基礎】多位小數的加減綜合習題;junyi.qFkV0za7uPY3RmryLxsEk7Ein+05CaxcU9fXymqOGxk=;【進階】多位小數的加減綜合習題;junyi.9f1FmaQfbOo76nn6Dbh5CDn3qfIP8JDD3YqD4/LnOPc=;【一般】多位小數的加減綜合習題;dbpedia.Decimalisation	http://dbpedia.org/resource/Category:Decimalisation	Multi-digit decimal addition and subtraction comprehensive exercises		math;elementary	junyi	1.0	6.0
junyi.fuX7RkEntlLtpkaxdMcV4FEBp/WuIaHudOHBjIQN/p0=	【基礎】多位小數;dbpedia.Decimalisation	http://dbpedia.org/resource/Category:Decimalisation	Multi-digit decimals		math;elementary	junyi	1.0	6.0
junyi.pHxumVVyXnSVT3+BWEh9DrffUG1ETbtem3Ea1tiDmt4=	【基礎】多位小數的比較;dbpedia.Decimalisation	http://dbpedia.org/resource/Category:Decimalisation	Comparison of multi-digit decimals		math;elementary	junyi	1.0	6.0
junyi./dE70lhbWnFlB1v+ZQBYpQu2XDmodq4HYiBDGZRw3+o=	【基礎】多位小數的加法;dbpedia.Decimalisation	http://dbpedia.org/resource/Category:Decimalisation	Multi-digit decimal addition		math;elementary	junyi	1.0	6.0
junyi.x0Zcc+adPkTZK1q07Cmus67A43gQ4+u6simGbY7U40I=	【基礎】多位小數的減法;dbpedia.Decimalisation	http://dbpedia.org/resource/Category:Decimalisation	Multi-digit decimal subtraction		math;elementary	junyi	1.0	6.0
junyi.ZJ92WK8KhstnwtpIXZzFwFo9tWV1FxW9wGbwBT+JaMk=	【基礎】整數、小數除以整數綜合習題;junyi.BG5tyd78Q/W+eQU5e5tUTKS14+tiZ6//Zftq7fxiLYE=;【進階】整數、小數除以整數綜合習題;junyi.mFkhx+OuLeG7T+2eWVBNjiY7HoTkp4O2/nAXxxunQAs=;【一般】整數、小數除以整數綜合習題		Integer and decimal division by integer comprehensive exercises		math;elementary	junyi	1.0	6.0
junyi.HQovuDJjeLKXHO9abi0E4pR8SAROYKEviztcwbbZxTA=	【基礎】分數和小數的比大小		Comparing fractions and decimals		math;elementary	junyi	1.0	6.0
junyi.b/krXJBZm0PjanxrV1ad3wJ+cirOA0/+gywkvvJRQ9U=	【基礎】小數的四捨五入;dbpedia.Decimalisation	http://dbpedia.org/resource/Category:Decimalisation	Rounding decimals		math;elementary	junyi	1.0	6.0
junyi.GOpS2Uap4gYwMnk0Li7V7U2S7wDYXRE3XijTxTdngsk=	【基礎】小數的除法綜合習題;junyi.0k/ZE9Ku+2Enji5zKQZ5mrfr9r+Noh1CS9kH0GKGf0Q=;【進階】小數的除法綜合習題;junyi.1WFEjeVRD0MW325Ssif9QSV+oEAMGUQfXzuBVtjPSto=;【一般】小數的除法綜合習題;lcsh.sh85036192	http://id.loc.gov/authorities/subjects/sh85036192	Decimal division comprehensive exercises		math;elementary	junyi	1.0	6.0
junyi.dLeQgciAmkIfymykUY3PBW2cDqWQVx64R7tMT+FpJP0=	【基礎】小數除以小數;dbpedia.Decimalisation	http://dbpedia.org/resource/Category:Decimalisation	Decimal division by decimal		math;elementary	junyi	1.0	6.0
junyi.xuhHPeIus65MVkMtd4itXccIpTh/I1+lXwsxGgvVDHg=	【基礎】小數除法 (有餘數);lcsh.sh00006400	http://id.loc.gov/authorities/subjects/sh00006400	Decimal division with remainder		math;elementary	junyi	1.0	6.0
junyi.bUte1ZRGCV1S/2YX8o4VgvRd3uaJ383rAiQfhpHmtos=	【基礎】小數除法的基本應用;lcsh.sh85036192	http://id.loc.gov/authorities/subjects/sh85036192	Basic applications of decimal division		math;elementary	junyi	1.0	6.0
junyi.1iha+v5exIXrmb2ARHQmmJwmljMj98PxQ1Io7y+rq84=	【基礎】被除數、除數和商的關係;junyi.xlm1cA7g3Y3P8DLXvKvOMnzwshnSyIg4BZFF8NJtuXE=;【基礎】被除數、除數和商的關係 ;lcsh.sh85038584	http://id.loc.gov/authorities/subjects/sh85038584	Relationship between dividend, divisor, and quotient		math;elementary	junyi	1.0	6.0
junyi.ceoIhM1kD63Q6PhxJlFTGX+RwSnXuJ3WTOTYhESoQ1k=	【基礎】估算綜合習題;junyi.UyK3WAcVbatfJU5yTyBAdSFG/eXv67JhWvL3rRZGCvs=;【進階】估算綜合習題;junyi.+Lgj0Me9/8gtiruGKq8KxemAD15kU4yCfb6nteNDWjw=;【一般】估算綜合習題;lcsh.sh85044957	http://id.loc.gov/authorities/subjects/sh85044957	Estimation comprehensive exercises		math;elementary	junyi	1.0	6.0
junyi.mGErDb7klind1UmQITMFJDTDg1J+fQPigCXo35M5VOY=	【基礎】整數的乘法估算;dbpedia.Computer_arithmetic_algorithms	http://dbpedia.org/resource/Category:Computer_arithmetic_algorithms	Integer multiplication estimation		math;elementary	junyi	1.0	6.0
junyi.Uq0Jd5CXS1nkLOvMSauJ2/DL+7ZrSiFIXAs+Y0LWrjA=	【基礎】整數的除法估算;lcsh.sh00006400	http://id.loc.gov/authorities/subjects/sh00006400	Integer division estimation		math;elementary	junyi	1.0	6.0
junyi.OCtZCw4vxbL9tULywAqVeistrWqbKBWqJ2ldN66om0U=	【基礎】小數的加、減估算;dbpedia.Decimalisation	http://dbpedia.org/resource/Category:Decimalisation	Decimal addition and subtraction estimation		math;elementary	junyi	1.0	6.0
junyi.v1Oz7FC54hKUCiGnoQwiclh4/CkfCbxtwHTKE7EJVqw=	【基礎】小數的乘、除法估算;lcsh.sh00006400	http://id.loc.gov/authorities/subjects/sh00006400	Decimal multiplication and division estimation		math;elementary	junyi	1.0	6.0
junyi.r+zxAQRiz0ZWhEixJ4ZiWlG2jDpl2qTa2mJ5ZnrVXA8=	【基礎】比率與應用綜合習題;junyi.4MP++M0mzDth2XpfseRILPjwOXOAk+Z2oAquU+nEEYE=;【進階】比率與應用綜合習題;junyi.Ii5Cz6tdyODxCCa3TBksmL6H1pZRzQQ8oFfvyTRO+pA=;【一般】比率與應用綜合習題		Ratio and application comprehensive exercises		math;elementary	junyi	1.0	6.0
junyi.z5YJ7GOEyGfxENlfIjBKbMbTzhp3V5TS6Zp62Y/PKPc=	【基礎】利用比率求出數量;dbpedia.Statistical_ratios	http://dbpedia.org/resource/Category:Statistical_ratios	Finding quantities using ratios		math;elementary	junyi	1.0	6.0
junyi.byiS/4MopQNKQw1o5SVSsCfg28hMqNPubipGt4A19bo=	【基礎】百分率與分數、小數的互換		Conversion between percentages, fractions, and decimals		math;elementary	junyi	1.0	6.0
junyi.kaswy5Iwfp5d3/3ST/V5AU2yqxKhaFF+OP11w7VeMK4=	【基礎】利用全部的比例是 1 來解題		Problem solving using total ratio equals 1		math;elementary	junyi	1.0	6.0
junyi.XGFZ7IrZsoBhRl8og2T59raf/eHUTP3NRcwHW+GLxmQ=	【基礎】經由百分率求出數量		Finding quantities through percentages		math;elementary	junyi	1.0	6.0
junyi.xaWHtJt0hf186kbfofLHHt94c0qSZE3L7nvrmIAexws=	【基礎】將百分率化成分數		Converting percentages to fractions		math;elementary	junyi	1.0	6.0
junyi.fS8PvECka4NC8sJQey0IIfKeZ2dwZQsrj2/lhKun3tE=	【基礎】漲價、減少的百分率		Percentage increase and decrease		math;elementary	junyi	1.0	6.0
junyi.hM/DzgBix1bzNDgmr/jYhmedDNVA5asQwkdEK+kkGhM=	【進階】一位小數綜合習題;junyi.QlU/0uOUSWj8W8vTMUywLl+Uev53aISqtS8jMi2JnDE=;【一般】一位小數綜合習題;dbpedia.Decimalisation	http://dbpedia.org/resource/Category:Decimalisation	One-digit decimal comprehensive exercises		math;elementary	junyi	1.0	6.0
junyi.BFN7V9RhPTIHj+hfM4kCpiFoNMu4vJs73h071w1MYXw=	【進階】一位小數的加減併式		One-digit decimal addition and subtraction combined expressions		math;elementary	junyi	1.0	6.0
junyi.oYKp7Fq1ukhFHHrs/iNZHU4cV3PMvwqg0wFiSqvJ8jg=	【進階】二位小數綜合習題;junyi.FJzw+tZX1ifB8bWZsiI1O/zF5LjsyzzAKwvBigQ10uY=;【一般】二位小數綜合習題;dbpedia.Decimalisation	http://dbpedia.org/resource/Category:Decimalisation	Two-digit decimal comprehensive exercises		math;elementary	junyi	1.0	6.0
junyi.vIpEeG17kmCO+OLv8EEBw6fjOiDUaH2trdZZzM7XD3o=	【進階】小數乘以整數綜合習題;junyi.Hx+/niNKmgHzv36efZiF8Q0C6Sfb5oZ9OfeTsH46vkQ=;【一般】小數乘以整數綜合習題;dbpedia.Decimalisation	http://dbpedia.org/resource/Category:Decimalisation	Decimal multiplication by integer comprehensive exercises		math;elementary	junyi	1.0	6.0
junyi.L+pBxoDmfvJzX698b7RhtpKO1uhwzPak3xnbSyJzECo=	【進階】數線上的二位小數;dbpedia.Decimalisation	http://dbpedia.org/resource/Category:Decimalisation	Two-digit decimals on a number line		math;elementary	junyi	1.0	6.0
junyi.C2mLl3LPA63WewP1k+Xh1aXlNuGWnhIOUKANkoz5sA8=	【進階】在數線上做二位小數的加減		Two-digit decimal addition and subtraction on a number line		math;elementary	junyi	1.0	6.0
junyi.lPKM8YFzXEcDQuekpp3DK5DdL1KlQ2T0z5lDPWaESgw=	【進階】運用小數乘法解題;dbpedia.Decimalisation	http://dbpedia.org/resource/Category:Decimalisation	Problem solving using decimal multiplication		math;elementary	junyi	1.0	6.0
junyi.AY0mOAFvi9VmstXOvox56zDaP9fa9bTwKm2mjraTSpM=	【進階】多位小數乘以整數 2		Multi-digit decimal multiplication by integer 2		math;elementary	junyi	1.0	6.0
junyi.p+V3ts2UBQGzYvv9/LDQ9GAAN0r830ex3/6G7l5Drtg=	【例題】比率的加減計算		Example: Ratio addition and subtraction calculation		math;elementary	junyi	1.0	6.0
junyi.wFY4DytAuE9Kk58ZsRBfWoMUwJakEQKKm7fjCwSK+mA=	【一般】一位小數的加減應用;dbpedia.Decimalisation	http://dbpedia.org/resource/Category:Decimalisation	One-digit decimal addition and subtraction application		math;elementary	junyi	1.0	6.0
junyi.fdLm1viqYUbXjdbyioDM4zseCsyOlX3y5HIHd8fPJXM=	【一般】二位小數的加減應用;dbpedia.Decimalisation	http://dbpedia.org/resource/Category:Decimalisation	Two-digit decimal addition and subtraction application		math;elementary	junyi	1.0	6.0
junyi.P7ylAtyaUeaapiNAor3BY5fi3JH6Swz5Azu48jtbZps=	【一般】小數與長度;dbpedia.Decimalisation	http://dbpedia.org/resource/Category:Decimalisation	Decimals and length		math;elementary	junyi	1.0	6.0
junyi.aAZFwEYHULAK1AbQLXDXQjqU9JfJoEu1QZ5bv/EYlVs=	【一般】小數乘法的應用;dbpedia.Decimalisation	http://dbpedia.org/resource/Category:Decimalisation	Application of decimal multiplication		math;elementary	junyi	1.0	6.0
junyi.rND+3bhmprW4wpS3cauOBkPcR2VbI2H7RpDMRUVHcCU=	【一般】多位小數乘以整數 1		Multi-digit decimal multiplication by integer 1		math;elementary	junyi	1.0	6.0
junyi.Im/O8JQfe6IGtnRmK02yN+R2E4DemgQCHqP/RZ6yXTU=	【一般】被乘數、乘數和積的關係;lcsh.sh85088384	http://id.loc.gov/authorities/subjects/sh85088384	Relationship between multiplicand, multiplier, and product		math;elementary	junyi	1.0	6.0
junyi.PwTmz5OGXktdjZBR5o3T6W/9xOtuu2dJeIwi/xwom1s=	【一般】三個以上的數相乘		Multiplication of three or more numbers		math;elementary	junyi	1.0	6.0
junyi.9DvpqliuikAji14RPwHUjWDnOLbbWTLxJ9jsXn20c14=	【一般】多位小數的加減;dbpedia.Decimalisation	http://dbpedia.org/resource/Category:Decimalisation	Multi-digit decimal addition and subtraction		math;elementary	junyi	1.0	6.0
junyi.YRZkayzEaq6umqAo3NH1MiLW1oqHFPHDmlEIrn/EWb0=	【一般】在數線上標示小數;dbpedia.Decimalisation	http://dbpedia.org/resource/Category:Decimalisation	Representing decimals on a number line		math;elementary	junyi	1.0	6.0
junyi.Vn2WlxhITzyDS52K3WRs5UvCCc0HanXrRlJpqfT6QwQ=	【一般】公制與台制的重量單位換算		Metric and Taiwan traditional weight unit conversion		math;elementary	junyi	1.0	6.0
junyi.W77JRmtNTVD+rfntgQ/ysIvIOujqt1Pn7VCHzntIaNM=	【一般】小數除法的應用;lcsh.sh00006400	http://id.loc.gov/authorities/subjects/sh00006400	Application of decimal division		math;elementary	junyi	1.0	6.0
junyi.kBDWVopBTf1uxLDC3CrtmEvqBhzA5QU7MWkqP8yKrOo=	【一般】公制與台制的長度單位換算		Metric and Taiwan traditional length unit conversion		math;elementary	junyi	1.0	6.0
junyi.1832ZH2Snk3B6ztlqJVE6Ias3IiPSH5gGZBuYAy7SvI=	【一般】漲價、加成、利息的計算		Calculation of price increase, markup, and interest		math;elementary	junyi	1.0	6.0
junyi.mt2EzJAE8X1OCXSqE0GMxBB8NsLY8xtig4aYFKSmrhQ=	【基礎】毫米綜合習題;junyi.0zOX/8KkAItZEgHsWUWF2Ac2jsFVbT6TWnAuugSAteU=;【進階】毫米綜合習題;junyi.6i0db08vxp78rqzmscqC0FXbeJxoms6cn5I6cKthu3Q=;【一般】毫米綜合習題		Millimeter comprehensive exercises		math;elementary	junyi	1.0	6.0
junyi.hXLFyKcgM/LJH6GBAg7frMZ28ciYsmqvCYcIYJySago=	【基礎】認識毫米		Understanding millimeters		math;elementary	junyi	1.0	6.0
junyi.PvpLwkJhsaSFDgYgP2BUVWxNx+0ur7BufMi+rTxJHYM=	【基礎】公分、毫米的換算與比較;lcsh.sh2008006746	http://id.loc.gov/authorities/subjects/sh2008006746	Centimeter and millimeter conversion and comparison		math;elementary	junyi	1.0	6.0
junyi.3cg9wquB/Sf1whKNOekAQ/XUQcTUeXeW01l06R+BbNE=	【基礎】公尺、毫米的換算與比較;lcsh.sh85085421	http://id.loc.gov/authorities/subjects/sh85085421	Meter and millimeter conversion and comparison		math;elementary	junyi	1.0	6.0
junyi.EKYLxMLTcn5kWVoGOsh3zHLI31GB3V/xZq1IjjqFPNk=	【基礎】公分、毫米的加法;lcsh.sh2008006746	http://id.loc.gov/authorities/subjects/sh2008006746	Centimeter and millimeter addition		math;elementary	junyi	1.0	6.0
junyi.GIVcQl5Ns4y4M7bPjsFFJ8jr99ZIxBwMp3iV5FwbEaY=	【基礎】公分、毫米的減法;lcsh.sh2008006746	http://id.loc.gov/authorities/subjects/sh2008006746	Centimeter and millimeter subtraction		math;elementary	junyi	1.0	6.0
junyi.z5n5ogbXXcooPCsEo2WcBzoYN1ydqrEI+EKnzZxmIP4=	【基礎】長度的應用 2;lcsh.sh85075978	http://id.loc.gov/authorities/subjects/sh85075978	Length application 2		math;elementary	junyi	1.0	6.0
junyi.2VeOUPWzSmpJ7IWdbWoWzpPR2MszJab/rDr+jN04w1E=	【基礎】長度的應用 1;lcsh.sh85075978	http://id.loc.gov/authorities/subjects/sh85075978	Length application 1		math;elementary	junyi	1.0	6.0
junyi.gSDtDzDGj+MoqbXAwGHHzEBublk819NIIfipz6BUSYU=	【基礎】公里綜合習題;junyi.Ctr+7eXOp1moXyVJDfXHxeK+VijAj+QGQf3KN4+waNA=;【進階】公里綜合習題;junyi.EaT2e1/r54WlF1GML+FRf3XenFqIfSU1u2hdakvUJVg=;【一般】公里綜合習題		Kilometer comprehensive exercises		math;elementary	junyi	1.0	6.0
junyi.6oBJy9a+mLrulaDRintC7IOXA5h6oXL7oGZCUuH34Ag=	【基礎】認識公里		Understanding kilometers		math;elementary	junyi	1.0	6.0
junyi.qNy9Nb6Srhtd8sHME31WQothbe0qdQQ7I4xK9F+2Ns0=	【基礎】公里、公尺和公分的換算及大小比較;dbpedia.Conversion_of_units_of_measurement	http://dbpedia.org/resource/Category:Conversion_of_units_of_measurement	Kilometer, meter, and centimeter conversion and comparison		math;elementary	junyi	1.0	6.0
junyi.6V/YprobwdkqXU9Ck03rPhYYe4Q9XY9WSpxp86SfMV4=	【基礎】公里的應用;junyi.Y1TLugWpKI2hhakWAmmKYPUh8jdVGnOpm/XMQLKx1Kg=;【一般】公里的應用		Application of kilometers		math;elementary	junyi	1.0	6.0
junyi.IjjEW09De8UieuEGOrK9rwUBobUbJgcphwsteZNFJcA=	【基礎】兩個單位的計算綜合習題;junyi.BcsnYUEwbuR5tS+BMG9YOQPDladPhc1gCufYlv/PNr0=;【進階】兩個單位的計算綜合習題		Two-unit calculation comprehensive exercises		math;elementary	junyi	1.0	6.0
junyi.raMY2KsWUz4cVl+qdETMESK2+5AfHY2XD1XwN7GugPI=	【基礎】公里和公尺的加減計算		Kilometer and meter addition and subtraction		math;elementary	junyi	1.0	6.0
junyi.201731Orvb+GcD3eI5Vi/mlUY7NGyHhegN0onY6aa1Y=	【基礎】公里和公尺的乘除計算		Kilometer and meter multiplication and division		math;elementary	junyi	1.0	6.0
junyi.M8Lfw5taHmpTdDkfSEoNpd9/xmXC2wRXO6O0Bs4qOIw=	【基礎】公升和毫升的加減計算;lcsh.sh85077481	http://id.loc.gov/authorities/subjects/sh85077481	Liter and milliliter addition and subtraction		math;elementary	junyi	1.0	6.0
junyi.V00R/cPz9t+/NMeNSgfvISuDZkhuHZZh3/hADlbJmW4=	【基礎】公升和毫升的乘除計算		Liter and milliliter multiplication and division		math;elementary	junyi	1.0	6.0
junyi.WkBETrljVP4CWMKsouy8P5j94DMpD1mdMxCCZ7ftnN0=	【基礎】公斤和公克的加減計算		Kilogram and gram addition and subtraction		math;elementary	junyi	1.0	6.0
junyi.Is6C9Z4P5w/BKBc3H9gl2cC0EFpEQD5dKLQomh0Wv1w=	【基礎】公斤和公克的乘除計算;lcsh.sh85056254	http://id.loc.gov/authorities/subjects/sh85056254	Kilogram and gram multiplication and division		math;elementary	junyi	1.0	6.0
junyi.DgH+MRxk5YRf7Ngdo7+R+ibJY9IgkZ3LRX4c/KJ+JV0=	【基礎】公尺和公分的加減計算		Meter and centimeter addition and subtraction		math;elementary	junyi	1.0	6.0
junyi.V2RVC5jgSEbmKRDBgXNFrA6t5vqFslxPIkcmjHuVXYY=	【一般】兩個單位的計算綜合習題		Comprehensive exercises on calculations with two units		math;elementary	junyi	1.0	6.0
junyi.TvBq4rNq8Bfuxgn+XZqr6qR9rSetLyfNd6vwdxaOk28=	【基礎】過十、過百和過千;lcsh.sh85062987	http://id.loc.gov/authorities/subjects/sh85062987	Crossing ten, hundred, and thousand		math;elementary	junyi	1.0	6.0
junyi.SoyS9lUIh/q7oCg6XQeMqOtoiMT+GZVjes485aXEbKU=	【基礎】大數的讀寫 2;dbpedia.Large_numbers	http://dbpedia.org/resource/Category:Large_numbers	Reading and writing large numbers 2		math;elementary	junyi	1.0	6.0
junyi.oWKS08nkkpc5pzxpe0m0RJpXpA6GEKJ/ESJvXoAj8C4=	【基礎】數的十進位結構 2;lcsh.sh85102561	http://id.loc.gov/authorities/subjects/sh85102561	Place value structure 2		math;elementary	junyi	1.0	6.0
junyi.BrTqq0RU5pT0MuL93VJfFGwV8IhRCgcWmdz0Qfp0i+Y=	【基礎】小數點的移位：乘以 10 和乘以 100;dbpedia.Decimalisation	http://dbpedia.org/resource/Category:Decimalisation	Decimal point shift: multiplying by 10 and 100		math;elementary	junyi	1.0	6.0
junyi.4wPA+igxcnoZXHzbK57bUr7kHKW3/0BlBZX/AhhSkEk=	【基礎】整數的十進位系統;lcsh.sh85102561	http://id.loc.gov/authorities/subjects/sh85102561	Place value system for integers		math;elementary	junyi	1.0	6.0
junyi.FRnM1V06dIJJUcNhs6gQ74GXbm2KQ2J2MvCv8TmPQ6Y=	【基礎】整數的讀寫		Reading and writing integers		math;elementary	junyi	1.0	6.0
junyi.2kgk70NSoRSIZJVWHH0hyeuD652kJYAa28NJwx1qjlQ=	【基礎】小數的十進位系統;lcsh.sh85036192	http://id.loc.gov/authorities/subjects/sh85036192	Place value system for decimals		math;elementary	junyi	1.0	6.0
junyi.E8el1KULXDYfznMNQWPhOukFnqhiZit6gIGI/u9Kupg=	【基礎】小數的讀寫;dbpedia.Decimalisation	http://dbpedia.org/resource/Category:Decimalisation	Reading and writing decimals		math;elementary	junyi	1.0	6.0
junyi./7bwpUc6iDiE/m0Qj8CJo8qYMkAC51PHzIxTMmkE0nA=	【基礎】整數的分與合		Decomposition and composition of integers		math;elementary	junyi	1.0	6.0
junyi.2PPwwz9vQmrE8GQ+lOjBHWuVjLZlH2HIdJ2i2IuDmmc=	【基礎】小數的分與合;dbpedia.Decimalisation	http://dbpedia.org/resource/Category:Decimalisation	Decomposition and composition of decimals		math;elementary	junyi	1.0	6.0
junyi.xCOPGQ151m467iuNwHOaIi4ZTipNvQ4/0wB+zcxGjLQ=	【基礎】大數的乘法;dbpedia.Large_numbers;wd.Q105340292	http://dbpedia.org/resource/Category:Large_numbers;https://www.wikidata.org/wiki/Q105340292	Multiplication of large numbers		math;elementary	junyi	1.0	6.0
junyi.VXrPlBOiCgJ5r2VB+WDJn4TuHK2oRH9ffhgulsCm+Dw=	【基礎】大數的除法;dbpedia.Large_numbers;lcsh.sh00006400	http://dbpedia.org/resource/Category:Large_numbers;http://id.loc.gov/authorities/subjects/sh00006400	Division of large numbers		math;elementary	junyi	1.0	6.0
junyi.fQhyLDlrnXbdAwvY10TcCRGj/lBUTeJdB3hXeJPOUVg=	【基礎】小數點的移位：除以 10 和除以 100;dbpedia.Decimalisation	http://dbpedia.org/resource/Category:Decimalisation	Decimal point shift: dividing by 10 and 100		math;elementary	junyi	1.0	6.0
junyi.Q/taLV1XMrDmLpqWe+wVqvUU/JenxdWwwA8am9xppWU=	【基礎】概數綜合習題;dbpedia.Approximations	http://dbpedia.org/resource/Category:Approximations	Comprehensive exercises on approximation		math;elementary	junyi	1.0	6.0
junyi.04Ly7oQJHeLBj2GcKWLn7e51TJmF5MTSvPESVomvUM4=	【基礎】生活中的概數		Approximation in daily life		math;elementary	junyi	1.0	6.0
junyi.D9HHanexVehrjyeBGS1P8EJ90naPdALsOcCou88jhx4=	【基礎】無條件捨去		Unconditional rounding down		math;elementary	junyi	1.0	6.0
junyi.xA22xgunLQJJCnGh3+dhU07Djjbd3AufwqqhUQaTNFo=	【基礎】無條件進入		Unconditional rounding up		math;elementary	junyi	1.0	6.0
junyi.TwyqyV1uJYlDAX8wX/PtTCVZEBo/APIVfTzzleGkNCQ=	【基礎】6 個和第 6 個;lcsh.sh85123063	http://id.loc.gov/authorities/subjects/sh85123063	6 items and the 6th item		math;elementary	junyi	1.0	6.0
junyi.T7V7D8OgJF2BeuK/agj56BY9ibTmoqRbGdtwrt8a1SQ=	【基礎】10 以內的大小比較;lcsh.sh85133805	http://id.loc.gov/authorities/subjects/sh85133805	Comparing numbers within 10		math;elementary	junyi	1.0	6.0
junyi.PqQyQvOjvvozBCtlR/0pL8uxhe0K63IPiKYCi1tDG1o=	【基礎】11 到 20 的數;lcsh.sh85042562	http://id.loc.gov/authorities/subjects/sh85042562	Numbers from 11 to 20		math;elementary	junyi	1.0	6.0
junyi.dp0m1kS6Bygoksx9S/gkBqTcWPoglbf1HT3Ma3U3N8U=	【基礎】數的順序_100 以內;lcsh.sh85062987	http://id.loc.gov/authorities/subjects/sh85062987	Sequence of numbers within 100		math;elementary	junyi	1.0	6.0
junyi.w3a6Wk12CqIrUktZei2Z0W3Rf8xdgEdjIW9QX0MWIf8=	【基礎】2 個一數，5 個一數		Counting by twos and fives		math;elementary	junyi	1.0	6.0
junyi.jImuGvSym6odgRoYw7vgkq4HUbmJ1tDW9fq6bo/yN5s=	【基礎】數錢;wd.Q138817557	https://www.wikidata.org/wiki/Q138817557	Counting money		math;elementary	junyi	1.0	6.0
junyi.ZilXWSbduOENN7B3A3JpDKyx61nNdU+D7av0CVJeIL0=	【基礎】整數數線綜合習題;junyi.4SBeVrJgh8ZwvSY6e/VWdSa0DJUHDRe/l7oRV8lcMlQ=;【一般】整數數線綜合習題		Comprehensive exercises on integer number line		math;elementary	junyi	1.0	6.0
junyi.cvnGl+iUiKphfjbPcE0G7/HRE/Q51L3w0x0WhVLy1cs=	【基礎】在數線上數數;lcsh.sh85033451	http://id.loc.gov/authorities/subjects/sh85033451	Counting on a number line		math;elementary	junyi	1.0	6.0
junyi.kWC7tp+Ms6zrg+kHdqOvEhUdKpT4PZOSEDZvFE9v2sE=	【基礎】數間隔 2;lcsh.sh85067539	http://id.loc.gov/authorities/subjects/sh85067539	Number intervals 2		math;elementary	junyi	1.0	6.0
junyi.mN1tllkKVTTojQYca9a9pFVaS70PFjtGTTiXHZVFwRg=	【基礎】在數線上做加減		Addition and subtraction on a number line		math;elementary	junyi	1.0	6.0
junyi.V+g9Veh447rxTQ4761Lvccc9KGxXM6jr5uQP8TTpYBA=	【基礎】10000 以內的數綜合習題		Comprehensive exercises on numbers within 10,000		math;elementary	junyi	1.0	6.0
junyi.XO9+ucYiWTUi8SwVantzYmJrR1nuQBhpI0dy9yPYNrU=	【基礎】錢幣的認識與兌換;lcsh.sh85027798	http://id.loc.gov/authorities/subjects/sh85027798	Recognition and exchange of coins and bills		math;elementary	junyi	1.0	6.0
junyi.T+rWMKiJgE6rmRdVUFc0WOeDY0RVPhl0EYU/hS4dlSc=	【基礎】數的大小比較和應用;dbpedia.Computing_comparisons	http://dbpedia.org/resource/Category:Computing_comparisons	Comparison of numbers and application		math;elementary	junyi	1.0	6.0
junyi.hWfAiJgEzK9NSh1jxPBGRiCGV+lYwQ/qoXFxJbFyoWM=	【基礎】幾個千？;lcsh.sh85085418	http://id.loc.gov/authorities/subjects/sh85085418	How many thousands?		math;elementary	junyi	1.0	6.0
junyi.0o4JbsG6rcRJSeQKtJ2tAUo1PL+wlyvYlEr/nB4zkOo=	【基礎】10000 以內的加減綜合習題;lcsh.sh2007100987	http://id.loc.gov/authorities/subjects/sh2007100987	Comprehensive exercises on addition and subtraction within 10,000		math;elementary	junyi	1.0	6.0
junyi.PbVYI1CRNaSeyeEyzq2xT68tf/hq17mof2B8FYiM+io=	【基礎】10000 以內的加法		Addition within 10,000		math;elementary	junyi	1.0	6.0
junyi.gpzB0k8E8rfNWqMLhPK2MTqX0O3neWD2M7U3NuU1SJ8=	【基礎】二次退位的減法		Subtraction with borrowing twice		math;elementary	junyi	1.0	6.0
junyi.Sz/KKL9ywpxyPJ7heAWEqkt/tf/nbDP5b4f1m7EbBVk=	【基礎】多次退位的減法		Subtraction with borrowing multiple times		math;elementary	junyi	1.0	6.0
junyi.L3ZeqTupA6ZuETrW3aXaw86JZGYl1uRF5LkZGKDhois=	【基礎】加減併式與估算綜合習題		Comprehensive exercises on combined addition/subtraction and estimation		math;elementary	junyi	1.0	6.0
junyi.AvVjpkv6dhnbfTduLjLGr3yAy+u/yrG3tRyFD0dnplI=	【基礎】三個數的加減計算		Addition and subtraction of three numbers		math;elementary	junyi	1.0	6.0
junyi.UvC6kSISYOndybh30jYllToowJOirq81gPZsMmHnsNo=	【基礎】連加併式		Consecutive addition		math;elementary	junyi	1.0	6.0
junyi.finh11g4fr3tjeY0F7m5HvkDtQGrF8e5Q6ZNMX1YLo4=	【基礎】連減併式		Consecutive subtraction		math;elementary	junyi	1.0	6.0
junyi.vVpSKAMQbTMvtdERR0ksOeRmmaFt0R210t4Z//0RpPA=	【基礎】加減混合併式		Mixed addition and subtraction		math;elementary	junyi	1.0	6.0
junyi.WW5taWjwvqMRopp4FSxyhhnCJvKHzed+c3PuWh5gifI=	【基礎】減法估算		Subtraction estimation		math;elementary	junyi	1.0	6.0
junyi.dU4LbugoGp4U2bvHZqTvZ0EcB6yr4pC96uqyprkEapY=	【基礎】乘法的直式計算綜合習題		Comprehensive exercises on vertical multiplication		math;elementary	junyi	1.0	6.0
junyi.Xt9R4E9f2za5+yOINEKCRJbnm/ML+pyrsUJb6rs1XTk=	【基礎】十、百的乘法		Multiplication by tens and hundreds		math;elementary	junyi	1.0	6.0
junyi.wfMjYGAyGx53y31nrto5i3wNTb3XBzevOPyNMNAwplA=	【基礎】認識除法綜合習題;junyi.JBvKC6tCKbdKUiY5M0A6CA/lAe2U+PYlGYHrcNE5w+c=;【進階】認識除法綜合習題;junyi.gxF+eTDkLaixhj4c0E7naTGKsyFVNl3v7wtMLMdGzmk=;【一般】認識除法綜合習題;lcsh.sh85038612	http://id.loc.gov/authorities/subjects/sh85038612	Comprehensive exercises on understanding division		math;elementary	junyi	1.0	6.0
junyi.c7CnB6hlM9deJD6GjunUMpgXQlPcGIKfVuzCTGSGiQ0=	【基礎】認識除法算式;lcsh.sh85038612	http://id.loc.gov/authorities/subjects/sh85038612	Understanding division equations		math;elementary	junyi	1.0	6.0
junyi.iPMbi8I6lhB14oTgTNaTq8Fg7KeXWxFb5P1reKC9UXA=	【基礎】除法和倍數：利用幾倍來解題;lcsh.sh2013002677	http://id.loc.gov/authorities/subjects/sh2013002677	Division and multiples: solving using multiples		math;elementary	junyi	1.0	6.0
junyi.bSU4MMcM8YSzI9yAlKY0lW+EtDZDkSak/+wCG1Ncz4I=	【基礎】除法和倍數：長度、容量的應用		Division and multiples: application to length and capacity		math;elementary	junyi	1.0	6.0
junyi.eeZVLiOU7OQMzmiBBpfdNeiopHtz9V4xk1B4/c7f4ok=	【基礎】除法直式計算與整除;lcsh.sh00006400	http://id.loc.gov/authorities/subjects/sh00006400	Vertical division and exact division		math;elementary	junyi	1.0	6.0
junyi.HZe7qpPO4/WVhGuUwG7X8OhFgaJ0n4RPiM8TGcfu2jw=	【基礎】除以一位數綜合習題;lcsh.sh00006400	http://id.loc.gov/authorities/subjects/sh00006400	Comprehensive exercises on division by a single-digit number		math;elementary	junyi	1.0	6.0
junyi.o1lc2Mdlj6h+qx5O9IDt1qELkyQ3pKHvHsS6bojkdW4=	【基礎】商是二位數且有餘數 1		Two-digit quotient with remainder 1		math;elementary	junyi	1.0	6.0
junyi.3bi3IlXJCmGsHjjhLFlge9KQogLgE0Jf8uEEclJdq84=	【基礎】商是二位數且有餘數 2		Two-digit quotient with remainder 2		math;elementary	junyi	1.0	6.0
junyi.4h8h7HJckqx804hyKFBQcjS2w4U2iK5KAgIjUD62vJk=	【基礎】三位數除以一位數-被除數的百位數是除數的倍數		Three-digit number divided by single-digit number: hundreds digit is a multiple of divisor		math;elementary	junyi	1.0	6.0
junyi.ayCRiWa4X48etGB2T5tDIRCcIozUEOmIWHNctm20hns=	【基礎】三位數除以一位數-商是三位數;dbpedia.Three-digit_telephone_numbers	http://dbpedia.org/resource/Category:Three-digit_telephone_numbers	Three-digit number divided by single-digit number: three-digit quotient		math;elementary	junyi	1.0	6.0
junyi.90InnhzKdtZM0H2+oxk5FJn/2H0Ms1RmMgi1UjxE9FI=	【基礎】三位數除以一位數-商是二位數		Three-digit number divided by single-digit number: two-digit quotient		math;elementary	junyi	1.0	6.0
junyi.OqlJtwFg1Ekkrx2SQ894pDPGH28c7bfHfJsLy16Y8QI=	【基礎】商是二位數且整除		Two-digit quotient with exact division		math;elementary	junyi	1.0	6.0
junyi.wNKSSVuLJ6b8OHoVpp8bN/+2S105KC7nrt9SHIBqNSk=	【基礎】乘法：倍數與整十、整百倍綜合習題;lcsh.sh2007100987	http://id.loc.gov/authorities/subjects/sh2007100987	Comprehensive exercises on multiplication: multiples and multiples of tens and hundreds		math;elementary	junyi	1.0	6.0
junyi.1Zu6puXXArXORLxfMsN+B1XQm4lb2shHuMZAcokqmWw=	【基礎】乘法與倍數;lcsh.sh2013002677	http://id.loc.gov/authorities/subjects/sh2013002677	Multiplication and multiples		math;elementary	junyi	1.0	6.0
junyi.ijROzdzfwoCAQ7dUtgyeqG2vgtGgvKQWu/6tpajqTSE=	【基礎】一億以內的數綜合習題		Comprehensive exercises on numbers within 100 million		math;elementary	junyi	1.0	6.0
junyi.fO1unC+JwTokAOIH14ps0gxCtaiEW5C6RtdsHir5PQM=	【基礎】十萬以內數的順序		Sequence of numbers within 100,000		math;elementary	junyi	1.0	6.0
junyi.4nAkvbt0uRJybF6KnVxXm2BOHbmsyDH76Yk/noX63o4=	【基礎】十萬以內的加法練習		Addition practice within 100,000		math;elementary	junyi	1.0	6.0
junyi.IxasEWID5fnM7sM/cwJQXizkkLLKkLjqUftm4hy6264=	【基礎】十萬以內的加減應用;lcsh.sh85029480	http://id.loc.gov/authorities/subjects/sh85029480	Application of addition and subtraction within 100,000		math;elementary	junyi	1.0	6.0
junyi.Iq4bn747ApUwO7SvDR8vvfjBWGvDxAyBTsce0dN3Q1w=	【基礎】十萬以內的數;dbpedia.Large_numbers	http://dbpedia.org/resource/Category:Large_numbers	Numbers within 100,000		math;elementary	junyi	1.0	6.0
junyi.s50m57r2jUJxOLDuXF77hZ35UjzqvVkzPKEWj9xqzxI=	【基礎】讀寫一千萬以內的數		Reading and writing numbers within 10 million		math;elementary	junyi	1.0	6.0
junyi.ti7iE7Irnu/h0/BjiZZTK6MopfvXpnfJOccIVSxyA0I=	【基礎】認識一億以內的數;dbpedia.Large_numbers	http://dbpedia.org/resource/Category:Large_numbers	Understanding numbers within 100 million		math;elementary	junyi	1.0	6.0
junyi.qPHR8aBqOhKij9IS/Y8IR8prwWruoDBGU1tVUhXDJkE=	【基礎】大數的加減;dbpedia.Large_numbers	http://dbpedia.org/resource/Category:Large_numbers	Addition and subtraction of large numbers		math;elementary	junyi	1.0	6.0
junyi.GF75cBxmQVNyy22Jr1Y+46Uk1eSmfjPm+W+v6nLnqBk=	【基礎】十萬以內的減法練習		Subtraction practice within 100,000		math;elementary	junyi	1.0	6.0
junyi.6nAU6ttRQrsVGHzwzudkjimJcBMWWqstLo4WIY+3API=	【基礎】十萬以內的數的大小比較 1		Comparing numbers within 100,000 - 1		math;elementary	junyi	1.0	6.0
junyi.SM7B2SxOLiOmbjVKes5evyxllrNCQTFzEKpHtl117BI=	【基礎】整數的乘法綜合習題;junyi.kJ9ialLv458/tGGlXsoE+EFFBTIP9v7uOOmvamStQsc=;【進階】整數的乘法綜合習題;junyi.cqTW0IXOg+J6y+Yk63csOn2IHYY4+Nqos2a87VHy6SI=;【一般】整數的乘法綜合習題;lcsh.sh2007100987	http://id.loc.gov/authorities/subjects/sh2007100987	Comprehensive exercises on integer multiplication		math;elementary	junyi	1.0	6.0
junyi.T4SwgJk2xgBpvWW0/NYmhl9u5jm63dwg1Q39k1pLrWw=	【基礎】一、二位數乘以三位數;dbpedia.Three-digit_telephone_numbers	http://dbpedia.org/resource/Category:Three-digit_telephone_numbers	One- and two-digit numbers multiplied by three-digit numbers		math;elementary	junyi	1.0	6.0
junyi.KpJfQutqPUoUbwWZ5oNFKeVhvKqXZcqL69vsPEHg9jY=	【基礎】四位數乘以一位數 2;dbpedia.4_(number)	http://dbpedia.org/resource/Category:4_(number)	Four-digit number multiplied by single-digit number 2		math;elementary	junyi	1.0	6.0
junyi.SJ3oFp7EryIlYanhtkVHYkcAHmEcCaQdGR6MmCR0mzs=	【基礎】一、二位數乘以二位數		One- and two-digit numbers multiplied by two-digit numbers		math;elementary	junyi	1.0	6.0
junyi.j2uSJf7xN0mQaRzYSSw2m4wLtSoEwxf4iDdQ9Vc/uMo=	【基礎】三位數乘以二位數;dbpedia.Three-digit_telephone_numbers	http://dbpedia.org/resource/Category:Three-digit_telephone_numbers	Three-digit number multiplied by two-digit number		math;elementary	junyi	1.0	6.0
junyi.RySWVPM4vpcQHdMukD+i/MhP3/lK4Vwj5TAl48A6LKk=	【基礎】整數的除法綜合習題;junyi.JO/tye7QOCtigcl96GW7BmNDzKXPKE998STsaZtgC7I=;【進階】整數的除法綜合習題;junyi.3UMCgqaFzwxkOnq4f8/PpYBxsI66yzicdM5uwfuBBcw=;【一般】整數的除法綜合習題		Comprehensive exercises on integer division		math;elementary	junyi	1.0	6.0
junyi.NLhQTo2U/eLlj+b97VT0UnW05Kshl68Axud4WJDoqwY=	【基礎】四位數除以一位數：商為四位數		Four-digit number divided by single-digit number: four-digit quotient		math;elementary	junyi	1.0	6.0
junyi.Olr8azZ7638vOtR5V+KNF9jlhraDLCahnsxqV67PZ0c=	【基礎】四位數除以一位數：商為三位數		Four-digit number divided by single-digit number: three-digit quotient		math;elementary	junyi	1.0	6.0
junyi.Yn2HRzsEDaARisznJY9n3wALZ45h7G/l8o4AhZT613I=	【基礎】三位數除以二位數;dbpedia.Three-digit_telephone_numbers	http://dbpedia.org/resource/Category:Three-digit_telephone_numbers	Three-digit number divided by two-digit number		math;elementary	junyi	1.0	6.0
junyi.k6o2d0xz4rByHpI/HCNDEzH7t4ljNEj+6pzh7K20XGo=	【基礎】一億以上的數綜合習題		Comprehensive exercises on numbers 100 million and above		math;elementary	junyi	1.0	6.0
junyi.Q0mRkMzFoFAkNaLsyPYFJoBmC4JdqV9riasp/YCRf/M=	【基礎】以億、兆為單位的數;lcsh.sh85137532	http://id.loc.gov/authorities/subjects/sh85137532	Numbers in units of 100 million and trillion		math;elementary	junyi	1.0	6.0
junyi.dGA1T79oC75XYzF8EiB4E1U7CLpCVSbLgAFnglV2nBE=	【基礎】大數的讀寫 1;dbpedia.Large_numbers	http://dbpedia.org/resource/Category:Large_numbers	Reading and writing large numbers 1		math;elementary	junyi	1.0	6.0
junyi.iAFFh5WxTvC6zEJUtsSsegEoTFnYeh2RUigKn9BT1Gk=	【基礎】數的十進位結構 3;lcsh.sh85102561	http://id.loc.gov/authorities/subjects/sh85102561	Place value structure 3		math;elementary	junyi	1.0	6.0
junyi.uOKltJJ7Lmvu4E6v/qzI3+SAr0/iWghlCX+3ZhwE1+Y=	【基礎】大數的大小比較;dbpedia.Large_numbers;dbpedia.Orders_of_magnitude	http://dbpedia.org/resource/Category:Large_numbers;http://dbpedia.org/resource/Category:Orders_of_magnitude	Comparing magnitudes of large numbers		math;elementary	junyi	1.0	6.0
junyi.eclQFpzMm/3m7MGgQaYOOPnvun/s4IcQzDok5QphMys=	【基礎】大數的加減應用;dbpedia.Large_numbers	http://dbpedia.org/resource/Category:Large_numbers	Applications of addition and subtraction with large numbers		math;elementary	junyi	1.0	6.0
junyi.BKRlVJjusXXqyF7Mti7eUJiW9bgzP/IOVLxgWOgdPdo=	【基礎】大數的加減計算練習;dbpedia.Large_numbers	http://dbpedia.org/resource/Category:Large_numbers	Addition and subtraction practice with large numbers		math;elementary	junyi	1.0	6.0
junyi.N4oVXBKRiHKEYw6SebJh6pDSMFh9W1VBDaYMNp7HZjQ=	【基礎】數的十進位結構 1;dbpedia.Decimalisation	http://dbpedia.org/resource/Category:Decimalisation	Decimal place value structure 1		math;elementary	junyi	1.0	6.0
junyi.nfZPn3ykTjw2O2jNya5/2VUvwyQ9m/3VqGzZ0Fg3t7I=	【基礎】多位數的乘除綜合習題;junyi.KcShnqrGywsZWe5MG0nYWJrimCRKokw46irRW+Hoc2I=;【進階】多位數的乘除綜合習題;junyi.bhUhhAGCaQV/N1qvnzhpjaD7P2mfdt3aqOl/ctA5Ozg=;【一般】多位數的乘除綜合習題		Comprehensive exercises on multiplication and division of multi-digit numbers		math;elementary	junyi	1.0	6.0
junyi.IN2rf9N8yr1JT9tAJXei08vWhgCbmljAZ141KO0Bdto=	【基礎】三、四位數除以二位數應用題		Word problems: 3-4 digit numbers divided by 2-digit numbers		math;elementary	junyi	1.0	6.0
junyi.QItWSsqV6XwvWHO63v1Q3q0cS8HtbGkBWTkRtJ62BDw=	【基礎】三、四位數除以三位數應用題		Word problems: 3-4 digit numbers divided by 3-digit numbers		math;elementary	junyi	1.0	6.0
junyi.wSCHTaapM4TIsQprXwBv2aKagVhZOWzILa3SKxVO4Mw=	【進階】概數綜合習題;junyi.wMb6Jrr1SYX+L2nXlRZ8BW8cv6C6F4tPImJpElWri2E=;【一般】概數綜合習題;lcsh.sh85044957	http://id.loc.gov/authorities/subjects/sh85044957	Comprehensive exercises on estimation		math;elementary	junyi	1.0	6.0
junyi.YHd/e3w70NYiywYoX7X1Iv07iYY6CT1jAd9BayAdg7o=	【進階】在數線上做大小比較		Comparing magnitudes on number lines		math;elementary	junyi	1.0	6.0
junyi.LeuXSh3STu/nWMAZErkg2yygA7NPJjux0zmz6eutQZM=	【進階】10000 以內的數綜合習題;junyi.eTxJnM9Mi8xeXIVDEEXgbm2AcOlh2CKQJVDx80DnkoQ=;【一般】10000 以內的數綜合習題;lcsh.sh2007100987	http://id.loc.gov/authorities/subjects/sh2007100987	Comprehensive exercises on numbers up to 10,000		math;elementary	junyi	1.0	6.0
junyi.E1brbms8OjC9eR5b/1BQp/6KHCwAlnOG7ZFwXV8S/5U=	【進階】10000 以內的加減綜合習題;junyi.tBr8loWJrEOlzcZDaQL0Q2qMEMUVGJJiWePsXb+7O9U=;【一般】10000 以內的加減綜合習題;lcsh.sh2007100987	http://id.loc.gov/authorities/subjects/sh2007100987	Comprehensive exercises on addition and subtraction up to 10,000		math;elementary	junyi	1.0	6.0
junyi.XfTWhuL8KHud7ThpvXxV7BfPsuMNJNrNzIXLUA987GQ=	【進階】加減併式與估算綜合習題;junyi.taHJOb9QH97FhfZ3GgcNGP9N4IOkU1m8ZUle8xGkCz4=;【一般】加減併式與估算綜合習題		Comprehensive exercises on mixed operations and estimation		math;elementary	junyi	1.0	6.0
junyi.w5q27rJT9sra6bvT/I3FOszvNlkLnlapMzE3tgPfiaI=	【進階】乘法的直式計算綜合習題;junyi.8r/LuwAYZGqYjMC99f1GuYesPmAC/r9IICHF832X20o=;【一般】乘法的直式計算綜合習題		Comprehensive exercises on long multiplication		math;elementary	junyi	1.0	6.0
junyi.yCUFt9uR6EEQokpBPpS4+FXT0ri7GVcI4M1ByCXveIE=	【進階】加減與乘的兩步驟問題		Two-step problems involving addition, subtraction, and multiplication		math;elementary	junyi	1.0	6.0
junyi.8bPBQBhp9U7NrhLkKfKLSGl2O9uB1gAOKEeWZT39hv0=	【進階】除以一位數綜合習題		Comprehensive exercises on division by single-digit numbers		math;elementary	junyi	1.0	6.0
junyi.fr4VFr4dtAr75FBvGg+x8bts4takOr5RoTMItlyF9Os=	【進階】乘法：倍數與整十、整百倍綜合習題;junyi.nIRTW5M2QjZ1cODlW4o+MNq2bGC6ItQeSqrFiDwCAOo=;【一般】乘法：倍數與整十、整百倍綜合習題		Comprehensive exercises on multiplication: multiples and powers of ten/hundred		math;elementary	junyi	1.0	6.0
junyi.AtutQaYoYed+bhR0nAKKuHcZCifFK5QvSh/zsmSBYws=	【進階】一億以內的數綜合習題;junyi.fggka57OX3QL3I441EmW3Bn5qGYLMEDYYAJ0whO/BoY=;【一般】一億以內的數綜合習題		Comprehensive exercises on numbers up to 100 million		math;elementary	junyi	1.0	6.0
junyi.qcuzdjxW5qVsEjL1f0auqwwjCQ27dwz0g7NpJaBDaIo=	【進階】一億以上的數綜合習題;junyi.mHse/SVLKP809e4vXn9ZgxFQrJC336ILZZsA3RoIfTY=;【一般】一億以上的數綜合習題		Comprehensive exercises on numbers over 100 million		math;elementary	junyi	1.0	6.0
junyi.5GSDEOPz8ykUYPVBbe6s8+TAN1rUxtQgcpirWtxAP30=	【一般】在數線上向左右移動		Moving left and right on number lines		math;elementary	junyi	1.0	6.0
junyi.LZ/ZUlrBjPGOINJvKHRijqW+RIVb5QgOmkc74aK/8IY=	【一般】加減的應用 1		Applications of addition and subtraction 1		math;elementary	junyi	1.0	6.0
junyi.Q/SwuYH/ZNpYQVLmg+bpFVSLyN+QjWW4+Q6FJBsepeA=	【一般】應用乘法解題;lcsh.sh85088382	http://id.loc.gov/authorities/subjects/sh85088382	Solving problems using multiplication		math;elementary	junyi	1.0	6.0
junyi.6Vtsi+hGTu16nZLlswQ3+aM8hW2uGguuyNci1tt2FGA=	【一般】除法的應用;lcsh.sh00006400	http://id.loc.gov/authorities/subjects/sh00006400	Applications of division		math;elementary	junyi	1.0	6.0
junyi.r1jH4OmuwWzBhFJiyLJB86PdGFP0YNRbv30C7gX3qUE=	【一般】十萬以內的數的大小比較 2		Comparing magnitudes of numbers up to 100,000 (2)		math;elementary	junyi	1.0	6.0
junyi.qcohFOwrKFE+fSChJ/RVs1NVaSLbRVERMCuRWDV2qFA=	【一般】認識一千萬以內的數;dbpedia.Large_numbers	http://dbpedia.org/resource/Category:Large_numbers	Understanding numbers up to 10 million		math;elementary	junyi	1.0	6.0
junyi.NA/6rJli13WahqXIJO8Gc7iLmI2qc048XZuDwrQ3zlg=	【一般】一億以內的數的換算和大小比較		Conversion and comparison of numbers up to 100 million		math;elementary	junyi	1.0	6.0
junyi.S9xsg6+N3hh24WpN7bJxFXVB9XYH/d6cXpuqOsiFADg=	【一般】運用除法解題;lcsh.sh00006400	http://id.loc.gov/authorities/subjects/sh00006400	Solving problems using division		math;elementary	junyi	1.0	6.0
junyi.x/98yRhBoFh9AIWvaf4wfapjBYSZJbPeSfSjYlmDyOk=	【一般】二位數除以二位數		2-digit numbers divided by 2-digit numbers		math;elementary	junyi	1.0	6.0
junyi.Qx6mwirYKln7CTvOXad5Do5OkVKmypYSQfFs0MB6Cvs=	【一般】三、四位數乘以三位數應用題		Word problems: 3-4 digit numbers multiplied by 3-digit numbers		math;elementary	junyi	1.0	6.0
junyi.5J5VC2w6tQ7Fcg+P2oh3vM6Bo2l8bWGb6mdInIicams=	【一般】末位是零的乘法		Multiplication with trailing zeros		math;elementary	junyi	1.0	6.0
junyi.Lgvpn5xUu0sbll2/53oFiSmVdcNM99MCNRPNcpyw1yI=	【基礎】比、比值的意義;lcsh.sh2008110473	http://id.loc.gov/authorities/subjects/sh2008110473	Understanding ratio and its value		math;elementary	junyi	1.0	6.0
junyi.ojfqcZpAoKASWGHibpbgNTzBg9Dn19Gd7XxOA5TQ8l0=	【基礎】分數的乘法綜合習題		Comprehensive exercises on fraction multiplication		math;elementary	junyi	1.0	6.0
junyi.BRVWXF/J4+0yaKyucGRj3Zey14U/6FJcgOtZsz0t+5c=	【基礎】帶分數乘以整數		Mixed numbers multiplied by whole numbers		math;elementary	junyi	1.0	6.0
junyi.kwPXscWGwlFEBMGbV9JSoj7leEOLPiJpZS/s3V6oeQU=	【基礎】整數乘以帶分數		Whole numbers multiplied by mixed numbers		math;elementary	junyi	1.0	6.0
junyi.TlMkJfs9LQfBpKdSmKCSAk0EJ0GodXR+6hD9KpqZd1g=	【基礎】分數乘以分數計算 2		Fraction multiplication computation 2		math;elementary	junyi	1.0	6.0
junyi.AVQrq6G+1T2BculthjTF+IbOH3pgRM1G2mPRoCRxQXs=	【基礎】被乘數和積的關係		Relationship between multiplicand and product		math;elementary	junyi	1.0	6.0
junyi.k/WG4+UUn0rR7m2BM4xFg4shKIzlpibdawNjVqpvgDQ=	【基礎】分數除以整數 1		Dividing fractions by whole numbers 1		math;elementary	junyi	1.0	6.0
junyi.46ROXDc+6TtRsAPHki7/E82y+3AiRRPb1cWpd/9Y0OU=	【基礎】在數線上標示分數;junyi.n2hbC2W/fEWt1TwlS/Wwq8yLpJAllQM79eSfMWQzi3Y=		Marking fractions on number lines		math;elementary	junyi	1.0	6.0
junyi.AcYYIf9FvFbcJSukoI+g8dbbVnGONCM2tSNWDBZPEVg=	【基礎】在數線上標示分母為 10 以內的簡單分數		Marking simple fractions with denominator ≤10 on number lines		math;elementary	junyi	1.0	6.0
junyi.foBtKUAK/HUSjhHco0WST9c68Or3TrbKMN75i6FJUZ0=	【基礎】認識分數綜合習題		Comprehensive exercises on understanding fractions		math;elementary	junyi	1.0	6.0
junyi.Hd9OBbvjHN64sdMS8xVftqco6BxQnrWHOq1Leu3ZjWE=	【基礎】單位分數 1		Unit fractions 1		math;elementary	junyi	1.0	6.0
junyi.z+lXIDsSULAbvl0C7jLN2xRImkpzGZWHjhQ88H3C92c=	【基礎】認識幾分之幾 1;lcsh.sh93004015	http://id.loc.gov/authorities/subjects/sh93004015	Understanding fractional parts 1		math;elementary	junyi	1.0	6.0
junyi.TsR3rTKaWulf/k3TmhqbWrKGAO0mgb9lEwUqW1qoDK8=	【基礎】1 是幾分之幾？		Expressing 1 as a fraction		math;elementary	junyi	1.0	6.0
junyi.Fj4qR65Oj+FrvKsCqx/NszMakMB145XBuUyRAUyeMqE=	【基礎】平分;lcsh.sh00006400	http://id.loc.gov/authorities/subjects/sh00006400	Equal division		math;elementary	junyi	1.0	6.0
junyi.IyZfGFQA5FLUNeChYAcVbxnayM12nN7CI/ZgFJRq3as=	【基礎】單位分數 2		Unit fractions 2		math;elementary	junyi	1.0	6.0
junyi.xlVWFGWcVQ8HiY2o1mGb7xJ9fNjjd/XBRul7GwvTwjc=	【基礎】幾分之一比大小		Comparing unit fractions		math;elementary	junyi	1.0	6.0
junyi.8I8/B2pzv1x0TB2IYizxMzsw8l/i14wEn/1WNZM+UPU=	【基礎】同分母分數加減綜合習題		Comprehensive exercises on addition and subtraction of fractions with same denominator		math;elementary	junyi	1.0	6.0
junyi.l7fGttjjxs8ynzph3AhoxlkG4uEEruwjbHkglePaIfs=	【基礎】分數的累加		Cumulative addition of fractions		math;elementary	junyi	1.0	6.0
junyi.v0kd17IRi6S3Pb5Go3lcsG8G+brOsfhuCLG95fqRhY0=	【基礎】同分母分數的大小比較		Comparing fractions with same denominator		math;elementary	junyi	1.0	6.0
junyi.2I6JcI6MiTkb6Ya10XVBUdZIRXgbXhpapejBytTcjTg=	【基礎】同分母分數的加法 1		Addition of fractions with same denominator 1		math;elementary	junyi	1.0	6.0
junyi.fQzyhskPyJuzy8T0ZlA3yA5RZmMkumMtkKG/vC1KStg=	【基礎】同分母分數的減法		Subtraction of fractions with same denominator		math;elementary	junyi	1.0	6.0
junyi.o/g95+OW/vglmMGwH72w/A/K5Gc6TB/BDAHowBQDjGQ=	【基礎】帶分數與假分數綜合習題		Comprehensive exercises on mixed numbers and improper fractions		math;elementary	junyi	1.0	6.0
junyi.5gAwpmADo34wxzAw/auRsRgPsj+RvWPNWhOj3SdP0Ss=	【基礎】認識帶分數		Understanding mixed numbers		math;elementary	junyi	1.0	6.0
junyi.OmUsbt7RaK3Gs9LwcpEYshJl6rIzzZF5DjRp230rTNI=	【基礎】帶分數與假分數的互換		Converting between mixed numbers and improper fractions		math;elementary	junyi	1.0	6.0
junyi.zpLoCKHOugDScAlFt0XHJJKFwU+r3YZaBlTf5G7qWpE=	【基礎】真分數和假分數		Proper and improper fractions		math;elementary	junyi	1.0	6.0
junyi.lfxdvwc+7PbngDWWYaBtEc92MvARW6XNfkdoU1e97sU=	【基礎】分數的大小比較 1		Comparing fractions 1		math;elementary	junyi	1.0	6.0
junyi.lGdUXi9NMg3ytnL5if7DOcNgJB6AkWtmNPc+PBbKHi4=	【基礎】等值分數綜合習題		Comprehensive exercises on equivalent fractions		math;elementary	junyi	1.0	6.0
junyi.qER34e/xF0nc6zZmlIGrL3knw6JHjbP6i3jC6rfCS8c=	【基礎】找出等值分數 2		Finding equivalent fractions 2		math;elementary	junyi	1.0	6.0
junyi.CzDZ1MLXzGdIvkP/kEE92OzFgbVyBwoUvtEx8YXAzUQ=	【基礎】簡單異分母分數的比較 2		Comparing simple fractions with different denominators 2		math;elementary	junyi	1.0	6.0
junyi.4TQW6WshhFY+RHtjqPKjxICmHWA5iO/57N39cYvvg94=	【基礎】簡單異分母分數的比較 1		Comparing simple fractions with different denominators 1		math;elementary	junyi	1.0	6.0
junyi.TzA/XRKLzDMD8yElX2FvbMVJ3BTJ+9aqbOcCCMM/TuI=	【基礎】透過離散量情境認識等值分數		Understanding equivalent fractions through discrete quantity contexts		math;elementary	junyi	1.0	6.0
junyi.S0VFEY+TX4JInp2RbHDsOeNIjLRKCfs1ywbzFrcTDWM=	【基礎】透過連續量情境認識等值分數		Understanding equivalent fractions through continuous quantity contexts		math;elementary	junyi	1.0	6.0
junyi.hScxSa3r/rGqY02BOToHgUyoK0KVvHibLaeNeTgQjSo=	【基礎】找出等值分數 1		Finding equivalent fractions 1		math;elementary	junyi	1.0	6.0
junyi.dU4bHGG5iITHkO+/yRQ8EBgimx3ScCs8/Ibrz7QE52c=	【基礎】小數數線;dbpedia.Decimalisation	http://dbpedia.org/resource/Category:Decimalisation	Decimal number lines		math;elementary	junyi	1.0	6.0
junyi.00tlmGnNIf0z+qJsG0NMS4ufwkwwG1nZtKszPesM1EM=	【基礎】分數數線		Fraction number lines		math;elementary	junyi	1.0	6.0
junyi.YI7fG8ZfmnBhOzqkTJkMej3ejuPH6JNyVD+CM15mYIo=	【基礎】分數的加減與整數倍綜合習題		Comprehensive exercises on fraction addition/subtraction and integer multiples		math;elementary	junyi	1.0	6.0
junyi.KZFLNJ+cJ1JF1DMYCDMHTCmpQfHjQ0cx0lpYJfL19sM=	【基礎】同分母分數的減法計算		Subtraction of fractions with same denominator computation		math;elementary	junyi	1.0	6.0
junyi.Tv3/IjfXLL+U2dQgk/cOyfc1mgU2vm2D/yM43RtFshA=	【基礎】分數的整數倍應用		Applications of integer multiples of fractions		math;elementary	junyi	1.0	6.0
junyi.lQnOj9Px/nPNqlSWfF0N5CkTn+EMnwvOowom5ryaouI=	【基礎】分數的加減應用		Applications of fraction addition and subtraction		math;elementary	junyi	1.0	6.0
junyi.Y1xbm2qyB1ORPl4XEuHig7PZekscar6DdRCT24qu3HA=	【基礎】同分母分數的加法應用		Applications of addition of fractions with same denominator		math;elementary	junyi	1.0	6.0
junyi.wYT6ZsCY6u0j7kHgmCHdHuYUQtZfIJmcghxZrri81Jg=	【基礎】同分母分數的加法計算		Addition of fractions with same denominator computation		math;elementary	junyi	1.0	6.0
junyi.b7WGHdUuPzaL2tTyUSSu5MoQ7LGDoLlHwTV8M3SDbvo=	【基礎】同分母分數的減法應用		Applications of subtraction of fractions with same denominator		math;elementary	junyi	1.0	6.0
junyi.5lnlUzir6Rr7jFNvU6nOmmGn2BbhG6KD8yqbM4ThGQg=	【基礎】分數的整數倍計算		Computing integer multiples of fractions		math;elementary	junyi	1.0	6.0
junyi.tF8tMFezQhn36I3yHWsSa2i67yZXerPE5QWgZGCFvFs=	【基礎】用分數表示整數相除的結果綜合習題		Comprehensive exercises on expressing division of integers as fractions		math;elementary	junyi	1.0	6.0
junyi.bY13RsIM2Xlj/qRBujFNedeCeDFFNKV1YUp+1kTLfAA=	【基礎】整數相除的結果是真分數;lcsh.sh00006400	http://id.loc.gov/authorities/subjects/sh00006400	Division of integers resulting in proper fractions		math;elementary	junyi	1.0	6.0
junyi.jYvdVag77CDUNkiDwDLBvSrc4nd+nxa7z/rWC6Iomhs=	【基礎】整數相除的結果是假分數或帶分數		Division of integers resulting in improper fractions or mixed numbers		math;elementary	junyi	1.0	6.0
junyi.u5/b2b8+M7T27j8eNr9YzarIg/vTgSGyEzEUix490Es=	【基礎】整數相除分裝情境		Integer division in partition contexts		math;elementary	junyi	1.0	6.0
junyi.GSi2GkiUGDNXuUqCrsNK5ZB5qW8bRkAoY9wEGx5rRng=	【基礎】擴分、約分和通分綜合習題		Comprehensive exercises on converting to common denominator, reducing fractions, and finding common denominator		math;elementary	junyi	1.0	6.0
junyi.mMl55exzvbIy5f5RyY0tmq7WvK5KPLjw/i63OE+diLU=	【基礎】擴分和等值分數 2;lcsh.sh85051149	http://id.loc.gov/authorities/subjects/sh85051149	Expanding Fractions and Equivalent Fractions 2		math;elementary	junyi	1.0	6.0
junyi.XbcpTfT1RFwmsRn98oMDsQeWhCEAh7GOGSxllLaYMLg=	【基礎】約分和等值分數 1		Reducing Fractions and Equivalent Fractions 1		math;elementary	junyi	1.0	6.0
junyi.z7j7u9pIZBLTXsNZB7xMkIJ2CB++xDwCfAFzUG8Juco=	【基礎】通分和異分母分數的大小比較 1		Common Denominators and Comparing Fractions with Different Denominators 1		math;elementary	junyi	1.0	6.0
junyi.DX7JpJCwcJs6C2qejstdt0z/KJVJV2d6+HHL5VJxYEQ=	【基礎】擴分和等值分數 1;lcsh.sh85051149	http://id.loc.gov/authorities/subjects/sh85051149	Expanding Fractions and Equivalent Fractions 1		math;elementary	junyi	1.0	6.0
junyi.Teuwxr3okYRSPI2Y7Nou4wqGcA78ekLDx+wonvRGsOE=	【基礎】異分母分數的加減綜合習題;junyi.Ul0YfLD+DkexICyzGisAES41BpTca5rUI/BNolWJpio=;【進階】異分母分數的加減綜合習題;junyi.ZeqalmMEbu4L2j3EXlTLYacpBIa8eomjRPajfWZZD18=;【一般】異分母分數的加減綜合習題		Adding and Subtracting Fractions with Different Denominators - Mixed Exercises		math;elementary	junyi	1.0	6.0
junyi.6U61DyP2lMcrqSxLp8pU4JOtVvXq/BnxM/YXDVtOMbQ=	【基礎】異分母分數的加法		Adding Fractions with Different Denominators		math;elementary	junyi	1.0	6.0
junyi.g0WmMRm3uq6z030S8hInLOY7xb091Cos25Bu/Slg38c=	【基礎】異分母分數的減法		Subtracting Fractions with Different Denominators		math;elementary	junyi	1.0	6.0
junyi.5KQ7wVusODIGXeR77YTjuxxWFJmiYmgbaEGhEYj+nLA=	【基礎】先約分再通分的異分母分數加法		Adding Fractions with Different Denominators: Reduce First, Then Find Common Denominator		math;elementary	junyi	1.0	6.0
junyi.cBtlUtwXdy5gGdRnRrsdXfZKfxJcjOb/Y+VJG/VOzVg=	【基礎】先約分再通分的異分母分數減法		Subtracting Fractions with Different Denominators: Reduce First, Then Find Common Denominator		math;elementary	junyi	1.0	6.0
junyi.pdYh3TvKBK1LgOTy1Vc5GCkzssnNDhK3xSBLdsGpfLA=	【基礎】異分母分數加減法的應用;junyi.eWpRAHAhJCaRg5/Ef0tTx92nWIJcHJaMTwQqvukQeoI=;【一般】異分母分數加減法的應用		Applications of Adding and Subtracting Fractions with Different Denominators		math;elementary	junyi	1.0	6.0
junyi.w74XdHKzME2SVRy/43in0XtQlXuv7VUdjQzVzbOXJMs=	【基礎】整數乘以分數		Multiplying Integers by Fractions		math;elementary	junyi	1.0	6.0
junyi.J5c76AnfkB6hMQU+QWzlyPCdmUpqKhQeMZzspmG1HUg=	【基礎】整數、分數除以整數綜合習題;junyi.+g5YlvjiVYzjFfpMkHEGCty7PGcKRuuCVDY/g8dzoD0=;【進階】整數、分數除以整數綜合習題;junyi.le4ffPTWLIzeU2EmO67iM9vRZBEaCA8vRvTMP0oxlbc=;【一般】整數、分數除以整數綜合習題		Dividing Integers and Fractions by Integers - Mixed Exercises		math;elementary	junyi	1.0	6.0
junyi.w4MyAbgZRLh794BPy0qg9fg2PcokubWJcmd13HKCFXM=	【基礎】整數除以整數 1		Dividing Integers by Integers 1		math;elementary	junyi	1.0	6.0
junyi.KeJmbhOn5D4GwVbthjGdNmvg+pW76XxfjkZizeDWUpk=	【基礎】分數的除法綜合習題;junyi.xVnGKh1Vrf5JAkpT+RvkYwfQHb46ugd21uvhWHJC0+U=;【進階】分數的除法綜合習題;junyi.tXmG1LY2OjXE4bZJtz4tOad6vDfC4L7RdrdbNYUE6aM=;【一般】分數的除法綜合習題		Dividing Fractions - Mixed Exercises		math;elementary	junyi	1.0	6.0
junyi.y1ky8jXzmdtx660XSqtKvCYTgf7m69k+vVtThncryWU=	【基礎】同分母分數的除法		Dividing Fractions with the Same Denominator		math;elementary	junyi	1.0	6.0
junyi.+odAMeNn6DqBHYkdD0fKH59bzQMwJTqsCW9nqJ1etcI=	【基礎】異分母分數的除法		Dividing Fractions with Different Denominators		math;elementary	junyi	1.0	6.0
junyi.x9oDEpreQSuEiyFzA4syO+1WLv+obKycS0yqA80CQFw=	【基礎】分數除法的應用：比率、面積與相當問題		Applications of Dividing Fractions: Ratio, Area, and Equivalence Problems		math;elementary	junyi	1.0	6.0
junyi.KvkCQpg/2ciwASQU0QFSk9H8gE1eAan0r1NR8jdIXF4=	【基礎】分數除法的應用：平分和分裝;lcsh.sh99004101	http://id.loc.gov/authorities/subjects/sh99004101	Applications of Dividing Fractions: Equal Division and Partitioning		math;elementary	junyi	1.0	6.0
junyi.3an/ohfFqHxFEA43RNM0CLh0slcV70c7Rah3pSz0KpM=	【基礎】帶分數除以帶分數		Dividing Mixed Numbers by Mixed Numbers		math;elementary	junyi	1.0	6.0
junyi.xVsACcSxP4hrn2o14c9+W92tPVwJpfnfJptf2CExFAM=	【基礎】整數除以分數;lcsh.sh00006400	http://id.loc.gov/authorities/subjects/sh00006400	Dividing Integers by Fractions		math;elementary	junyi	1.0	6.0
junyi.V6gzmLaxDq9lLc3HQUpSf2CJ+PcXNduJro29Nx9Z3aM=	【基礎】異分母分數的除法：利用通分計算		Dividing Fractions with Different Denominators: Using Common Denominators		math;elementary	junyi	1.0	6.0
junyi.u/LPC06b7BAhroZcvBEYJUUOpby5g4JLLjaI92XikLc=	【基礎】比與比值綜合習題;junyi.J3WqWuIL4K9D5AfOarCtTLZsRn6I8XJU2J1UZYvS8k0=;【進階】比與比值綜合習題;junyi.8Az3OnwtgqatpwpQiRDe/VxoHiiwkSdaRvVM/d9Ump8=;【一般】比與比值綜合習題		Ratio and Ratio Value - Mixed Exercises		math;elementary	junyi	1.0	6.0
junyi.S3hqMF0e5To6kPDkpp0xZ7dpZx7GRQgLjAs14iM6rfE=	【基礎】比和比值;lcsh.sh2008110473	http://id.loc.gov/authorities/subjects/sh2008110473	Ratio and Ratio Value		math;elementary	junyi	1.0	6.0
junyi.culKseV+Zke/kfH2elK1UcG13PktwOLaw0bde5RD89Y=	【基礎】用擴分和約分尋找相等的比		Finding Equivalent Ratios Using Expanding and Reducing		math;elementary	junyi	1.0	6.0
junyi.TDEUV/kZMRHVLtJ1Tzk9Ne7zqUrXe4lwJ/AhDn6AKcc=	【基礎】比的應用題 1		Applications of Ratios 1		math;elementary	junyi	1.0	6.0
junyi.UA8j7lklVtKV7XvO/QUqpJSwzYGBY2bKSg73/EDGa0I=	【基礎】用比值或最簡單整數比尋找相等的比		Finding Equivalent Ratios Using Ratio Values or Simplest Integer Ratios		math;elementary	junyi	1.0	6.0
junyi.U4IDn4MUqbVq2R5M08n344XMXc052OsQtinVwrNNkSk=	【基礎】最簡分數		Simplest Form of Fractions		math;elementary	junyi	1.0	6.0
junyi.KlMtgQyCzeyNI/luVLtY/TXszXJrew6gRhfjeyt2F9w=	【進階】分數的乘法綜合習題;junyi.iKqRsPP+BOjViedwcscCuCE15B3XONt/be89lKXW16o=;【一般】分數的乘法綜合習題		Multiplying Fractions - Mixed Exercises		math;elementary	junyi	1.0	6.0
junyi.JeJ/U+YZ3HU5Nr8HVj98IUq5D+92/mnaxITEPQlJr7k=	【進階】認識分數綜合習題;junyi.N3wO0fC439PgPDMPRDVu0qGXZj+cYL49zF/sgQZAlww=;【一般】認識分數綜合習題		Understanding Fractions - Mixed Exercises		math;elementary	junyi	1.0	6.0
junyi.fD8zM1ZR2ONSCf1qFOxRewRZWPyivWHdZKlbbOaK+tY=	【進階】同分母分數加減綜合習題;junyi.7SG42IykaqcKQf+BZ3fBFrPLaCiKOJJPkBDLvzzOpGA=;【一般】同分母分數加減綜合習題		Adding and Subtracting Fractions with the Same Denominator - Mixed Exercises		math;elementary	junyi	1.0	6.0
junyi.e85vrrhrWUiVrvUMsLtqjwCVVgejgRneTUUL2gr0GJ0=	【進階】分數與公尺、公斤、公升		Fractions with Meters, Kilograms, and Liters		math;elementary	junyi	1.0	6.0
junyi.FDFKlshYbN4rO93MtgimwfpEoKerSWp1RFhoSKWXHsY=	【進階】帶分數與假分數綜合習題;junyi.tAZ0mRV5cECGqeSg0QvaNNVKgKvxJ3r3SLQtJPb5SSY=;【一般】帶分數與假分數綜合習題		Mixed Numbers and Improper Fractions - Mixed Exercises		math;elementary	junyi	1.0	6.0
junyi.+xN/geZI+rXD8yB7YBDvLwAXgXO6aORg9eOFv6AfGHM=	【進階】等值分數綜合習題;junyi.DijENLQwI0eQXpvIEtawj3UvDDB4tHjXT54jhWoEXU4=;【一般】等值分數綜合習題		Equivalent Fractions - Mixed Exercises		math;elementary	junyi	1.0	6.0
junyi.v7yYzJI0/rHfpfs6AyQ6llqhVygGp+wcpMr8emORMxk=	【進階】分數的加減與整數倍綜合習題		Adding and Subtracting Fractions with Integer Multiples - Mixed Exercises		math;elementary	junyi	1.0	6.0
junyi.9Xi5HaV/Z5cinEcWKVZMuef69TOyb3IxHlE53sgUbQA=	【進階】用分數表示整數相除的結果綜合習題;junyi.mYFtDundRAjeRWK4Vb1dJh4pkXy95xGx/aLmxgXDmEo=;【一般】用分數表示整數相除的結果綜合習題;lcsh.sh00006400	http://id.loc.gov/authorities/subjects/sh00006400	Representing Results of Integer Division as Fractions - Mixed Exercises		math;elementary	junyi	1.0	6.0
junyi.AzYy1fVXRy9vByJG/zOf+okOqOYX/wK7VjwzQtO06mA=	【進階】擴分、約分和通分綜合習題;junyi.MUbqU/Il0Jtq/WAby1VtcO+pS/tc7QnNE3TI/GuzuMM=;【一般】擴分、約分和通分綜合習題		Expanding, Reducing, and Finding Common Denominators - Mixed Exercises		math;elementary	junyi	1.0	6.0
junyi.a8gAVDPDmrxf2poDVj1SEcQl7lX57osmdVFS1+Z+4K0=	【進階】分數倍應用題		Fraction Multiple Applications		math;elementary	junyi	1.0	6.0
junyi.YCkF1MtpY1fSQe4HekhmGm9bt7ErYLpnaL45TlEtrbo=	【一般】分數乘以整數應用題		Multiplying Fractions by Integers - Applications		math;elementary	junyi	1.0	6.0
junyi.IZmjDB5gc3QtqCkw10LYwtPthoXOeCmqIDr+yIt+r+A=	【一般】分數乘法應用題 2		Fraction Multiplication Applications 2		math;elementary	junyi	1.0	6.0
junyi.h327f3+M2F6lvbXTOgg35VC4pac6YD68c7hjS2DPPiA=	【一般】分數數線的應用		Applications of Fraction Number Lines		math;elementary	junyi	1.0	6.0
junyi.xQNx//qhkk2bCwEwFdNmcqn+xhyU6AwjhGgmphpgtV8=	【一般】什麼是平分？;lcsh.sh00006400	http://id.loc.gov/authorities/subjects/sh00006400	What is Equal Division?		math;elementary	junyi	1.0	6.0
junyi.ivLOrT65HjJtF7QBiRvIhYtKFl/heB3qqODrXEZytx4=	【一般】從線段圖認識分數的累加		Understanding Cumulative Fractions Through Bar Diagrams		math;elementary	junyi	1.0	6.0
junyi.rvGNITIfQzjD82gpFgMVKC4UZHTbpR2iC06+vTx9KaA=	【一般】哪些分數一樣大？		Which Fractions are Equal?		math;elementary	junyi	1.0	6.0
junyi.Q4rlu4p4omxZhIwjIFvGGUuC7wPUkgP+m0owUS+PTtY=	【一般】分數的加減應用		Applications of Adding and Subtracting Fractions		math;elementary	junyi	1.0	6.0
junyi.3Rmd2VQUBwDitQ5mXI3d4TO3qkZv/hd0NH9nOSeh9sQ=	【一般】同分母分數的加法 2		Adding Fractions with the Same Denominator 2		math;elementary	junyi	1.0	6.0
junyi.00KEZbwE/6qJ+WSl9TwUEgbwi/wmnEVgeCnGzi4/EYo=	【一般】比較分數量的多少		Comparing Fraction Quantities		math;elementary	junyi	1.0	6.0
junyi.lfFL8LesAlY1wX0+sveN0vu8YZEg5bKCXUOGCLqRxuM=	【一般】分數的大小比較 2		Comparing Fraction Sizes 2		math;elementary	junyi	1.0	6.0
junyi.tBZ3hZqed0H7wHFp8jHQT6bij5GrwxB8L32UylQKUrc=	【一般】整數相除的應用;lcsh.sh00006400	http://id.loc.gov/authorities/subjects/sh00006400	Applications of Integer Division		math;elementary	junyi	1.0	6.0
junyi.sbX37mPX7s12nP6ST0kOrlxn3LZ4PhWGqmgvpEIj6ng=	【一般】約分和等值分數 2		Reducing Fractions and Equivalent Fractions 2		math;elementary	junyi	1.0	6.0
junyi.5mFUoufpNkJhFs1oOkwpadisjYtcoP4eIjvzRWOShe4=	【一般】通分和異分母分數的大小比較 2		Common Denominators and Comparing Fractions with Different Denominators 2		math;elementary	junyi	1.0	6.0
junyi.lCiErLu25B5SZD4PvpfL2mNLrI6Vr/iDlsYeTdU8poM=	【一般】分數除以整數 3		Dividing Fractions by Integers 3		math;elementary	junyi	1.0	6.0
junyi.Bwy+g5s/cdkK1YBAu2AbE00aDEIgVHvQLglAIAnNIlU=	【一般】整數、分數除以整數		Dividing Integers and Fractions by Integers		math;elementary	junyi	1.0	6.0
junyi.467jZhz5FyJVTN9X3CZRReWVNyCr5ThuQ6pvvkgXTtU=	【一般】整數除以整數 2		Dividing Integers by Integers 2		math;elementary	junyi	1.0	6.0
junyi.+gP/fH6yBDlDTCmjUykZq+rykF0MopXNzQLSxiEVEYY=	【一般】分數除法的應用：兩步驟併式		Applications of Dividing Fractions: Two-Step Combined Expressions		math;elementary	junyi	1.0	6.0
junyi.kX+5omUWpBnZq80iSxuIAlsvxdHI68joYz6itRBOCss=	【一般】分數除法的應用-倍數和時間單位		Applications of Dividing Fractions - Multiples and Time Units		math;elementary	junyi	1.0	6.0
junyi.GLgbTk9pSzIkaPoN4xF271DsfbQI9fY+OK+9tsBiRH0=	【一般】分數除法的應用-除數或被乘數未知		Applications of Dividing Fractions - Unknown Divisor or Multiplicand		math;elementary	junyi	1.0	6.0
junyi.6pvjmsSlGTJckr+l8pX/6w1tycejY0vnlCAB4Y1XM2c=	【一般】比的應用題 2		Applications of Ratios 2		math;elementary	junyi	1.0	6.0
junyi.v90baLZYacc3s+oqAusl+90J4O6kJCF7s47aUGFf8gA=	【基礎】角、正方形與長方形綜合習題;junyi.OJdwYcjEXluq9EWCqnDzp2Yvu/ALGh5DD9nPegq+pgQ=;【進階】角、正方形與長方形綜合習題;junyi.u4qhRZS44vAj0iPcn0h6LtwpEu5xpKwVBOXYhTziua8=;【一般】角、正方形與長方形綜合習題		Angles, Squares, and Rectangles - Mixed Exercises		math;elementary	junyi	1.0	6.0
junyi.44N1RXOiWg4Zy6x/GQwNyECUUWAykXTDm7q/dERMTZo=	【基礎】角的大小比較;lcsh.sh85055855	http://id.loc.gov/authorities/subjects/sh85055855	Comparing Angle Sizes		math;elementary	junyi	1.0	6.0
junyi.eckDRfpc73OUXcSW4vV+4Y6JZaIfSERP9bUZIrNtLyM=	【基礎】認識直角		Understanding Right Angles		math;elementary	junyi	1.0	6.0
junyi.iIqjl5Plm+22qIYnLpUSTdXHOLdlpgnHEQmBHrjOlg4=	【基礎】正方形與長方形;lcsh.sh85127092	http://id.loc.gov/authorities/subjects/sh85127092	Squares and Rectangles		math;elementary	junyi	1.0	6.0
junyi.sjpx9JKp33xDuwIsWu3bMa7KPQzxwl5Kvg+WoYNlnZY=	【基礎】公斤和公克綜合習題;junyi.24yLmjpZLo3XO2t14fVHMUMqhVcVPs93RBeN42c/MGc=;【進階】公斤和公克綜合習題;junyi.cvrpe2HqRWypDZTWd3ry5QCy4XdRg67y3MIeZlRYaes=;【一般】公斤和公克綜合習題		Kilograms and Grams - Mixed Exercises		math;elementary	junyi	1.0	6.0
junyi.4iIvLk0lZ+0GBDS1C/Manl0Akf1WtIozwfMOkh1/PFc=	【基礎】認識公克;lcsh.sh85056254	http://id.loc.gov/authorities/subjects/sh85056254	Understanding Grams		math;elementary	junyi	1.0	6.0
junyi.GcuG2ukgxXmym9WSnWnlpKVNUFysZ8QfpAgpJMcheMU=	【基礎】認識公斤		Understanding Kilograms		math;elementary	junyi	1.0	6.0
junyi.5ZJ5qSJYX6dsa9HODIJqoF60NnmdmYfFjBKCus7D7og=	【基礎】公斤與公克的單位換算及大小比較		Converting and Comparing Kilograms and Grams		math;elementary	junyi	1.0	6.0
junyi.i2BVfTp485wM+aQN1OTMKJr+SQDTDi5fuNDk9dp360g=	【基礎】重量的應用問題;lcsh.sh2022007502	http://id.loc.gov/authorities/subjects/sh2022007502	Applications of Weight		math;elementary	junyi	1.0	6.0
junyi.LX5JBmC+vdiEQxmg1hxbBfGAanwh78vK0LYfaoDJMTM=	【基礎】生活中的大單位綜合習題;junyi.Jl92cIZYcCutl8sqyj2VP8UbUigvqBoHBO/R38DK1DU=;【進階】生活中的大單位綜合習題;junyi.jpb1rgDXjbe7vvSvZzIoPtn6mVIKPxauQ1QVTvzkAdw=;【一般】生活中的大單位綜合習題		Large Units in Daily Life - Mixed Exercises		math;elementary	junyi	1.0	6.0
junyi.T4SE4EgcHfMeg58rrWKRWuXd7tw0mVCfHJvBhy6TC78=	【基礎】公噸和公斤的換算 1;lcsh.sh89002714	http://id.loc.gov/authorities/subjects/sh89002714	Converting Metric Tons and Kilograms 1		math;elementary	junyi	1.0	6.0
junyi.I/598ZmMIMeI5NdTNKVBHbbhAMhZA3QRabeZhQ/ddL8=	【基礎】公頃、公畝與平方公尺的換算		Converting Hectares, Ares, and Square Meters		math;elementary	junyi	1.0	6.0
junyi.A2548sl8hqkIMIGY7mlg/p2NN83cncQx2SgT00lyByk=	【進階】大面積單位的生活應用		Applications of Large Area Units in Daily Life		math;elementary	junyi	1.0	6.0
junyi.TOdFpZ3Xqdh28DnIte6gehxDLIIUkzWMwfqed8sEJwE=	【一般】公噸與公斤的生活應用		Applications of Metric Tons and Kilograms in Daily Life		math;elementary	junyi	1.0	6.0
junyi.Mujc7fhlpiAZ/8+VvJTuahAOrjvNECvtA4YBD6fP02Y=	【一般】平方公里與公頃、公畝、平方公尺的換算		Converting Square Kilometers, Hectares, Ares, and Square Meters		math;elementary	junyi	1.0	6.0
junyi.7lZW5SB9whu/nq0QJ1pCSdPhmnwhRqHIldZ1Fu9tZfc=	【基礎】公升與毫升的單位換算及大小比較		Converting and Comparing Liters and Milliliters		math;elementary	junyi	1.0	6.0
junyi.Km4UtamxG5HOGBYO5bAFwlruZSFNKxlILK2wKiFEcSI=	【基礎】公升與毫升綜合習題;junyi.ilh8SwN/N/lynhTK/mWSvb3nDr7ZGvWV7rsU0BaOkCI=;【進階】公升與毫升綜合習題;junyi.WnROIwtQSSRuDI+N9zspe70i0h/BVJUxoil4KIbnP6M=;【一般】公升與毫升綜合習題;lcsh.sh85077481	http://id.loc.gov/authorities/subjects/sh85077481	Liters and Milliliters Comprehensive Exercises		math;elementary	junyi	1.0	6.0
junyi.fwR0w0LLlf3OriHwW2vIK3RiKD8gRLRfHC1T6kQhG0g=	【基礎】認識毫升		Introduction to Milliliters		math;elementary	junyi	1.0	6.0
junyi.tcefpcahExZLA6gms/r4H1DHPHzmBUwg8h7hfNlV4sc=	【基礎】認識公升;lcsh.sh85111657	http://id.loc.gov/authorities/subjects/sh85111657	Introduction to Liters		math;elementary	junyi	1.0	6.0
junyi.FJV9jFDQLQAIAZoc7YboSSkQOkS3dNtCQAVDL874AKM=	【基礎】容量的應用問題;lcsh.sh00000204	http://id.loc.gov/authorities/subjects/sh00000204	Applied Problems on Capacity		math;elementary	junyi	1.0	6.0
junyi.+mwsRV33uKTS+1DrZGfM+z+Ccut/FGocokZm/j0OJ/k=	【基礎】平方公分綜合習題;junyi.NPkrCjbLK35wefMCv6y6XMO5eYO/gthS6LGwrdjG2OQ=;【進階】平方公分綜合習題;junyi.j4rGpwpqhLE9foelXD2yjokS0u3QR+ULhNqLGeF/4sk=;【一般】平方公分綜合習題		Square Centimeters Comprehensive Exercises		math;elementary	junyi	1.0	6.0
junyi.q/zqlSFnHvaaDZQ3T0MieHABIKLc1BwReJRJu5dz5NY=	【基礎】面積與平方公分;dbpedia.Units_of_area	http://dbpedia.org/resource/Category:Units_of_area	Area and Square Centimeters		math;elementary	junyi	1.0	6.0
junyi.HZjujc6emQQn14Tviy/t0Xw8v8jRJ0J1Le11NzVrlV4=	【基礎】用乘法求面積;lcsh.sh85006984	http://id.loc.gov/authorities/subjects/sh85006984	Finding Area Using Multiplication		math;elementary	junyi	1.0	6.0
junyi.IH5IsJ7NfivpV8YRPlcRNiwPmrtI+kJpCmIU50BzznQ=	【基礎】切割和拼湊		Cutting and Combining Shapes		math;elementary	junyi	1.0	6.0
junyi.m/JWFlWTObOlrpPo0GSe5ZY8bBRPfH9U/ZsdbbyIa5w=	【基礎】周長與面積綜合習題;junyi.3xqxJN2W+KEo3SBjh7HnXpGjB4ewSbm1j/18fCn05yc=;【進階】周長與面積綜合習題;junyi.W4l0TIo0YQXLT/c8/Uy7OLtElmNuNWPODI7HkJ0NaI0=;【一般】周長與面積綜合習題		Perimeter and Area Comprehensive Exercises		math;elementary	junyi	1.0	6.0
junyi.ZOO50WfENqtWGe4uBkJcqW4nppgtuJKCAoqx34z8eOw=	【基礎】長方形、正方形的周長公式		Perimeter Formulas for Rectangles and Squares		math;elementary	junyi	1.0	6.0
junyi./fn8Ym16AvhuhgFRtoeZ4sRU9ZRhvvpYN90SUH7zQ4M=	【基礎】長方形、正方形的面積公式		Area Formulas for Rectangles and Squares		math;elementary	junyi	1.0	6.0
junyi.+ZVl8HEbTM1GOoCTt2wxAfzQswvAWL3L8e5mLuyy1dY=	【基礎】平方公尺與平方公分		Square Meters and Square Centimeters		math;elementary	junyi	1.0	6.0
junyi.gvez7GFXUbuQl27U5+p/4QwFZZyXP2QFYQdoor8ZkeE=	【一般】周長與面積的應用		Applications of Perimeter and Area		math;elementary	junyi	1.0	6.0
asn.S2601474	csp.HS-ESS3-2;S21091214;89DB14923E8E472995F0A5CF6874AAB9;csp.ES-ESS3-2;S2865032;EEC4ED85116A49CA82402BD1F3E274B5;csp.BI-ESS3-2;S2864924;BA3BDA2C24F346C892A17DC77CF6C5FB;csp.ESS3-HS-2;S2956016;E5FD3C4D5000410C9D7910D20E143DAE;csp.HS-ENV2-6;S21289439;DC3632086E644B03865B192E1C44A0EC;csp.HS.ESS3.2;DFB06DB1134149418ACAC8AA14D9F13A;csp.PSI-ESS3-2;S2865123;E2996D0E40E44459BAF17BCE5DAE27EB;csp.EVS-ESS3-2;S2865065;F0718DFFFD49491B8255BC124DA66B57;csp.HS-ESS-3.2;S21266433;4A7EF4C0A9A34047B8AC240875FEB121;csp.3.3.9-12.P;S21359350;0342E7760676452EBDA348B5B6893237;csp.S.9.ESS.16;S2607961;0A79B19F255048A3964C9F8AE6426D4C;csp.ESS3.HS.9.b;S2987266;0FAB49621EDE47479E5ADAF8C34CAAD6;csp.9EH.4.1.1.3;S21430400;EC6CB278E5904B02803A599CF2C90322;csp.ESS.9-12.16;S2766670;87242C2CB2E14B8281C28922FBAB6B63;csp.SC.HS15.5.b;A6CCE600BB3147C88592C26343D15C40;csp.SC.HS.15.5.B;S2862824;C3741FC6FE29470BA5319B2798979249;opensalt.3417b333-d7cc-11e8-824f-0242ac160002;opensalt.HS-ESS3-2;opensalt.7d9ee4f8-f297-11e8-ad6b-ddc648270208;opensalt.b7db2448-b302-11e9-8270-0242c0a82003	http://asn.desire2learn.com/resources/S2601474	Evaluate competing design solutions for developing, managing, and utilizing energy and mineral resources based on cost-benefit ratios.	Evaluate competing design solutions for developing, managing, and utilizing energy and mineral resources based on cost-benefit ratios.	ngss;science;state science;science, technology & engineering and environmental literacy & sustainability (steel);performance expectation	asn	9.0	12.0
asn.S2601473	csp.HS-ESS3-1;S21091213;68CDA86899094A3EAF2A3E0195DECE09;csp.ES-ESS3-1;S2865031;5BCF48DDCB4845B5846F5F436F6F7BFA;csp.BI-ESS3-1;S2864923;CBEC42AE64DD4839BE8AD5222B84F026;csp.ESS3-HS-1;S2956015;85B025F53C0F434E86D39E10B571420A;csp.HS.ESS3.1;E65DF521400E4A3BB2355C31A7E31621;csp.PSI-ESS3-1;S2865122;21DE826DB8D948FF81265CFADB2F4422;csp.EVS-ESS3-1;S2865064;6E35DC27FB114700A9C56D8CAEC92FC6;csp.HS-ESS-3.1;S21266432;52BE0A0F7F7E4DD088DA9DE680A00BC8;csp.3.3.9-12.O;S21359349;6CA9E7328C2E4CCCADE0FF2C4C45A5EF;csp.S.9.ESS.15;S2607960;D2B96CD92141468ABF6F376C071B87ED;csp.HS+E.E1U3.9;S2985503;04CF3F6AD72942F0A0AB30D1E4602243;csp.ESS3.HS.9.a;S2987265;5059F3DD64D8465CA7817F7B557C7A6F;csp.ESS.9-12.15;S2766669;FC551283654B4F5D936265B68F0CDAF0;csp.SC.HS15.5.a;12D92E78345849CB8EF9F5A33C098063;csp.ESS3.HS.10.a;S2987268;6E63FE4BAEE043F195F7734A00F84C08;csp.SC.HS.15.5.A;S2862823;5E66C97AFB7C4E4AAFD3ED6D82A978B2;csp.9-12.ESS3.A-1;S2750229;37FDB997DC904105BDA1574E0C6121C3;opensalt.3417b0d3-d7cc-11e8-824f-0242ac160002;opensalt.HS-ESS3-1;opensalt.7d9e6e88-f297-11e8-b1fb-e7e902b20736;opensalt.b7dac494-b302-11e9-90ae-0242c0a82003	http://asn.desire2learn.com/resources/S2601473	Construct an explanation based on evidence for how the availability of natural resources, occurrence of natural hazards, and changes in climate have influenced human activity.	Construct an explanation based on evidence for how the availability of natural resources, occurrence of natural hazards, and changes in climate have influenced human activity.	ngss;science;state science;science, technology & engineering and environmental literacy & sustainability (steel);performance expectation	asn	9.0	12.0
asn.S2601470	csp.HS-ESS2-6;S21091207;D66BCFDB79B74AD7AA22724DBC3BFFCF;csp.ES-ESS2-6;S2865026;BB9B464AD3574A53A2DC7E746948972A;csp.BI-ESS2-6;S2864888;CAAFFB7994A14D22A9F42B803D817AC3;csp.ESS2-HS-6;S2956012;89435423A96B49BEA770D92D9100D22D;csp.HS.ESS2.6;496EE0BF7A4644CD8B4E0BCD6F0A29DE;csp.EN.ESS2.6;S21131683;01538950AA394FD0AE1EC34EEA7C041E;csp.ES.ESS2.6;S21131664;97CBCF8EF07C4838A3E3282B5B909ECD;csp.EVS-ESS2-6;S2865047;804C0AF943844F389680D78C15FBF042;csp.ABI.ESS2.6;8F160B9B2CE64377ADA0A5D3BEBD9C91;csp.3.3.9-12.L;S21359329;48A4CEEF288B49D1AA87BC4BD7E72B42;csp.S.9.ESS.11;S2607954;8CFC863E6AC3488FB89114D629082891;csp.ESS3.HS.7.c;S2987260;C899E68C0B6F46D398D19832E3B24013;csp.9-12.ESS2.D-6;S2750223;72EE2B6E25F1440B8C9683EF845F0126;opensalt.3417a625-d7cc-11e8-824f-0242ac160002;opensalt.HS-ESS2-6;opensalt.7d9c6e76-f297-11e8-a201-0b1be0e51c42;opensalt.b7d97026-b302-11e9-bb2a-0242c0a82003;lcsh.sh85020105	http://asn.desire2learn.com/resources/S2601470;http://id.loc.gov/authorities/subjects/sh85020105	Develop a quantitative model to describe the cycling of carbon among the hydrosphere, atmosphere, geosphere, and biosphere.	Develop a quantitative model to describe the cycling of carbon among the hydrosphere, atmosphere, geosphere, and biosphere.	ngss;science;state science;science, technology & engineering and environmental literacy & sustainability (steel);performance expectation	asn	6.0	12.0
asn.S2601469	csp.HS-ESS2-5;S21091206;0BFB73B8746745B0BE3922A9D5E7EE05;csp.ES-ESS2-5;S2865025;0A9C48377A0F43C29616834F810991A3;csp.BI-ESS2-5;S2864918;AD58B226F4A345B6BC4618689806F1EB;csp.CI-ESS2-5;S2864936;8E871DE176AF4D76A1C855AA14D42088;csp.ESS2-HS-5;S2956011;86F86557B67046A8A7D48FA2D31AA5D0;csp.HS.ESS2.5;363171E5E41644D8AD0F903AAA20B49B;csp.EVS-ESS2-5;S2865046;5229F34F7F204668BA24697D0CAAE317;csp.ACI.ESS2.5;67042EE979314B598F5DDF9EAACB468C;csp.3.3.9-12.K;S21359318;9D68B558FA6D45D3AC5EADA3B14B3156;csp.S.9.ESS.10;S2607953;822FB3E67FBD48C2B2C7716D49AFE481;csp.ESS3.HS.6.a;S2987256;069F2E9566B948728E6309C1DE2382E2;csp.9ES.1.2.1.1;S21430367;B2F9C71FC5C24AF88C9C88674913DFAA;csp.9-12.ESS2.C-5;S2750221;A9715106C6EA4844AB55708D6F380908;opensalt.3417a3e2-d7cc-11e8-824f-0242ac160002;opensalt.HS-ESS2-5;opensalt.7d9bf720-f297-11e8-927c-6b56c436118e;opensalt.b7d92116-b302-11e9-b8f3-0242c0a82003	http://asn.desire2learn.com/resources/S2601469	Plan and conduct an investigation of the properties of water and its effects on Earth materials and surface processes.	Plan and conduct an investigation of the properties of water and its effects on Earth materials and surface processes.	ngss;science;state science;science, technology & engineering and environmental literacy & sustainability (steel);performance expectation	asn	6.0	12.0
asn.S2601467	csp.HS-ESS2-3;S21091205;E524E162EA1A477EA4AD24CDADDEB67D;csp.ES-ESS2-3;S2865024;74402EDF2D7D40E487ADA5E3EDB591CC;csp.CI-ESS2-3;S2864952;6FC95EF13123438A8706E2E20CB24918;csp.ESS2-HS-3;S2956009;9FF71A31074144EB9B0DD12641158306;csp.EN.ESS2.3;S21131680;51F431F5DBA146428EF42883489D04CD;csp.ES.ESS2.3;S21131661;AA15215AD5A64306963CB1F0F91AEF66;csp.S.9.ESS.9;S2607952;63E9F3621F874E0E9E2F96C1002BC087;csp.EVS-ESS2-3;S2865045;55D8CF41D40D485D88C726D63D373A53;csp.HS-ESS-2.3;S21266426;4D2ED09A34AA41D0AAA87A2796057F4E;csp.3.3.9-12.I;S21359299;441C089CEC0548D19A5F7F04F9CF5684;csp.ESS3.HS.5.b;S2987254;807119BECE874C3F8271E70BB9548E5D;csp.9-12.ESS2.A-3;S2750213;D91428028EA04F1C97BEA90411802EDF;opensalt.34179f5a-d7cc-11e8-824f-0242ac160002;opensalt.HS-ESS2-3	http://asn.desire2learn.com/resources/S2601467	Develop a model based on evidence of Earth's interior to describe the cycling of matter by thermal convection.	Develop a model based on evidence of Earth's interior to describe the cycling of matter by thermal convection.	ngss;science;state science;science, technology & engineering and environmental literacy & sustainability (steel);performance expectation	asn	9.0	12.0
asn.S2601465	csp.HS-ESS2-1;S21091202;69008F67763940F18B0A8775626095BD;csp.ES-ESS2-1;S2865020;2EEFB64589FF47F88AD6D6E034F14745;csp.ESS2-HS-1;S2956007;B36B17244095415498C63444AD450454;csp.S.9.ESS.7;S2607949;09A87CD3885D477597BDBA6709D828DB;csp.PSI-ESS2-1;S2865121;90BAA4C781964D8A94492F9129411687;csp.HS-ESS-2.1;S21266424;5D0AF9BB63B84049AA843C1D7CBBFDCA;csp.3.3.9-12.J;S21359308;0F7568E5895748848487E68762FC278B;csp.ESS3.HS.5.a;S2987253;9F4802E1A7D44367B5C4B77C4E1C792B;csp.ESS3.HS.4.a;S2987250;B24F2B77ADA04799A43810B52A42C102;opensalt.34179a55-d7cc-11e8-824f-0242ac160002;opensalt.HS-ESS2-1	http://asn.desire2learn.com/resources/S2601465	Develop a model to illustrate how Earth's internal and surface processes operate at different spatial and temporal scales to form continental and ocean-floor features.	Develop a model to illustrate how Earth's internal and surface processes operate at different spatial and temporal scales to form continental and ocean-floor features.	ngss;science;state science;science, technology & engineering and environmental literacy & sustainability (steel);performance expectation	asn	9.0	12.0
fos.music	csp.1.2.2.5;A9FCD638401F4AEABAC546041FE79634;csp.3-4.VIII.B;922956436C8C4980BC4A09FD8BAAD68B;csp.4-K.VIII.B;A8FBC8C59B6E438390EE8F250C9025F4;opensalt.6e15e289-14fb-55bc-a507-d567b6a053c2;dbpedia.Music;lcsh.sh85088762;lcsh.sh85088881;lcsh.sh99001795;lcsh.sh99001945;lcsh.sh2003000455;csp.51ABA9D3433F441F82CCB9F965814DBB;51ABA9D3433F441F82CCB9F965814DBB;lcsh.sh85011470	http://dbpedia.org/resource/Category:Music;http://id.loc.gov/authorities/subjects/sh85088762;http://id.loc.gov/authorities/subjects/sh85088881;http://id.loc.gov/authorities/subjects/sh99001795;http://id.loc.gov/authorities/subjects/sh99001945;http://id.loc.gov/authorities/subjects/sh2003000455;http://id.loc.gov/authorities/subjects/sh85011470	Music	Classical music; Art music, Western; Art music; Western art music; Musical compositions; Serious music; Western music (Western countries); Musical works	field of study;art;cte;early learning and developmental;dbpedia;lcsh;social studies	fos	0.0	12.0
asn.S2601466	csp.ES-ESS2-2;S2865023;C0EDAB124E984D458711DDCCF60B0858;csp.BI-ESS2-2;S2864916;6103EC719378499C823A6125E8C417AB;csp.ESS2-HS-2;S2956008;F184DBF21EE3420DBB41771759FCC695;csp.S.9.ESS.8;S2607951;AB4D0008734B46F4B2A5930A82AA480B;csp.EVS-ESS2-2;S2865044;6ACB93C745F14E86AD1DD5BD5297AF12;csp.HS-ESS-2.2;S21266425;BE158E42642F4B8AB66913DE22051BA8;csp.3.3.9-12.H;S21359298;0202D0F91F034D69AA0A35CF7A635FE2;csp.ESS3.HS.7.a;S2987258;E32E02EB09484DB5BB67A63C6853FBEF;csp.ESS3.HS.4.b;S2987251;ADB514F8FFB743A7BF8D698332F6C378;csp.SC.HS.13.3.A;S2862810;1939A94C7E8640B8A3BFA0E398BD284C;opensalt.34179d02-d7cc-11e8-824f-0242ac160002;opensalt.HS-ESS2-2;opensalt.7d99fb00-f297-11e8-83a2-6344ecb0dfaa;opensalt.b7d82ef0-b302-11e9-bec9-0242c0a82003;dbpedia.Earth_system_sciences	http://asn.desire2learn.com/resources/S2601466;http://dbpedia.org/resource/Category:Earth_system_sciences	Analyze geoscience data to make the claim that one change to Earth's surface can create feedbacks that cause changes to other Earth systems.	Analyze geoscience data to make the claim that one change to Earth's surface can create feedbacks that cause changes to other Earth systems.	ngss;science;state science;science, technology & engineering and environmental literacy & sustainability (steel);performance expectation	asn	9.0	12.0
asn.S2601475	csp.BI-ESS3-3;S2864925;4B7D6CE27D864A75B7FCD20B2E505DAE;csp.ESS3-HS-3;S2956017;C6954B7908DB4267AD0E0F2DF4188ADE;csp.HS-ENV5-2;S21289448;249146CD8A8146CF8D86A58E3E90F58C;csp.HS.ESS3.3;BDDECC9348534ADCB0145C1FCAEB8441;csp.3.3.9-12.Q;S21359370;F9F88A1C112E41DEB3D0176D5654DA7A;csp.S.9.ESS.17;S2607962;CC11F26D25364E3E8BAFE627F5EC73DA;csp.SC.HS.15.5.C;S2862825;0BAE6A5B679E45DBAC397238F68E1778;csp.9-12.ESS3.C-1;S2750236;FD3448A964B94AB39E5E002195F476A8;opensalt.3417b588-d7cc-11e8-824f-0242ac160002;opensalt.HS-ESS3-3	http://asn.desire2learn.com/resources/S2601475	Create a computational simulation to illustrate the relationships among management of natural resources, the sustainability of human populations, and biodiversity.	Create a computational simulation to illustrate the relationships among management of natural resources, the sustainability of human populations, and biodiversity.	ngss;science;state science;science, technology & engineering and environmental literacy & sustainability (steel);performance expectation	asn	9.0	12.0
asn.S2601458	csp.CI-ESS1-1;S2864940;0E4F672276874D56ABCAD1586F2C4175;csp.ESS1-HS-1;S2956000;9EB910B8F2D2476D898D6511A16A0FB7;csp.S.9.ESS.1;S2607942;41C09DC6CC214494869D698D6DE29E49;csp.HS-ESS-1.1;S21266417;6DCAFD896B66423DBDD8967EBB008C68;csp.HHS-ESS1-1;S21424467;A89192063B804804BD27812F75875002;csp.ESS3.HS.1.a;S2987241;7A6E3CC3CADD4760AA15ABC53618B4FC;opensalt.341787e5-d7cc-11e8-824f-0242ac160002;opensalt.HS-ESS1-1;lcsh.sh85092995	http://asn.desire2learn.com/resources/S2601458;http://id.loc.gov/authorities/subjects/sh85092995	Develop a model based on evidence to illustrate the life span of the sun and the role of nuclear fusion in the sun's core to release energy that eventually reaches Earth in the form of radiation.	Develop a model based on evidence to illustrate the life span of the sun and the role of nuclear fusion in the sun's core to release energy that eventually reaches Earth in the form of radiation.	ngss;science;state science;performance expectation	asn	9.0	12.0
asn.S2601468	csp.S.9.ESS.13;S2607957;5E33DC75EBC7460094456AA4C25C9CCB;opensalt.3417a19c-d7cc-11e8-824f-0242ac160002;opensalt.HS-ESS2-4;csp.HS-ESS2-4;S21091210;ECC361B09FB44BAA9476D4FDBAD0655C;csp.ES-ESS2-4;S2865040;D5B8CD3107FF402187493AD1A5105068;csp.BI-ESS2-4;S2864917;CE3D1E000014456EB8841F80EEEDD6BA;csp.ESS2-HS-4;S2956010;E0AF7CB4647F4EC89E425F910B2E2676;csp.HS-ENV2-3;S21289436;09CFFD3CB0C0451F98498665F97E50CF;csp.EVS-ESS2-4;S2865055;9E914A2B4AC6456AAAB25547A75E8EDD;csp.3.3.9-12.E;S21359278;1AEE9DC33B114941B2D350DAF9587497;csp.ESS3.HS.7.b;S2987259;DF407656804A4994AF9A896FE74DA8C6;csp.9ES.3.1.1.4;S21430378;6362255DFF804B2CB9005ACEC1315E89;csp.SC.HS.12.2.B;S2862805;317796FDE9574CF5980A6D5D429F2C3F;csp.9-12.ESS2.A-4;S2750214;B5B58369232B4070B0FF6F909DAAF013;csp.HS-ESS-2.4;S21266427;E85FA98F292341388D1A2014AA0255D0;csp.HS.ESS2.4;E86DD68A1669446A93970A98A1F7D23A;csp.SC.HS12.2.b;10AE593C92964928BBE881976D5DA719;opensalt.7d9b7d90-f297-11e8-960c-77970781394e;opensalt.b7d8d418-b302-11e9-a649-0242c0a82003;csp.E-ESS2-4;S21210616;C16AB1BE9D9C4B1D98C94AD55C8888DA;lcsh.sh2009120417	http://asn.desire2learn.com/resources/S2601468;http://id.loc.gov/authorities/subjects/sh2009120417	Use a model to describe how variations in the flow of energy into and out of Earth systems result in changes in climate.	Use a model to describe how variations in the flow of energy into and out of Earth systems result in changes in climate.	ngss;science;performance expectation	asn	9.0	12.0
asn.S2601223	asn.S2601255;asn.S2601280;asn.S2601299;asn.S2601321;asn.S2601383;asn.S2601464;opensalt.33b6afd0-d7cc-11e8-824f-0242ac160002;opensalt.K-ESS2;opensalt.33bafca9-d7cc-11e8-824f-0242ac160002;opensalt.2-ESS2;opensalt.33cdb683-d7cc-11e8-824f-0242ac160002;opensalt.3-ESS2;opensalt.33efdc49-d7cc-11e8-824f-0242ac160002;opensalt.4-ESS2;opensalt.33f09819-d7cc-11e8-824f-0242ac160002;opensalt.5-ESS2;opensalt.3416883e-d7cc-11e8-824f-0242ac160002;opensalt.MS-ESS2;opensalt.341795a4-d7cc-11e8-824f-0242ac160002;opensalt.HS-ESS2;opensalt.724eb330-f297-11e8-8616-ddcacdf8e1a5;opensalt.7570af96-f297-11e8-a38d-97e1c98d4cd8;opensalt.76a309e0-f297-11e8-850e-61689d4c8405;opensalt.78401e82-f297-11e8-ba82-c53d56f094b9;opensalt.7a19d0d6-f297-11e8-a8b2-8fb5df168f50;opensalt.7bfb8f34-f297-11e8-941d-d3609c2360b0;opensalt.7d9878b6-f297-11e8-a1db-576f926d4816;opensalt.b77e994e-b302-11e9-816e-0242c0a82003;opensalt.b78c3a72-b302-11e9-b381-0242c0a82003;opensalt.b79c7c3e-b302-11e9-8916-0242c0a82003;opensalt.b7a00ff2-b302-11e9-ada3-0242c0a82003;opensalt.b7af61fa-b302-11e9-bfe1-0242c0a82003;opensalt.b7b70d88-b302-11e9-b232-0242c0a82003;opensalt.b7d72096-b302-11e9-8ab2-0242c0a82003;opensalt.1d7a6420-96b1-11ea-b6ef-07268637d0e1;opensalt.AL.SC.K.ES;dbpedia.Earth_system_sciences	http://asn.desire2learn.com/resources/S2601223;http://asn.desire2learn.com/resources/S2601255;http://asn.desire2learn.com/resources/S2601280;http://asn.desire2learn.com/resources/S2601299;http://asn.desire2learn.com/resources/S2601321;http://asn.desire2learn.com/resources/S2601383;http://asn.desire2learn.com/resources/S2601464;http://dbpedia.org/resource/Category:Earth_system_sciences	Earth's Systems	Earth's Systems	ngss;disciplinary core idea;performance expectations title;strand	asn	0.0	12.0
asn.S2601226	asn.S2601283;asn.S2601302;asn.S2601324;asn.S2601390;asn.S2601472;opensalt.33b6bb44-d7cc-11e8-824f-0242ac160002;opensalt.K-ESS3;opensalt.33cdc2e2-d7cc-11e8-824f-0242ac160002;opensalt.3-ESS3;opensalt.33eff366-d7cc-11e8-824f-0242ac160002;opensalt.4-ESS3;opensalt.33f0b343-d7cc-11e8-824f-0242ac160002;opensalt.5-ESS3;opensalt.34169d0c-d7cc-11e8-824f-0242ac160002;opensalt.MS-ESS3;opensalt.3417ab63-d7cc-11e8-824f-0242ac160002;opensalt.HS-ESS3;opensalt.72507b66-f297-11e8-b5a8-fb6798758647;opensalt.76a4d72a-f297-11e8-b2cc-b377a84fa207;opensalt.7841fe8c-f297-11e8-9df2-3164ab252bdc;opensalt.7a1baa50-f297-11e8-8b08-99ffb8cc8a1d;opensalt.7bff5ee8-f297-11e8-ae85-6f7aa5a27a77;opensalt.7d9d59d0-f297-11e8-b66e-6ba59bd4865c;opensalt.2497254c-9822-11e9-a683-c3c19d43b93c;opensalt.ESS3;opensalt.b77fca58-b302-11e9-8936-0242c0a82003;opensalt.b79da7a8-b302-11e9-873f-0242c0a82003;opensalt.b7a1624e-b302-11e9-ad37-0242c0a82003;opensalt.b7b0a970-b302-11e9-bd05-0242c0a82003;opensalt.b7bbdf52-b302-11e9-8e02-0242c0a82003;opensalt.b7da16d4-b302-11e9-a648-0242c0a82003;opensalt.b8ab2198-b302-11e9-8f1c-0242c0a82003;opensalt.4b07dfc6-96b1-11ea-9b5b-c33675f2709f;opensalt.AL.SC.K.EH;lcsh.sh85040459	http://asn.desire2learn.com/resources/S2601226;http://asn.desire2learn.com/resources/S2601283;http://asn.desire2learn.com/resources/S2601302;http://asn.desire2learn.com/resources/S2601324;http://asn.desire2learn.com/resources/S2601390;http://asn.desire2learn.com/resources/S2601472;http://id.loc.gov/authorities/subjects/sh85040459	Earth and Human Activity	Earth and Human Activity	ngss;disciplinary core idea;performance expectations title;strand	asn	0.0	12.0
asn.S2601259	asn.S2601326;asn.S2601396;asn.S2601479;opensalt.33bb0981-d7cc-11e8-824f-0242ac160002;opensalt.K-2-ETS1;opensalt.33f0c2d1-d7cc-11e8-824f-0242ac160002;opensalt.3-5-ETS1;opensalt.3416afc2-d7cc-11e8-824f-0242ac160002;opensalt.MS-ETS1;opensalt.3417bef9-d7cc-11e8-824f-0242ac160002;opensalt.HS-ETS1;opensalt.39ea7aa5-d7cc-11e8-824f-0242ac160002;opensalt.39ea865c-d7cc-11e8-824f-0242ac160002;opensalt.39ea9247-d7cc-11e8-824f-0242ac160002;opensalt.39ea9d10-d7cc-11e8-824f-0242ac160002;opensalt.72540f24-f297-11e8-984a-95f90a16fb6d;opensalt.7a1d1d9a-f297-11e8-a15a-1b04279a4c06;opensalt.7c0330cc-f297-11e8-9f75-93feef868dad;opensalt.7da16fa2-f297-11e8-883e-89b38932c237;opensalt.c5634954-99af-11e9-b29d-cdefaba962fe;opensalt.ETS1;opensalt.2f6f3a26-f7f6-11e8-9db5-0242ac190005;opensalt.NCCTE.2015.TE13;opensalt.b79298fe-b302-11e9-b6bc-0242c0a82003;opensalt.b7b1ffd2-b302-11e9-8ac1-0242c0a82003;opensalt.b7d1bd2c-b302-11e9-96dd-0242c0a82003;opensalt.b7dcbb6e-b302-11e9-9f95-0242c0a82003;opensalt.b8ba9e0c-b302-11e9-bd50-0242c0a82003;lcsh.sh85043209;wd.Q5638464;dbpedia.Design_engineering	http://asn.desire2learn.com/resources/S2601259;http://asn.desire2learn.com/resources/S2601326;http://asn.desire2learn.com/resources/S2601396;http://asn.desire2learn.com/resources/S2601479;http://id.loc.gov/authorities/subjects/sh85043209;https://www.wikidata.org/wiki/Q5638464;http://dbpedia.org/resource/Category:Design_engineering	Engineering Design	Engineering Design	ngss;disciplinary core idea;performance expectations title;lcsh;technology;art	asn	0.0	12.0
ngss.ESS1.A.k2			NGSS ESS1.A grades K–2		ngss;science	ngss	0.0	2.0
ngss.ESS1.A.35			NGSS ESS1.A grades 3–5		ngss;science	ngss	3.0	5.0
ngss.ESS1.A.68			NGSS ESS1.A grades 6–8		ngss;science	ngss	6.0	8.0
ngss.ESS1.A.912			NGSS ESS1.A grades 9–12		ngss;science	ngss	9.0	12.0
ngss.ESS1.B.k2			NGSS ESS1.B grades K–2		ngss;science	ngss	0.0	2.0
ngss.ESS1.B.35			NGSS ESS1.B grades 3–5		ngss;science	ngss	3.0	5.0
ngss.ESS1.B.68			NGSS ESS1.B grades 6–8		ngss;science	ngss	6.0	8.0
ngss.ESS1.B.912			NGSS ESS1.B grades 9–12		ngss;science	ngss	9.0	12.0
ngss.ESS1.C.k2			NGSS ESS1.C grades K–2		ngss;science	ngss	0.0	2.0
ngss.ESS1.C.35			NGSS ESS1.C grades 3–5		ngss;science	ngss	3.0	5.0
ngss.ESS1.C.68			NGSS ESS1.C grades 6–8		ngss;science	ngss	6.0	8.0
ngss.ESS1.C.912			NGSS ESS1.C grades 9–12		ngss;science	ngss	9.0	12.0
ngss.ESS2.A.k2			NGSS ESS2.A grades K–2		ngss;science	ngss	0.0	2.0
ngss.ESS2.A.35			NGSS ESS2.A grades 3–5		ngss;science	ngss	3.0	5.0
ngss.ESS2.A.68			NGSS ESS2.A grades 6–8		ngss;science	ngss	6.0	8.0
ngss.ESS2.A.912			NGSS ESS2.A grades 9–12		ngss;science	ngss	9.0	12.0
ngss.ESS2.B.k2			NGSS ESS2.B grades K–2		ngss;science	ngss	0.0	2.0
ngss.ESS2.B.35			NGSS ESS2.B grades 3–5		ngss;science	ngss	3.0	5.0
ngss.ESS2.B.68			NGSS ESS2.B grades 6–8		ngss;science	ngss	6.0	8.0
ngss.ESS2.B.912			NGSS ESS2.B grades 9–12		ngss;science	ngss	9.0	12.0
ngss.ESS2.C.k2			NGSS ESS2.C grades K–2		ngss;science	ngss	0.0	2.0
ngss.ESS2.C.35			NGSS ESS2.C grades 3–5		ngss;science	ngss	3.0	5.0
ngss.ESS2.C.68			NGSS ESS2.C grades 6–8		ngss;science	ngss	6.0	8.0
ngss.ESS2.C.912			NGSS ESS2.C grades 9–12		ngss;science	ngss	9.0	12.0
ngss.ESS2.D.k2			NGSS ESS2.D grades K–2		ngss;science	ngss	0.0	2.0
ngss.ESS2.D.35			NGSS ESS2.D grades 3–5		ngss;science	ngss	3.0	5.0
ngss.ESS2.D.68			NGSS ESS2.D grades 6–8		ngss;science	ngss	6.0	8.0
ngss.ESS2.D.912			NGSS ESS2.D grades 9–12		ngss;science	ngss	9.0	12.0
ngss.ESS2.E.k2			NGSS ESS2.E grades K–2		ngss;science	ngss	0.0	2.0
ngss.ESS2.E.35			NGSS ESS2.E grades 3–5		ngss;science	ngss	3.0	5.0
ngss.ESS2.E.68			NGSS ESS2.E grades 6–8		ngss;science	ngss	6.0	8.0
ngss.ESS2.E.912			NGSS ESS2.E grades 9–12		ngss;science	ngss	9.0	12.0
ngss.ESS3.A.k2			NGSS ESS3.A grades K–2		ngss;science	ngss	0.0	2.0
ngss.ESS3.A.35			NGSS ESS3.A grades 3–5		ngss;science	ngss	3.0	5.0
ngss.ESS3.A.68			NGSS ESS3.A grades 6–8		ngss;science	ngss	6.0	8.0
ngss.ESS3.A.912			NGSS ESS3.A grades 9–12		ngss;science	ngss	9.0	12.0
ngss.ESS3.B.k2			NGSS ESS3.B grades K–2		ngss;science	ngss	0.0	2.0
ngss.ESS3.B.35			NGSS ESS3.B grades 3–5		ngss;science	ngss	3.0	5.0
ngss.ESS3.B.68			NGSS ESS3.B grades 6–8		ngss;science	ngss	6.0	8.0
ngss.ESS3.B.912			NGSS ESS3.B grades 9–12		ngss;science	ngss	9.0	12.0
ngss.ESS3.C.k2			NGSS ESS3.C grades K–2		ngss;science	ngss	0.0	2.0
ngss.ESS3.C.35			NGSS ESS3.C grades 3–5		ngss;science	ngss	3.0	5.0
ngss.ESS3.C.68			NGSS ESS3.C grades 6–8		ngss;science	ngss	6.0	8.0
ngss.ESS3.C.912			NGSS ESS3.C grades 9–12		ngss;science	ngss	9.0	12.0
ngss.LS4.A.k2			NGSS LS4.A grades K–2		ngss;science	ngss	0.0	2.0
ngss.LS4.A.35			NGSS LS4.A grades 3–5		ngss;science	ngss	3.0	5.0
ngss.LS4.A.68			NGSS LS4.A grades 6–8		ngss;science	ngss	6.0	8.0
ngss.LS4.A.912			NGSS LS4.A grades 9–12		ngss;science	ngss	9.0	12.0
ngss.LS4.D.k2			NGSS LS4.D grades K–2		ngss;science	ngss	0.0	2.0
ngss.LS4.D.35			NGSS LS4.D grades 3–5		ngss;science	ngss	3.0	5.0
ngss.LS4.D.68			NGSS LS4.D grades 6–8		ngss;science	ngss	6.0	8.0
ngss.LS4.D.912			NGSS LS4.D grades 9–12		ngss;science	ngss	9.0	12.0
ngss.ESS3.D.k2			NGSS ESS3.D grades K–2		ngss;science	ngss	0.0	2.0
ngss.ESS3.D.35			NGSS ESS3.D grades 3–5		ngss;science	ngss	3.0	5.0
ngss.ESS3.D.68			NGSS ESS3.D grades 6–8		ngss;science	ngss	6.0	8.0
ngss.ESS3.D.912			NGSS ESS3.D grades 9–12		ngss;science	ngss	9.0	12.0
ngss.LS1.A.k2			NGSS LS1.A grades K–2		ngss;science	ngss	0.0	2.0
ngss.LS1.A.35			NGSS LS1.A grades 3–5		ngss;science	ngss	3.0	5.0
ngss.LS1.A.68			NGSS LS1.A grades 6–8		ngss;science	ngss	6.0	8.0
ngss.LS1.A.912			NGSS LS1.A grades 9–12		ngss;science	ngss	9.0	12.0
ngss.LS1.B.k2			NGSS LS1.B grades K–2		ngss;science	ngss	0.0	2.0
ngss.LS1.B.35			NGSS LS1.B grades 3–5		ngss;science	ngss	3.0	5.0
ngss.LS1.B.68			NGSS LS1.B grades 6–8		ngss;science	ngss	6.0	8.0
ngss.LS1.B.912			NGSS LS1.B grades 9–12		ngss;science	ngss	9.0	12.0
ngss.LS1.C.k2			NGSS LS1.C grades K–2		ngss;science	ngss	0.0	2.0
ngss.LS1.C.35			NGSS LS1.C grades 3–5		ngss;science	ngss	3.0	5.0
ngss.LS1.C.68			NGSS LS1.C grades 6–8		ngss;science	ngss	6.0	8.0
ngss.LS1.C.912			NGSS LS1.C grades 9–12		ngss;science	ngss	9.0	12.0
ngss.LS1.D.k2			NGSS LS1.D grades K–2		ngss;science	ngss	0.0	2.0
ngss.LS1.D.35			NGSS LS1.D grades 3–5		ngss;science	ngss	3.0	5.0
ngss.LS1.D.68			NGSS LS1.D grades 6–8		ngss;science	ngss	6.0	8.0
ngss.LS1.D.912			NGSS LS1.D grades 9–12		ngss;science	ngss	9.0	12.0
ngss.LS2.A.k2			NGSS LS2.A grades K–2		ngss;science	ngss	0.0	2.0
ngss.LS2.A.35			NGSS LS2.A grades 3–5		ngss;science	ngss	3.0	5.0
ngss.LS2.A.68			NGSS LS2.A grades 6–8		ngss;science	ngss	6.0	8.0
ngss.LS2.A.912			NGSS LS2.A grades 9–12		ngss;science	ngss	9.0	12.0
ngss.LS2.B.k2			NGSS LS2.B grades K–2		ngss;science	ngss	0.0	2.0
ngss.LS2.B.35			NGSS LS2.B grades 3–5		ngss;science	ngss	3.0	5.0
ngss.LS2.B.68			NGSS LS2.B grades 6–8		ngss;science	ngss	6.0	8.0
ngss.LS2.B.912			NGSS LS2.B grades 9–12		ngss;science	ngss	9.0	12.0
ngss.LS2.C.k2			NGSS LS2.C grades K–2		ngss;science	ngss	0.0	2.0
ngss.LS2.C.35			NGSS LS2.C grades 3–5		ngss;science	ngss	3.0	5.0
ngss.LS2.C.68			NGSS LS2.C grades 6–8		ngss;science	ngss	6.0	8.0
ngss.LS2.C.912			NGSS LS2.C grades 9–12		ngss;science	ngss	9.0	12.0
ngss.LS2.D.k2			NGSS LS2.D grades K–2		ngss;science	ngss	0.0	2.0
ngss.LS2.D.35			NGSS LS2.D grades 3–5		ngss;science	ngss	3.0	5.0
ngss.LS2.D.68			NGSS LS2.D grades 6–8		ngss;science	ngss	6.0	8.0
ngss.LS2.D.912			NGSS LS2.D grades 9–12		ngss;science	ngss	9.0	12.0
ngss.LS3.A.k2			NGSS LS3.A grades K–2		ngss;science	ngss	0.0	2.0
ngss.LS3.A.35			NGSS LS3.A grades 3–5		ngss;science	ngss	3.0	5.0
ngss.LS3.A.68			NGSS LS3.A grades 6–8		ngss;science	ngss	6.0	8.0
ngss.LS3.A.912			NGSS LS3.A grades 9–12		ngss;science	ngss	9.0	12.0
ngss.LS3.B.k2			NGSS LS3.B grades K–2		ngss;science	ngss	0.0	2.0
ngss.LS3.B.35			NGSS LS3.B grades 3–5		ngss;science	ngss	3.0	5.0
ngss.LS3.B.68			NGSS LS3.B grades 6–8		ngss;science	ngss	6.0	8.0
ngss.LS3.B.912			NGSS LS3.B grades 9–12		ngss;science	ngss	9.0	12.0
ngss.LS4.B.k2			NGSS LS4.B grades K–2		ngss;science	ngss	0.0	2.0
ngss.LS4.B.35			NGSS LS4.B grades 3–5		ngss;science	ngss	3.0	5.0
ngss.LS4.B.68			NGSS LS4.B grades 6–8		ngss;science	ngss	6.0	8.0
ngss.LS4.B.912			NGSS LS4.B grades 9–12		ngss;science	ngss	9.0	12.0
ngss.LS4.C.k2			NGSS LS4.C grades K–2		ngss;science	ngss	0.0	2.0
ngss.LS4.C.35			NGSS LS4.C grades 3–5		ngss;science	ngss	3.0	5.0
ngss.LS4.C.68			NGSS LS4.C grades 6–8		ngss;science	ngss	6.0	8.0
ngss.LS4.C.912			NGSS LS4.C grades 9–12		ngss;science	ngss	9.0	12.0
ngss.PS1.A.k2			NGSS PS1.A grades K–2		ngss;science	ngss	0.0	2.0
ngss.PS1.A.35			NGSS PS1.A grades 3–5		ngss;science	ngss	3.0	5.0
ngss.PS1.A.68			NGSS PS1.A grades 6–8		ngss;science	ngss	6.0	8.0
ngss.PS1.A.912			NGSS PS1.A grades 9–12		ngss;science	ngss	9.0	12.0
ngss.PS1.C.k2			NGSS PS1.C grades K–2		ngss;science	ngss	0.0	2.0
ngss.PS1.C.35			NGSS PS1.C grades 3–5		ngss;science	ngss	3.0	5.0
ngss.PS1.C.68			NGSS PS1.C grades 6–8		ngss;science	ngss	6.0	8.0
ngss.PS1.C.912			NGSS PS1.C grades 9–12		ngss;science	ngss	9.0	12.0
ngss.PS1.B.k2			NGSS PS1.B grades K–2		ngss;science	ngss	0.0	2.0
ngss.PS1.B.35			NGSS PS1.B grades 3–5		ngss;science	ngss	3.0	5.0
ngss.PS1.B.68			NGSS PS1.B grades 6–8		ngss;science	ngss	6.0	8.0
ngss.PS1.B.912			NGSS PS1.B grades 9–12		ngss;science	ngss	9.0	12.0
ngss.PS2.A.k2			NGSS PS2.A grades K–2		ngss;science	ngss	0.0	2.0
ngss.PS2.A.35			NGSS PS2.A grades 3–5		ngss;science	ngss	3.0	5.0
ngss.PS2.A.68			NGSS PS2.A grades 6–8		ngss;science	ngss	6.0	8.0
ngss.PS2.A.912			NGSS PS2.A grades 9–12		ngss;science	ngss	9.0	12.0
ngss.PS2.B.k2			NGSS PS2.B grades K–2		ngss;science	ngss	0.0	2.0
ngss.PS2.B.35			NGSS PS2.B grades 3–5		ngss;science	ngss	3.0	5.0
ngss.PS2.B.68			NGSS PS2.B grades 6–8		ngss;science	ngss	6.0	8.0
ngss.PS2.B.912			NGSS PS2.B grades 9–12		ngss;science	ngss	9.0	12.0
ngss.PS2.C.k2			NGSS PS2.C grades K–2		ngss;science	ngss	0.0	2.0
ngss.PS2.C.35			NGSS PS2.C grades 3–5		ngss;science	ngss	3.0	5.0
ngss.PS2.C.68			NGSS PS2.C grades 6–8		ngss;science	ngss	6.0	8.0
ngss.PS2.C.912			NGSS PS2.C grades 9–12		ngss;science	ngss	9.0	12.0
ngss.PS3.A.k2			NGSS PS3.A grades K–2		ngss;science	ngss	0.0	2.0
ngss.PS3.A.35			NGSS PS3.A grades 3–5		ngss;science	ngss	3.0	5.0
ngss.PS3.A.68			NGSS PS3.A grades 6–8		ngss;science	ngss	6.0	8.0
ngss.PS3.A.912			NGSS PS3.A grades 9–12		ngss;science	ngss	9.0	12.0
ngss.PS3.B.k2			NGSS PS3.B grades K–2		ngss;science	ngss	0.0	2.0
ngss.PS3.B.35			NGSS PS3.B grades 3–5		ngss;science	ngss	3.0	5.0
ngss.PS3.B.68			NGSS PS3.B grades 6–8		ngss;science	ngss	6.0	8.0
ngss.PS3.B.912			NGSS PS3.B grades 9–12		ngss;science	ngss	9.0	12.0
ngss.PS3.D.k2			NGSS PS3.D grades K–2		ngss;science	ngss	0.0	2.0
ngss.PS3.D.35			NGSS PS3.D grades 3–5		ngss;science	ngss	3.0	5.0
ngss.PS3.D.68			NGSS PS3.D grades 6–8		ngss;science	ngss	6.0	8.0
ngss.PS3.D.912			NGSS PS3.D grades 9–12		ngss;science	ngss	9.0	12.0
ngss.PS4.A.k2			NGSS PS4.A grades K–2		ngss;science	ngss	0.0	2.0
ngss.PS4.A.35			NGSS PS4.A grades 3–5		ngss;science	ngss	3.0	5.0
ngss.PS4.A.68			NGSS PS4.A grades 6–8		ngss;science	ngss	6.0	8.0
ngss.PS4.A.912			NGSS PS4.A grades 9–12		ngss;science	ngss	9.0	12.0
ngss.PS4.B.k2			NGSS PS4.B grades K–2		ngss;science	ngss	0.0	2.0
ngss.PS4.B.35			NGSS PS4.B grades 3–5		ngss;science	ngss	3.0	5.0
ngss.PS4.B.68			NGSS PS4.B grades 6–8		ngss;science	ngss	6.0	8.0
ngss.PS4.B.912			NGSS PS4.B grades 9–12		ngss;science	ngss	9.0	12.0
ngss.PS4.C.k2			NGSS PS4.C grades K–2		ngss;science	ngss	0.0	2.0
ngss.PS4.C.35			NGSS PS4.C grades 3–5		ngss;science	ngss	3.0	5.0
ngss.PS4.C.68			NGSS PS4.C grades 6–8		ngss;science	ngss	6.0	8.0
ngss.PS4.C.912			NGSS PS4.C grades 9–12		ngss;science	ngss	9.0	12.0
ngss.PS3.C.k2			NGSS PS3.C grades K–2		ngss;science	ngss	0.0	2.0
ngss.PS3.C.35			NGSS PS3.C grades 3–5		ngss;science	ngss	3.0	5.0
ngss.PS3.C.68			NGSS PS3.C grades 6–8		ngss;science	ngss	6.0	8.0
ngss.PS3.C.912			NGSS PS3.C grades 9–12		ngss;science	ngss	9.0	12.0
fos.social_work	lightcast.KS121FC62SMJJD40TYZ4;KS121FC62SMJJD40TYZ4;dbpedia.Social_work;wd.Q205398;lcsh.sh85118405	https://skills.emsidata.com/skills/KS121FC62SMJJD40TYZ4;http://dbpedia.org/resource/Category:Social_work;https://www.wikidata.org/wiki/Q205398;http://id.loc.gov/authorities/subjects/sh85118405	Social Work		field of study;specialized skill;dbpedia	fos	9.0	12.0
fos.basic_skills	wd.Q4867051;lcsh.sh2008008130	https://www.wikidata.org/wiki/Q4867051;http://id.loc.gov/authorities/subjects/sh2008008130	Basic Skills		field of study	fos	3.0	5.0
fos.media_communications	dbpedia.Communications_and_media_organizations	http://dbpedia.org/resource/Category:Communications_and_media_organizations	Media / Communications		field of study	fos	0.0	12.0
fos.theatre_arts	wd.Q61959057;lcsh.sh85134572	https://www.wikidata.org/wiki/Q61959057;http://id.loc.gov/authorities/subjects/sh85134572	Theatre Arts		field of study;art	fos	0.0	0.0
wd.Q51714514	wd.Q51714514	https://www.wikidata.org/wiki/Q51714514	problem behavior		wikidata	wikidata		
wd.Q30337763	wd.Q30337763	https://www.wikidata.org/wiki/Q30337763	ISQ derived quantity		wikidata	wikidata		
wd.Q2672914	wd.Q2672914	https://www.wikidata.org/wiki/Q2672914	vector quantity		wikidata	wikidata		
wd.Q192276	wd.Q192276	https://www.wikidata.org/wiki/Q192276	measure		wikidata	wikidata		
wd.Q2091629	wd.Q2091629	https://www.wikidata.org/wiki/Q2091629	magnitude		wikidata	wikidata		
wd.Q1041418	wd.Q1041418	https://www.wikidata.org/wiki/Q1041418	semi-supervised learning		wikidata	wikidata		
wd.Q7098942	wd.Q7098942	https://www.wikidata.org/wiki/Q7098942	optimal design		wikidata	wikidata		
wd.Q28324931	wd.Q28324931	https://www.wikidata.org/wiki/Q28324931	incremental learning		wikidata	wikidata		
wd.Q777407	wd.Q777407	https://www.wikidata.org/wiki/Q777407	closed-form expression		wikidata	wikidata		
wd.Q215084	wd.Q215084	https://www.wikidata.org/wiki/Q215084	analytic function		wikidata	wikidata		
wd.Q11567	wd.Q11567	https://www.wikidata.org/wiki/Q11567	complex number		wikidata	wikidata		
wd.Q135457975	wd.Q135457975	https://www.wikidata.org/wiki/Q135457975	computable complex number		wikidata	wikidata		
wd.Q3884033	wd.Q3884033	https://www.wikidata.org/wiki/Q3884033	mathematical operation		wikidata	wikidata		
wd.Q2397106	wd.Q2397106	https://www.wikidata.org/wiki/Q2397106	tauopathy		wikidata	wikidata		
wd.Q438962	wd.Q438962	https://www.wikidata.org/wiki/Q438962	aging-associated disease		wikidata	wikidata		
wd.Q12136	wd.Q12136	https://www.wikidata.org/wiki/Q12136	disease		wikidata	wikidata		
wd.Q1357788	wd.Q1357788	https://www.wikidata.org/wiki/Q1357788	angular measure		wikidata	wikidata		
wd.Q36253	wd.Q36253	https://www.wikidata.org/wiki/Q36253	length		wikidata	wikidata		
wd.Q15921574	wd.Q15921574	https://www.wikidata.org/wiki/Q15921574	plane area		wikidata	wikidata		
wd.Q395	wd.Q395	https://www.wikidata.org/wiki/Q395	mathematics		wikidata	wikidata		
wd.Q3281360	wd.Q3281360	https://www.wikidata.org/wiki/Q3281360	Pythagorean mean		wikidata	wikidata		
wd.Q855729	wd.Q855729	https://www.wikidata.org/wiki/Q855729	generalized mean		wikidata	wikidata		
wd.Q729113	wd.Q729113	https://www.wikidata.org/wiki/Q729113	weighted mean		wikidata	wikidata		
wd.Q583095	wd.Q583095	https://www.wikidata.org/wiki/Q583095	quasi-arithmetic mean		wikidata	wikidata		
wd.Q1949963	wd.Q1949963	https://www.wikidata.org/wiki/Q1949963	statistic		wikidata	wikidata		
wd.Q170198	wd.Q170198	https://www.wikidata.org/wiki/Q170198	series		wikidata	wikidata		
wd.Q9415	wd.Q9415	https://www.wikidata.org/wiki/Q9415	emotion		wikidata	wikidata		
wd.Q14859560	wd.Q14859560	https://www.wikidata.org/wiki/Q14859560	response to stimulus		wikidata	wikidata		
wd.Q133500	wd.Q133500	https://www.wikidata.org/wiki/Q133500	learning		wikidata	wikidata		
wd.Q14632398	wd.Q14632398	https://www.wikidata.org/wiki/Q14632398	physical science		wikidata	wikidata		
wd.Q475023	wd.Q475023	https://www.wikidata.org/wiki/Q475023	exact science		wikidata	wikidata		
wd.Q7991	wd.Q7991	https://www.wikidata.org/wiki/Q7991	natural science		wikidata	wikidata		
wd.Q336	wd.Q336	https://www.wikidata.org/wiki/Q336	science		wikidata	wikidata		
wd.Q3769299	wd.Q3769299	https://www.wikidata.org/wiki/Q3769299	human behavior		wikidata	wikidata		
wd.Q1183543	wd.Q1183543	https://www.wikidata.org/wiki/Q1183543	appliance		wikidata	wikidata		
wd.Q811979	wd.Q811979	https://www.wikidata.org/wiki/Q811979	architectural structure		wikidata	wikidata		
wd.Q13226383	wd.Q13226383	https://www.wikidata.org/wiki/Q13226383	facility		wikidata	wikidata		
wd.Q180160	wd.Q180160	https://www.wikidata.org/wiki/Q180160	metadata		wikidata	wikidata		
wd.Q3711325	wd.Q3711325	https://www.wikidata.org/wiki/Q3711325	speed		wikidata	wikidata		
wd.Q4544940	wd.Q4544940	https://www.wikidata.org/wiki/Q4544940	(a,b)-tree		wikidata	wikidata		
wd.Q621673	wd.Q621673	https://www.wikidata.org/wiki/Q621673	search tree		wikidata	wikidata		
wd.Q29791656	wd.Q29791656	https://www.wikidata.org/wiki/Q29791656	balanced tree		wikidata	wikidata		
wd.Q29793859	wd.Q29793859	https://www.wikidata.org/wiki/Q29793859	BV-tree		wikidata	wikidata		
wd.Q175263	wd.Q175263	https://www.wikidata.org/wiki/Q175263	data structure		wikidata	wikidata		
wd.Q205961	wd.Q205961	https://www.wikidata.org/wiki/Q205961	skill		wikidata	wikidata		
wd.Q42240	wd.Q42240	https://www.wikidata.org/wiki/Q42240	research		wikidata	wikidata		
wd.Q622825	wd.Q622825	https://www.wikidata.org/wiki/Q622825	cluster analysis		wikidata	wikidata		
wd.Q11197	wd.Q11197	https://www.wikidata.org/wiki/Q11197	logarithm		wikidata	wikidata		
wd.Q864135	wd.Q864135	https://www.wikidata.org/wiki/Q864135	binary code		wikidata	wikidata		
wd.Q9465	wd.Q9465	https://www.wikidata.org/wiki/Q9465	ethics		wikidata	wikidata		
wd.Q538733	wd.Q538733	https://www.wikidata.org/wiki/Q538733	applied ethics		wikidata	wikidata		
wd.Q864928	wd.Q864928	https://www.wikidata.org/wiki/Q864928	life sciences		wikidata	wikidata		
wd.Q11190	wd.Q11190	https://www.wikidata.org/wiki/Q11190	medicine		wikidata	wikidata		
wd.Q25931602	wd.Q25931602	https://www.wikidata.org/wiki/Q25931602	bifurcation		wikidata	wikidata		
wd.Q181175	wd.Q181175	https://www.wikidata.org/wiki/Q181175	scalar quantity		wikidata	wikidata		
wd.Q11653	wd.Q11653	https://www.wikidata.org/wiki/Q11653	electronic component		wikidata	wikidata		
wd.Q6867168	wd.Q6867168	https://www.wikidata.org/wiki/Q6867168	passive electronic component		wikidata	wikidata		
wd.Q233003	wd.Q233003	https://www.wikidata.org/wiki/Q233003	one-port circuit		wikidata	wikidata		
wd.Q2588831	wd.Q2588831	https://www.wikidata.org/wiki/Q2588831	orthogonal coordinate system		wikidata	wikidata		
wd.Q91321041	wd.Q91321041	https://www.wikidata.org/wiki/Q91321041	rectilinear coordinate system		wikidata	wikidata		
wd.Q7562539	wd.Q7562539	https://www.wikidata.org/wiki/Q7562539	facial paralysis		wikidata	wikidata		
wd.Q28873709	wd.Q28873709	https://www.wikidata.org/wiki/Q28873709	descriptive statistic		wikidata	wikidata		
wd.Q176737	wd.Q176737	https://www.wikidata.org/wiki/Q176737	stochastic process		wikidata	wikidata		
wd.Q1361088	wd.Q1361088	https://www.wikidata.org/wiki/Q1361088	matrix decomposition		wikidata	wikidata		
wd.Q7623978	wd.Q7623978	https://www.wikidata.org/wiki/Q7623978	string graph		wikidata	wikidata		
wd.Q7226422	wd.Q7226422	https://www.wikidata.org/wiki/Q7226422	polygon-circle graph		wikidata	wikidata		
wd.Q96415513	wd.Q96415513	https://www.wikidata.org/wiki/Q96415513	word-representable graph		wikidata	wikidata		
wd.Q2995427	wd.Q2995427	https://www.wikidata.org/wiki/Q2995427	rotation around a fixed axis		wikidata	wikidata		
wd.Q4365210	wd.Q4365210	https://www.wikidata.org/wiki/Q4365210	plane figure		wikidata	wikidata		
wd.Q63344712	wd.Q63344712	https://www.wikidata.org/wiki/Q63344712	geometric property		wikidata	wikidata		
wd.Q8366	wd.Q8366	https://www.wikidata.org/wiki/Q8366	algorithm		wikidata	wikidata		
wd.Q11348	wd.Q11348	https://www.wikidata.org/wiki/Q11348	function		wikidata	wikidata		
wd.Q1151067	wd.Q1151067	https://www.wikidata.org/wiki/Q1151067	rule		wikidata	wikidata		
wd.Q16262180	wd.Q16262180	https://www.wikidata.org/wiki/Q16262180	behavior therapy		wikidata	wikidata		
wd.Q199906	wd.Q199906	https://www.wikidata.org/wiki/Q199906	clinical psychology		wikidata	wikidata		
wd.Q3919817	wd.Q3919817	https://www.wikidata.org/wiki/Q3919817	behavioral sciences		wikidata	wikidata		
wd.Q2354820	wd.Q2354820	https://www.wikidata.org/wiki/Q2354820	evidence-based practice		wikidata	wikidata		
wd.Q147638	wd.Q147638	https://www.wikidata.org/wiki/Q147638	cognitive science		wikidata	wikidata		
wd.Q14912053	wd.Q14912053	https://www.wikidata.org/wiki/Q14912053	nervous system process		wikidata	wikidata		
wd.Q1190554	wd.Q1190554	https://www.wikidata.org/wiki/Q1190554	occurrence		wikidata	wikidata		
wd.Q52948	wd.Q52948	https://www.wikidata.org/wiki/Q52948	interaction		wikidata	wikidata		
wd.Q1439691	wd.Q1439691	https://www.wikidata.org/wiki/Q1439691	photographic technique		wikidata	wikidata		
wd.Q1001378	wd.Q1001378	https://www.wikidata.org/wiki/Q1001378	cinematic technique		wikidata	wikidata		
wd.Q18247357	wd.Q18247357	https://www.wikidata.org/wiki/Q18247357	group of structures or buildings		wikidata	wikidata		
wd.Q618123	wd.Q618123	https://www.wikidata.org/wiki/Q618123	geographical feature		wikidata	wikidata		
wd.Q17285	wd.Q17285	https://www.wikidata.org/wiki/Q17285	plane		wikidata	wikidata		
wd.Q816264	wd.Q816264	https://www.wikidata.org/wiki/Q816264	formal science		wikidata	wikidata		
wd.Q8187769	wd.Q8187769	https://www.wikidata.org/wiki/Q8187769	economic activity		wikidata	wikidata		
wd.Q11402	wd.Q11402	https://www.wikidata.org/wiki/Q11402	force		wikidata	wikidata		
wd.Q116457584	wd.Q116457584	https://www.wikidata.org/wiki/Q116457584	piecewise continuous function		wikidata	wikidata		
wd.Q7836899	wd.Q7836899	https://www.wikidata.org/wiki/Q7836899	group in an experiment		wikidata	wikidata		
wd.Q4330518	wd.Q4330518	https://www.wikidata.org/wiki/Q4330518	object of study		wikidata	wikidata		
wd.Q782746	wd.Q782746	https://www.wikidata.org/wiki/Q782746	simple polygon		wikidata	wikidata		
wd.Q4129097	wd.Q4129097	https://www.wikidata.org/wiki/Q4129097	convex polytope		wikidata	wikidata		
wd.Q4925424	wd.Q4925424	https://www.wikidata.org/wiki/Q4925424	monotone polygon		wikidata	wikidata		
wd.Q2122886	wd.Q2122886	https://www.wikidata.org/wiki/Q2122886	star-shaped polygon		wikidata	wikidata		
wd.Q1914636	wd.Q1914636	https://www.wikidata.org/wiki/Q1914636	activity		wikidata	wikidata		
wd.Q930933	wd.Q930933	https://www.wikidata.org/wiki/Q930933	relation		wikidata	wikidata		
wd.Q11588306	wd.Q11588306	https://www.wikidata.org/wiki/Q11588306	social services		wikidata	wikidata		
wd.Q11024	wd.Q11024	https://www.wikidata.org/wiki/Q11024	communication		wikidata	wikidata		
wd.Q9353606	wd.Q9353606	https://www.wikidata.org/wiki/Q9353606	health service		wikidata	wikidata		
wd.Q335632	wd.Q335632	https://www.wikidata.org/wiki/Q335632	mathematical finance		wikidata	wikidata		
wd.Q1143546	wd.Q1143546	https://www.wikidata.org/wiki/Q1143546	cultural studies		wikidata	wikidata		
wd.Q208920	wd.Q208920	https://www.wikidata.org/wiki/Q208920	one-dimensional space		wikidata	wikidata		
wd.Q211548	wd.Q211548	https://www.wikidata.org/wiki/Q211548	locus		wikidata	wikidata		
wd.Q1228250	wd.Q1228250	https://www.wikidata.org/wiki/Q1228250	line		wikidata	wikidata		
wd.Q207961	wd.Q207961	https://www.wikidata.org/wiki/Q207961	shape		wikidata	wikidata		
wd.Q36810	wd.Q36810	https://www.wikidata.org/wiki/Q36810	quadrilateral		wikidata	wikidata		
wd.Q1713493	wd.Q1713493	https://www.wikidata.org/wiki/Q1713493	cyclic polygon		wikidata	wikidata		
wd.Q208165	wd.Q208165	https://www.wikidata.org/wiki/Q208165	collecting		wikidata	wikidata		
wd.Q12772819	wd.Q12772819	https://www.wikidata.org/wiki/Q12772819	discovery		wikidata	wikidata		
wd.Q70708084	wd.Q70708084	https://www.wikidata.org/wiki/Q70708084	text and data mining		wikidata	wikidata		
wd.Q28410576	wd.Q28410576	https://www.wikidata.org/wiki/Q28410576	decatope		wikidata	wikidata		
wd.Q1156402	wd.Q1156402	https://www.wikidata.org/wiki/Q1156402	reasoning		wikidata	wikidata		
wd.Q408386	wd.Q408386	https://www.wikidata.org/wiki/Q408386	inference		wikidata	wikidata		
wd.Q1405524	wd.Q1405524	https://www.wikidata.org/wiki/Q1405524	self-control		wikidata	wikidata		
wd.Q41176	wd.Q41176	https://www.wikidata.org/wiki/Q41176	building		wikidata	wikidata		
wd.Q1937869	wd.Q1937869	https://www.wikidata.org/wiki/Q1937869	orientation		wikidata	wikidata		
wd.Q137924178	wd.Q137924178	https://www.wikidata.org/wiki/Q137924178	rate of change		wikidata	wikidata		
wd.Q79529	wd.Q79529	https://www.wikidata.org/wiki/Q79529	chemical substance		wikidata	wikidata		
wd.Q1971429	wd.Q1971429	https://www.wikidata.org/wiki/Q1971429	algebraic identity		wikidata	wikidata		
wd.Q21143089	wd.Q21143089	https://www.wikidata.org/wiki/Q21143089	cellular developmental process		wikidata	wikidata		
wd.Q1293220	wd.Q1293220	https://www.wikidata.org/wiki/Q1293220	physical phenomenon		wikidata	wikidata		
wd.Q18207554	wd.Q18207554	https://www.wikidata.org/wiki/Q18207554	grouped Dirichlet distribution		wikidata	wikidata		
wd.Q5532435	wd.Q5532435	https://www.wikidata.org/wiki/Q5532435	generalized Dirichlet distribution		wikidata	wikidata		
wd.Q200726	wd.Q200726	https://www.wikidata.org/wiki/Q200726	probability distribution		wikidata	wikidata		
wd.Q2867	wd.Q2867	https://www.wikidata.org/wiki/Q2867	wavelet transform		wikidata	wikidata		
wd.Q467756	wd.Q467756	https://www.wikidata.org/wiki/Q467756	Stokes' theorem		wikidata	wikidata		
wd.Q114965488	wd.Q114965488	https://www.wikidata.org/wiki/Q114965488	nonzero integer		wikidata	wikidata		
wd.Q1318370	wd.Q1318370	https://www.wikidata.org/wiki/Q1318370	term		wikidata	wikidata		
wd.Q54640195	wd.Q54640195	https://www.wikidata.org/wiki/Q54640195	factor		wikidata	wikidata		
wd.Q28410618	wd.Q28410618	https://www.wikidata.org/wiki/Q28410618	dodecatope		wikidata	wikidata		
wd.Q861641	wd.Q861641	https://www.wikidata.org/wiki/Q861641	educational sciences		wikidata	wikidata		
wd.Q188211	wd.Q188211	https://www.wikidata.org/wiki/Q188211	invariant		wikidata	wikidata		
wd.Q3704751	wd.Q3704751	https://www.wikidata.org/wiki/Q3704751	elastic and plastic deformations		wikidata	wikidata		
wd.Q117865208	wd.Q117865208	https://www.wikidata.org/wiki/Q117865208	additive quantity		wikidata	wikidata		
wd.Q73792	wd.Q73792	https://www.wikidata.org/wiki/Q73792	charge		wikidata	wikidata		
wd.Q56298508	wd.Q56298508	https://www.wikidata.org/wiki/Q56298508	current		wikidata	wikidata		
wd.Q12725	wd.Q12725	https://www.wikidata.org/wiki/Q12725	electricity		wikidata	wikidata		
wd.Q185674	wd.Q185674	https://www.wikidata.org/wiki/Q185674	field		wikidata	wikidata		
wd.Q19727292	wd.Q19727292	https://www.wikidata.org/wiki/Q19727292	electric potential (electrodynamics)		wikidata	wikidata		
wd.Q1856609	wd.Q1856609	https://www.wikidata.org/wiki/Q1856609	scalar potential		wikidata	wikidata		
wd.Q3725244	wd.Q3725244	https://www.wikidata.org/wiki/Q3725244	electromagnetic energy		wikidata	wikidata		
wd.Q26717101	wd.Q26717101	https://www.wikidata.org/wiki/Q26717101	conductor		wikidata	wikidata		
wd.Q12969754	wd.Q12969754	https://www.wikidata.org/wiki/Q12969754	electromagnetic radiation		wikidata	wikidata		
wd.Q192768	wd.Q192768	https://www.wikidata.org/wiki/Q192768	paraboloid		wikidata	wikidata		
wd.Q30092280	wd.Q30092280	https://www.wikidata.org/wiki/Q30092280	non-degenerate quadric surface		wikidata	wikidata		
wd.Q124752211	wd.Q124752211	https://www.wikidata.org/wiki/Q124752211	expression		wikidata	wikidata		
wd.Q2990593	wd.Q2990593	https://www.wikidata.org/wiki/Q2990593	animal behavior		wikidata	wikidata		
wd.Q218005	wd.Q218005	https://www.wikidata.org/wiki/Q218005	sum		wikidata	wikidata		
wd.Q3386703	wd.Q3386703	https://www.wikidata.org/wiki/Q3386703	extensive quantity		wikidata	wikidata		
wd.Q813912	wd.Q813912	https://www.wikidata.org/wiki/Q813912	condition		wikidata	wikidata		
wd.Q11023	wd.Q11023	https://www.wikidata.org/wiki/Q11023	engineering		wikidata	wikidata		
wd.Q2539	wd.Q2539	https://www.wikidata.org/wiki/Q2539	machine learning		wikidata	wikidata		
wd.Q1166625	wd.Q1166625	https://www.wikidata.org/wiki/Q1166625	mathematical problem		wikidata	wikidata		
wd.Q730920	wd.Q730920	https://www.wikidata.org/wiki/Q730920	problem solving		wikidata	wikidata		
wd.Q11214	wd.Q11214	https://www.wikidata.org/wiki/Q11214	differential equation		wikidata	wikidata		
wd.Q97150652	wd.Q97150652	https://www.wikidata.org/wiki/Q97150652	regular convex polygon		wikidata	wikidata		
wd.Q331350	wd.Q331350	https://www.wikidata.org/wiki/Q331350	simplex		wikidata	wikidata		
wd.Q268132	wd.Q268132	https://www.wikidata.org/wiki/Q268132	constructible polygon		wikidata	wikidata		
wd.Q428388	wd.Q428388	https://www.wikidata.org/wiki/Q428388	equilateral polygon		wikidata	wikidata		
wd.Q2543717	wd.Q2543717	https://www.wikidata.org/wiki/Q2543717	equiangular polygon		wikidata	wikidata		
wd.Q3998560	wd.Q3998560	https://www.wikidata.org/wiki/Q3998560	acute triangle		wikidata	wikidata		
wd.Q37112258	wd.Q37112258	https://www.wikidata.org/wiki/Q37112258	finding		wikidata	wikidata		
wd.Q2695280	wd.Q2695280	https://www.wikidata.org/wiki/Q2695280	technique		wikidata	wikidata		
wd.Q20920559	wd.Q20920559	https://www.wikidata.org/wiki/Q20920559	procedure		wikidata	wikidata		
wd.Q130249724	wd.Q130249724	https://www.wikidata.org/wiki/Q130249724	geometric structure		wikidata	wikidata		
wd.Q13471665	wd.Q13471665	https://www.wikidata.org/wiki/Q13471665	vector		wikidata	wikidata		
wd.Q9073584	wd.Q9073584	https://www.wikidata.org/wiki/Q9073584	increase		wikidata	wikidata		
wd.Q164307	wd.Q164307	https://www.wikidata.org/wiki/Q164307	binary operation		wikidata	wikidata		
wd.Q29604895	wd.Q29604895	https://www.wikidata.org/wiki/Q29604895	superhuman quality		wikidata	wikidata		
wd.Q106249934	wd.Q106249934	https://www.wikidata.org/wiki/Q106249934	psychic ability		wikidata	wikidata		
wd.Q483677	wd.Q483677	https://www.wikidata.org/wiki/Q483677	pseudoscience		wikidata	wikidata		
wd.Q180454	wd.Q180454	https://www.wikidata.org/wiki/Q180454	cranial nervi		wikidata	wikidata		
wd.Q112826975	wd.Q112826975	https://www.wikidata.org/wiki/Q112826975	particular anatomical entity		wikidata	wikidata		
wd.Q3182649	wd.Q3182649	https://www.wikidata.org/wiki/Q3182649	separation		wikidata	wikidata		
wd.Q29485	wd.Q29485	https://www.wikidata.org/wiki/Q29485	error		wikidata	wikidata		
wd.Q79984	wd.Q79984	https://www.wikidata.org/wiki/Q79984	Ethernet		wikidata	wikidata		
wd.Q48277	wd.Q48277	https://www.wikidata.org/wiki/Q48277	gender		wikidata	wikidata		
wd.Q735	wd.Q735	https://www.wikidata.org/wiki/Q735	art		wikidata	wikidata		
wd.Q838948	wd.Q838948	https://www.wikidata.org/wiki/Q838948	work of art		wikidata	wikidata		
wd.Q7069659	wd.Q7069659	https://www.wikidata.org/wiki/Q7069659	numerical method for partial differential equations		wikidata	wikidata		
wd.Q18327519	wd.Q18327519	https://www.wikidata.org/wiki/Q18327519	numerical methods in continuum mechanics		wikidata	wikidata		
wd.Q4503723	wd.Q4503723	https://www.wikidata.org/wiki/Q4503723	objective function		wikidata	wikidata		
wd.Q187939	wd.Q187939	https://www.wikidata.org/wiki/Q187939	industrial manufacturing		wikidata	wikidata		
wd.Q495304	wd.Q495304	https://www.wikidata.org/wiki/Q495304	forensic science		wikidata	wikidata		
wd.Q1140046	wd.Q1140046	https://www.wikidata.org/wiki/Q1140046	mathematical notation		wikidata	wikidata		
wd.Q6498784	wd.Q6498784	https://www.wikidata.org/wiki/Q6498784	mathematical expression		wikidata	wikidata		
wd.Q3622126	wd.Q3622126	https://www.wikidata.org/wiki/Q3622126	conceptual system		wikidata	wikidata		
wd.Q12558574	wd.Q12558574	https://www.wikidata.org/wiki/Q12558574	point of view		wikidata	wikidata		
wd.Q2623243	wd.Q2623243	https://www.wikidata.org/wiki/Q2623243	conceptual model		wikidata	wikidata		
wd.Q33104303	wd.Q33104303	https://www.wikidata.org/wiki/Q33104303	concept in physics		wikidata	wikidata		
wd.Q376908	wd.Q376908	https://www.wikidata.org/wiki/Q376908	uniformly accelerated motion		wikidata	wikidata		
wd.Q11620540	wd.Q11620540	https://www.wikidata.org/wiki/Q11620540	fall		wikidata	wikidata		
wd.Q1004354	wd.Q1004354	https://www.wikidata.org/wiki/Q1004354	functional neuroimaging		wikidata	wikidata		
wd.Q161238	wd.Q161238	https://www.wikidata.org/wiki/Q161238	magnetic resonance imaging		wikidata	wikidata		
wd.Q193211	wd.Q193211	https://www.wikidata.org/wiki/Q193211	cyst		wikidata	wikidata		
wd.Q7857491	wd.Q7857491	https://www.wikidata.org/wiki/Q7857491	Tweedie distribution		wikidata	wikidata		
wd.Q576072	wd.Q576072	https://www.wikidata.org/wiki/Q576072	Student's t-distribution		wikidata	wikidata		
wd.Q1149000	wd.Q1149000	https://www.wikidata.org/wiki/Q1149000	multivariate normal distribution		wikidata	wikidata		
wd.Q1188504	wd.Q1188504	https://www.wikidata.org/wiki/Q1188504	exponential family		wikidata	wikidata		
wd.Q3258551	wd.Q3258551	https://www.wikidata.org/wiki/Q3258551	skew normal distribution		wikidata	wikidata		
wd.Q1934245	wd.Q1934245	https://www.wikidata.org/wiki/Q1934245	stable distribution		wikidata	wikidata		
wd.Q1660125	wd.Q1660125	https://www.wikidata.org/wiki/Q1660125	contaminated normal distribution		wikidata	wikidata		
wd.Q7893853	wd.Q7893853	https://www.wikidata.org/wiki/Q7893853	univariate probability distribution		wikidata	wikidata		
wd.Q917918	wd.Q917918	https://www.wikidata.org/wiki/Q917918	continuous probability distribution		wikidata	wikidata		
wd.Q31602970	wd.Q31602970	https://www.wikidata.org/wiki/Q31602970	arithmetico-geometric sequence		wikidata	wikidata		
wd.Q23835453	wd.Q23835453	https://www.wikidata.org/wiki/Q23835453	constant-recursive sequence		wikidata	wikidata		
wd.Q130344267	wd.Q130344267	https://www.wikidata.org/wiki/Q130344267	positive-semidefinite matrix		wikidata	wikidata		
wd.Q10892988	wd.Q10892988	https://www.wikidata.org/wiki/Q10892988	common divisor		wikidata	wikidata		
wd.Q30897648	wd.Q30897648	https://www.wikidata.org/wiki/Q30897648	psychopathological symptom		wikidata	wikidata		
wd.Q2956685	wd.Q2956685	https://www.wikidata.org/wiki/Q2956685	disruption		wikidata	wikidata		
wd.Q11999558	wd.Q11999558	https://www.wikidata.org/wiki/Q11999558	perceptual distortion		wikidata	wikidata		
wd.Q31836626	wd.Q31836626	https://www.wikidata.org/wiki/Q31836626	general symptom		wikidata	wikidata		
wd.Q1409260	wd.Q1409260	https://www.wikidata.org/wiki/Q1409260	contents of individual glycerides		wikidata	wikidata		
wd.Q3387041	wd.Q3387041	https://www.wikidata.org/wiki/Q3387041	intensive quantity		wikidata	wikidata		
wd.Q45090926	wd.Q45090926	https://www.wikidata.org/wiki/Q45090926	hearing device		wikidata	wikidata		
wd.Q2608695	wd.Q2608695	https://www.wikidata.org/wiki/Q2608695	movement disorders		wikidata	wikidata		
wd.Q55780592	wd.Q55780592	https://www.wikidata.org/wiki/Q55780592	facial spasm		wikidata	wikidata		
wd.Q28410615	wd.Q28410615	https://www.wikidata.org/wiki/Q28410615	hendecatope		wikidata	wikidata		
wd.Q55919789	wd.Q55919789	https://www.wikidata.org/wiki/Q55919789	tendency		wikidata	wikidata		
wd.Q186290	wd.Q186290	https://www.wikidata.org/wiki/Q186290	correlation		wikidata	wikidata		
wd.Q15847164	wd.Q15847164	https://www.wikidata.org/wiki/Q15847164	self-adjoint matrix		wikidata	wikidata		
wd.Q3427422	wd.Q3427422	https://www.wikidata.org/wiki/Q3427422	statistical graphics		wikidata	wikidata		
wd.Q1124595	wd.Q1124595	https://www.wikidata.org/wiki/Q1124595	bar chart		wikidata	wikidata		
wd.Q43260	wd.Q43260	https://www.wikidata.org/wiki/Q43260	polynomial		wikidata	wikidata		
wd.Q177646	wd.Q177646	https://www.wikidata.org/wiki/Q177646	subset		wikidata	wikidata		
wd.Q91328142	wd.Q91328142	https://www.wikidata.org/wiki/Q91328142	subspace		wikidata	wikidata		
wd.Q690194	wd.Q690194	https://www.wikidata.org/wiki/Q690194	suggestion		wikidata	wikidata		
wd.Q3249551	wd.Q3249551	https://www.wikidata.org/wiki/Q3249551	process		wikidata	wikidata		
wd.Q379825	wd.Q379825	https://www.wikidata.org/wiki/Q379825	element		wikidata	wikidata		
wd.Q3751720	wd.Q3751720	https://www.wikidata.org/wiki/Q3751720	idempotent matrix		wikidata	wikidata		
wd.Q4921154	wd.Q4921154	https://www.wikidata.org/wiki/Q4921154	signature matrix		wikidata	wikidata		
wd.Q7104936	wd.Q7104936	https://www.wikidata.org/wiki/Q7104936	orthostochastic matrix		wikidata	wikidata		
wd.Q3848436	wd.Q3848436	https://www.wikidata.org/wiki/Q3848436	alternating sign matrix		wikidata	wikidata		
wd.Q7887041	wd.Q7887041	https://www.wikidata.org/wiki/Q7887041	unistochastic matrix		wikidata	wikidata		
wd.Q6586607	wd.Q6586607	https://www.wikidata.org/wiki/Q6586607	scalar matrix		wikidata	wikidata		
wd.Q9332	wd.Q9332	https://www.wikidata.org/wiki/Q9332	behavior		wikidata	wikidata		
wd.Q1156791	wd.Q1156791	https://www.wikidata.org/wiki/Q1156791	copying		wikidata	wikidata		
wd.Q121757905	wd.Q121757905	https://www.wikidata.org/wiki/Q121757905	deceptive communication technique		wikidata	wikidata		
wd.Q12453	wd.Q12453	https://www.wikidata.org/wiki/Q12453	measurement		wikidata	wikidata		
wd.Q1318586	wd.Q1318586	https://www.wikidata.org/wiki/Q1318586	locally integrable function		wikidata	wikidata		
wd.Q5270338	wd.Q5270338	https://www.wikidata.org/wiki/Q5270338	diagnostic coding system		wikidata	wikidata		
wd.Q15836568	wd.Q15836568	https://www.wikidata.org/wiki/Q15836568	computer network protocol		wikidata	wikidata		
wd.Q269415	wd.Q269415	https://www.wikidata.org/wiki/Q269415	digital distribution		wikidata	wikidata		
wd.Q2001305	wd.Q2001305	https://www.wikidata.org/wiki/Q2001305	television channel		wikidata	wikidata		
wd.Q220499	wd.Q220499	https://www.wikidata.org/wiki/Q220499	streaming media		wikidata	wikidata		
wd.Q289	wd.Q289	https://www.wikidata.org/wiki/Q289	television		wikidata	wikidata		
wd.Q602884	wd.Q602884	https://www.wikidata.org/wiki/Q602884	social phenomenon		wikidata	wikidata		
wd.Q853725	wd.Q853725	https://www.wikidata.org/wiki/Q853725	social relation		wikidata	wikidata		
wd.Q1165839	wd.Q1165839	https://www.wikidata.org/wiki/Q1165839	range		wikidata	wikidata		
wd.Q7017933	wd.Q7017933	https://www.wikidata.org/wiki/Q7017933	inverse		wikidata	wikidata		
wd.Q122350815	wd.Q122350815	https://www.wikidata.org/wiki/Q122350815	inverse morphism		wikidata	wikidata		
wd.Q19821	wd.Q19821	https://www.wikidata.org/wiki/Q19821	triangle		wikidata	wikidata		
wd.Q622645	wd.Q622645	https://www.wikidata.org/wiki/Q622645	attitude		wikidata	wikidata		
wd.Q3072260	wd.Q3072260	https://www.wikidata.org/wiki/Q3072260	filter		wikidata	wikidata		
wd.Q1130160	wd.Q1130160	https://www.wikidata.org/wiki/Q1130160	estimator		wikidata	wikidata		
wd.Q7921	wd.Q7921	https://www.wikidata.org/wiki/Q7921	didactic method		wikidata	wikidata		
wd.Q185451	wd.Q185451	https://www.wikidata.org/wiki/Q185451	strategy		wikidata	wikidata		
wd.Q10843872	wd.Q10843872	https://www.wikidata.org/wiki/Q10843872	process		wikidata	wikidata		
wd.Q1055293	wd.Q1055293	https://www.wikidata.org/wiki/Q1055293	multiple		wikidata	wikidata		
wd.Q10855396	wd.Q10855396	https://www.wikidata.org/wiki/Q10855396	common multiple		wikidata	wikidata		
wd.Q1052437	wd.Q1052437	https://www.wikidata.org/wiki/Q1052437	polynomial sequence		wikidata	wikidata		
wd.Q619458	wd.Q619458	https://www.wikidata.org/wiki/Q619458	orthogonal polynomials		wikidata	wikidata		
wd.Q1498246	wd.Q1498246	https://www.wikidata.org/wiki/Q1498246	Gegenbauer polynomials		wikidata	wikidata		
wd.Q394	wd.Q394	https://www.wikidata.org/wiki/Q394	metrology		wikidata	wikidata		
wd.Q5962346	wd.Q5962346	https://www.wikidata.org/wiki/Q5962346	classification scheme		wikidata	wikidata		
wd.Q177239	wd.Q177239	https://www.wikidata.org/wiki/Q177239	limit		wikidata	wikidata		
wd.Q59715267	wd.Q59715267	https://www.wikidata.org/wiki/Q59715267	function value		wikidata	wikidata		
wd.Q85329031	wd.Q85329031	https://www.wikidata.org/wiki/Q85329031	dion		wikidata	wikidata		
wd.Q147572	wd.Q147572	https://www.wikidata.org/wiki/Q147572	arc		wikidata	wikidata		
wd.Q28113351	wd.Q28113351	https://www.wikidata.org/wiki/Q28113351	inequality		wikidata	wikidata		
wd.Q6553330	wd.Q6553330	https://www.wikidata.org/wiki/Q6553330	line segment intersection		wikidata	wikidata		
wd.Q6770925	wd.Q6770925	https://www.wikidata.org/wiki/Q6770925	Marketing science		wikidata	wikidata		
wd.Q486902	wd.Q486902	https://www.wikidata.org/wiki/Q486902	mathematical model		wikidata	wikidata		
wd.Q2221775	wd.Q2221775	https://www.wikidata.org/wiki/Q2221775	Markov process		wikidata	wikidata		
wd.Q122766414	wd.Q122766414	https://www.wikidata.org/wiki/Q122766414	formalized reasoning		wikidata	wikidata		
wd.Q186619	wd.Q186619	https://www.wikidata.org/wiki/Q186619	argument		wikidata	wikidata		
wd.Q28874898	wd.Q28874898	https://www.wikidata.org/wiki/Q28874898	matrix operation		wikidata	wikidata		
wd.Q32043	wd.Q32043	https://www.wikidata.org/wiki/Q32043	addition		wikidata	wikidata		
wd.Q2030545	wd.Q2030545	https://www.wikidata.org/wiki/Q2030545	algebra over a ring		wikidata	wikidata		
wd.Q44337	wd.Q44337	https://www.wikidata.org/wiki/Q44337	matrix		wikidata	wikidata		
wd.Q577705	wd.Q577705	https://www.wikidata.org/wiki/Q577705	critical point		wikidata	wikidata		
wd.Q88321276	wd.Q88321276	https://www.wikidata.org/wiki/Q88321276	determination method		wikidata	wikidata		
wd.Q1200750	wd.Q1200750	https://www.wikidata.org/wiki/Q1200750	description		wikidata	wikidata		
wd.Q451967	wd.Q451967	https://www.wikidata.org/wiki/Q451967	intentional human activity		wikidata	wikidata		
wd.Q3505845	wd.Q3505845	https://www.wikidata.org/wiki/Q3505845	state		wikidata	wikidata		
wd.Q12047512	wd.Q12047512	https://www.wikidata.org/wiki/Q12047512	psychological phenomenon		wikidata	wikidata		
wd.Q44946	wd.Q44946	https://www.wikidata.org/wiki/Q44946	point		wikidata	wikidata		
wd.Q43054	wd.Q43054	https://www.wikidata.org/wiki/Q43054	neuron		wikidata	wikidata		
wd.Q478798	wd.Q478798	https://www.wikidata.org/wiki/Q478798	image		wikidata	wikidata		
wd.Q42848	wd.Q42848	https://www.wikidata.org/wiki/Q42848	data		wikidata	wikidata		
wd.Q1331926	wd.Q1331926	https://www.wikidata.org/wiki/Q1331926	decision making		wikidata	wikidata		
wd.Q189760	wd.Q189760	https://www.wikidata.org/wiki/Q189760	voting		wikidata	wikidata		
wd.Q22445448	wd.Q22445448	https://www.wikidata.org/wiki/Q22445448	request		wikidata	wikidata		
wd.Q3918409	wd.Q3918409	https://www.wikidata.org/wiki/Q3918409	proposal		wikidata	wikidata		
wd.Q7002430	wd.Q7002430	https://www.wikidata.org/wiki/Q7002430	neuromuscular junction disease		wikidata	wikidata		
wd.Q18553609	wd.Q18553609	https://www.wikidata.org/wiki/Q18553609	autoimmune disease of musculoskeletal system		wikidata	wikidata		
wd.Q55788305	wd.Q55788305	https://www.wikidata.org/wiki/Q55788305	immune-mediated acquired neuromuscular junction disease		wikidata	wikidata		
wd.Q3843811	wd.Q3843811	https://www.wikidata.org/wiki/Q3843811	immune disorder		wikidata	wikidata		
wd.Q18553610	wd.Q18553610	https://www.wikidata.org/wiki/Q18553610	autoimmune disease of peripheral nervous system		wikidata	wikidata		
wd.Q3435924	wd.Q3435924	https://www.wikidata.org/wiki/Q3435924	computational problem		wikidata	wikidata		
wd.Q12503	wd.Q12503	https://www.wikidata.org/wiki/Q12503	integer		wikidata	wikidata		
wd.Q19546578	wd.Q19546578	https://www.wikidata.org/wiki/Q19546578	nonzero real number		wikidata	wikidata		
wd.Q47341108	wd.Q47341108	https://www.wikidata.org/wiki/Q47341108	non-positive real number		wikidata	wikidata		
wd.Q12811862	wd.Q12811862	https://www.wikidata.org/wiki/Q12811862	neural network		wikidata	wikidata		
wd.Q969316	wd.Q969316	https://www.wikidata.org/wiki/Q969316	neurotransmission		wikidata	wikidata		
wd.Q11351	wd.Q11351	https://www.wikidata.org/wiki/Q11351	organic chemistry		wikidata	wikidata		
wd.Q5062122	wd.Q5062122	https://www.wikidata.org/wiki/Q5062122	central nervous system disease		wikidata	wikidata		
wd.Q954257	wd.Q954257	https://www.wikidata.org/wiki/Q954257	degenerative disease		wikidata	wikidata		
wd.Q187181	wd.Q187181	https://www.wikidata.org/wiki/Q187181	synapse		wikidata	wikidata		
wd.Q17164408	wd.Q17164408	https://www.wikidata.org/wiki/Q17164408	neuroeffector junction		wikidata	wikidata		
wd.Q521	wd.Q521	https://www.wikidata.org/wiki/Q521	physiology		wikidata	wikidata		
wd.Q207011	wd.Q207011	https://www.wikidata.org/wiki/Q207011	neuroscience		wikidata	wikidata		
wd.Q28410560	wd.Q28410560	https://www.wikidata.org/wiki/Q28410560	enneatope		wikidata	wikidata		
wd.Q2009590	wd.Q2009590	https://www.wikidata.org/wiki/Q2009590	surface force		wikidata	wikidata		
wd.Q7449554	wd.Q7449554	https://www.wikidata.org/wiki/Q7449554	seminormal subgroup		wikidata	wikidata		
wd.Q7249944	wd.Q7249944	https://www.wikidata.org/wiki/Q7249944	pronormal subgroup		wikidata	wikidata		
wd.Q2361983	wd.Q2361983	https://www.wikidata.org/wiki/Q2361983	subnormal subgroup		wikidata	wikidata		
wd.Q11210	wd.Q11210	https://www.wikidata.org/wiki/Q11210	coordinate system		wikidata	wikidata		
wd.Q41630	wd.Q41630	https://www.wikidata.org/wiki/Q41630	psychoanalysis		wikidata	wikidata		
wd.Q27318	wd.Q27318	https://www.wikidata.org/wiki/Q27318	test		wikidata	wikidata		
wd.Q873512	wd.Q873512	https://www.wikidata.org/wiki/Q873512	psychological test		wikidata	wikidata		
wd.Q1697305	wd.Q1697305	https://www.wikidata.org/wiki/Q1697305	narrative motif		wikidata	wikidata		
wd.Q1229071	wd.Q1229071	https://www.wikidata.org/wiki/Q1229071	motif		wikidata	wikidata		
wd.Q127244	wd.Q127244	https://www.wikidata.org/wiki/Q127244	Gδ set		wikidata	wikidata		
wd.Q187931	wd.Q187931	https://www.wikidata.org/wiki/Q187931	phrase		wikidata	wikidata		
wd.Q7449314	wd.Q7449314	https://www.wikidata.org/wiki/Q7449314	semi-orthogonal matrix		wikidata	wikidata		
wd.Q1767080	wd.Q1767080	https://www.wikidata.org/wiki/Q1767080	diagonalizable matrix		wikidata	wikidata		
wd.Q7135025	wd.Q7135025	https://www.wikidata.org/wiki/Q7135025	parallelogon		wikidata	wikidata		
wd.Q27678359	wd.Q27678359	https://www.wikidata.org/wiki/Q27678359	parallelotope		wikidata	wikidata		
wd.Q47008488	wd.Q47008488	https://www.wikidata.org/wiki/Q47008488	zonogon		wikidata	wikidata		
wd.Q98098837	wd.Q98098837	https://www.wikidata.org/wiki/Q98098837	Watt quadrilateral		wikidata	wikidata		
wd.Q130349161	wd.Q130349161	https://www.wikidata.org/wiki/Q130349161	bisect-diagonal quadrilateral		wikidata	wikidata		
wd.Q2376264	wd.Q2376264	https://www.wikidata.org/wiki/Q2376264	synucleinopathy		wikidata	wikidata		
wd.Q66055	wd.Q66055	https://www.wikidata.org/wiki/Q66055	fraction		wikidata	wikidata		
wd.Q4867047	wd.Q4867047	https://www.wikidata.org/wiki/Q4867047	basic science		wikidata	wikidata		
wd.Q1207505	wd.Q1207505	https://www.wikidata.org/wiki/Q1207505	quality		wikidata	wikidata		
wd.Q544006	wd.Q544006	https://www.wikidata.org/wiki/Q544006	anxiety disorder		wikidata	wikidata		
wd.Q44619	wd.Q44619	https://www.wikidata.org/wiki/Q44619	fear		wikidata	wikidata		
wd.Q154430	wd.Q154430	https://www.wikidata.org/wiki/Q154430	anxiety		wikidata	wikidata		
wd.Q4373292	wd.Q4373292	https://www.wikidata.org/wiki/Q4373292	physical property		wikidata	wikidata		
wd.Q71550118	wd.Q71550118	https://www.wikidata.org/wiki/Q71550118	individual quantity		wikidata	wikidata		
wd.Q911922	wd.Q911922	https://www.wikidata.org/wiki/Q911922	colourant		wikidata	wikidata		
wd.Q1990546	wd.Q1990546	https://www.wikidata.org/wiki/Q1990546	linear strain		wikidata	wikidata		
wd.Q22682141	wd.Q22682141	https://www.wikidata.org/wiki/Q22682141	natural exponential family with quadratic variance function		wikidata	wikidata		
wd.Q3258310	wd.Q3258310	https://www.wikidata.org/wiki/Q3258310	Conway–Maxwell–Poisson distribution		wikidata	wikidata		
wd.Q1090859	wd.Q1090859	https://www.wikidata.org/wiki/Q1090859	Panjer distribution		wikidata	wikidata		
wd.Q3711786	wd.Q3711786	https://www.wikidata.org/wiki/Q3711786	compound Poisson distribution		wikidata	wikidata		
wd.Q26898117	wd.Q26898117	https://www.wikidata.org/wiki/Q26898117	discrete probability distribution		wikidata	wikidata		
wd.Q11042	wd.Q11042	https://www.wikidata.org/wiki/Q11042	culture		wikidata	wikidata		
wd.Q18957	wd.Q18957	https://www.wikidata.org/wiki/Q18957	mainstream		wikidata	wikidata		
wd.Q66573499	wd.Q66573499	https://www.wikidata.org/wiki/Q66573499	branch of posterior inferior cerebellar artery		wikidata	wikidata		
wd.Q50706	wd.Q50706	https://www.wikidata.org/wiki/Q50706	square-free integer		wikidata	wikidata		
wd.Q240651	wd.Q240651	https://www.wikidata.org/wiki/Q240651	prime element		wikidata	wikidata		
wd.Q13366129	wd.Q13366129	https://www.wikidata.org/wiki/Q13366129	odd number		wikidata	wikidata		
wd.Q54834134	wd.Q54834134	https://www.wikidata.org/wiki/Q54834134	coating		wikidata	wikidata		
wd.Q9081	wd.Q9081	https://www.wikidata.org/wiki/Q9081	knowledge		wikidata	wikidata		
wd.Q113129019	wd.Q113129019	https://www.wikidata.org/wiki/Q113129019	clinical sciences		wikidata	wikidata		
wd.Q131850943	wd.Q131850943	https://www.wikidata.org/wiki/Q131850943	medicine of the nerves		wikidata	wikidata		
wd.Q20679883	wd.Q20679883	https://www.wikidata.org/wiki/Q20679883	psychological theory		wikidata	wikidata		
wd.Q108289406	wd.Q108289406	https://www.wikidata.org/wiki/Q108289406	social and religious professionals		wikidata	wikidata		
wd.Q1587903	wd.Q1587903	https://www.wikidata.org/wiki/Q1587903	human science		wikidata	wikidata		
wd.Q843601	wd.Q843601	https://www.wikidata.org/wiki/Q843601	health sciences		wikidata	wikidata		
wd.Q5136677	wd.Q5136677	https://www.wikidata.org/wiki/Q5136677	cluster B personality disorders		wikidata	wikidata		
wd.Q270673	wd.Q270673	https://www.wikidata.org/wiki/Q270673	personality disorder		wikidata	wikidata		
wd.Q18553616	wd.Q18553616	https://www.wikidata.org/wiki/Q18553616	sexual and gender disorder		wikidata	wikidata		
wd.Q12135	wd.Q12135	https://www.wikidata.org/wiki/Q12135	mental disorder		wikidata	wikidata		
wd.Q1441305	wd.Q1441305	https://www.wikidata.org/wiki/Q1441305	clinical sign		wikidata	wikidata		
wd.Q2057971	wd.Q2057971	https://www.wikidata.org/wiki/Q2057971	health problem		wikidata	wikidata		
wd.Q4430275	wd.Q4430275	https://www.wikidata.org/wiki/Q4430275	social space		wikidata	wikidata		
wd.Q2015628	wd.Q2015628	https://www.wikidata.org/wiki/Q2015628	open space		wikidata	wikidata		
wd.Q20505917	wd.Q20505917	https://www.wikidata.org/wiki/Q20505917	tuple of integers		wikidata	wikidata		
wd.Q20088882	wd.Q20088882	https://www.wikidata.org/wiki/Q20088882	triple		wikidata	wikidata		
wd.Q815741	wd.Q815741	https://www.wikidata.org/wiki/Q815741	geometric shape		wikidata	wikidata		
wd.Q578714	wd.Q578714	https://www.wikidata.org/wiki/Q578714	quantile		wikidata	wikidata		
wd.Q101965	wd.Q101965	https://www.wikidata.org/wiki/Q101965	experiment		wikidata	wikidata		
wd.Q1503724	wd.Q1503724	https://www.wikidata.org/wiki/Q1503724	pattern matching		wikidata	wikidata		
wd.Q184741	wd.Q184741	https://www.wikidata.org/wiki/Q184741	string algorithm		wikidata	wikidata		
wd.Q37105	wd.Q37105	https://www.wikidata.org/wiki/Q37105	line		wikidata	wikidata		
wd.Q117400683	wd.Q117400683	https://www.wikidata.org/wiki/Q117400683	convex cyclic quadrilateral		wikidata	wikidata		
wd.Q3801534	wd.Q3801534	https://www.wikidata.org/wiki/Q3801534	hyperrectangle		wikidata	wikidata		
wd.Q1194115	wd.Q1194115	https://www.wikidata.org/wiki/Q1194115	isosceles trapezoid		wikidata	wikidata		
wd.Q12218380	wd.Q12218380	https://www.wikidata.org/wiki/Q12218380	right trapezoid		wikidata	wikidata		
wd.Q98098744	wd.Q98098744	https://www.wikidata.org/wiki/Q98098744	Hjelmslev quadrilateral		wikidata	wikidata		
wd.Q35273	wd.Q35273	https://www.wikidata.org/wiki/Q35273	optical telescope		wikidata	wikidata		
wd.Q126818	wd.Q126818	https://www.wikidata.org/wiki/Q126818	dimensionless quantity		wikidata	wikidata		
wd.Q1738991	wd.Q1738991	https://www.wikidata.org/wiki/Q1738991	index number		wikidata	wikidata		
wd.Q178296	wd.Q178296	https://www.wikidata.org/wiki/Q178296	dodecahedron		wikidata	wikidata		
wd.Q188745	wd.Q188745	https://www.wikidata.org/wiki/Q188745	Platonic solid		wikidata	wikidata		
wd.Q18015121	wd.Q18015121	https://www.wikidata.org/wiki/Q18015121	truncated pentagonal trapezohedron		wikidata	wikidata		
wd.Q18033971	wd.Q18033971	https://www.wikidata.org/wiki/Q18033971	dodecahedral pentagonal polytope		wikidata	wikidata		
wd.Q4348639	wd.Q4348639	https://www.wikidata.org/wiki/Q4348639	pyritohedron		wikidata	wikidata		
wd.Q10904447	wd.Q10904447	https://www.wikidata.org/wiki/Q10904447	pentagonal dodecahedron		wikidata	wikidata		
wd.Q17334923	wd.Q17334923	https://www.wikidata.org/wiki/Q17334923	physical location		wikidata	wikidata		
wd.Q851824	wd.Q851824	https://www.wikidata.org/wiki/Q851824	persecution		wikidata	wikidata		
wd.Q19890758	wd.Q19890758	https://www.wikidata.org/wiki/Q19890758	political activism		wikidata	wikidata		
wd.Q29017603	wd.Q29017603	https://www.wikidata.org/wiki/Q29017603	control		wikidata	wikidata		
wd.Q11376059	wd.Q11376059	https://www.wikidata.org/wiki/Q11376059	human rights violation		wikidata	wikidata		
wd.Q1934165	wd.Q1934165	https://www.wikidata.org/wiki/Q1934165	change of variables		wikidata	wikidata		
wd.Q6401692	wd.Q6401692	https://www.wikidata.org/wiki/Q6401692	Khinchin integral		wikidata	wikidata		
wd.Q82029	wd.Q82029	https://www.wikidata.org/wiki/Q82029	Henstock–Kurzweil integral		wikidata	wikidata		
wd.Q117307804	wd.Q117307804	https://www.wikidata.org/wiki/Q117307804	non-equilateral triangle		wikidata	wikidata		
wd.Q4300759	wd.Q4300759	https://www.wikidata.org/wiki/Q4300759	geometric motion		wikidata	wikidata		
wd.Q43144903	wd.Q43144903	https://www.wikidata.org/wiki/Q43144903	real matrix		wikidata	wikidata		
wd.Q20294235	wd.Q20294235	https://www.wikidata.org/wiki/Q20294235	row and column vectors		wikidata	wikidata		
wd.Q1972470	wd.Q1972470	https://www.wikidata.org/wiki/Q1972470	unitary operator		wikidata	wikidata		
wd.Q40276	wd.Q40276	https://www.wikidata.org/wiki/Q40276	multiplication		wikidata	wikidata		
wd.Q56457918	wd.Q56457918	https://www.wikidata.org/wiki/Q56457918	vector multiplication		wikidata	wikidata		
wd.Q207643	wd.Q207643	https://www.wikidata.org/wiki/Q207643	linear map		wikidata	wikidata		
wd.Q959962	wd.Q959962	https://www.wikidata.org/wiki/Q959962	diagram		wikidata	wikidata		
wd.Q17320256	wd.Q17320256	https://www.wikidata.org/wiki/Q17320256	physical process		wikidata	wikidata		
wd.Q2903417	wd.Q2903417	https://www.wikidata.org/wiki/Q2903417	schizophrenia spectrum disorder		wikidata	wikidata		
wd.Q29871326	wd.Q29871326	https://www.wikidata.org/wiki/Q29871326	cluster A personality disorders		wikidata	wikidata		
wd.Q180958	wd.Q180958	https://www.wikidata.org/wiki/Q180958	faculty		wikidata	wikidata		
wd.Q1789452	wd.Q1789452	https://www.wikidata.org/wiki/Q1789452	criterion		wikidata	wikidata		
wd.Q151885	wd.Q151885	https://www.wikidata.org/wiki/Q151885	concept		wikidata	wikidata		
wd.Q4116378	wd.Q4116378	https://www.wikidata.org/wiki/Q4116378	confidence		wikidata	wikidata		
wd.Q659974	wd.Q659974	https://www.wikidata.org/wiki/Q659974	trust		wikidata	wikidata		
wd.Q238372	wd.Q238372	https://www.wikidata.org/wiki/Q238372	self-consciousness		wikidata	wikidata		
wd.Q29688905	wd.Q29688905	https://www.wikidata.org/wiki/Q29688905	defense		wikidata	wikidata		
wd.Q628523	wd.Q628523	https://www.wikidata.org/wiki/Q628523	message		wikidata	wikidata		
wd.Q67123584	wd.Q67123584	https://www.wikidata.org/wiki/Q67123584	disclosure		wikidata	wikidata		
wd.Q1379672	wd.Q1379672	https://www.wikidata.org/wiki/Q1379672	evaluation		wikidata	wikidata		
wd.Q66684968	wd.Q66684968	https://www.wikidata.org/wiki/Q66684968	physiologic monitoring		wikidata	wikidata		
wd.Q18390984	wd.Q18390984	https://www.wikidata.org/wiki/Q18390984	monitoring and evaluation		wikidata	wikidata		
wd.Q7189713	wd.Q7189713	https://www.wikidata.org/wiki/Q7189713	physiological condition		wikidata	wikidata		
wd.Q94643648	wd.Q94643648	https://www.wikidata.org/wiki/Q94643648	degradation		wikidata	wikidata		
wd.Q1475848	wd.Q1475848	https://www.wikidata.org/wiki/Q1475848	risk factor		wikidata	wikidata		
wd.Q18553219	wd.Q18553219	https://www.wikidata.org/wiki/Q18553219	sensory system disease		wikidata	wikidata		
wd.Q7825049	wd.Q7825049	https://www.wikidata.org/wiki/Q7825049	electronic circuit topology		wikidata	wikidata		
wd.Q272404	wd.Q272404	https://www.wikidata.org/wiki/Q272404	finite set		wikidata	wikidata		
wd.Q138300049	wd.Q138300049	https://www.wikidata.org/wiki/Q138300049	sinusoidal waveform		wikidata	wikidata		
wd.Q1325769	wd.Q1325769	https://www.wikidata.org/wiki/Q1325769	antisymmetric tensor		wikidata	wikidata		
wd.Q271669	wd.Q271669	https://www.wikidata.org/wiki/Q271669	landform		wikidata	wikidata		
wd.Q408891	wd.Q408891	https://www.wikidata.org/wiki/Q408891	scientific law		wikidata	wikidata		
wd.Q478123	wd.Q478123	https://www.wikidata.org/wiki/Q478123	situation awareness		wikidata	wikidata		
wd.Q22294683	wd.Q22294683	https://www.wikidata.org/wiki/Q22294683	biological process involved in intraspecies interaction between organisms		wikidata	wikidata		
wd.Q2200417	wd.Q2200417	https://www.wikidata.org/wiki/Q2200417	cognition		wikidata	wikidata		
wd.Q17105915	wd.Q17105915	https://www.wikidata.org/wiki/Q17105915	Social facilitation in animals		wikidata	wikidata		
wd.Q7251376	wd.Q7251376	https://www.wikidata.org/wiki/Q7251376	protective factor		wikidata	wikidata		
wd.Q1643184	wd.Q1643184	https://www.wikidata.org/wiki/Q1643184	help		wikidata	wikidata		
wd.Q2421951	wd.Q2421951	https://www.wikidata.org/wiki/Q2421951	care		wikidata	wikidata		
wd.Q129510955	wd.Q129510955	https://www.wikidata.org/wiki/Q129510955	type of value		wikidata	wikidata		
wd.Q11862829	wd.Q11862829	https://www.wikidata.org/wiki/Q11862829	academic discipline		wikidata	wikidata		
wd.Q1061524	wd.Q1061524	https://www.wikidata.org/wiki/Q1061524	intensity		wikidata	wikidata		
wd.Q165939	wd.Q165939	https://www.wikidata.org/wiki/Q165939	reflection		wikidata	wikidata		
wd.Q65943	wd.Q65943	https://www.wikidata.org/wiki/Q65943	theorem		wikidata	wikidata		
wd.Q1502312	wd.Q1502312	https://www.wikidata.org/wiki/Q1502312	polyneuropathy		wikidata	wikidata		
wd.Q12826253	wd.Q12826253	https://www.wikidata.org/wiki/Q12826253	design		wikidata	wikidata		
wd.Q12243537	wd.Q12243537	https://www.wikidata.org/wiki/Q12243537	concave polygon		wikidata	wikidata		
wd.Q714886	wd.Q714886	https://www.wikidata.org/wiki/Q714886	regular polygon		wikidata	wikidata		
wd.Q1799072	wd.Q1799072	https://www.wikidata.org/wiki/Q1799072	method		wikidata	wikidata		
wd.Q1988917	wd.Q1988917	https://www.wikidata.org/wiki/Q1988917	data analysis		wikidata	wikidata		
wd.Q1172284	wd.Q1172284	https://www.wikidata.org/wiki/Q1172284	data set		wikidata	wikidata		
wd.Q1127759	wd.Q1127759	https://www.wikidata.org/wiki/Q1127759	cognitive bias		wikidata	wikidata		
wd.Q1080293	wd.Q1080293	https://www.wikidata.org/wiki/Q1080293	solid mechanics		wikidata	wikidata		
wd.Q1710723	wd.Q1710723	https://www.wikidata.org/wiki/Q1710723	materials engineering		wikidata	wikidata		
wd.Q2574811	wd.Q2574811	https://www.wikidata.org/wiki/Q2574811	cause		wikidata	wikidata		
wd.Q86923152	wd.Q86923152	https://www.wikidata.org/wiki/Q86923152	risk source		wikidata	wikidata		
wd.Q1150070	wd.Q1150070	https://www.wikidata.org/wiki/Q1150070	change		wikidata	wikidata		
wd.Q99632598	wd.Q99632598	https://www.wikidata.org/wiki/Q99632598	succession		wikidata	wikidata		
wd.Q60790315	wd.Q60790315	https://www.wikidata.org/wiki/Q60790315	automorphism group		wikidata	wikidata		
wd.Q5532515	wd.Q5532515	https://www.wikidata.org/wiki/Q5532515	generalized symmetric group		wikidata	wikidata		
wd.Q14745	wd.Q14745	https://www.wikidata.org/wiki/Q14745	furniture		wikidata	wikidata		
wd.Q3959904	wd.Q3959904	https://www.wikidata.org/wiki/Q3959904	multiple unit		wikidata	wikidata		
wd.Q39447036	wd.Q39447036	https://www.wikidata.org/wiki/Q39447036	convex quadrilateral		wikidata	wikidata		
wd.Q7682882	wd.Q7682882	https://www.wikidata.org/wiki/Q7682882	tangential polygon		wikidata	wikidata		
wd.Q1472062	wd.Q1472062	https://www.wikidata.org/wiki/Q1472062	remote communication		wikidata	wikidata		
wd.Q1751850	wd.Q1751850	https://www.wikidata.org/wiki/Q1751850	optical instrument		wikidata	wikidata		
wd.Q751997	wd.Q751997	https://www.wikidata.org/wiki/Q751997	astronomical instrument		wikidata	wikidata		
wd.Q747980	wd.Q747980	https://www.wikidata.org/wiki/Q747980	polytope		wikidata	wikidata		
wd.Q331481	wd.Q331481	https://www.wikidata.org/wiki/Q331481	cover		wikidata	wikidata		
wd.Q4080565	wd.Q4080565	https://www.wikidata.org/wiki/Q4080565	progressive wave		wikidata	wikidata		
wd.Q66364675	wd.Q66364675	https://www.wikidata.org/wiki/Q66364675	irregular polygon		wikidata	wikidata		
wd.Q1763948	wd.Q1763948	https://www.wikidata.org/wiki/Q1763948	mathematical table		wikidata	wikidata		
wd.Q8087	wd.Q8087	https://www.wikidata.org/wiki/Q8087	geometry		wikidata	wikidata		
wd.Q472971	wd.Q472971	https://www.wikidata.org/wiki/Q472971	space		wikidata	wikidata		
wd.Q118870638	wd.Q118870638	https://www.wikidata.org/wiki/Q118870638	two-dimensional object		wikidata	wikidata		
wd.Q937228	wd.Q937228	https://www.wikidata.org/wiki/Q937228	property		wikidata	wikidata		
wd.Q17278	wd.Q17278	https://www.wikidata.org/wiki/Q17278	circle		wikidata	wikidata		
wd.Q125879149	wd.Q125879149	https://www.wikidata.org/wiki/Q125879149	unit hypersphere		wikidata	wikidata		
wd.Q592911	wd.Q592911	https://www.wikidata.org/wiki/Q592911	quantifier		wikidata	wikidata		
wd.Q5389993	wd.Q5389993	https://www.wikidata.org/wiki/Q5389993	philosophical theory		wikidata	wikidata		
wd.Q2620519	wd.Q2620519	https://www.wikidata.org/wiki/Q2620519	alternant matrix		wikidata	wikidata		
wd.Q2501020	wd.Q2501020	https://www.wikidata.org/wiki/Q2501020	Euler diagram		wikidata	wikidata		
wd.Q381060	wd.Q381060	https://www.wikidata.org/wiki/Q381060	partition of a set		wikidata	wikidata		
wd.Q3148869	wd.Q3148869	https://www.wikidata.org/wiki/Q3148869	optical image		wikidata	wikidata		
wd.Q182593	wd.Q182593	https://www.wikidata.org/wiki/Q182593	illusion		wikidata	wikidata		
wd.Q14859561	wd.Q14859561	https://www.wikidata.org/wiki/Q14859561	sensory perception of light stimulus		wikidata	wikidata		
wd.Q3707379	wd.Q3707379	https://www.wikidata.org/wiki/Q3707379	potential difference		wikidata	wikidata		
wd.Q21652001	wd.Q21652001	https://www.wikidata.org/wiki/Q21652001	electrical measuring instrument		wikidata	wikidata		
wd.Q3382125	wd.Q3382125	https://www.wikidata.org/wiki/Q3382125	period		wikidata	wikidata		
wd.Q193424	wd.Q193424	https://www.wikidata.org/wiki/Q193424	web service		wikidata	wikidata		
wd.Q19541	wd.Q19541	https://www.wikidata.org/wiki/Q19541	search engine		wikidata	wikidata		
wd.Q7000900	wd.Q7000900	https://www.wikidata.org/wiki/Q7000900	network search engine		wikidata	wikidata		
wd.Q17098767	wd.Q17098767	https://www.wikidata.org/wiki/Q17098767	matrix gamma distribution		wikidata	wikidata		
wd.Q48839687	wd.Q48839687	https://www.wikidata.org/wiki/Q48839687	complex Wishart distribution		wikidata	wikidata		
wd.Q1755242	wd.Q1755242	https://www.wikidata.org/wiki/Q1755242	nilpotent group		wikidata	wikidata		
wd.Q19934355	wd.Q19934355	https://www.wikidata.org/wiki/Q19934355	commutative monoid		wikidata	wikidata		
wd.Q39485777	wd.Q39485777	https://www.wikidata.org/wiki/Q39485777	commutative Moufang loop		wikidata	wikidata		
wd.Q21189838	wd.Q21189838	https://www.wikidata.org/wiki/Q21189838	Dedekind group		wikidata	wikidata		
wd.Q18848	wd.Q18848	https://www.wikidata.org/wiki/Q18848	module		wikidata	wikidata		
wd.Q5008459	wd.Q5008459	https://www.wikidata.org/wiki/Q5008459	CA-group		wikidata	wikidata		
wd.Q5424694	wd.Q5424694	https://www.wikidata.org/wiki/Q5424694	FC-group		wikidata	wikidata		
wd.Q5358894	wd.Q5358894	https://www.wikidata.org/wiki/Q5358894	elementary amenable group		wikidata	wikidata		
wd.Q12138960	wd.Q12138960	https://www.wikidata.org/wiki/Q12138960	even function		wikidata	wikidata		
wd.Q2037833	wd.Q2037833	https://www.wikidata.org/wiki/Q2037833	piecewise function		wikidata	wikidata		
wd.Q4669840	wd.Q4669840	https://www.wikidata.org/wiki/Q4669840	absolute value		wikidata	wikidata		
wd.Q3317982	wd.Q3317982	https://www.wikidata.org/wiki/Q3317982	magnitude of a complex number		wikidata	wikidata		
wd.Q861681	wd.Q861681	https://www.wikidata.org/wiki/Q861681	function of a real variable		wikidata	wikidata		
wd.Q621184	wd.Q621184	https://www.wikidata.org/wiki/Q621184	problem		wikidata	wikidata		
wd.Q1156854	wd.Q1156854	https://www.wikidata.org/wiki/Q1156854	policy		wikidata	wikidata		
wd.Q26046092	wd.Q26046092	https://www.wikidata.org/wiki/Q26046092	minimum age		wikidata	wikidata		
wd.Q373822	wd.Q373822	https://www.wikidata.org/wiki/Q373822	eating disorder		wikidata	wikidata		
wd.Q1920219	wd.Q1920219	https://www.wikidata.org/wiki/Q1920219	social issue		wikidata	wikidata		
wd.Q28797	wd.Q28797	https://www.wikidata.org/wiki/Q28797	applied science		wikidata	wikidata		
wd.Q27058	wd.Q27058	https://www.wikidata.org/wiki/Q27058	approximation		wikidata	wikidata		
wd.Q5532461	wd.Q5532461	https://www.wikidata.org/wiki/Q5532461	generalized arithmetic progression		wikidata	wikidata		
wd.Q104534	wd.Q104534	https://www.wikidata.org/wiki/Q104534	digital subscriber line		wikidata	wikidata		
wd.Q107021951	wd.Q107021951	https://www.wikidata.org/wiki/Q107021951	score		wikidata	wikidata		
wd.Q29652773	wd.Q29652773	https://www.wikidata.org/wiki/Q29652773	film soundtrack		wikidata	wikidata		
wd.Q14864825	wd.Q14864825	https://www.wikidata.org/wiki/Q14864825	nucleic acid binding		wikidata	wikidata		
wd.Q179310	wd.Q179310	https://www.wikidata.org/wiki/Q179310	computing		wikidata	wikidata		
wd.Q3258268	wd.Q3258268	https://www.wikidata.org/wiki/Q3258268	noncentral beta distribution		wikidata	wikidata		
wd.Q3711780	wd.Q3711780	https://www.wikidata.org/wiki/Q3711780	Wilks's lambda distribution		wikidata	wikidata		
wd.Q188889	wd.Q188889	https://www.wikidata.org/wiki/Q188889	code		wikidata	wikidata		
wd.Q135268494	wd.Q135268494	https://www.wikidata.org/wiki/Q135268494	group of 2		wikidata	wikidata		
wd.Q3258231	wd.Q3258231	https://www.wikidata.org/wiki/Q3258231	Poisson binomial distribution		wikidata	wikidata		
wd.Q3241107	wd.Q3241107	https://www.wikidata.org/wiki/Q3241107	geographical boundary		wikidata	wikidata		
wd.Q27096213	wd.Q27096213	https://www.wikidata.org/wiki/Q27096213	geographic entity		wikidata	wikidata		
wd.Q1036662	wd.Q1036662	https://www.wikidata.org/wiki/Q1036662	hypokinesia		wikidata	wikidata		
wd.Q159557	wd.Q159557	https://www.wikidata.org/wiki/Q159557	coma		wikidata	wikidata		
wd.Q66545298	wd.Q66545298	https://www.wikidata.org/wiki/Q66545298	segment of brain		wikidata	wikidata		
wd.Q15265344	wd.Q15265344	https://www.wikidata.org/wiki/Q15265344	broadcaster		wikidata	wikidata		
wd.Q1068715	wd.Q1068715	https://www.wikidata.org/wiki/Q1068715	telecommunications network		wikidata	wikidata		
wd.Q653267	wd.Q653267	https://www.wikidata.org/wiki/Q653267	polyphagia		wikidata	wikidata		
wd.Q10855061	wd.Q10855061	https://www.wikidata.org/wiki/Q10855061	archaeological find		wikidata	wikidata		
wd.Q839954	wd.Q839954	https://www.wikidata.org/wiki/Q839954	archaeological site		wikidata	wikidata		
wd.Q16889133	wd.Q16889133	https://www.wikidata.org/wiki/Q16889133	class		wikidata	wikidata		
wd.Q4922985	wd.Q4922985	https://www.wikidata.org/wiki/Q4922985	treasure trove		wikidata	wikidata		
wd.Q4352241	wd.Q4352241	https://www.wikidata.org/wiki/Q4352241	cardinal function		wikidata	wikidata		
wd.Q130303652	wd.Q130303652	https://www.wikidata.org/wiki/Q130303652	class function		wikidata	wikidata		
wd.Q1196371	wd.Q1196371	https://www.wikidata.org/wiki/Q1196371	coordinates transformation		wikidata	wikidata		
wd.Q111752858	wd.Q111752858	https://www.wikidata.org/wiki/Q111752858	physicochemical process		wikidata	wikidata		
wd.Q409840	wd.Q409840	https://www.wikidata.org/wiki/Q409840	carboxylesterase		wikidata	wikidata		
wd.Q4392123	wd.Q4392123	https://www.wikidata.org/wiki/Q4392123	Fσ set		wikidata	wikidata		
wd.Q40056	wd.Q40056	https://www.wikidata.org/wiki/Q40056	computer program		wikidata	wikidata		
wd.Q5392830	wd.Q5392830	https://www.wikidata.org/wiki/Q5392830	encoder		wikidata	wikidata		
wd.Q745243	wd.Q745243	https://www.wikidata.org/wiki/Q745243	decoder		wikidata	wikidata		
wd.Q16334295	wd.Q16334295	https://www.wikidata.org/wiki/Q16334295	group of humans		wikidata	wikidata		
wd.Q43229	wd.Q43229	https://www.wikidata.org/wiki/Q43229	organization		wikidata	wikidata		
wd.Q7087	wd.Q7087	https://www.wikidata.org/wiki/Q7087	consciousness		wikidata	wikidata		
wd.Q192105	wd.Q192105	https://www.wikidata.org/wiki/Q192105	unconscious mind		wikidata	wikidata		
wd.Q33442	wd.Q33442	https://www.wikidata.org/wiki/Q33442	idealism		wikidata	wikidata		
wd.Q184752	wd.Q184752	https://www.wikidata.org/wiki/Q184752	text-based user interface		wikidata	wikidata		
wd.Q47146	wd.Q47146	https://www.wikidata.org/wiki/Q47146	user interface		wikidata	wikidata		
wd.Q207434	wd.Q207434	https://www.wikidata.org/wiki/Q207434	human–computer interaction		wikidata	wikidata		
wd.Q3333480	wd.Q3333480	https://www.wikidata.org/wiki/Q3333480	interface metaphor		wikidata	wikidata		
wd.Q219320	wd.Q219320	https://www.wikidata.org/wiki/Q219320	input/output		wikidata	wikidata		
wd.Q9135	wd.Q9135	https://www.wikidata.org/wiki/Q9135	operating system		wikidata	wikidata		
wd.Q43035	wd.Q43035	https://www.wikidata.org/wiki/Q43035	electrical engineering		wikidata	wikidata		
wd.Q7882311	wd.Q7882311	https://www.wikidata.org/wiki/Q7882311	unary function		wikidata	wikidata		
wd.Q635280	wd.Q635280	https://www.wikidata.org/wiki/Q635280	structural pattern		wikidata	wikidata		
wd.Q7725634	wd.Q7725634	https://www.wikidata.org/wiki/Q7725634	literary work		wikidata	wikidata		
wd.Q2199864	wd.Q2199864	https://www.wikidata.org/wiki/Q2199864	duration		wikidata	wikidata		
wd.Q39875001	wd.Q39875001	https://www.wikidata.org/wiki/Q39875001	measure		wikidata	wikidata		
wd.Q55091441	wd.Q55091441	https://www.wikidata.org/wiki/Q55091441	operation result		wikidata	wikidata		
wd.Q124805656	wd.Q124805656	https://www.wikidata.org/wiki/Q124805656	computer error		wikidata	wikidata		
wd.Q6423319	wd.Q6423319	https://www.wikidata.org/wiki/Q6423319	knowledge organization system		wikidata	wikidata		
wd.Q65560351	wd.Q65560351	https://www.wikidata.org/wiki/Q65560351	coincidence		wikidata	wikidata		
wd.Q200125	wd.Q200125	https://www.wikidata.org/wiki/Q200125	expectation		wikidata	wikidata		
wd.Q3756532	wd.Q3756532	https://www.wikidata.org/wiki/Q3756532	ternary relation		wikidata	wikidata		
wd.Q1781244	wd.Q1781244	https://www.wikidata.org/wiki/Q1781244	conditioning		wikidata	wikidata		
wd.Q82753	wd.Q82753	https://www.wikidata.org/wiki/Q82753	computer file		wikidata	wikidata		
wd.Q266237	wd.Q266237	https://www.wikidata.org/wiki/Q266237	algebraic curve		wikidata	wikidata		
wd.Q845080	wd.Q845080	https://www.wikidata.org/wiki/Q845080	cross section		wikidata	wikidata		
wd.Q4240640	wd.Q4240640	https://www.wikidata.org/wiki/Q4240640	quadratic curve		wikidata	wikidata		
wd.Q132364	wd.Q132364	https://www.wikidata.org/wiki/Q132364	communication protocol		wikidata	wikidata		
wd.Q188597	wd.Q188597	https://www.wikidata.org/wiki/Q188597	linear function		wikidata	wikidata		
wd.Q176623	wd.Q176623	https://www.wikidata.org/wiki/Q176623	random variable		wikidata	wikidata		
wd.Q60055387	wd.Q60055387	https://www.wikidata.org/wiki/Q60055387	model aircraft		wikidata	wikidata		
wd.Q210403	wd.Q210403	https://www.wikidata.org/wiki/Q210403	model aircraft building		wikidata	wikidata		
wd.Q578985	wd.Q578985	https://www.wikidata.org/wiki/Q578985	convergence of random variables		wikidata	wikidata		
wd.Q2996364	wd.Q2996364	https://www.wikidata.org/wiki/Q2996364	convergent sequence		wikidata	wikidata		
wd.Q1561491	wd.Q1561491	https://www.wikidata.org/wiki/Q1561491	origin plane		wikidata	wikidata		
wd.Q113001916	wd.Q113001916	https://www.wikidata.org/wiki/Q113001916	joint central moment of orders r and s		wikidata	wikidata		
wd.Q12769326	wd.Q12769326	https://www.wikidata.org/wiki/Q12769326	compilation		wikidata	wikidata		
wd.Q81570391	wd.Q81570391	https://www.wikidata.org/wiki/Q81570391	right-continuous function		wikidata	wikidata		
wd.Q900194	wd.Q900194	https://www.wikidata.org/wiki/Q900194	càdlàg function		wikidata	wikidata		
wd.Q775842	wd.Q775842	https://www.wikidata.org/wiki/Q775842	desire		wikidata	wikidata		
wd.Q616314	wd.Q616314	https://www.wikidata.org/wiki/Q616314	interest		wikidata	wikidata		
wd.Q183427	wd.Q183427	https://www.wikidata.org/wiki/Q183427	hash function		wikidata	wikidata		
wd.Q109941934	wd.Q109941934	https://www.wikidata.org/wiki/Q109941934	three-dimensional coordinate system		wikidata	wikidata		
wd.Q1188698	wd.Q1188698	https://www.wikidata.org/wiki/Q1188698	thought disorder		wikidata	wikidata		
wd.Q1066689	wd.Q1066689	https://www.wikidata.org/wiki/Q1066689	human communication		wikidata	wikidata		
wd.Q1920566	wd.Q1920566	https://www.wikidata.org/wiki/Q1920566	reply		wikidata	wikidata		
wd.Q42844	wd.Q42844	https://www.wikidata.org/wiki/Q42844	major depressive disorder		wikidata	wikidata		
wd.Q130379849	wd.Q130379849	https://www.wikidata.org/wiki/Q130379849	mood episodicity		wikidata	wikidata		
wd.Q2142347	wd.Q2142347	https://www.wikidata.org/wiki/Q2142347	environmental factor		wikidata	wikidata		
wd.Q5850078	wd.Q5850078	https://www.wikidata.org/wiki/Q5850078	etiology		wikidata	wikidata		
wd.Q64705767	wd.Q64705767	https://www.wikidata.org/wiki/Q64705767	epidemiologic factor		wikidata	wikidata		
wd.Q3706138	wd.Q3706138	https://www.wikidata.org/wiki/Q3706138	determinants of health		wikidata	wikidata		
wd.Q21146257	wd.Q21146257	https://www.wikidata.org/wiki/Q21146257	type		wikidata	wikidata		
wd.Q21871294	wd.Q21871294	https://www.wikidata.org/wiki/Q21871294	group or class of living things		wikidata	wikidata		
wd.Q111360549	wd.Q111360549	https://www.wikidata.org/wiki/Q111360549	type of physical object		wikidata	wikidata		
wd.Q676202	wd.Q676202	https://www.wikidata.org/wiki/Q676202	system software		wikidata	wikidata		
wd.Q60596716	wd.Q60596716	https://www.wikidata.org/wiki/Q60596716	driver		wikidata	wikidata		
wd.Q4198677	wd.Q4198677	https://www.wikidata.org/wiki/Q4198677	complications of diabetes mellitus		wikidata	wikidata		
wd.Q945238	wd.Q945238	https://www.wikidata.org/wiki/Q945238	peripheral neuropathy		wikidata	wikidata		
wd.Q740970	wd.Q740970	https://www.wikidata.org/wiki/Q740970	recurrence relation		wikidata	wikidata		
wd.Q18192404	wd.Q18192404	https://www.wikidata.org/wiki/Q18192404	weakly differentiable function		wikidata	wikidata		
wd.Q17104046	wd.Q17104046	https://www.wikidata.org/wiki/Q17104046	mixed graph		wikidata	wikidata		
wd.Q317623	wd.Q317623	https://www.wikidata.org/wiki/Q317623	technical standard		wikidata	wikidata		
wd.Q367293	wd.Q367293	https://www.wikidata.org/wiki/Q367293	convention		wikidata	wikidata		
wd.Q6671777	wd.Q6671777	https://www.wikidata.org/wiki/Q6671777	structure		wikidata	wikidata		
wd.Q803935	wd.Q803935	https://www.wikidata.org/wiki/Q803935	Baire function		wikidata	wikidata		
wd.Q1351368	wd.Q1351368	https://www.wikidata.org/wiki/Q1351368	archive file format		wikidata	wikidata		
wd.Q88864296	wd.Q88864296	https://www.wikidata.org/wiki/Q88864296	disk storage format		wikidata	wikidata		
wd.Q18663	wd.Q18663	https://www.wikidata.org/wiki/Q18663	dissociation		wikidata	wikidata		
wd.Q3962217	wd.Q3962217	https://www.wikidata.org/wiki/Q3962217	distributed system		wikidata	wikidata		
wd.Q18720436	wd.Q18720436	https://www.wikidata.org/wiki/Q18720436	domain of a partial function		wikidata	wikidata		
wd.Q1228944	wd.Q1228944	https://www.wikidata.org/wiki/Q1228944	domain of discourse		wikidata	wikidata		
wd.Q844937	wd.Q844937	https://www.wikidata.org/wiki/Q844937	multiple integral		wikidata	wikidata		
wd.Q12029	wd.Q12029	https://www.wikidata.org/wiki/Q12029	addiction		wikidata	wikidata		
wd.Q7632070	wd.Q7632070	https://www.wikidata.org/wiki/Q7632070	substance use disorder		wikidata	wikidata		
wd.Q182413	wd.Q182413	https://www.wikidata.org/wiki/Q182413	non-controlled substance abuse		wikidata	wikidata		
wd.Q2308807	wd.Q2308807	https://www.wikidata.org/wiki/Q2308807	memory management		wikidata	wikidata		
wd.Q188267	wd.Q188267	https://www.wikidata.org/wiki/Q188267	programming paradigm		wikidata	wikidata		
wd.Q193514	wd.Q193514	https://www.wikidata.org/wiki/Q193514	deformation		wikidata	wikidata		
wd.Q73230200	wd.Q73230200	https://www.wikidata.org/wiki/Q73230200	eye movement measurement		wikidata	wikidata		
wd.Q381892	wd.Q381892	https://www.wikidata.org/wiki/Q381892	compact space		wikidata	wikidata		
wd.Q165678	wd.Q165678	https://www.wikidata.org/wiki/Q165678	microcontroller		wikidata	wikidata		
wd.Q7397	wd.Q7397	https://www.wikidata.org/wiki/Q7397	software		wikidata	wikidata		
wd.Q130901	wd.Q130901	https://www.wikidata.org/wiki/Q130901	binary relation		wikidata	wikidata		
wd.Q2004972	wd.Q2004972	https://www.wikidata.org/wiki/Q2004972	nominal number		wikidata	wikidata		
wd.Q1204361	wd.Q1204361	https://www.wikidata.org/wiki/Q1204361	redundancy		wikidata	wikidata		
wd.Q11640129	wd.Q11640129	https://www.wikidata.org/wiki/Q11640129	theory of evolution		wikidata	wikidata		
wd.Q812535	wd.Q812535	https://www.wikidata.org/wiki/Q812535	Bayesian inference		wikidata	wikidata		
wd.Q309100	wd.Q309100	https://www.wikidata.org/wiki/Q309100	planning		wikidata	wikidata		
wd.Q732332	wd.Q732332	https://www.wikidata.org/wiki/Q732332	Weibull distribution		wikidata	wikidata		
wd.Q762448	wd.Q762448	https://www.wikidata.org/wiki/Q762448	Erlang distribution		wikidata	wikidata		
wd.Q109931606	wd.Q109931606	https://www.wikidata.org/wiki/Q109931606	Shifted Exponential Distribution		wikidata	wikidata		
wd.Q860609	wd.Q860609	https://www.wikidata.org/wiki/Q860609	generating function		wikidata	wikidata		
wd.Q1058681	wd.Q1058681	https://www.wikidata.org/wiki/Q1058681	differential operator		wikidata	wikidata		
wd.Q5830907	wd.Q5830907	https://www.wikidata.org/wiki/Q5830907	computer memory		wikidata	wikidata		
wd.Q644302	wd.Q644302	https://www.wikidata.org/wiki/Q644302	motivation		wikidata	wikidata		
wd.Q207125	wd.Q207125	https://www.wikidata.org/wiki/Q207125	nonverbal communication		wikidata	wikidata		
wd.Q1043452	wd.Q1043452	https://www.wikidata.org/wiki/Q1043452	maintenance		wikidata	wikidata		
wd.Q1544281	wd.Q1544281	https://www.wikidata.org/wiki/Q1544281	management cybernetics		wikidata	wikidata		
wd.Q1079196	wd.Q1079196	https://www.wikidata.org/wiki/Q1079196	command		wikidata	wikidata		
wd.Q2920921	wd.Q2920921	https://www.wikidata.org/wiki/Q2920921	management		wikidata	wikidata		
wd.Q37786277	wd.Q37786277	https://www.wikidata.org/wiki/Q37786277	file property		wikidata	wikidata		
wd.Q105666562	wd.Q105666562	https://www.wikidata.org/wiki/Q105666562	data size		wikidata	wikidata		
wd.Q68	wd.Q68	https://www.wikidata.org/wiki/Q68	computer		wikidata	wikidata		
wd.Q35148	wd.Q35148	https://www.wikidata.org/wiki/Q35148	predicate logic		wikidata	wikidata		
wd.Q1879813	wd.Q1879813	https://www.wikidata.org/wiki/Q1879813	solution		wikidata	wikidata		
wd.Q507187	wd.Q507187	https://www.wikidata.org/wiki/Q507187	attractor		wikidata	wikidata		
wd.Q3267244	wd.Q3267244	https://www.wikidata.org/wiki/Q3267244	recollection		wikidata	wikidata		
wd.Q2724242	wd.Q2724242	https://www.wikidata.org/wiki/Q2724242	cerebral lobe		wikidata	wikidata		
wd.Q66558003	wd.Q66558003	https://www.wikidata.org/wiki/Q66558003	lobe of cerebral hemisphere		wikidata	wikidata		
wd.Q69901820	wd.Q69901820	https://www.wikidata.org/wiki/Q69901820	psychological techniques		wikidata	wikidata		
wd.Q179405	wd.Q179405	https://www.wikidata.org/wiki/Q179405	reflex		wikidata	wikidata		
wd.Q60435713	wd.Q60435713	https://www.wikidata.org/wiki/Q60435713	electrophysiological phenomena		wikidata	wikidata		
wd.Q71227905	wd.Q71227905	https://www.wikidata.org/wiki/Q71227905	skin physiological phenomena		wikidata	wikidata		
wd.Q5532478	wd.Q5532478	https://www.wikidata.org/wiki/Q5532478	generalized gamma distribution		wikidata	wikidata		
wd.Q214339	wd.Q214339	https://www.wikidata.org/wiki/Q214339	role		wikidata	wikidata		
wd.Q5282057	wd.Q5282057	https://www.wikidata.org/wiki/Q5282057	discrete phase-type distribution		wikidata	wikidata		
wd.Q7917838	wd.Q7917838	https://www.wikidata.org/wiki/Q7917838	vector operator		wikidata	wikidata		
wd.Q89696115	wd.Q89696115	https://www.wikidata.org/wiki/Q89696115	vector gradient		wikidata	wikidata		
wd.Q24034552	wd.Q24034552	https://www.wikidata.org/wiki/Q24034552	mathematical concept		wikidata	wikidata		
wd.Q755673	wd.Q755673	https://www.wikidata.org/wiki/Q755673	search algorithm		wikidata	wikidata		
wd.Q7406919	wd.Q7406919	https://www.wikidata.org/wiki/Q7406919	service		wikidata	wikidata		
wd.Q546113	wd.Q546113	https://www.wikidata.org/wiki/Q546113	public policy		wikidata	wikidata		
wd.Q67598689	wd.Q67598689	https://www.wikidata.org/wiki/Q67598689	areal quantity		wikidata	wikidata		
wd.Q2990613	wd.Q2990613	https://www.wikidata.org/wiki/Q2990613	prosocial behavior		wikidata	wikidata		
wd.Q28410530	wd.Q28410530	https://www.wikidata.org/wiki/Q28410530	heptatope		wikidata	wikidata		
wd.Q26865950	wd.Q26865950	https://www.wikidata.org/wiki/Q26865950	hexatope		wikidata	wikidata		
wd.Q2198855	wd.Q2198855	https://www.wikidata.org/wiki/Q2198855	cultural movement		wikidata	wikidata		
wd.Q505628	wd.Q505628	https://www.wikidata.org/wiki/Q505628	hyperboloid		wikidata	wikidata		
wd.Q180907	wd.Q180907	https://www.wikidata.org/wiki/Q180907	bijection		wikidata	wikidata		
wd.Q1691962	wd.Q1691962	https://www.wikidata.org/wiki/Q1691962	self-mapping		wikidata	wikidata		
wd.Q44106280	wd.Q44106280	https://www.wikidata.org/wiki/Q44106280	idempotent function		wikidata	wikidata		
wd.Q846862	wd.Q846862	https://www.wikidata.org/wiki/Q846862	involution		wikidata	wikidata		
wd.Q54938846	wd.Q54938846	https://www.wikidata.org/wiki/Q54938846	endorelation		wikidata	wikidata		
wd.Q123260370	wd.Q123260370	https://www.wikidata.org/wiki/Q123260370	plane in physical space		wikidata	wikidata		
wd.Q7353390	wd.Q7353390	https://www.wikidata.org/wiki/Q7353390	robot learning		wikidata	wikidata		
wd.Q43148722	wd.Q43148722	https://www.wikidata.org/wiki/Q43148722	(0,1,−1)-matrix		wikidata	wikidata		
wd.Q187466	wd.Q187466	https://www.wikidata.org/wiki/Q187466	processor register		wikidata	wikidata		
wd.Q465274	wd.Q465274	https://www.wikidata.org/wiki/Q465274	ordinary differential equation		wikidata	wikidata		
wd.Q837924	wd.Q837924	https://www.wikidata.org/wiki/Q837924	bilinear form		wikidata	wikidata		
wd.Q77597199	wd.Q77597199	https://www.wikidata.org/wiki/Q77597199	positive-definite bilinear form		wikidata	wikidata		
wd.Q66221	wd.Q66221	https://www.wikidata.org/wiki/Q66221	computer storage media		wikidata	wikidata		
wd.Q496533	wd.Q496533	https://www.wikidata.org/wiki/Q496533	volatile memory		wikidata	wikidata		
wd.Q12202238	wd.Q12202238	https://www.wikidata.org/wiki/Q12202238	transformation		wikidata	wikidata		
wd.Q31479975	wd.Q31479975	https://www.wikidata.org/wiki/Q31479975	communication system		wikidata	wikidata		
wd.Q16354711	wd.Q16354711	https://www.wikidata.org/wiki/Q16354711	perception set		wikidata	wikidata		
wd.Q7553	wd.Q7553	https://www.wikidata.org/wiki/Q7553	translation		wikidata	wikidata		
wd.Q190686	wd.Q190686	https://www.wikidata.org/wiki/Q190686	subroutine		wikidata	wikidata		
wd.Q3924032	wd.Q3924032	https://www.wikidata.org/wiki/Q3924032	mathematical property		wikidata	wikidata		
wd.Q728435	wd.Q728435	https://www.wikidata.org/wiki/Q728435	linear subspace		wikidata	wikidata		
wd.Q23090506	wd.Q23090506	https://www.wikidata.org/wiki/Q23090506	negation		wikidata	wikidata		
wd.Q1952580	wd.Q1952580	https://www.wikidata.org/wiki/Q1952580	multivariate statistics		wikidata	wikidata		
wd.Q11086205	wd.Q11086205	https://www.wikidata.org/wiki/Q11086205	sensory perception		wikidata	wikidata		
wd.Q907574	wd.Q907574	https://www.wikidata.org/wiki/Q907574	body schema		wikidata	wikidata		
wd.Q48937186	wd.Q48937186	https://www.wikidata.org/wiki/Q48937186	word or phrase		wikidata	wikidata		
wd.Q651943	wd.Q651943	https://www.wikidata.org/wiki/Q651943	signifier		wikidata	wikidata		
wd.Q853614	wd.Q853614	https://www.wikidata.org/wiki/Q853614	identifier		wikidata	wikidata		
wd.Q503992	wd.Q503992	https://www.wikidata.org/wiki/Q503992	nominal		wikidata	wikidata		
wd.Q1187982	wd.Q1187982	https://www.wikidata.org/wiki/Q1187982	vector space model		wikidata	wikidata		
wd.Q133850409	wd.Q133850409	https://www.wikidata.org/wiki/Q133850409	simplicial vertex		wikidata	wikidata		
wd.Q7574983	wd.Q7574983	https://www.wikidata.org/wiki/Q7574983	specific developmental disorder		wikidata	wikidata		
wd.Q12131	wd.Q12131	https://www.wikidata.org/wiki/Q12131	disability		wikidata	wikidata		
wd.Q7922	wd.Q7922	https://www.wikidata.org/wiki/Q7922	pedagogy		wikidata	wikidata		
wd.Q24301658	wd.Q24301658	https://www.wikidata.org/wiki/Q24301658	L-amino acid		wikidata	wikidata		
wd.Q27121510	wd.Q27121510	https://www.wikidata.org/wiki/Q27121510	DL-dopa		wikidata	wikidata		
wd.Q17021791	wd.Q17021791	https://www.wikidata.org/wiki/Q17021791	health indicator		wikidata	wikidata		
wd.Q22675021	wd.Q22675021	https://www.wikidata.org/wiki/Q22675021	lifetime		wikidata	wikidata		
wd.Q207522	wd.Q207522	https://www.wikidata.org/wiki/Q207522	probability density function		wikidata	wikidata		
wd.Q80091	wd.Q80091	https://www.wikidata.org/wiki/Q80091	integral		wikidata	wikidata		
wd.Q74304	wd.Q74304	https://www.wikidata.org/wiki/Q74304	least squares method		wikidata	wikidata		
wd.Q105675274	wd.Q105675274	https://www.wikidata.org/wiki/Q105675274	regression		wikidata	wikidata		
wd.Q208042	wd.Q208042	https://www.wikidata.org/wiki/Q208042	regression analysis		wikidata	wikidata		
wd.Q816826	wd.Q816826	https://www.wikidata.org/wiki/Q816826	information retrieval		wikidata	wikidata		
wd.Q1292333	wd.Q1292333	https://www.wikidata.org/wiki/Q1292333	free module		wikidata	wikidata		
wd.Q214111	wd.Q214111	https://www.wikidata.org/wiki/Q214111	packet		wikidata	wikidata		
wd.Q1301371	wd.Q1301371	https://www.wikidata.org/wiki/Q1301371	computer network		wikidata	wikidata		
wd.Q155207	wd.Q155207	https://www.wikidata.org/wiki/Q155207	case study		wikidata	wikidata		
wd.Q64418432	wd.Q64418432	https://www.wikidata.org/wiki/Q64418432	statistical investigation		wikidata	wikidata		
wd.Q11893837	wd.Q11893837	https://www.wikidata.org/wiki/Q11893837	scalar function		wikidata	wikidata		
wd.Q629579	wd.Q629579	https://www.wikidata.org/wiki/Q629579	macro		wikidata	wikidata		
wd.Q193395	wd.Q193395	https://www.wikidata.org/wiki/Q193395	recording medium		wikidata	wikidata		
wd.Q3966	wd.Q3966	https://www.wikidata.org/wiki/Q3966	computer hardware		wikidata	wikidata		
wd.Q12251015	wd.Q12251015	https://www.wikidata.org/wiki/Q12251015	information storage medium		wikidata	wikidata		
wd.Q14402036	wd.Q14402036	https://www.wikidata.org/wiki/Q14402036	well-founded induction		wikidata	wikidata		
wd.Q370634	wd.Q370634	https://www.wikidata.org/wiki/Q370634	generalized inverse		wikidata	wikidata		
wd.Q41217	wd.Q41217	https://www.wikidata.org/wiki/Q41217	mechanics		wikidata	wikidata		
wd.Q1144457	wd.Q1144457	https://www.wikidata.org/wiki/Q1144457	quantum physics		wikidata	wikidata		
wd.Q19856468	wd.Q19856468	https://www.wikidata.org/wiki/Q19856468	integer-valued function		wikidata	wikidata		
wd.Q47501813	wd.Q47501813	https://www.wikidata.org/wiki/Q47501813	subadditive function		wikidata	wikidata		
wd.Q119949189	wd.Q119949189	https://www.wikidata.org/wiki/Q119949189	length overall		wikidata	wikidata		
wd.Q14819853	wd.Q14819853	https://www.wikidata.org/wiki/Q14819853	learning or memory		wikidata	wikidata		
wd.Q17156588	wd.Q17156588	https://www.wikidata.org/wiki/Q17156588	resource management		wikidata	wikidata		
wd.Q51096560	wd.Q51096560	https://www.wikidata.org/wiki/Q51096560	operating system task		wikidata	wikidata		
wd.Q30059018	wd.Q30059018	https://www.wikidata.org/wiki/Q30059018	operating system component		wikidata	wikidata		
wd.Q65037298	wd.Q65037298	https://www.wikidata.org/wiki/Q65037298	optical component		wikidata	wikidata		
wd.Q214609	wd.Q214609	https://www.wikidata.org/wiki/Q214609	material		wikidata	wikidata		
wd.Q15303351	wd.Q15303351	https://www.wikidata.org/wiki/Q15303351	art material		wikidata	wikidata		
wd.Q2424752	wd.Q2424752	https://www.wikidata.org/wiki/Q2424752	product		wikidata	wikidata		
wd.Q220659	wd.Q220659	https://www.wikidata.org/wiki/Q220659	archaeological artefact		wikidata	wikidata		
wd.Q8205328	wd.Q8205328	https://www.wikidata.org/wiki/Q8205328	artificial physical object		wikidata	wikidata		
wd.Q111269283	wd.Q111269283	https://www.wikidata.org/wiki/Q111269283	toilet article		wikidata	wikidata		
wd.Q135268492	wd.Q135268492	https://www.wikidata.org/wiki/Q135268492	group of 1		wikidata	wikidata		
wd.Q2347178	wd.Q2347178	https://www.wikidata.org/wiki/Q2347178	development of the human body		wikidata	wikidata		
wd.Q4303473	wd.Q4303473	https://www.wikidata.org/wiki/Q4303473	morphinan alkaloid		wikidata	wikidata		
wd.Q5297	wd.Q5297	https://www.wikidata.org/wiki/Q5297	microprocessor		wikidata	wikidata		
wd.Q1333358	wd.Q1333358	https://www.wikidata.org/wiki/Q1333358	multivariate probability distribution		wikidata	wikidata		
wd.Q232661	wd.Q232661	https://www.wikidata.org/wiki/Q232661	parallel computing		wikidata	wikidata		
wd.Q5365806	wd.Q5365806	https://www.wikidata.org/wiki/Q5365806	elliptical distribution		wikidata	wikidata		
wd.Q4820795	wd.Q4820795	https://www.wikidata.org/wiki/Q4820795	matrix normal distribution		wikidata	wikidata		
wd.Q21119139	wd.Q21119139	https://www.wikidata.org/wiki/Q21119139	muscle system process		wikidata	wikidata		
wd.Q11461	wd.Q11461	https://www.wikidata.org/wiki/Q11461	sound		wikidata	wikidata		
wd.Q735075	wd.Q735075	https://www.wikidata.org/wiki/Q735075	information content		wikidata	wikidata		
wd.Q633403	wd.Q633403	https://www.wikidata.org/wiki/Q633403	asthenia		wikidata	wikidata		
wd.Q102187423	wd.Q102187423	https://www.wikidata.org/wiki/Q102187423	muscle symptom		wikidata	wikidata		
wd.Q200227	wd.Q200227	https://www.wikidata.org/wiki/Q200227	negative real number		wikidata	wikidata		
wd.Q47371099	wd.Q47371099	https://www.wikidata.org/wiki/Q47371099	non-positive integer		wikidata	wikidata		
wd.Q1771903	wd.Q1771903	https://www.wikidata.org/wiki/Q1771903	latency		wikidata	wikidata		
wd.Q82	wd.Q82	https://www.wikidata.org/wiki/Q82	printer		wikidata	wikidata		
wd.Q936549	wd.Q936549	https://www.wikidata.org/wiki/Q936549	somatic symptom disorder		wikidata	wikidata		
wd.Q83042	wd.Q83042	https://www.wikidata.org/wiki/Q83042	neurology		wikidata	wikidata		
wd.Q13896108	wd.Q13896108	https://www.wikidata.org/wiki/Q13896108	non-negative real number		wikidata	wikidata		
wd.Q163875	wd.Q163875	https://www.wikidata.org/wiki/Q163875	cardinal number		wikidata	wikidata		
wd.Q1244890	wd.Q1244890	https://www.wikidata.org/wiki/Q1244890	rational number		wikidata	wikidata		
wd.Q273176	wd.Q273176	https://www.wikidata.org/wiki/Q273176	normal		wikidata	wikidata		
wd.Q50255844	wd.Q50255844	https://www.wikidata.org/wiki/Q50255844	unitarily diagonalizable matrix		wikidata	wikidata		
wd.Q61625231	wd.Q61625231	https://www.wikidata.org/wiki/Q61625231	EP matrix		wikidata	wikidata		
wd.Q1149776	wd.Q1149776	https://www.wikidata.org/wiki/Q1149776	data management		wikidata	wikidata		
wd.Q7512598	wd.Q7512598	https://www.wikidata.org/wiki/Q7512598	sign system		wikidata	wikidata		
wd.Q12656492	wd.Q12656492	https://www.wikidata.org/wiki/Q12656492	hypothesis		wikidata	wikidata		
wd.Q4024260	wd.Q4024260	https://www.wikidata.org/wiki/Q4024260	zero set		wikidata	wikidata		
wd.Q574844	wd.Q574844	https://www.wikidata.org/wiki/Q574844	kernel		wikidata	wikidata		
wd.Q1034411	wd.Q1034411	https://www.wikidata.org/wiki/Q1034411	efficiency		wikidata	wikidata		
wd.Q1437428	wd.Q1437428	https://www.wikidata.org/wiki/Q1437428	programming language semantics		wikidata	wikidata		
wd.Q1719931	wd.Q1719931	https://www.wikidata.org/wiki/Q1719931	ordinal scale		wikidata	wikidata		
wd.Q11563	wd.Q11563	https://www.wikidata.org/wiki/Q11563	number		wikidata	wikidata		
wd.Q309314	wd.Q309314	https://www.wikidata.org/wiki/Q309314	quantity		wikidata	wikidata		
wd.Q31983622	wd.Q31983622	https://www.wikidata.org/wiki/Q31983622	reaction		wikidata	wikidata		
wd.Q657596	wd.Q657596	https://www.wikidata.org/wiki/Q657596	unary operation		wikidata	wikidata		
wd.Q2112445	wd.Q2112445	https://www.wikidata.org/wiki/Q2112445	parallel projection		wikidata	wikidata		
wd.Q740207	wd.Q740207	https://www.wikidata.org/wiki/Q740207	isometry		wikidata	wikidata		
wd.Q3447554	wd.Q3447554	https://www.wikidata.org/wiki/Q3447554	trap		wikidata	wikidata		
wd.Q1425985	wd.Q1425985	https://www.wikidata.org/wiki/Q1425985	preorder		wikidata	wikidata		
wd.Q583760	wd.Q583760	https://www.wikidata.org/wiki/Q583760	antisymmetric relation		wikidata	wikidata		
