4240 candidate labels, 10 done, processing 4230
  325/4230  ok=34 miss=291
  350/4230  ok=46 miss=304
  375/4230  ok=51 miss=324
  850/4230  ok=126 miss=724
  975/4230  ok=138 miss=837
  1250/4230  ok=191 miss=1059
  1400/4230  ok=232 miss=1168
  1500/4230  ok=252 miss=1248
  1700/4230  ok=310 miss=1390
  1725/4230  ok=317 miss=1408
  2050/4230  ok=335 miss=1715
  2300/4230  ok=400 miss=1900
  2325/4230  ok=408 miss=1917
  2375/4230  ok=421 miss=1954
  2475/4230  ok=435 miss=2040
  2500/4230  ok=438 miss=2062
  2575/4230  ok=474 miss=2101
  2750/4230  ok=515 miss=2235
  3150/4230  ok=578 miss=2572
  3175/4230  ok=592 miss=2583
  3300/4230  ok=664 miss=2636
  3325/4230  ok=679 miss=2646
  3350/4230  ok=693 miss=2657
  3375/4230  ok=708 miss=2667
  3400/4230  ok=725 miss=2675
  3425/4230  ok=741 miss=2684
  3525/4230  ok=795 miss=2730
  3550/4230  ok=815 miss=2735
  3575/4230  ok=832 miss=2743
  3600/4230  ok=845 miss=2755
  3625/4230  ok=857 miss=2768
  3650/4230  ok=874 miss=2776
  3725/4230  ok=918 miss=2807
  3775/4230  ok=949 miss=2826
  particle filter: TypeError: error sending request from 172.20.13.226:61107 for https://www.wikidata.org/wiki/Special:EntityData/Q1151499.json (198.35.26.224:443): client error (SendRequest): connection error: address not available
  partition table: TypeError: error sending request for url (https://www.wikidata.org/w/api.php?action=wbsearchentities&search=partition%20table&language=en&format=json&limit=1&type=item): client error (Connect): dns error: failed to lookup address information: nodename nor servname provided, or not known
  password: TypeError: error sending request for url (https://www.wikidata.org/w/api.php?action=wbsearchentities&search=password&language=en&format=json&limit=1&type=item): client error (Connect): dns error: failed to lookup address information: nodename nor servname provided, or not known
  perception: TypeError: error sending request for url (https://www.wikidata.org/w/api.php?action=wbsearchentities&search=perception&language=en&format=json&limit=1&type=item): client error (Connect): dns error: failed to lookup address information: nodename nor servname provided, or not known
  perceptron algorithm: TypeError: error sending request for url (https://www.wikidata.org/w/api.php?action=wbsearchentities&search=perceptron%20algorithm&language=en&format=json&limit=1&type=item): client error (Connect): dns error: failed to lookup address information: nodename nor servname provided, or not known
  permutation: TypeError: error sending request for url (https://www.wikidata.org/w/api.php?action=wbsearchentities&search=permutation&language=en&format=json&limit=1&type=item): client error (Connect): dns error: failed to lookup address information: nodename nor servname provided, or not known
  permutation group: TypeError: error sending request for url (https://www.wikidata.org/w/api.php?action=wbsearchentities&search=permutation%20group&language=en&format=json&limit=1&type=item): client error (Connect): dns error: failed to lookup address information: nodename nor servname provided, or not known
  permutation matrix: TypeError: error sending request for url (https://www.wikidata.org/w/api.php?action=wbsearchentities&search=permutation%20matrix&language=en&format=json&limit=1&type=item): client error (Connect): dns error: failed to lookup address information: nodename nor servname provided, or not known
  personal distance: TypeError: error sending request for url (https://www.wikidata.org/w/api.php?action=wbsearchentities&search=personal%20distance&language=en&format=json&limit=1&type=item): client error (Connect): dns error: failed to lookup address information: nodename nor servname provided, or not known
  personality structure: TypeError: error sending request for url (https://www.wikidata.org/w/api.php?action=wbsearchentities&search=personality%20structure&language=en&format=json&limit=1&type=item): client error (Connect): dns error: failed to lookup address information: nodename nor servname provided, or not known
  personality test: TypeError: error sending request for url (https://www.wikidata.org/w/api.php?action=wbsearchentities&search=personality%20test&language=en&format=json&limit=1&type=item): client error (Connect): dns error: failed to lookup address information: nodename nor servname provided, or not known
  3850/4230  ok=986 miss=2853
  pharyngeal reflex: TypeError: error sending request for url (https://www.wikidata.org/w/api.php?action=wbsearchentities&search=pharyngeal%20reflex&language=en&format=json&limit=1&type=item): client error (Connect): dns error: failed to lookup address information: nodename nor servname provided, or not known
  physical development: TypeError: error sending request for url (https://www.wikidata.org/w/api.php?action=wbsearchentities&search=physical%20development&language=en&format=json&limit=1&type=item): client error (Connect): dns error: failed to lookup address information: nodename nor servname provided, or not known
  physiological mechanism: TypeError: error sending request for url (https://www.wikidata.org/w/api.php?action=wbsearchentities&search=physiological%20mechanism&language=en&format=json&limit=1&type=item): client error (Connect): dns error: failed to lookup address information: nodename nor servname provided, or not known
  plane stress: TypeError: error sending request for url (https://www.wikidata.org/w/api.php?action=wbsearchentities&search=plane%20stress&language=en&format=json&limit=1&type=item): client error (Connect): dns error: failed to lookup address information: nodename nor servname provided, or not known
  plastic strain: TypeError: error sending request for url (https://www.wikidata.org/w/api.php?action=wbsearchentities&search=plastic%20strain&language=en&format=json&limit=1&type=item): client error (Connect): dns error: failed to lookup address information: nodename nor servname provided, or not known
  plastic strain increment: TypeError: error sending request for url (https://www.wikidata.org/w/api.php?action=wbsearchentities&search=plastic%20strain%20increment&language=en&format=json&limit=1&type=item): client error (Connect): dns error: failed to lookup address information: nodename nor servname provided, or not known
  plasticity: TypeError: error sending request for url (https://www.wikidata.org/w/api.php?action=wbsearchentities&search=plasticity&language=en&format=json&limit=1&type=item): client error (Connect): dns error: failed to lookup address information: nodename nor servname provided, or not known
  plug and play: TypeError: error sending request for url (https://www.wikidata.org/w/api.php?action=wbsearchentities&search=plug%20and%20play&language=en&format=json&limit=1&type=item): client error (Connect): dns error: failed to lookup address information: nodename nor servname provided, or not known
  point mass mechanics: TypeError: error sending request for url (https://www.wikidata.org/w/api.php?action=wbsearchentities&search=point%20mass%20mechanics&language=en&format=json&limit=1&type=item): client error (Connect): dns error: failed to lookup address information: nodename nor servname provided, or not known
  point-to-point connection: TypeError: error sending request for url (https://www.wikidata.org/w/api.php?action=wbsearchentities&search=point-to-point%20connection&language=en&format=json&limit=1&type=item): client error (Connect): dns error: failed to lookup address information: nodename nor servname provided, or not known
  polar coordinates: TypeError: error sending request for url (https://www.wikidata.org/w/api.php?action=wbsearchentities&search=polar%20coordinates&language=en&format=json&limit=1&type=item): client error (Connect): dns error: failed to lookup address information: nodename nor servname provided, or not known
  polar equation: TypeError: error sending request for url (https://www.wikidata.org/w/api.php?action=wbsearchentities&search=polar%20equation&language=en&format=json&limit=1&type=item): client error (Connect): dns error: failed to lookup address information: nodename nor servname provided, or not known
  policy iteration: TypeError: error sending request for url (https://www.wikidata.org/w/api.php?action=wbsearchentities&search=policy%20iteration&language=en&format=json&limit=1&type=item): client error (Connect): dns error: failed to lookup address information: nodename nor servname provided, or not known
  polynomial algorithm: TypeError: error sending request for url (https://www.wikidata.org/w/api.php?action=wbsearchentities&search=polynomial%20algorithm&language=en&format=json&limit=1&type=item): client error (Connect): dns error: failed to lookup address information: nodename nor servname provided, or not known
  polynomial equation: TypeError: error sending request for url (https://www.wikidata.org/w/api.php?action=wbsearchentities&search=polynomial%20equation&language=en&format=json&limit=1&type=item): client error (Connect): dns error: failed to lookup address information: nodename nor servname provided, or not known
  polynomial function: TypeError: error sending request for url (https://www.wikidata.org/w/api.php?action=wbsearchentities&search=polynomial%20function&language=en&format=json&limit=1&type=item): client error (Connect): dns error: failed to lookup address information: nodename nor servname provided, or not known
  polynomial matrix: TypeError: error sending request for url (https://www.wikidata.org/w/api.php?action=wbsearchentities&search=polynomial%20matrix&language=en&format=json&limit=1&type=item): client error (Connect): dns error: failed to lookup address information: nodename nor servname provided, or not known
  polynomial method: TypeError: error sending request for url (https://www.wikidata.org/w/api.php?action=wbsearchentities&search=polynomial%20method&language=en&format=json&limit=1&type=item): client error (Connect): dns error: failed to lookup address information: nodename nor servname provided, or not known
  polynomial with integer coefficients: TypeError: error sending request for url (https://www.wikidata.org/w/api.php?action=wbsearchentities&search=polynomial%20with%20integer%20coefficients&language=en&format=json&limit=1&type=item): client error (Connect): dns error: failed to lookup address information: nodename nor servname provided, or not known
  population variance: TypeError: error sending request for url (https://www.wikidata.org/w/api.php?action=wbsearchentities&search=population%20variance&language=en&format=json&limit=1&type=item): client error (Connect): dns error: failed to lookup address information: nodename nor servname provided, or not known
  positive definite matrices: TypeError: error sending request for url (https://www.wikidata.org/w/api.php?action=wbsearchentities&search=positive%20definite%20matrices&language=en&format=json&limit=1&type=item): client error (Connect): dns error: failed to lookup address information: nodename nor servname provided, or not known
  positive matrix: TypeError: error sending request for url (https://www.wikidata.org/w/api.php?action=wbsearchentities&search=positive%20matrix&language=en&format=json&limit=1&type=item): client error (Connect): dns error: failed to lookup address information: nodename nor servname provided, or not known
  potential development: TypeError: error sending request for url (https://www.wikidata.org/w/api.php?action=wbsearchentities&search=potential%20development&language=en&format=json&limit=1&type=item): client error (Connect): dns error: failed to lookup address information: nodename nor servname provided, or not known
  potential function: TypeError: error sending request for url (https://www.wikidata.org/w/api.php?action=wbsearchentities&search=potential%20function&language=en&format=json&limit=1&type=item): client error (Connect): dns error: failed to lookup address information: nodename nor servname provided, or not known
  power set: TypeError: error sending request for url (https://www.wikidata.org/w/api.php?action=wbsearchentities&search=power%20set&language=en&format=json&limit=1&type=item): client error (Connect): dns error: failed to lookup address information: nodename nor servname provided, or not known
  3875/4230  ok=986 miss=2853
  pre-allocation: TypeError: error sending request for url (https://www.wikidata.org/w/api.php?action=wbsearchentities&search=pre-allocation&language=en&format=json&limit=1&type=item): client error (Connect): dns error: failed to lookup address information: nodename nor servname provided, or not known
  precision and recall: TypeError: error sending request for url (https://www.wikidata.org/w/api.php?action=wbsearchentities&search=precision%20and%20recall&language=en&format=json&limit=1&type=item): client error (Connect): dns error: failed to lookup address information: nodename nor servname provided, or not known
  predictability: TypeError: error sending request for url (https://www.wikidata.org/w/api.php?action=wbsearchentities&search=predictability&language=en&format=json&limit=1&type=item): client error (Connect): dns error: failed to lookup address information: nodename nor servname provided, or not known
  prefrontal cortex: TypeError: error sending request for url (https://www.wikidata.org/w/api.php?action=wbsearchentities&search=prefrontal%20cortex&language=en&format=json&limit=1&type=item): client error (Connect): dns error: failed to lookup address information: nodename nor servname provided, or not known
  prenatal: TypeError: error sending request for url (https://www.wikidata.org/w/api.php?action=wbsearchentities&search=prenatal&language=en&format=json&limit=1&type=item): client error (Connect): dns error: failed to lookup address information: nodename nor servname provided, or not known
  principal component analysis (proof): TypeError: error sending request for url (https://www.wikidata.org/w/api.php?action=wbsearchentities&search=principal%20component%20analysis%20(proof)&language=en&format=json&limit=1&type=item): client error (Connect): dns error: failed to lookup address information: nodename nor servname provided, or not known
  priority control: TypeError: error sending request for url (https://www.wikidata.org/w/api.php?action=wbsearchentities&search=priority%20control&language=en&format=json&limit=1&type=item): client error (Connect): dns error: failed to lookup address information: nodename nor servname provided, or not known
  priority scheduling: TypeError: error sending request for url (https://www.wikidata.org/w/api.php?action=wbsearchentities&search=priority%20scheduling&language=en&format=json&limit=1&type=item): client error (Connect): dns error: failed to lookup address information: nodename nor servname provided, or not known
  privileged instruction: TypeError: error sending request for url (https://www.wikidata.org/w/api.php?action=wbsearchentities&search=privileged%20instruction&language=en&format=json&limit=1&type=item): client error (Connect): dns error: failed to lookup address information: nodename nor servname provided, or not known
  probabilistic Latent Semantic Analysis: TypeError: error sending request for url (https://www.wikidata.org/w/api.php?action=wbsearchentities&search=probabilistic%20Latent%20Semantic%20Analysis&language=en&format=json&limit=1&type=item): client error (Connect): dns error: failed to lookup address information: nodename nor servname provided, or not known
  probabilistic PCA: TypeError: error sending request for url (https://www.wikidata.org/w/api.php?action=wbsearchentities&search=probabilistic%20PCA&language=en&format=json&limit=1&type=item): client error (Connect): dns error: failed to lookup address information: nodename nor servname provided, or not known
  probability: TypeError: error sending request for url (https://www.wikidata.org/w/api.php?action=wbsearchentities&search=probability&language=en&format=json&limit=1&type=item): client error (Connect): dns error: failed to lookup address information: nodename nor servname provided, or not known
  probability calculation: TypeError: error sending request for url (https://www.wikidata.org/w/api.php?action=wbsearchentities&search=probability%20calculation&language=en&format=json&limit=1&type=item): client error (Connect): dns error: failed to lookup address information: nodename nor servname provided, or not known
  probability distribution function: TypeError: error sending request for url (https://www.wikidata.org/w/api.php?action=wbsearchentities&search=probability%20distribution%20function&language=en&format=json&limit=1&type=item): client error (Connect): dns error: failed to lookup address information: nodename nor servname provided, or not known
  probability function: TypeError: error sending request for url (https://www.wikidata.org/w/api.php?action=wbsearchentities&search=probability%20function&language=en&format=json&limit=1&type=item): client error (Connect): dns error: failed to lookup address information: nodename nor servname provided, or not known
  probability space: TypeError: error sending request for url (https://www.wikidata.org/w/api.php?action=wbsearchentities&search=probability%20space&language=en&format=json&limit=1&type=item): client error (Connect): dns error: failed to lookup address information: nodename nor servname provided, or not known
  probability theory and mathematical statistics: TypeError: error sending request for url (https://www.wikidata.org/w/api.php?action=wbsearchentities&search=probability%20theory%20and%20mathematical%20statistics&language=en&format=json&limit=1&type=item): client error (Connect): dns error: failed to lookup address information: nodename nor servname provided, or not known
  probability value: TypeError: error sending request for url (https://www.wikidata.org/w/api.php?action=wbsearchentities&search=probability%20value&language=en&format=json&limit=1&type=item): client error (Connect): dns error: failed to lookup address information: nodename nor servname provided, or not known
  probit function: TypeError: error sending request for url (https://www.wikidata.org/w/api.php?action=wbsearchentities&search=probit%20function&language=en&format=json&limit=1&type=item): client error (Connect): dns error: failed to lookup address information: nodename nor servname provided, or not known
  probit regression: TypeError: error sending request for url (https://www.wikidata.org/w/api.php?action=wbsearchentities&search=probit%20regression&language=en&format=json&limit=1&type=item): client error (Connect): dns error: failed to lookup address information: nodename nor servname provided, or not known
  process replication: TypeError: error sending request for url (https://www.wikidata.org/w/api.php?action=wbsearchentities&search=process%20replication&language=en&format=json&limit=1&type=item): client error (Connect): dns error: failed to lookup address information: nodename nor servname provided, or not known
  process scheduling: TypeError: error sending request for url (https://www.wikidata.org/w/api.php?action=wbsearchentities&search=process%20scheduling&language=en&format=json&limit=1&type=item): client error (Connect): dns error: failed to lookup address information: nodename nor servname provided, or not known
  process state: TypeError: error sending request for url (https://www.wikidata.org/w/api.php?action=wbsearchentities&search=process%20state&language=en&format=json&limit=1&type=item): client error (Connect): dns error: failed to lookup address information: nodename nor servname provided, or not known
  processing unit: TypeError: error sending request for url (https://www.wikidata.org/w/api.php?action=wbsearchentities&search=processing%20unit&language=en&format=json&limit=1&type=item): client error (Connect): dns error: failed to lookup address information: nodename nor servname provided, or not known
  processing workflow: TypeError: error sending request for url (https://www.wikidata.org/w/api.php?action=wbsearchentities&search=processing%20workflow&language=en&format=json&limit=1&type=item): client error (Connect): dns error: failed to lookup address information: nodename nor servname provided, or not known
  3900/4230  ok=986 miss=2853
  processor: TypeError: error sending request for url (https://www.wikidata.org/w/api.php?action=wbsearchentities&search=processor&language=en&format=json&limit=1&type=item): client error (Connect): dns error: failed to lookup address information: nodename nor servname provided, or not known
  processor scheduling: TypeError: error sending request for url (https://www.wikidata.org/w/api.php?action=wbsearchentities&search=processor%20scheduling&language=en&format=json&limit=1&type=item): client error (Connect): dns error: failed to lookup address information: nodename nor servname provided, or not known
  program instruction: TypeError: error sending request for url (https://www.wikidata.org/w/api.php?action=wbsearchentities&search=program%20instruction&language=en&format=json&limit=1&type=item): client error (Connect): dns error: failed to lookup address information: nodename nor servname provided, or not known
  program status: TypeError: error sending request for url (https://www.wikidata.org/w/api.php?action=wbsearchentities&search=program%20status&language=en&format=json&limit=1&type=item): client error (Connect): dns error: failed to lookup address information: nodename nor servname provided, or not known
  program status word: TypeError: error sending request for url (https://www.wikidata.org/w/api.php?action=wbsearchentities&search=program%20status%20word&language=en&format=json&limit=1&type=item): client error (Connect): dns error: failed to lookup address information: nodename nor servname provided, or not known
  program transformation: TypeError: error sending request for url (https://www.wikidata.org/w/api.php?action=wbsearchentities&search=program%20transformation&language=en&format=json&limit=1&type=item): client error (Connect): dns error: failed to lookup address information: nodename nor servname provided, or not known
  program verification: TypeError: error sending request for url (https://www.wikidata.org/w/api.php?action=wbsearchentities&search=program%20verification&language=en&format=json&limit=1&type=item): client error (Connect): dns error: failed to lookup address information: nodename nor servname provided, or not known
  projection matrix: TypeError: error sending request for url (https://www.wikidata.org/w/api.php?action=wbsearchentities&search=projection%20matrix&language=en&format=json&limit=1&type=item): client error (Connect): dns error: failed to lookup address information: nodename nor servname provided, or not known
  projection onto a subspace: TypeError: error sending request for url (https://www.wikidata.org/w/api.php?action=wbsearchentities&search=projection%20onto%20a%20subspace&language=en&format=json&limit=1&type=item): client error (Connect): dns error: failed to lookup address information: nodename nor servname provided, or not known
  projective space: TypeError: error sending request for url (https://www.wikidata.org/w/api.php?action=wbsearchentities&search=projective%20space&language=en&format=json&limit=1&type=item): client error (Connect): dns error: failed to lookup address information: nodename nor servname provided, or not known
  projective transformation: TypeError: error sending request for url (https://www.wikidata.org/w/api.php?action=wbsearchentities&search=projective%20transformation&language=en&format=json&limit=1&type=item): client error (Connect): dns error: failed to lookup address information: nodename nor servname provided, or not known
  proofs in first-order logic: TypeError: error sending request for url (https://www.wikidata.org/w/api.php?action=wbsearchentities&search=proofs%20in%20first-order%20logic&language=en&format=json&limit=1&type=item): client error (Connect): dns error: failed to lookup address information: nodename nor servname provided, or not known
  propositional logic: TypeError: error sending request for url (https://www.wikidata.org/w/api.php?action=wbsearchentities&search=propositional%20logic&language=en&format=json&limit=1&type=item): client error (Connect): dns error: failed to lookup address information: nodename nor servname provided, or not known
  propositional proofs: TypeError: error sending request for url (https://www.wikidata.org/w/api.php?action=wbsearchentities&search=propositional%20proofs&language=en&format=json&limit=1&type=item): client error (Connect): dns error: failed to lookup address information: nodename nor servname provided, or not known
  propositional resolution: TypeError: error sending request for url (https://www.wikidata.org/w/api.php?action=wbsearchentities&search=propositional%20resolution&language=en&format=json&limit=1&type=item): client error (Connect): dns error: failed to lookup address information: nodename nor servname provided, or not known
  propositional satisfiability: TypeError: error sending request for url (https://www.wikidata.org/w/api.php?action=wbsearchentities&search=propositional%20satisfiability&language=en&format=json&limit=1&type=item): client error (Connect): dns error: failed to lookup address information: nodename nor servname provided, or not known
  protection bit: TypeError: error sending request for url (https://www.wikidata.org/w/api.php?action=wbsearchentities&search=protection%20bit&language=en&format=json&limit=1&type=item): client error (Connect): dns error: failed to lookup address information: nodename nor servname provided, or not known
  protocol data unit: TypeError: error sending request for url (https://www.wikidata.org/w/api.php?action=wbsearchentities&search=protocol%20data%20unit&language=en&format=json&limit=1&type=item): client error (Connect): dns error: failed to lookup address information: nodename nor servname provided, or not known
  proximity: TypeError: error sending request for url (https://www.wikidata.org/w/api.php?action=wbsearchentities&search=proximity&language=en&format=json&limit=1&type=item): client error (Connect): dns error: failed to lookup address information: nodename nor servname provided, or not known
  pseudo-random number: TypeError: error sending request for url (https://www.wikidata.org/w/api.php?action=wbsearchentities&search=pseudo-random%20number&language=en&format=json&limit=1&type=item): client error (Connect): dns error: failed to lookup address information: nodename nor servname provided, or not known
  pseudocode: TypeError: error sending request for url (https://www.wikidata.org/w/api.php?action=wbsearchentities&search=pseudocode&language=en&format=json&limit=1&type=item): client error (Connect): dns error: failed to lookup address information: nodename nor servname provided, or not known
  psychiatrist: TypeError: error sending request for url (https://www.wikidata.org/w/api.php?action=wbsearchentities&search=psychiatrist&language=en&format=json&limit=1&type=item): client error (Connect): dns error: failed to lookup address information: nodename nor servname provided, or not known
  psychological adaptation: TypeError: error sending request for url (https://www.wikidata.org/w/api.php?action=wbsearchentities&search=psychological%20adaptation&language=en&format=json&limit=1&type=item): client error (Connect): dns error: failed to lookup address information: nodename nor servname provided, or not known
  psychological counseling: TypeError: error sending request for url (https://www.wikidata.org/w/api.php?action=wbsearchentities&search=psychological%20counseling&language=en&format=json&limit=1&type=item): client error (Connect): dns error: failed to lookup address information: nodename nor servname provided, or not known
  psychological dimension: TypeError: error sending request for url (https://www.wikidata.org/w/api.php?action=wbsearchentities&search=psychological%20dimension&language=en&format=json&limit=1&type=item): client error (Connect): dns error: failed to lookup address information: nodename nor servname provided, or not known
  3925/4230  ok=986 miss=2853
  psychological guidance: TypeError: error sending request for url (https://www.wikidata.org/w/api.php?action=wbsearchentities&search=psychological%20guidance&language=en&format=json&limit=1&type=item): client error (Connect): dns error: failed to lookup address information: nodename nor servname provided, or not known
  psychological tendency: TypeError: error sending request for url (https://www.wikidata.org/w/api.php?action=wbsearchentities&search=psychological%20tendency&language=en&format=json&limit=1&type=item): client error (Connect): dns error: failed to lookup address information: nodename nor servname provided, or not known
  psychology of art: TypeError: error sending request for url (https://www.wikidata.org/w/api.php?action=wbsearchentities&search=psychology%20of%20art&language=en&format=json&limit=1&type=item): client error (Connect): dns error: failed to lookup address information: nodename nor servname provided, or not known
  psychometry: TypeError: error sending request for url (https://www.wikidata.org/w/api.php?action=wbsearchentities&search=psychometry&language=en&format=json&limit=1&type=item): client error (Connect): dns error: failed to lookup address information: nodename nor servname provided, or not known
  psychotherapist: TypeError: error sending request for url (https://www.wikidata.org/w/api.php?action=wbsearchentities&search=psychotherapist&language=en&format=json&limit=1&type=item): client error (Connect): dns error: failed to lookup address information: nodename nor servname provided, or not known
  psychotherapy: TypeError: error sending request for url (https://www.wikidata.org/w/api.php?action=wbsearchentities&search=psychotherapy&language=en&format=json&limit=1&type=item): client error (Connect): dns error: failed to lookup address information: nodename nor servname provided, or not known
  pullback: TypeError: error sending request for url (https://www.wikidata.org/w/api.php?action=wbsearchentities&search=pullback&language=en&format=json&limit=1&type=item): client error (Connect): dns error: failed to lookup address information: nodename nor servname provided, or not known
  quartic equation: TypeError: error sending request for url (https://www.wikidata.org/w/api.php?action=wbsearchentities&search=quartic%20equation&language=en&format=json&limit=1&type=item): client error (Connect): dns error: failed to lookup address information: nodename nor servname provided, or not known
  quicksort: TypeError: error sending request for url (https://www.wikidata.org/w/api.php?action=wbsearchentities&search=quicksort&language=en&format=json&limit=1&type=item): client error (Connect): dns error: failed to lookup address information: nodename nor servname provided, or not known
  random access memory: TypeError: error sending request for url (https://www.wikidata.org/w/api.php?action=wbsearchentities&search=random%20access%20memory&language=en&format=json&limit=1&type=item): client error (Connect): dns error: failed to lookup address information: nodename nor servname provided, or not known
  random forests: TypeError: error sending request for url (https://www.wikidata.org/w/api.php?action=wbsearchentities&search=random%20forests&language=en&format=json&limit=1&type=item): client error (Connect): dns error: failed to lookup address information: nodename nor servname provided, or not known
  random interval: TypeError: error sending request for url (https://www.wikidata.org/w/api.php?action=wbsearchentities&search=random%20interval&language=en&format=json&limit=1&type=item): client error (Connect): dns error: failed to lookup address information: nodename nor servname provided, or not known
  random phenomenon: TypeError: error sending request for url (https://www.wikidata.org/w/api.php?action=wbsearchentities&search=random%20phenomenon&language=en&format=json&limit=1&type=item): client error (Connect): dns error: failed to lookup address information: nodename nor servname provided, or not known
  random variables: TypeError: error sending request for url (https://www.wikidata.org/w/api.php?action=wbsearchentities&search=random%20variables&language=en&format=json&limit=1&type=item): client error (Connect): dns error: failed to lookup address information: nodename nor servname provided, or not known
  random vector: TypeError: error sending request for url (https://www.wikidata.org/w/api.php?action=wbsearchentities&search=random%20vector&language=en&format=json&limit=1&type=item): client error (Connect): dns error: failed to lookup address information: nodename nor servname provided, or not known
  rank of a matrix: TypeError: error sending request for url (https://www.wikidata.org/w/api.php?action=wbsearchentities&search=rank%20of%20a%20matrix&language=en&format=json&limit=1&type=item): client error (Connect): dns error: failed to lookup address information: nodename nor servname provided, or not known
  rational fraction: TypeError: error sending request for url (https://www.wikidata.org/w/api.php?action=wbsearchentities&search=rational%20fraction&language=en&format=json&limit=1&type=item): client error (Connect): dns error: failed to lookup address information: nodename nor servname provided, or not known
  rational function: TypeError: error sending request for url (https://www.wikidata.org/w/api.php?action=wbsearchentities&search=rational%20function&language=en&format=json&limit=1&type=item): client error (Connect): dns error: failed to lookup address information: nodename nor servname provided, or not known
  rationalization: TypeError: error sending request for url (https://www.wikidata.org/w/api.php?action=wbsearchentities&search=rationalization&language=en&format=json&limit=1&type=item): client error (Connect): dns error: failed to lookup address information: nodename nor servname provided, or not known
  raw moment: TypeError: error sending request for url (https://www.wikidata.org/w/api.php?action=wbsearchentities&search=raw%20moment&language=en&format=json&limit=1&type=item): client error (Connect): dns error: failed to lookup address information: nodename nor servname provided, or not known
  re-execution: TypeError: error sending request for url (https://www.wikidata.org/w/api.php?action=wbsearchentities&search=re-execution&language=en&format=json&limit=1&type=item): client error (Connect): dns error: failed to lookup address information: nodename nor servname provided, or not known
  reaction time: TypeError: error sending request for url (https://www.wikidata.org/w/api.php?action=wbsearchentities&search=reaction%20time&language=en&format=json&limit=1&type=item): client error (Connect): dns error: failed to lookup address information: nodename nor servname provided, or not known
  ready state: TypeError: error sending request for url (https://www.wikidata.org/w/api.php?action=wbsearchentities&search=ready%20state&language=en&format=json&limit=1&type=item): client error (Connect): dns error: failed to lookup address information: nodename nor servname provided, or not known
  real axis: TypeError: error sending request for url (https://www.wikidata.org/w/api.php?action=wbsearchentities&search=real%20axis&language=en&format=json&limit=1&type=item): client error (Connect): dns error: failed to lookup address information: nodename nor servname provided, or not known
  real number field: TypeError: error sending request for url (https://www.wikidata.org/w/api.php?action=wbsearchentities&search=real%20number%20field&language=en&format=json&limit=1&type=item): client error (Connect): dns error: failed to lookup address information: nodename nor servname provided, or not known
  3950/4230  ok=986 miss=2853
  real numbers: TypeError: error sending request for url (https://www.wikidata.org/w/api.php?action=wbsearchentities&search=real%20numbers&language=en&format=json&limit=1&type=item): client error (Connect): dns error: failed to lookup address information: nodename nor servname provided, or not known
  real quadratic form: TypeError: error sending request for url (https://www.wikidata.org/w/api.php?action=wbsearchentities&search=real%20quadratic%20form&language=en&format=json&limit=1&type=item): client error (Connect): dns error: failed to lookup address information: nodename nor servname provided, or not known
  real vector space: TypeError: error sending request for url (https://www.wikidata.org/w/api.php?action=wbsearchentities&search=real%20vector%20space&language=en&format=json&limit=1&type=item): client error (Connect): dns error: failed to lookup address information: nodename nor servname provided, or not known
  real-time scheduling: TypeError: error sending request for url (https://www.wikidata.org/w/api.php?action=wbsearchentities&search=real-time%20scheduling&language=en&format=json&limit=1&type=item): client error (Connect): dns error: failed to lookup address information: nodename nor servname provided, or not known
  real-time system: TypeError: error sending request for url (https://www.wikidata.org/w/api.php?action=wbsearchentities&search=real-time%20system&language=en&format=json&limit=1&type=item): client error (Connect): dns error: failed to lookup address information: nodename nor servname provided, or not known
  real-valued function: TypeError: error sending request for url (https://www.wikidata.org/w/api.php?action=wbsearchentities&search=real-valued%20function&language=en&format=json&limit=1&type=item): client error (Connect): dns error: failed to lookup address information: nodename nor servname provided, or not known
  reasoning with Horn clauses: TypeError: error sending request for url (https://www.wikidata.org/w/api.php?action=wbsearchentities&search=reasoning%20with%20Horn%20clauses&language=en&format=json&limit=1&type=item): client error (Connect): dns error: failed to lookup address information: nodename nor servname provided, or not known
  recognition: TypeError: error sending request for url (https://www.wikidata.org/w/api.php?action=wbsearchentities&search=recognition&language=en&format=json&limit=1&type=item): client error (Connect): dns error: failed to lookup address information: nodename nor servname provided, or not known
  recognition memory: TypeError: error sending request for url (https://www.wikidata.org/w/api.php?action=wbsearchentities&search=recognition%20memory&language=en&format=json&limit=1&type=item): client error (Connect): dns error: failed to lookup address information: nodename nor servname provided, or not known
  record structure: TypeError: error sending request for url (https://www.wikidata.org/w/api.php?action=wbsearchentities&search=record%20structure&language=en&format=json&limit=1&type=item): client error (Connect): dns error: failed to lookup address information: nodename nor servname provided, or not known
  recovery mechanism: TypeError: error sending request for url (https://www.wikidata.org/w/api.php?action=wbsearchentities&search=recovery%20mechanism&language=en&format=json&limit=1&type=item): client error (Connect): dns error: failed to lookup address information: nodename nor servname provided, or not known
  recursion theorem: TypeError: error sending request for url (https://www.wikidata.org/w/api.php?action=wbsearchentities&search=recursion%20theorem&language=en&format=json&limit=1&type=item): client error (Connect): dns error: failed to lookup address information: nodename nor servname provided, or not known
  recursive definition: TypeError: error sending request for url (https://www.wikidata.org/w/api.php?action=wbsearchentities&search=recursive%20definition&language=en&format=json&limit=1&type=item): client error (Connect): dns error: failed to lookup address information: nodename nor servname provided, or not known
  recursive functions: TypeError: error sending request for url (https://www.wikidata.org/w/api.php?action=wbsearchentities&search=recursive%20functions&language=en&format=json&limit=1&type=item): client error (Connect): dns error: failed to lookup address information: nodename nor servname provided, or not known
  recursive query: TypeError: error sending request for url (https://www.wikidata.org/w/api.php?action=wbsearchentities&search=recursive%20query&language=en&format=json&limit=1&type=item): client error (Connect): dns error: failed to lookup address information: nodename nor servname provided, or not known
  red-black tree: TypeError: error sending request for url (https://www.wikidata.org/w/api.php?action=wbsearchentities&search=red-black%20tree&language=en&format=json&limit=1&type=item): client error (Connect): dns error: failed to lookup address information: nodename nor servname provided, or not known
  reflex system: TypeError: error sending request for url (https://www.wikidata.org/w/api.php?action=wbsearchentities&search=reflex%20system&language=en&format=json&limit=1&type=item): client error (Connect): dns error: failed to lookup address information: nodename nor servname provided, or not known
  register machines: TypeError: error sending request for url (https://www.wikidata.org/w/api.php?action=wbsearchentities&search=register%20machines&language=en&format=json&limit=1&type=item): client error (Connect): dns error: failed to lookup address information: nodename nor servname provided, or not known
  regression to the mean: TypeError: error sending request for url (https://www.wikidata.org/w/api.php?action=wbsearchentities&search=regression%20to%20the%20mean&language=en&format=json&limit=1&type=item): client error (Connect): dns error: failed to lookup address information: nodename nor servname provided, or not known
  regular icosahedron: TypeError: error sending request for url (https://www.wikidata.org/w/api.php?action=wbsearchentities&search=regular%20icosahedron&language=en&format=json&limit=1&type=item): client error (Connect): dns error: failed to lookup address information: nodename nor servname provided, or not known
  regular polyhedron: TypeError: error sending request for url (https://www.wikidata.org/w/api.php?action=wbsearchentities&search=regular%20polyhedron&language=en&format=json&limit=1&type=item): client error (Connect): dns error: failed to lookup address information: nodename nor servname provided, or not known
  regularization: TypeError: error sending request for url (https://www.wikidata.org/w/api.php?action=wbsearchentities&search=regularization&language=en&format=json&limit=1&type=item): client error (Connect): dns error: failed to lookup address information: nodename nor servname provided, or not known
  reinforcement schedule: TypeError: error sending request for url (https://www.wikidata.org/w/api.php?action=wbsearchentities&search=reinforcement%20schedule&language=en&format=json&limit=1&type=item): client error (Connect): dns error: failed to lookup address information: nodename nor servname provided, or not known
  reinforcement theory: TypeError: error sending request for url (https://www.wikidata.org/w/api.php?action=wbsearchentities&search=reinforcement%20theory&language=en&format=json&limit=1&type=item): client error (Connect): dns error: failed to lookup address information: nodename nor servname provided, or not known
  reinstall: TypeError: error sending request for url (https://www.wikidata.org/w/api.php?action=wbsearchentities&search=reinstall&language=en&format=json&limit=1&type=item): client error (Connect): dns error: failed to lookup address information: nodename nor servname provided, or not known
  3975/4230  ok=986 miss=2853
  rejection: TypeError: error sending request for url (https://www.wikidata.org/w/api.php?action=wbsearchentities&search=rejection&language=en&format=json&limit=1&type=item): client error (Connect): dns error: failed to lookup address information: nodename nor servname provided, or not known
  rejection sampling: TypeError: error sending request for url (https://www.wikidata.org/w/api.php?action=wbsearchentities&search=rejection%20sampling&language=en&format=json&limit=1&type=item): client error (Connect): dns error: failed to lookup address information: nodename nor servname provided, or not known
  relative address: TypeError: error sending request for url (https://www.wikidata.org/w/api.php?action=wbsearchentities&search=relative%20address&language=en&format=json&limit=1&type=item): client error (Connect): dns error: failed to lookup address information: nodename nor servname provided, or not known
  relative addressing: TypeError: error sending request for url (https://www.wikidata.org/w/api.php?action=wbsearchentities&search=relative%20addressing&language=en&format=json&limit=1&type=item): client error (Connect): dns error: failed to lookup address information: nodename nor servname provided, or not known
  remote system: TypeError: error sending request for url (https://www.wikidata.org/w/api.php?action=wbsearchentities&search=remote%20system&language=en&format=json&limit=1&type=item): client error (Connect): dns error: failed to lookup address information: nodename nor servname provided, or not known
  representability in arithmetic: TypeError: error sending request for url (https://www.wikidata.org/w/api.php?action=wbsearchentities&search=representability%20in%20arithmetic&language=en&format=json&limit=1&type=item): client error (Connect): dns error: failed to lookup address information: nodename nor servname provided, or not known
  representation: TypeError: error sending request for url (https://www.wikidata.org/w/api.php?action=wbsearchentities&search=representation&language=en&format=json&limit=1&type=item): client error (Connect): dns error: failed to lookup address information: nodename nor servname provided, or not known
  reset circuit: TypeError: error sending request for url (https://www.wikidata.org/w/api.php?action=wbsearchentities&search=reset%20circuit&language=en&format=json&limit=1&type=item): client error (Connect): dns error: failed to lookup address information: nodename nor servname provided, or not known
  restart: TypeError: error sending request for url (https://www.wikidata.org/w/api.php?action=wbsearchentities&search=restart&language=en&format=json&limit=1&type=item): client error (Connect): dns error: failed to lookup address information: nodename nor servname provided, or not known
  restricted Boltzmann machines: TypeError: error sending request for url (https://www.wikidata.org/w/api.php?action=wbsearchentities&search=restricted%20Boltzmann%20machines&language=en&format=json&limit=1&type=item): client error (Connect): dns error: failed to lookup address information: nodename nor servname provided, or not known
  retinal blood vessels: TypeError: error sending request for url (https://www.wikidata.org/w/api.php?action=wbsearchentities&search=retinal%20blood%20vessels&language=en&format=json&limit=1&type=item): client error (Connect): dns error: failed to lookup address information: nodename nor servname provided, or not known
  reversible jump MCMC: TypeError: error sending request for url (https://www.wikidata.org/w/api.php?action=wbsearchentities&search=reversible%20jump%20MCMC&language=en&format=json&limit=1&type=item): client error (Connect): dns error: failed to lookup address information: nodename nor servname provided, or not known
  reward: TypeError: error sending request for url (https://www.wikidata.org/w/api.php?action=wbsearchentities&search=reward&language=en&format=json&limit=1&type=item): client error (Connect): dns error: failed to lookup address information: nodename nor servname provided, or not known
  ridge regression: TypeError: error sending request for url (https://www.wikidata.org/w/api.php?action=wbsearchentities&search=ridge%20regression&language=en&format=json&limit=1&type=item): client error (Connect): dns error: failed to lookup address information: nodename nor servname provided, or not known
  ridge regression as SVD: TypeError: error sending request for url (https://www.wikidata.org/w/api.php?action=wbsearchentities&search=ridge%20regression%20as%20SVD&language=en&format=json&limit=1&type=item): client error (Connect): dns error: failed to lookup address information: nodename nor servname provided, or not known
  right shift: TypeError: error sending request for url (https://www.wikidata.org/w/api.php?action=wbsearchentities&search=right%20shift&language=en&format=json&limit=1&type=item): client error (Connect): dns error: failed to lookup address information: nodename nor servname provided, or not known
  rigid body displacement: TypeError: error sending request for url (https://www.wikidata.org/w/api.php?action=wbsearchentities&search=rigid%20body%20displacement&language=en&format=json&limit=1&type=item): client error (Connect): dns error: failed to lookup address information: nodename nor servname provided, or not known
  rigid body mechanics: TypeError: error sending request for url (https://www.wikidata.org/w/api.php?action=wbsearchentities&search=rigid%20body%20mechanics&language=en&format=json&limit=1&type=item): client error (Connect): dns error: failed to lookup address information: nodename nor servname provided, or not known
  rigidity: TypeError: error sending request for url (https://www.wikidata.org/w/api.php?action=wbsearchentities&search=rigidity&language=en&format=json&limit=1&type=item): client error (Connect): dns error: failed to lookup address information: nodename nor servname provided, or not known
  roots of polynomials: TypeError: error sending request for url (https://www.wikidata.org/w/api.php?action=wbsearchentities&search=roots%20of%20polynomials&language=en&format=json&limit=1&type=item): client error (Connect): dns error: failed to lookup address information: nodename nor servname provided, or not known
  rotation transformation: TypeError: error sending request for url (https://www.wikidata.org/w/api.php?action=wbsearchentities&search=rotation%20transformation&language=en&format=json&limit=1&type=item): client error (Connect): dns error: failed to lookup address information: nodename nor servname provided, or not known
  route aggregation: TypeError: error sending request for url (https://www.wikidata.org/w/api.php?action=wbsearchentities&search=route%20aggregation&language=en&format=json&limit=1&type=item): client error (Connect): dns error: failed to lookup address information: nodename nor servname provided, or not known
  routing: TypeError: error sending request for url (https://www.wikidata.org/w/api.php?action=wbsearchentities&search=routing&language=en&format=json&limit=1&type=item): client error (Connect): dns error: failed to lookup address information: nodename nor servname provided, or not known
  routing algorithm: TypeError: error sending request for url (https://www.wikidata.org/w/api.php?action=wbsearchentities&search=routing%20algorithm&language=en&format=json&limit=1&type=item): client error (Connect): dns error: failed to lookup address information: nodename nor servname provided, or not known
  routing information protocol: TypeError: error sending request for url (https://www.wikidata.org/w/api.php?action=wbsearchentities&search=routing%20information%20protocol&language=en&format=json&limit=1&type=item): client error (Connect): dns error: failed to lookup address information: nodename nor servname provided, or not known
  4000/4230  ok=986 miss=2853
  routing protocol: TypeError: error sending request for url (https://www.wikidata.org/w/api.php?action=wbsearchentities&search=routing%20protocol&language=en&format=json&limit=1&type=item): client error (Connect): dns error: failed to lookup address information: nodename nor servname provided, or not known
  runtime: TypeError: error sending request for url (https://www.wikidata.org/w/api.php?action=wbsearchentities&search=runtime&language=en&format=json&limit=1&type=item): client error (Connect): dns error: failed to lookup address information: nodename nor servname provided, or not known
  safe mode: TypeError: error sending request for url (https://www.wikidata.org/w/api.php?action=wbsearchentities&search=safe%20mode&language=en&format=json&limit=1&type=item): client error (Connect): dns error: failed to lookup address information: nodename nor servname provided, or not known
  sample: TypeError: error sending request for url (https://www.wikidata.org/w/api.php?action=wbsearchentities&search=sample&language=en&format=json&limit=1&type=item): client error (Connect): dns error: failed to lookup address information: nodename nor servname provided, or not known
  sample mean: TypeError: error sending request for url (https://www.wikidata.org/w/api.php?action=wbsearchentities&search=sample%20mean&language=en&format=json&limit=1&type=item): client error (Connect): dns error: failed to lookup address information: nodename nor servname provided, or not known
  sample point: TypeError: error sending request for url (https://www.wikidata.org/w/api.php?action=wbsearchentities&search=sample%20point&language=en&format=json&limit=1&type=item): client error (Connect): dns error: failed to lookup address information: nodename nor servname provided, or not known
  sample space: TypeError: error sending request for url (https://www.wikidata.org/w/api.php?action=wbsearchentities&search=sample%20space&language=en&format=json&limit=1&type=item): client error (Connect): dns error: failed to lookup address information: nodename nor servname provided, or not known
  sample variance: TypeError: error sending request for url (https://www.wikidata.org/w/api.php?action=wbsearchentities&search=sample%20variance&language=en&format=json&limit=1&type=item): client error (Connect): dns error: failed to lookup address information: nodename nor servname provided, or not known
  sampling from a Gaussian: TypeError: error sending request for url (https://www.wikidata.org/w/api.php?action=wbsearchentities&search=sampling%20from%20a%20Gaussian&language=en&format=json&limit=1&type=item): client error (Connect): dns error: failed to lookup address information: nodename nor servname provided, or not known
  satisfiable: TypeError: error sending request for url (https://www.wikidata.org/w/api.php?action=wbsearchentities&search=satisfiable&language=en&format=json&limit=1&type=item): client error (Connect): dns error: failed to lookup address information: nodename nor servname provided, or not known
  scanner: TypeError: error sending request for url (https://www.wikidata.org/w/api.php?action=wbsearchentities&search=scanner&language=en&format=json&limit=1&type=item): client error (Connect): dns error: failed to lookup address information: nodename nor servname provided, or not known
  scheduler: TypeError: error sending request for url (https://www.wikidata.org/w/api.php?action=wbsearchentities&search=scheduler&language=en&format=json&limit=1&type=item): client error (Connect): dns error: failed to lookup address information: nodename nor servname provided, or not known
  scheduling algorithm: TypeError: error sending request for url (https://www.wikidata.org/w/api.php?action=wbsearchentities&search=scheduling%20algorithm&language=en&format=json&limit=1&type=item): client error (Connect): dns error: failed to lookup address information: nodename nor servname provided, or not known
  scheduling policy: TypeError: error sending request for url (https://www.wikidata.org/w/api.php?action=wbsearchentities&search=scheduling%20policy&language=en&format=json&limit=1&type=item): client error (Connect): dns error: failed to lookup address information: nodename nor servname provided, or not known
  secant function: TypeError: error sending request for url (https://www.wikidata.org/w/api.php?action=wbsearchentities&search=secant%20function&language=en&format=json&limit=1&type=item): client error (Connect): dns error: failed to lookup address information: nodename nor servname provided, or not known
  second generation computer: TypeError: error sending request for url (https://www.wikidata.org/w/api.php?action=wbsearchentities&search=second%20generation%20computer&language=en&format=json&limit=1&type=item): client error (Connect): dns error: failed to lookup address information: nodename nor servname provided, or not known
  security event: TypeError: error sending request for url (https://www.wikidata.org/w/api.php?action=wbsearchentities&search=security%20event&language=en&format=json&limit=1&type=item): client error (Connect): dns error: failed to lookup address information: nodename nor servname provided, or not known
  segment length: TypeError: error sending request for url (https://www.wikidata.org/w/api.php?action=wbsearchentities&search=segment%20length&language=en&format=json&limit=1&type=item): client error (Connect): dns error: failed to lookup address information: nodename nor servname provided, or not known
  segment table: TypeError: error sending request for url (https://www.wikidata.org/w/api.php?action=wbsearchentities&search=segment%20table&language=en&format=json&limit=1&type=item): client error (Connect): dns error: failed to lookup address information: nodename nor servname provided, or not known
  selection: TypeError: error sending request for url (https://www.wikidata.org/w/api.php?action=wbsearchentities&search=selection&language=en&format=json&limit=1&type=item): client error (Connect): dns error: failed to lookup address information: nodename nor servname provided, or not known
  selection problem: TypeError: error sending request for url (https://www.wikidata.org/w/api.php?action=wbsearchentities&search=selection%20problem&language=en&format=json&limit=1&type=item): client error (Connect): dns error: failed to lookup address information: nodename nor servname provided, or not known
  self-analysis: TypeError: error sending request for url (https://www.wikidata.org/w/api.php?action=wbsearchentities&search=self-analysis&language=en&format=json&limit=1&type=item): client error (Connect): dns error: failed to lookup address information: nodename nor servname provided, or not known
  self-deception: TypeError: error sending request for url (https://www.wikidata.org/w/api.php?action=wbsearchentities&search=self-deception&language=en&format=json&limit=1&type=item): client error (Connect): dns error: failed to lookup address information: nodename nor servname provided, or not known
  self-direction: TypeError: error sending request for url (https://www.wikidata.org/w/api.php?action=wbsearchentities&search=self-direction&language=en&format=json&limit=1&type=item): client error (Connect): dns error: failed to lookup address information: nodename nor servname provided, or not known
  self-knowledge: TypeError: error sending request for url (https://www.wikidata.org/w/api.php?action=wbsearchentities&search=self-knowledge&language=en&format=json&limit=1&type=item): client error (Connect): dns error: failed to lookup address information: nodename nor servname provided, or not known
  4025/4230  ok=986 miss=2853
  self-reference effect: TypeError: error sending request for url (https://www.wikidata.org/w/api.php?action=wbsearchentities&search=self-reference%20effect&language=en&format=json&limit=1&type=item): client error (Connect): dns error: failed to lookup address information: nodename nor servname provided, or not known
  self-similarity: TypeError: error sending request for url (https://www.wikidata.org/w/api.php?action=wbsearchentities&search=self-similarity&language=en&format=json&limit=1&type=item): client error (Connect): dns error: failed to lookup address information: nodename nor servname provided, or not known
  semantics of first-order logic: TypeError: error sending request for url (https://www.wikidata.org/w/api.php?action=wbsearchentities&search=semantics%20of%20first-order%20logic&language=en&format=json&limit=1&type=item): client error (Connect): dns error: failed to lookup address information: nodename nor servname provided, or not known
  sensory channel: TypeError: error sending request for url (https://www.wikidata.org/w/api.php?action=wbsearchentities&search=sensory%20channel&language=en&format=json&limit=1&type=item): client error (Connect): dns error: failed to lookup address information: nodename nor servname provided, or not known
  sensory memory: TypeError: error sending request for url (https://www.wikidata.org/w/api.php?action=wbsearchentities&search=sensory%20memory&language=en&format=json&limit=1&type=item): client error (Connect): dns error: failed to lookup address information: nodename nor servname provided, or not known
  separable equation: TypeError: error sending request for url (https://www.wikidata.org/w/api.php?action=wbsearchentities&search=separable%20equation&language=en&format=json&limit=1&type=item): client error (Connect): dns error: failed to lookup address information: nodename nor servname provided, or not known
  sequential computation: TypeError: error sending request for url (https://www.wikidata.org/w/api.php?action=wbsearchentities&search=sequential%20computation&language=en&format=json&limit=1&type=item): client error (Connect): dns error: failed to lookup address information: nodename nor servname provided, or not known
  sequential memory: TypeError: error sending request for url (https://www.wikidata.org/w/api.php?action=wbsearchentities&search=sequential%20memory&language=en&format=json&limit=1&type=item): client error (Connect): dns error: failed to lookup address information: nodename nor servname provided, or not known
  sequential minimal optimization: TypeError: error sending request for url (https://www.wikidata.org/w/api.php?action=wbsearchentities&search=sequential%20minimal%20optimization&language=en&format=json&limit=1&type=item): client error (Connect): dns error: failed to lookup address information: nodename nor servname provided, or not known
  service routine: TypeError: error sending request for url (https://www.wikidata.org/w/api.php?action=wbsearchentities&search=service%20routine&language=en&format=json&limit=1&type=item): client error (Connect): dns error: failed to lookup address information: nodename nor servname provided, or not known
  service system: TypeError: error sending request for url (https://www.wikidata.org/w/api.php?action=wbsearchentities&search=service%20system&language=en&format=json&limit=1&type=item): client error (Connect): dns error: failed to lookup address information: nodename nor servname provided, or not known
  set operations: TypeError: error sending request for url (https://www.wikidata.org/w/api.php?action=wbsearchentities&search=set%20operations&language=en&format=json&limit=1&type=item): client error (Connect): dns error: failed to lookup address information: nodename nor servname provided, or not known
  set structure: TypeError: error sending request for url (https://www.wikidata.org/w/api.php?action=wbsearchentities&search=set%20structure&language=en&format=json&limit=1&type=item): client error (Connect): dns error: failed to lookup address information: nodename nor servname provided, or not known
  sexual orientation: TypeError: error sending request for url (https://www.wikidata.org/w/api.php?action=wbsearchentities&search=sexual%20orientation&language=en&format=json&limit=1&type=item): client error (Connect): dns error: failed to lookup address information: nodename nor servname provided, or not known
  shared file: TypeError: error sending request for url (https://www.wikidata.org/w/api.php?action=wbsearchentities&search=shared%20file&language=en&format=json&limit=1&type=item): client error (Connect): dns error: failed to lookup address information: nodename nor servname provided, or not known
  shear angle: TypeError: error sending request for url (https://www.wikidata.org/w/api.php?action=wbsearchentities&search=shear%20angle&language=en&format=json&limit=1&type=item): client error (Connect): dns error: failed to lookup address information: nodename nor servname provided, or not known
  signal transmission: TypeError: error sending request for url (https://www.wikidata.org/w/api.php?action=wbsearchentities&search=signal%20transmission&language=en&format=json&limit=1&type=item): client error (Connect): dns error: failed to lookup address information: nodename nor servname provided, or not known
  similarity principle: TypeError: error sending request for url (https://www.wikidata.org/w/api.php?action=wbsearchentities&search=similarity%20principle&language=en&format=json&limit=1&type=item): client error (Connect): dns error: failed to lookup address information: nodename nor servname provided, or not known
  similarity relation: TypeError: error sending request for url (https://www.wikidata.org/w/api.php?action=wbsearchentities&search=similarity%20relation&language=en&format=json&limit=1&type=item): client error (Connect): dns error: failed to lookup address information: nodename nor servname provided, or not known
  similarity transformation: TypeError: error sending request for url (https://www.wikidata.org/w/api.php?action=wbsearchentities&search=similarity%20transformation&language=en&format=json&limit=1&type=item): client error (Connect): dns error: failed to lookup address information: nodename nor servname provided, or not known
  simple random sample: TypeError: error sending request for url (https://www.wikidata.org/w/api.php?action=wbsearchentities&search=simple%20random%20sample&language=en&format=json&limit=1&type=item): client error (Connect): dns error: failed to lookup address information: nodename nor servname provided, or not known
  simulation environment: TypeError: error sending request for url (https://www.wikidata.org/w/api.php?action=wbsearchentities&search=simulation%20environment&language=en&format=json&limit=1&type=item): client error (Connect): dns error: failed to lookup address information: nodename nor servname provided, or not known
  single step: TypeError: error sending request for url (https://www.wikidata.org/w/api.php?action=wbsearchentities&search=single%20step&language=en&format=json&limit=1&type=item): client error (Connect): dns error: failed to lookup address information: nodename nor servname provided, or not known
  singular matrix: TypeError: error sending request for url (https://www.wikidata.org/w/api.php?action=wbsearchentities&search=singular%20matrix&language=en&format=json&limit=1&type=item): client error (Connect): dns error: failed to lookup address information: nodename nor servname provided, or not known
  singular value decomposition: TypeError: error sending request for url (https://www.wikidata.org/w/api.php?action=wbsearchentities&search=singular%20value%20decomposition&language=en&format=json&limit=1&type=item): client error (Connect): dns error: failed to lookup address information: nodename nor servname provided, or not known
  4050/4230  ok=986 miss=2853
  smooth curve: TypeError: error sending request for url (https://www.wikidata.org/w/api.php?action=wbsearchentities&search=smooth%20curve&language=en&format=json&limit=1&type=item): client error (Connect): dns error: failed to lookup address information: nodename nor servname provided, or not known
  smooth function: TypeError: error sending request for url (https://www.wikidata.org/w/api.php?action=wbsearchentities&search=smooth%20function&language=en&format=json&limit=1&type=item): client error (Connect): dns error: failed to lookup address information: nodename nor servname provided, or not known
  social adaptation: TypeError: error sending request for url (https://www.wikidata.org/w/api.php?action=wbsearchentities&search=social%20adaptation&language=en&format=json&limit=1&type=item): client error (Connect): dns error: failed to lookup address information: nodename nor servname provided, or not known
  social approval: TypeError: error sending request for url (https://www.wikidata.org/w/api.php?action=wbsearchentities&search=social%20approval&language=en&format=json&limit=1&type=item): client error (Connect): dns error: failed to lookup address information: nodename nor servname provided, or not known
  social attitude: TypeError: error sending request for url (https://www.wikidata.org/w/api.php?action=wbsearchentities&search=social%20attitude&language=en&format=json&limit=1&type=item): client error (Connect): dns error: failed to lookup address information: nodename nor servname provided, or not known
  social desirability: TypeError: error sending request for url (https://www.wikidata.org/w/api.php?action=wbsearchentities&search=social%20desirability&language=en&format=json&limit=1&type=item): client error (Connect): dns error: failed to lookup address information: nodename nor servname provided, or not known
  social interaction: TypeError: error sending request for url (https://www.wikidata.org/w/api.php?action=wbsearchentities&search=social%20interaction&language=en&format=json&limit=1&type=item): client error (Connect): dns error: failed to lookup address information: nodename nor servname provided, or not known
  social isolation: TypeError: error sending request for url (https://www.wikidata.org/w/api.php?action=wbsearchentities&search=social%20isolation&language=en&format=json&limit=1&type=item): client error (Connect): dns error: failed to lookup address information: nodename nor servname provided, or not known
  social norm: TypeError: error sending request for url (https://www.wikidata.org/w/api.php?action=wbsearchentities&search=social%20norm&language=en&format=json&limit=1&type=item): client error (Connect): dns error: failed to lookup address information: nodename nor servname provided, or not known
  social phobia: TypeError: error sending request for url (https://www.wikidata.org/w/api.php?action=wbsearchentities&search=social%20phobia&language=en&format=json&limit=1&type=item): client error (Connect): dns error: failed to lookup address information: nodename nor servname provided, or not known
  social pressure: TypeError: error sending request for url (https://www.wikidata.org/w/api.php?action=wbsearchentities&search=social%20pressure&language=en&format=json&limit=1&type=item): client error (Connect): dns error: failed to lookup address information: nodename nor servname provided, or not known
  social psychology: TypeError: error sending request for url (https://www.wikidata.org/w/api.php?action=wbsearchentities&search=social%20psychology&language=en&format=json&limit=1&type=item): client error (Connect): dns error: failed to lookup address information: nodename nor servname provided, or not known
  social stereotype: TypeError: error sending request for url (https://www.wikidata.org/w/api.php?action=wbsearchentities&search=social%20stereotype&language=en&format=json&limit=1&type=item): client error (Connect): dns error: failed to lookup address information: nodename nor servname provided, or not known
  software interrupt: TypeError: error sending request for url (https://www.wikidata.org/w/api.php?action=wbsearchentities&search=software%20interrupt&language=en&format=json&limit=1&type=item): client error (Connect): dns error: failed to lookup address information: nodename nor servname provided, or not known
  solid line: TypeError: error sending request for url (https://www.wikidata.org/w/api.php?action=wbsearchentities&search=solid%20line&language=en&format=json&limit=1&type=item): client error (Connect): dns error: failed to lookup address information: nodename nor servname provided, or not known
  solid of revolution: TypeError: error sending request for url (https://www.wikidata.org/w/api.php?action=wbsearchentities&search=solid%20of%20revolution&language=en&format=json&limit=1&type=item): client error (Connect): dns error: failed to lookup address information: nodename nor servname provided, or not known
  solution sets of linear systems: TypeError: error sending request for url (https://www.wikidata.org/w/api.php?action=wbsearchentities&search=solution%20sets%20of%20linear%20systems&language=en&format=json&limit=1&type=item): client error (Connect): dns error: failed to lookup address information: nodename nor servname provided, or not known
  solving difference equations with matrices: TypeError: error sending request for url (https://www.wikidata.org/w/api.php?action=wbsearchentities&search=solving%20difference%20equations%20with%20matrices&language=en&format=json&limit=1&type=item): client error (Connect): dns error: failed to lookup address information: nodename nor servname provided, or not known
  space occupancy: TypeError: error sending request for url (https://www.wikidata.org/w/api.php?action=wbsearchentities&search=space%20occupancy&language=en&format=json&limit=1&type=item): client error (Connect): dns error: failed to lookup address information: nodename nor servname provided, or not known
  sparse coding: TypeError: error sending request for url (https://www.wikidata.org/w/api.php?action=wbsearchentities&search=sparse%20coding&language=en&format=json&limit=1&type=item): client error (Connect): dns error: failed to lookup address information: nodename nor servname provided, or not known
  spatial coordinate system: TypeError: error sending request for url (https://www.wikidata.org/w/api.php?action=wbsearchentities&search=spatial%20coordinate%20system&language=en&format=json&limit=1&type=item): client error (Connect): dns error: failed to lookup address information: nodename nor servname provided, or not known
  spatial dimension: TypeError: error sending request for url (https://www.wikidata.org/w/api.php?action=wbsearchentities&search=spatial%20dimension&language=en&format=json&limit=1&type=item): client error (Connect): dns error: failed to lookup address information: nodename nor servname provided, or not known
  spatial vector: TypeError: error sending request for url (https://www.wikidata.org/w/api.php?action=wbsearchentities&search=spatial%20vector&language=en&format=json&limit=1&type=item): client error (Connect): dns error: failed to lookup address information: nodename nor servname provided, or not known
  spectral decomposition: TypeError: error sending request for url (https://www.wikidata.org/w/api.php?action=wbsearchentities&search=spectral%20decomposition&language=en&format=json&limit=1&type=item): client error (Connect): dns error: failed to lookup address information: nodename nor servname provided, or not known
  spectrum: TypeError: error sending request for url (https://www.wikidata.org/w/api.php?action=wbsearchentities&search=spectrum&language=en&format=json&limit=1&type=item): client error (Connect): dns error: failed to lookup address information: nodename nor servname provided, or not known
  4075/4230  ok=986 miss=2853
  square wave signal: TypeError: error sending request for url (https://www.wikidata.org/w/api.php?action=wbsearchentities&search=square%20wave%20signal&language=en&format=json&limit=1&type=item): client error (Connect): dns error: failed to lookup address information: nodename nor servname provided, or not known
  stability factor: TypeError: error sending request for url (https://www.wikidata.org/w/api.php?action=wbsearchentities&search=stability%20factor&language=en&format=json&limit=1&type=item): client error (Connect): dns error: failed to lookup address information: nodename nor servname provided, or not known
  stack overflow: TypeError: error sending request for url (https://www.wikidata.org/w/api.php?action=wbsearchentities&search=stack%20overflow&language=en&format=json&limit=1&type=item): client error (Connect): dns error: failed to lookup address information: nodename nor servname provided, or not known
  standard normal distribution: TypeError: error sending request for url (https://www.wikidata.org/w/api.php?action=wbsearchentities&search=standard%20normal%20distribution&language=en&format=json&limit=1&type=item): client error (Connect): dns error: failed to lookup address information: nodename nor servname provided, or not known
  start symbol: TypeError: error sending request for url (https://www.wikidata.org/w/api.php?action=wbsearchentities&search=start%20symbol&language=en&format=json&limit=1&type=item): client error (Connect): dns error: failed to lookup address information: nodename nor servname provided, or not known
  state space model: TypeError: error sending request for url (https://www.wikidata.org/w/api.php?action=wbsearchentities&search=state%20space%20model&language=en&format=json&limit=1&type=item): client error (Connect): dns error: failed to lookup address information: nodename nor servname provided, or not known
  state space representation: TypeError: error sending request for url (https://www.wikidata.org/w/api.php?action=wbsearchentities&search=state%20space%20representation&language=en&format=json&limit=1&type=item): client error (Connect): dns error: failed to lookup address information: nodename nor servname provided, or not known
  state vector: TypeError: error sending request for url (https://www.wikidata.org/w/api.php?action=wbsearchentities&search=state%20vector&language=en&format=json&limit=1&type=item): client error (Connect): dns error: failed to lookup address information: nodename nor servname provided, or not known
  static allocation: TypeError: error sending request for url (https://www.wikidata.org/w/api.php?action=wbsearchentities&search=static%20allocation&language=en&format=json&limit=1&type=item): client error (Connect): dns error: failed to lookup address information: nodename nor servname provided, or not known
  step: TypeError: error sending request for url (https://www.wikidata.org/w/api.php?action=wbsearchentities&search=step&language=en&format=json&limit=1&type=item): client error (Connect): dns error: failed to lookup address information: nodename nor servname provided, or not known
  step function: TypeError: error sending request for url (https://www.wikidata.org/w/api.php?action=wbsearchentities&search=step%20function&language=en&format=json&limit=1&type=item): client error (Connect): dns error: failed to lookup address information: nodename nor servname provided, or not known
  stepping: TypeError: error sending request for url (https://www.wikidata.org/w/api.php?action=wbsearchentities&search=stepping&language=en&format=json&limit=1&type=item): client error (Connect): dns error: failed to lookup address information: nodename nor servname provided, or not known
  stimulus control: TypeError: error sending request for url (https://www.wikidata.org/w/api.php?action=wbsearchentities&search=stimulus%20control&language=en&format=json&limit=1&type=item): client error (Connect): dns error: failed to lookup address information: nodename nor servname provided, or not known
  stochastic gradient descent: TypeError: error sending request for url (https://www.wikidata.org/w/api.php?action=wbsearchentities&search=stochastic%20gradient%20descent&language=en&format=json&limit=1&type=item): client error (Connect): dns error: failed to lookup address information: nodename nor servname provided, or not known
  storage space: TypeError: error sending request for url (https://www.wikidata.org/w/api.php?action=wbsearchentities&search=storage%20space&language=en&format=json&limit=1&type=item): client error (Connect): dns error: failed to lookup address information: nodename nor servname provided, or not known
  strain component: TypeError: error sending request for url (https://www.wikidata.org/w/api.php?action=wbsearchentities&search=strain%20component&language=en&format=json&limit=1&type=item): client error (Connect): dns error: failed to lookup address information: nodename nor servname provided, or not known
  strain field: TypeError: error sending request for url (https://www.wikidata.org/w/api.php?action=wbsearchentities&search=strain%20field&language=en&format=json&limit=1&type=item): client error (Connect): dns error: failed to lookup address information: nodename nor servname provided, or not known
  stress concentration factor: TypeError: error sending request for url (https://www.wikidata.org/w/api.php?action=wbsearchentities&search=stress%20concentration%20factor&language=en&format=json&limit=1&type=item): client error (Connect): dns error: failed to lookup address information: nodename nor servname provided, or not known
  stress function: TypeError: error sending request for url (https://www.wikidata.org/w/api.php?action=wbsearchentities&search=stress%20function&language=en&format=json&limit=1&type=item): client error (Connect): dns error: failed to lookup address information: nodename nor servname provided, or not known
  stress-strain relationship: TypeError: error sending request for url (https://www.wikidata.org/w/api.php?action=wbsearchentities&search=stress-strain%20relationship&language=en&format=json&limit=1&type=item): client error (Connect): dns error: failed to lookup address information: nodename nor servname provided, or not known
  string length: TypeError: error sending request for url (https://www.wikidata.org/w/api.php?action=wbsearchentities&search=string%20length&language=en&format=json&limit=1&type=item): client error (Connect): dns error: failed to lookup address information: nodename nor servname provided, or not known
  structural induction: TypeError: error sending request for url (https://www.wikidata.org/w/api.php?action=wbsearchentities&search=structural%20induction&language=en&format=json&limit=1&type=item): client error (Connect): dns error: failed to lookup address information: nodename nor servname provided, or not known
  structured mean field: TypeError: error sending request for url (https://www.wikidata.org/w/api.php?action=wbsearchentities&search=structured%20mean%20field&language=en&format=json&limit=1&type=item): client error (Connect): dns error: failed to lookup address information: nodename nor servname provided, or not known
  subconscious: TypeError: error sending request for url (https://www.wikidata.org/w/api.php?action=wbsearchentities&search=subconscious&language=en&format=json&limit=1&type=item): client error (Connect): dns error: failed to lookup address information: nodename nor servname provided, or not known
  subroutine call instruction: TypeError: error sending request for url (https://www.wikidata.org/w/api.php?action=wbsearchentities&search=subroutine%20call%20instruction&language=en&format=json&limit=1&type=item): client error (Connect): dns error: failed to lookup address information: nodename nor servname provided, or not known
  4100/4230  ok=986 miss=2853
  subspaces: TypeError: error sending request for url (https://www.wikidata.org/w/api.php?action=wbsearchentities&search=subspaces&language=en&format=json&limit=1&type=item): client error (Connect): dns error: failed to lookup address information: nodename nor servname provided, or not known
  subtask: TypeError: error sending request for url (https://www.wikidata.org/w/api.php?action=wbsearchentities&search=subtask&language=en&format=json&limit=1&type=item): client error (Connect): dns error: failed to lookup address information: nodename nor servname provided, or not known
  successor set: TypeError: error sending request for url (https://www.wikidata.org/w/api.php?action=wbsearchentities&search=successor%20set&language=en&format=json&limit=1&type=item): client error (Connect): dns error: failed to lookup address information: nodename nor servname provided, or not known
  sufficient condition: TypeError: error sending request for url (https://www.wikidata.org/w/api.php?action=wbsearchentities&search=sufficient%20condition&language=en&format=json&limit=1&type=item): client error (Connect): dns error: failed to lookup address information: nodename nor servname provided, or not known
  sufficient statistics: TypeError: error sending request for url (https://www.wikidata.org/w/api.php?action=wbsearchentities&search=sufficient%20statistics&language=en&format=json&limit=1&type=item): client error (Connect): dns error: failed to lookup address information: nodename nor servname provided, or not known
  sum of squared errors: TypeError: error sending request for url (https://www.wikidata.org/w/api.php?action=wbsearchentities&search=sum%20of%20squared%20errors&language=en&format=json&limit=1&type=item): client error (Connect): dns error: failed to lookup address information: nodename nor servname provided, or not known
  sum-product on trees: TypeError: error sending request for url (https://www.wikidata.org/w/api.php?action=wbsearchentities&search=sum-product%20on%20trees&language=en&format=json&limit=1&type=item): client error (Connect): dns error: failed to lookup address information: nodename nor servname provided, or not known
  sum-to-product formula: TypeError: error sending request for url (https://www.wikidata.org/w/api.php?action=wbsearchentities&search=sum-to-product%20formula&language=en&format=json&limit=1&type=item): client error (Connect): dns error: failed to lookup address information: nodename nor servname provided, or not known
  support vector regression: TypeError: error sending request for url (https://www.wikidata.org/w/api.php?action=wbsearchentities&search=support%20vector%20regression&language=en&format=json&limit=1&type=item): client error (Connect): dns error: failed to lookup address information: nodename nor servname provided, or not known
  surface integral: TypeError: error sending request for url (https://www.wikidata.org/w/api.php?action=wbsearchentities&search=surface%20integral&language=en&format=json&limit=1&type=item): client error (Connect): dns error: failed to lookup address information: nodename nor servname provided, or not known
  suspended state: TypeError: error sending request for url (https://www.wikidata.org/w/api.php?action=wbsearchentities&search=suspended%20state&language=en&format=json&limit=1&type=item): client error (Connect): dns error: failed to lookup address information: nodename nor servname provided, or not known
  swallowing reflex: TypeError: error sending request for url (https://www.wikidata.org/w/api.php?action=wbsearchentities&search=swallowing%20reflex&language=en&format=json&limit=1&type=item): client error (Connect): dns error: failed to lookup address information: nodename nor servname provided, or not known
  symbol rate: TypeError: error sending request for url (https://www.wikidata.org/w/api.php?action=wbsearchentities&search=symbol%20rate&language=en&format=json&limit=1&type=item): client error (Connect): dns error: failed to lookup address information: nodename nor servname provided, or not known
  symmetric matrix: TypeError: error sending request for url (https://www.wikidata.org/w/api.php?action=wbsearchentities&search=symmetric%20matrix&language=en&format=json&limit=1&type=item): client error (Connect): dns error: failed to lookup address information: nodename nor servname provided, or not known
  symmetric polynomial: TypeError: error sending request for url (https://www.wikidata.org/w/api.php?action=wbsearchentities&search=symmetric%20polynomial&language=en&format=json&limit=1&type=item): client error (Connect): dns error: failed to lookup address information: nodename nor servname provided, or not known
  synchronization control: TypeError: error sending request for url (https://www.wikidata.org/w/api.php?action=wbsearchentities&search=synchronization%20control&language=en&format=json&limit=1&type=item): client error (Connect): dns error: failed to lookup address information: nodename nor servname provided, or not known
  synchronization primitive: TypeError: error sending request for url (https://www.wikidata.org/w/api.php?action=wbsearchentities&search=synchronization%20primitive&language=en&format=json&limit=1&type=item): client error (Connect): dns error: failed to lookup address information: nodename nor servname provided, or not known
  synchronous data: TypeError: error sending request for url (https://www.wikidata.org/w/api.php?action=wbsearchentities&search=synchronous%20data&language=en&format=json&limit=1&type=item): client error (Connect): dns error: failed to lookup address information: nodename nor servname provided, or not known
  system boot: TypeError: error sending request for url (https://www.wikidata.org/w/api.php?action=wbsearchentities&search=system%20boot&language=en&format=json&limit=1&type=item): client error (Connect): dns error: failed to lookup address information: nodename nor servname provided, or not known
  system call table: TypeError: error sending request for url (https://www.wikidata.org/w/api.php?action=wbsearchentities&search=system%20call%20table&language=en&format=json&limit=1&type=item): client error (Connect): dns error: failed to lookup address information: nodename nor servname provided, or not known
  system configuration: TypeError: error sending request for url (https://www.wikidata.org/w/api.php?action=wbsearchentities&search=system%20configuration&language=en&format=json&limit=1&type=item): client error (Connect): dns error: failed to lookup address information: nodename nor servname provided, or not known
  system interrupt: TypeError: error sending request for url (https://www.wikidata.org/w/api.php?action=wbsearchentities&search=system%20interrupt&language=en&format=json&limit=1&type=item): client error (Connect): dns error: failed to lookup address information: nodename nor servname provided, or not known
  system matrix: TypeError: error sending request for url (https://www.wikidata.org/w/api.php?action=wbsearchentities&search=system%20matrix&language=en&format=json&limit=1&type=item): client error (Connect): dns error: failed to lookup address information: nodename nor servname provided, or not known
  system of inequalities: TypeError: error sending request for url (https://www.wikidata.org/w/api.php?action=wbsearchentities&search=system%20of%20inequalities&language=en&format=json&limit=1&type=item): client error (Connect): dns error: failed to lookup address information: nodename nor servname provided, or not known
  system of linear equations in three variables: TypeError: error sending request for url (https://www.wikidata.org/w/api.php?action=wbsearchentities&search=system%20of%20linear%20equations%20in%20three%20variables&language=en&format=json&limit=1&type=item): client error (Connect): dns error: failed to lookup address information: nodename nor servname provided, or not known
  4125/4230  ok=986 miss=2853
  system state variable: TypeError: error sending request for url (https://www.wikidata.org/w/api.php?action=wbsearchentities&search=system%20state%20variable&language=en&format=json&limit=1&type=item): client error (Connect): dns error: failed to lookup address information: nodename nor servname provided, or not known
  systematic desensitization: TypeError: error sending request for url (https://www.wikidata.org/w/api.php?action=wbsearchentities&search=systematic%20desensitization&language=en&format=json&limit=1&type=item): client error (Connect): dns error: failed to lookup address information: nodename nor servname provided, or not known
  tangent propagation: TypeError: error sending request for url (https://www.wikidata.org/w/api.php?action=wbsearchentities&search=tangent%20propagation&language=en&format=json&limit=1&type=item): client error (Connect): dns error: failed to lookup address information: nodename nor servname provided, or not known
  telephone system: TypeError: error sending request for url (https://www.wikidata.org/w/api.php?action=wbsearchentities&search=telephone%20system&language=en&format=json&limit=1&type=item): client error (Connect): dns error: failed to lookup address information: nodename nor servname provided, or not known
  temperament type: TypeError: error sending request for url (https://www.wikidata.org/w/api.php?action=wbsearchentities&search=temperament%20type&language=en&format=json&limit=1&type=item): client error (Connect): dns error: failed to lookup address information: nodename nor servname provided, or not known
  tensor: TypeError: error sending request for url (https://www.wikidata.org/w/api.php?action=wbsearchentities&search=tensor&language=en&format=json&limit=1&type=item): client error (Connect): dns error: failed to lookup address information: nodename nor servname provided, or not known
  terminal: TypeError: error sending request for url (https://www.wikidata.org/w/api.php?action=wbsearchentities&search=terminal&language=en&format=json&limit=1&type=item): client error (Connect): dns error: failed to lookup address information: nodename nor servname provided, or not known
  ternary homogeneous linear system: TypeError: error sending request for url (https://www.wikidata.org/w/api.php?action=wbsearchentities&search=ternary%20homogeneous%20linear%20system&language=en&format=json&limit=1&type=item): client error (Connect): dns error: failed to lookup address information: nodename nor servname provided, or not known
  territorial behavior: TypeError: error sending request for url (https://www.wikidata.org/w/api.php?action=wbsearchentities&search=territorial%20behavior&language=en&format=json&limit=1&type=item): client error (Connect): dns error: failed to lookup address information: nodename nor servname provided, or not known
  test driver: TypeError: error sending request for url (https://www.wikidata.org/w/api.php?action=wbsearchentities&search=test%20driver&language=en&format=json&limit=1&type=item): client error (Connect): dns error: failed to lookup address information: nodename nor servname provided, or not known
  thalamic hemorrhage: TypeError: error sending request for url (https://www.wikidata.org/w/api.php?action=wbsearchentities&search=thalamic%20hemorrhage&language=en&format=json&limit=1&type=item): client error (Connect): dns error: failed to lookup address information: nodename nor servname provided, or not known
  the Laplace approximation: TypeError: error sending request for url (https://www.wikidata.org/w/api.php?action=wbsearchentities&search=the%20Laplace%20approximation&language=en&format=json&limit=1&type=item): client error (Connect): dns error: failed to lookup address information: nodename nor servname provided, or not known
  the curse of dimensionality: TypeError: error sending request for url (https://www.wikidata.org/w/api.php?action=wbsearchentities&search=the%20curse%20of%20dimensionality&language=en&format=json&limit=1&type=item): client error (Connect): dns error: failed to lookup address information: nodename nor servname provided, or not known
  theoretical computer science: TypeError: error sending request for url (https://www.wikidata.org/w/api.php?action=wbsearchentities&search=theoretical%20computer%20science&language=en&format=json&limit=1&type=item): client error (Connect): dns error: failed to lookup address information: nodename nor servname provided, or not known
  theoretical mechanics: TypeError: error sending request for url (https://www.wikidata.org/w/api.php?action=wbsearchentities&search=theoretical%20mechanics&language=en&format=json&limit=1&type=item): client error (Connect): dns error: failed to lookup address information: nodename nor servname provided, or not known
  therapist: TypeError: error sending request for url (https://www.wikidata.org/w/api.php?action=wbsearchentities&search=therapist&language=en&format=json&limit=1&type=item): client error (Connect): dns error: failed to lookup address information: nodename nor servname provided, or not known
  thermal strain: TypeError: error sending request for url (https://www.wikidata.org/w/api.php?action=wbsearchentities&search=thermal%20strain&language=en&format=json&limit=1&type=item): client error (Connect): dns error: failed to lookup address information: nodename nor servname provided, or not known
  thinking: TypeError: error sending request for url (https://www.wikidata.org/w/api.php?action=wbsearchentities&search=thinking&language=en&format=json&limit=1&type=item): client error (Connect): dns error: failed to lookup address information: nodename nor servname provided, or not known
  thought process: TypeError: error sending request for url (https://www.wikidata.org/w/api.php?action=wbsearchentities&search=thought%20process&language=en&format=json&limit=1&type=item): client error (Connect): dns error: failed to lookup address information: nodename nor servname provided, or not known
  thread control block: TypeError: error sending request for url (https://www.wikidata.org/w/api.php?action=wbsearchentities&search=thread%20control%20block&language=en&format=json&limit=1&type=item): client error (Connect): dns error: failed to lookup address information: nodename nor servname provided, or not known
  thread management: TypeError: error sending request for url (https://www.wikidata.org/w/api.php?action=wbsearchentities&search=thread%20management&language=en&format=json&limit=1&type=item): client error (Connect): dns error: failed to lookup address information: nodename nor servname provided, or not known
  time constraint: TypeError: error sending request for url (https://www.wikidata.org/w/api.php?action=wbsearchentities&search=time%20constraint&language=en&format=json&limit=1&type=item): client error (Connect): dns error: failed to lookup address information: nodename nor servname provided, or not known
  time efficiency: TypeError: error sending request for url (https://www.wikidata.org/w/api.php?action=wbsearchentities&search=time%20efficiency&language=en&format=json&limit=1&type=item): client error (Connect): dns error: failed to lookup address information: nodename nor servname provided, or not known
  time estimation: TypeError: error sending request for url (https://www.wikidata.org/w/api.php?action=wbsearchentities&search=time%20estimation&language=en&format=json&limit=1&type=item): client error (Connect): dns error: failed to lookup address information: nodename nor servname provided, or not known
  time overlap: TypeError: error sending request for url (https://www.wikidata.org/w/api.php?action=wbsearchentities&search=time%20overlap&language=en&format=json&limit=1&type=item): client error (Connect): dns error: failed to lookup address information: nodename nor servname provided, or not known
  4150/4230  ok=986 miss=2853
  time perception: TypeError: error sending request for url (https://www.wikidata.org/w/api.php?action=wbsearchentities&search=time%20perception&language=en&format=json&limit=1&type=item): client error (Connect): dns error: failed to lookup address information: nodename nor servname provided, or not known
  topological relation: TypeError: error sending request for url (https://www.wikidata.org/w/api.php?action=wbsearchentities&search=topological%20relation&language=en&format=json&limit=1&type=item): client error (Connect): dns error: failed to lookup address information: nodename nor servname provided, or not known
  torque: TypeError: error sending request for url (https://www.wikidata.org/w/api.php?action=wbsearchentities&search=torque&language=en&format=json&limit=1&type=item): client error (Connect): dns error: failed to lookup address information: nodename nor servname provided, or not known
  total order: TypeError: error sending request for url (https://www.wikidata.org/w/api.php?action=wbsearchentities&search=total%20order&language=en&format=json&limit=1&type=item): client error (Connect): dns error: failed to lookup address information: nodename nor servname provided, or not known
  trailing edge: TypeError: error sending request for url (https://www.wikidata.org/w/api.php?action=wbsearchentities&search=trailing%20edge&language=en&format=json&limit=1&type=item): client error (Connect): dns error: failed to lookup address information: nodename nor servname provided, or not known
  trait: TypeError: error sending request for url (https://www.wikidata.org/w/api.php?action=wbsearchentities&search=trait&language=en&format=json&limit=1&type=item): client error (Connect): dns error: failed to lookup address information: nodename nor servname provided, or not known
  trait anxiety: TypeError: error sending request for url (https://www.wikidata.org/w/api.php?action=wbsearchentities&search=trait%20anxiety&language=en&format=json&limit=1&type=item): client error (Connect): dns error: failed to lookup address information: nodename nor servname provided, or not known
  transformation method: TypeError: error sending request for url (https://www.wikidata.org/w/api.php?action=wbsearchentities&search=transformation%20method&language=en&format=json&limit=1&type=item): client error (Connect): dns error: failed to lookup address information: nodename nor servname provided, or not known
  transition matrix: TypeError: error sending request for url (https://www.wikidata.org/w/api.php?action=wbsearchentities&search=transition%20matrix&language=en&format=json&limit=1&type=item): client error (Connect): dns error: failed to lookup address information: nodename nor servname provided, or not known
  translation transformation: TypeError: error sending request for url (https://www.wikidata.org/w/api.php?action=wbsearchentities&search=translation%20transformation&language=en&format=json&limit=1&type=item): client error (Connect): dns error: failed to lookup address information: nodename nor servname provided, or not known
  traversal: TypeError: error sending request for url (https://www.wikidata.org/w/api.php?action=wbsearchentities&search=traversal&language=en&format=json&limit=1&type=item): client error (Connect): dns error: failed to lookup address information: nodename nor servname provided, or not known
  tree traversal: TypeError: error sending request for url (https://www.wikidata.org/w/api.php?action=wbsearchentities&search=tree%20traversal&language=en&format=json&limit=1&type=item): client error (Connect): dns error: failed to lookup address information: nodename nor servname provided, or not known
  trigonometric identity: TypeError: error sending request for url (https://www.wikidata.org/w/api.php?action=wbsearchentities&search=trigonometric%20identity&language=en&format=json&limit=1&type=item): client error (Connect): dns error: failed to lookup address information: nodename nor servname provided, or not known
  two-dimensional problem: TypeError: error sending request for url (https://www.wikidata.org/w/api.php?action=wbsearchentities&search=two-dimensional%20problem&language=en&format=json&limit=1&type=item): client error (Connect): dns error: failed to lookup address information: nodename nor servname provided, or not known
  two-way merge: TypeError: error sending request for url (https://www.wikidata.org/w/api.php?action=wbsearchentities&search=two-way%20merge&language=en&format=json&limit=1&type=item): client error (Connect): dns error: failed to lookup address information: nodename nor servname provided, or not known
  ultrafilters: TypeError: error sending request for url (https://www.wikidata.org/w/api.php?action=wbsearchentities&search=ultrafilters&language=en&format=json&limit=1&type=item): client error (Connect): dns error: failed to lookup address information: nodename nor servname provided, or not known
  ultraproduct: TypeError: error sending request for url (https://www.wikidata.org/w/api.php?action=wbsearchentities&search=ultraproduct&language=en&format=json&limit=1&type=item): client error (Connect): dns error: failed to lookup address information: nodename nor servname provided, or not known
  unbiased estimator: TypeError: error sending request for url (https://www.wikidata.org/w/api.php?action=wbsearchentities&search=unbiased%20estimator&language=en&format=json&limit=1&type=item): client error (Connect): dns error: failed to lookup address information: nodename nor servname provided, or not known
  unbounded function: TypeError: error sending request for url (https://www.wikidata.org/w/api.php?action=wbsearchentities&search=unbounded%20function&language=en&format=json&limit=1&type=item): client error (Connect): dns error: failed to lookup address information: nodename nor servname provided, or not known
  unconscious: TypeError: error sending request for url (https://www.wikidata.org/w/api.php?action=wbsearchentities&search=unconscious&language=en&format=json&limit=1&type=item): client error (Connect): dns error: failed to lookup address information: nodename nor servname provided, or not known
  unconscious motivation: TypeError: error sending request for url (https://www.wikidata.org/w/api.php?action=wbsearchentities&search=unconscious%20motivation&language=en&format=json&limit=1&type=item): client error (Connect): dns error: failed to lookup address information: nodename nor servname provided, or not known
  undefinability of truth: TypeError: error sending request for url (https://www.wikidata.org/w/api.php?action=wbsearchentities&search=undefinability%20of%20truth&language=en&format=json&limit=1&type=item): client error (Connect): dns error: failed to lookup address information: nodename nor servname provided, or not known
  undetermined coefficient: TypeError: error sending request for url (https://www.wikidata.org/w/api.php?action=wbsearchentities&search=undetermined%20coefficient&language=en&format=json&limit=1&type=item): client error (Connect): dns error: failed to lookup address information: nodename nor servname provided, or not known
  uniform convergence: TypeError: error sending request for url (https://www.wikidata.org/w/api.php?action=wbsearchentities&search=uniform%20convergence&language=en&format=json&limit=1&type=item): client error (Connect): dns error: failed to lookup address information: nodename nor servname provided, or not known
  uniform random number: TypeError: error sending request for url (https://www.wikidata.org/w/api.php?action=wbsearchentities&search=uniform%20random%20number&language=en&format=json&limit=1&type=item): client error (Connect): dns error: failed to lookup address information: nodename nor servname provided, or not known
  4175/4230  ok=986 miss=2853
  uniformity: TypeError: error sending request for url (https://www.wikidata.org/w/api.php?action=wbsearchentities&search=uniformity&language=en&format=json&limit=1&type=item): client error (Connect): dns error: failed to lookup address information: nodename nor servname provided, or not known
  unimodal function: TypeError: error sending request for url (https://www.wikidata.org/w/api.php?action=wbsearchentities&search=unimodal%20function&language=en&format=json&limit=1&type=item): client error (Connect): dns error: failed to lookup address information: nodename nor servname provided, or not known
  uninformative priors: TypeError: error sending request for url (https://www.wikidata.org/w/api.php?action=wbsearchentities&search=uninformative%20priors&language=en&format=json&limit=1&type=item): client error (Connect): dns error: failed to lookup address information: nodename nor servname provided, or not known
  unions of events: TypeError: error sending request for url (https://www.wikidata.org/w/api.php?action=wbsearchentities&search=unions%20of%20events&language=en&format=json&limit=1&type=item): client error (Connect): dns error: failed to lookup address information: nodename nor servname provided, or not known
  uniqueness theorem: TypeError: error sending request for url (https://www.wikidata.org/w/api.php?action=wbsearchentities&search=uniqueness%20theorem&language=en&format=json&limit=1&type=item): client error (Connect): dns error: failed to lookup address information: nodename nor servname provided, or not known
  unit sphere: TypeError: error sending request for url (https://www.wikidata.org/w/api.php?action=wbsearchentities&search=unit%20sphere&language=en&format=json&limit=1&type=item): client error (Connect): dns error: failed to lookup address information: nodename nor servname provided, or not known
  univariate polynomial: TypeError: error sending request for url (https://www.wikidata.org/w/api.php?action=wbsearchentities&search=univariate%20polynomial&language=en&format=json&limit=1&type=item): client error (Connect): dns error: failed to lookup address information: nodename nor servname provided, or not known
  unordered list: TypeError: error sending request for url (https://www.wikidata.org/w/api.php?action=wbsearchentities&search=unordered%20list&language=en&format=json&limit=1&type=item): client error (Connect): dns error: failed to lookup address information: nodename nor servname provided, or not known
  unsupervised pre-training: TypeError: error sending request for url (https://www.wikidata.org/w/api.php?action=wbsearchentities&search=unsupervised%20pre-training&language=en&format=json&limit=1&type=item): client error (Connect): dns error: failed to lookup address information: nodename nor servname provided, or not known
  upper bound: TypeError: error sending request for url (https://www.wikidata.org/w/api.php?action=wbsearchentities&search=upper%20bound&language=en&format=json&limit=1&type=item): client error (Connect): dns error: failed to lookup address information: nodename nor servname provided, or not known
  user process: TypeError: error sending request for url (https://www.wikidata.org/w/api.php?action=wbsearchentities&search=user%20process&language=en&format=json&limit=1&type=item): client error (Connect): dns error: failed to lookup address information: nodename nor servname provided, or not known
  value iteration: TypeError: error sending request for url (https://www.wikidata.org/w/api.php?action=wbsearchentities&search=value%20iteration&language=en&format=json&limit=1&type=item): client error (Connect): dns error: failed to lookup address information: nodename nor servname provided, or not known
  variable: TypeError: error sending request for url (https://www.wikidata.org/w/api.php?action=wbsearchentities&search=variable&language=en&format=json&limit=1&type=item): client error (Connect): dns error: failed to lookup address information: nodename nor servname provided, or not known
  variable elimination: TypeError: error sending request for url (https://www.wikidata.org/w/api.php?action=wbsearchentities&search=variable%20elimination&language=en&format=json&limit=1&type=item): client error (Connect): dns error: failed to lookup address information: nodename nor servname provided, or not known
  variational Bayes: TypeError: error sending request for url (https://www.wikidata.org/w/api.php?action=wbsearchentities&search=variational%20Bayes&language=en&format=json&limit=1&type=item): client error (Connect): dns error: failed to lookup address information: nodename nor servname provided, or not known
  variational Bayes EM: TypeError: error sending request for url (https://www.wikidata.org/w/api.php?action=wbsearchentities&search=variational%20Bayes%20EM&language=en&format=json&limit=1&type=item): client error (Connect): dns error: failed to lookup address information: nodename nor servname provided, or not known
  variational characterization of eigenvalues: TypeError: error sending request for url (https://www.wikidata.org/w/api.php?action=wbsearchentities&search=variational%20characterization%20of%20eigenvalues&language=en&format=json&limit=1&type=item): client error (Connect): dns error: failed to lookup address information: nodename nor servname provided, or not known
  variational inference: TypeError: error sending request for url (https://www.wikidata.org/w/api.php?action=wbsearchentities&search=variational%20inference&language=en&format=json&limit=1&type=item): client error (Connect): dns error: failed to lookup address information: nodename nor servname provided, or not known
  variational inference and convex duality: TypeError: error sending request for url (https://www.wikidata.org/w/api.php?action=wbsearchentities&search=variational%20inference%20and%20convex%20duality&language=en&format=json&limit=1&type=item): client error (Connect): dns error: failed to lookup address information: nodename nor servname provided, or not known
  variational inference and exponential families: TypeError: error sending request for url (https://www.wikidata.org/w/api.php?action=wbsearchentities&search=variational%20inference%20and%20exponential%20families&language=en&format=json&limit=1&type=item): client error (Connect): dns error: failed to lookup address information: nodename nor servname provided, or not known
  variational interpretation of EM: TypeError: error sending request for url (https://www.wikidata.org/w/api.php?action=wbsearchentities&search=variational%20interpretation%20of%20EM&language=en&format=json&limit=1&type=item): client error (Connect): dns error: failed to lookup address information: nodename nor servname provided, or not known
  variational logistic regression: TypeError: error sending request for url (https://www.wikidata.org/w/api.php?action=wbsearchentities&search=variational%20logistic%20regression&language=en&format=json&limit=1&type=item): client error (Connect): dns error: failed to lookup address information: nodename nor servname provided, or not known
  variational mixture of Gaussians: TypeError: error sending request for url (https://www.wikidata.org/w/api.php?action=wbsearchentities&search=variational%20mixture%20of%20Gaussians&language=en&format=json&limit=1&type=item): client error (Connect): dns error: failed to lookup address information: nodename nor servname provided, or not known
  vector field: TypeError: error sending request for url (https://www.wikidata.org/w/api.php?action=wbsearchentities&search=vector%20field&language=en&format=json&limit=1&type=item): client error (Connect): dns error: failed to lookup address information: nodename nor servname provided, or not known
  vector set: TypeError: error sending request for url (https://www.wikidata.org/w/api.php?action=wbsearchentities&search=vector%20set&language=en&format=json&limit=1&type=item): client error (Connect): dns error: failed to lookup address information: nodename nor servname provided, or not known
  4200/4230  ok=986 miss=2853
  vector space: TypeError: error sending request for url (https://www.wikidata.org/w/api.php?action=wbsearchentities&search=vector%20space&language=en&format=json&limit=1&type=item): client error (Connect): dns error: failed to lookup address information: nodename nor servname provided, or not known
  verbal activity: TypeError: error sending request for url (https://www.wikidata.org/w/api.php?action=wbsearchentities&search=verbal%20activity&language=en&format=json&limit=1&type=item): client error (Connect): dns error: failed to lookup address information: nodename nor servname provided, or not known
  verbal communication: TypeError: error sending request for url (https://www.wikidata.org/w/api.php?action=wbsearchentities&search=verbal%20communication&language=en&format=json&limit=1&type=item): client error (Connect): dns error: failed to lookup address information: nodename nor servname provided, or not known
  verification algorithm: TypeError: error sending request for url (https://www.wikidata.org/w/api.php?action=wbsearchentities&search=verification%20algorithm&language=en&format=json&limit=1&type=item): client error (Connect): dns error: failed to lookup address information: nodename nor servname provided, or not known
  vertical direction: TypeError: error sending request for url (https://www.wikidata.org/w/api.php?action=wbsearchentities&search=vertical%20direction&language=en&format=json&limit=1&type=item): client error (Connect): dns error: failed to lookup address information: nodename nor servname provided, or not known
  virtual address space: TypeError: error sending request for url (https://www.wikidata.org/w/api.php?action=wbsearchentities&search=virtual%20address%20space&language=en&format=json&limit=1&type=item): client error (Connect): dns error: failed to lookup address information: nodename nor servname provided, or not known
  virtual disk: TypeError: error sending request for url (https://www.wikidata.org/w/api.php?action=wbsearchentities&search=virtual%20disk&language=en&format=json&limit=1&type=item): client error (Connect): dns error: failed to lookup address information: nodename nor servname provided, or not known
  virtual machine manager: TypeError: error sending request for url (https://www.wikidata.org/w/api.php?action=wbsearchentities&search=virtual%20machine%20manager&language=en&format=json&limit=1&type=item): client error (Connect): dns error: failed to lookup address information: nodename nor servname provided, or not known
  virtual memory: TypeError: error sending request for url (https://www.wikidata.org/w/api.php?action=wbsearchentities&search=virtual%20memory&language=en&format=json&limit=1&type=item): client error (Connect): dns error: failed to lookup address information: nodename nor servname provided, or not known
  virtual memory management: TypeError: error sending request for url (https://www.wikidata.org/w/api.php?action=wbsearchentities&search=virtual%20memory%20management&language=en&format=json&limit=1&type=item): client error (Connect): dns error: failed to lookup address information: nodename nor servname provided, or not known
  virtual page: TypeError: error sending request for url (https://www.wikidata.org/w/api.php?action=wbsearchentities&search=virtual%20page&language=en&format=json&limit=1&type=item): client error (Connect): dns error: failed to lookup address information: nodename nor servname provided, or not known
  virtualization: TypeError: error sending request for url (https://www.wikidata.org/w/api.php?action=wbsearchentities&search=virtualization&language=en&format=json&limit=1&type=item): client error (Connect): dns error: failed to lookup address information: nodename nor servname provided, or not known
  visual arts: TypeError: error sending request for url (https://www.wikidata.org/w/api.php?action=wbsearchentities&search=visual%20arts&language=en&format=json&limit=1&type=item): client error (Connect): dns error: failed to lookup address information: nodename nor servname provided, or not known
  visual focus: TypeError: error sending request for url (https://www.wikidata.org/w/api.php?action=wbsearchentities&search=visual%20focus&language=en&format=json&limit=1&type=item): client error (Connect): dns error: failed to lookup address information: nodename nor servname provided, or not known
  visual memory: TypeError: error sending request for url (https://www.wikidata.org/w/api.php?action=wbsearchentities&search=visual%20memory&language=en&format=json&limit=1&type=item): client error (Connect): dns error: failed to lookup address information: nodename nor servname provided, or not known
  volume formula: TypeError: error sending request for url (https://www.wikidata.org/w/api.php?action=wbsearchentities&search=volume%20formula&language=en&format=json&limit=1&type=item): client error (Connect): dns error: failed to lookup address information: nodename nor servname provided, or not known
  von Mises distribution: TypeError: error sending request for url (https://www.wikidata.org/w/api.php?action=wbsearchentities&search=von%20Mises%20distribution&language=en&format=json&limit=1&type=item): client error (Connect): dns error: failed to lookup address information: nodename nor servname provided, or not known
  waiting state: TypeError: error sending request for url (https://www.wikidata.org/w/api.php?action=wbsearchentities&search=waiting%20state&language=en&format=json&limit=1&type=item): client error (Connect): dns error: failed to lookup address information: nodename nor servname provided, or not known
  weak law of large numbers: TypeError: error sending request for url (https://www.wikidata.org/w/api.php?action=wbsearchentities&search=weak%20law%20of%20large%20numbers&language=en&format=json&limit=1&type=item): client error (Connect): dns error: failed to lookup address information: nodename nor servname provided, or not known
  web crawler: TypeError: error sending request for url (https://www.wikidata.org/w/api.php?action=wbsearchentities&search=web%20crawler&language=en&format=json&limit=1&type=item): client error (Connect): dns error: failed to lookup address information: nodename nor servname provided, or not known
  weight decay in neural networks: TypeError: error sending request for url (https://www.wikidata.org/w/api.php?action=wbsearchentities&search=weight%20decay%20in%20neural%20networks&language=en&format=json&limit=1&type=item): client error (Connect): dns error: failed to lookup address information: nodename nor servname provided, or not known
  weight function: TypeError: error sending request for url (https://www.wikidata.org/w/api.php?action=wbsearchentities&search=weight%20function&language=en&format=json&limit=1&type=item): client error (Connect): dns error: failed to lookup address information: nodename nor servname provided, or not known
  weighted average: TypeError: error sending request for url (https://www.wikidata.org/w/api.php?action=wbsearchentities&search=weighted%20average&language=en&format=json&limit=1&type=item): client error (Connect): dns error: failed to lookup address information: nodename nor servname provided, or not known
  wired network: TypeError: error sending request for url (https://www.wikidata.org/w/api.php?action=wbsearchentities&search=wired%20network&language=en&format=json&limit=1&type=item): client error (Connect): dns error: failed to lookup address information: nodename nor servname provided, or not known
  working set: TypeError: error sending request for url (https://www.wikidata.org/w/api.php?action=wbsearchentities&search=working%20set&language=en&format=json&limit=1&type=item): client error (Connect): dns error: failed to lookup address information: nodename nor servname provided, or not known
  4225/4230  ok=986 miss=2853
  write access: TypeError: error sending request for url (https://www.wikidata.org/w/api.php?action=wbsearchentities&search=write%20access&language=en&format=json&limit=1&type=item): client error (Connect): dns error: failed to lookup address information: nodename nor servname provided, or not known
  x86 architecture: TypeError: error sending request for url (https://www.wikidata.org/w/api.php?action=wbsearchentities&search=x86%20architecture&language=en&format=json&limit=1&type=item): client error (Connect): dns error: failed to lookup address information: nodename nor servname provided, or not known
  zero divisor: TypeError: error sending request for url (https://www.wikidata.org/w/api.php?action=wbsearchentities&search=zero%20divisor&language=en&format=json&limit=1&type=item): client error (Connect): dns error: failed to lookup address information: nodename nor servname provided, or not known
  zero matrix: TypeError: error sending request for url (https://www.wikidata.org/w/api.php?action=wbsearchentities&search=zero%20matrix&language=en&format=json&limit=1&type=item): client error (Connect): dns error: failed to lookup address information: nodename nor servname provided, or not known
  𝘶-substitution: defining 𝘶: TypeError: error sending request for url (https://www.wikidata.org/w/api.php?action=wbsearchentities&search=%F0%9D%98%B6-substitution%3A%20defining%20%F0%9D%98%B6&language=en&format=json&limit=1&type=item): client error (Connect): dns error: failed to lookup address information: nodename nor servname provided, or not known
Done. ok=986 miss=2853
