dropped_id	canonical_id
incremental-development	iterative-development
life-sciences	life-science
theoretical-lexicography	practical-lexicography
mathematical-modelling	mathematical-modeling
property-management-software	property-management
preventive-medicine	prophylaxis
labour-legislation	labour-law
agile-project-management	agile-development
refrigerants	refrigerant
neurological-surgery	neurosurgery
risk-transfer	reinsurance
software-ui-design-patterns	software-design-patterns
sustainable-technologies	sustainable-design
complementary-and-alternative-medicine	holistic-health
energy-transformation	energy-conversion
customer-segmentation	market-segmentation
neoplasia	neoplasm
biological-chemistry	biochemistry
shipping-industry	ship-transport
electronic-signals-intelligence	signals-intelligence
foodborne-diseases	foodborne-illness
data-mining	web-mining
wind-energy	wind-power
behavioural-science	behavioral-science
exercise-physiology	exercise-science
intellectual-property-law	intellectual-property
speech-recognition	deepspeech
design-process	design
orthopaedics	orthopedics
openedge-advanced-business-language	openedge-database
palaeoclimatology	paleoclimatology
geographic-information-systems	geoprocessing
manufacturing-processes	manufacturing
e-procurement	procurement
publishing-industry	publish
oracle-data-integrator	oracle-weblogic
chiropody	podiatry
3d-texturing	texturing
clinical-biochemistry	chemical-pathology
community-medicine	public-health
waste-management	waste-disposal
printing-techniques	printmaking
sustainable-forest-management	forest-management
ceramic-ware	pottery
mathematics	math
literary-criticism	literary-studies
image-recognition	computer-vision
gemstones	gems
spiral-development	spiral-model
phytotherapy	herbalism
combined-heat-and-power-generation	cogeneration
hazardous-waste-treatment	hazardous-waste-storage
cognitive-behavioural-therapy	cognitive-behavioral-therapy
pollution-legislation	environmental-laws
diagnostic-radiology	medical-imaging
technical-drawings	technical-drawing
communication-sciences	communication-studies
hearing-disability	hearing-loss
e-learning	learning
production-engineering	product-engineering
fire-safety-regulations	fire-safety
materials-engineering	materials-science
urogynaecology	urogynecology
outsourcing-model	insourcing
screenwriting-theories	screenwriting
customs-law	tariff
hearing-aids	hearing-aid
identify-customer-s-needs	identify-customer-needs
mechanical-systems	machinery
printed-circuit-boards	printed-circuit-board
monte-carlo-simulation	monte-carlo-methods
healthcare-administration	health-administration
risk-management	risk-analysis
environmental-legislation	environmental-laws
sql-server-integration-services	bulk-copy-program
contraindications	contraindication
communicable-diseases	infection
forest-conservation	forest-management
metalworking	metalwork
project-management	project-controls
otorhinolaryngology	otolaryngology
medical-parasitology	parasitology
automatic-control-system	automation
operational-research	operations-research
consumer-protection	consumer-law
allergology	allergies
clean-rooms	cleanrooms
agricultural-chemicals	agrochemicals
learning-technologies	learning
laboratory-techniques	laboratory-equipment
types-of-guitars	guitars
digital-image-processing	image-processing
therapeutic-massage	massage
key-risk-indicators	key-risk-indicator
e-agriculture	farming
3d-modelling	modeling
employment-law	labour-law
data-analytics	analytics
business-process-modelling	business-process-modeling
business-processes	business-process
industrial-tools	machine-tools
blow-moulding	blow-molding
cold-forging	forging
paediatric-surgery	pediatric-surgery
ml-computer-programming	computer-programming
multimedia-systems	multimedia
medical-oncology	oncology
nanotechnology	microassembly
database-management-systems	database
augmented-reality	mixed-reality
pharmaceutical-chemistry	medicinal-chemistry
computer-graphics	imaging-software
unreal-engine	unrealscript
online-analytical-processing	molap
medical-informatics	health-informatics
instrumentation-engineering	instrumentation
aviation-meteorology	meteorology
maritime-meteorology	meteorology
respiratory-medicine	pulmonology
optoelectronic-devices	optoelectronics
behavioural-therapy	behaviour-therapy
fossil-fuels	fossil-fuel
ca-datacom-db	datacom-db
furniture-industry	furniture-design
construction-methods	construction
structure-information	information-structure
mass-customisation	configurators
mobile-device-management	device-management
immunohaematology	immunohematology
musical-theory	music-theory
nursing-science	nursing
isometric-perspective	isometric-projection
clinical-microbiology	medical-microbiology
commercial-law	business-law
orthotic-devices	orthotics
customer-relationship-management	campaign-management
handwriting-analysis	graphology
electronic-communication	telecommunications
interpret-2d-plans	interpret-3d-plans
stenography	shorthand
statistical-quality-control	statistical-process-control
respiratory-therapy	respiratory-care
audio-mastering	mastered
maxillofacial-surgery	oral-surgery
commercial-photography	photography
search-engine-optimisation	seo-copywriting
psychological-theories	psychology
vertical-markets	vertical-market
special-needs-education	special-education
child-protection	child-welfare
sword-fighting	swordsmanship
infrared-sensors	thermography
building-information-modelling	building-information-modeling
eu-law	law
podiatric-surgery	podiatry
construction-industry	construction
play-therapy	theraplay
data-models	datamodel
operation-and-control	control-operation
troubleshooting	troubleshoot
repairing	repair
production-and-processing	processing-production
direct-and-coordinate-activities-of-businesses-or-departments-concerned-eef675	direct-or-coordinate-activities-of-businesses-or-departments-concerned-665be5
prepare-personnel-forecasts-to-project-employment-needs	prepare-personnel-forecast-to-project-employment-needs
contract-with-vendors-to-provide-employee-services-such-as-food-services-ad1838	contract-with-vendors-to-provide-employee-services-such-as-food-service-9eccc5
determine-the-scope-of-educational-program-offerings-and-prepare-drafts-267f6f	determine-the-scope-of-educational-program-offerings-and-prepare-drafts-785816
write-articles-manuals-and-other-publications-and-assist-in-the-308b3d	write-articles-manuals-and-other-publications-and-assist-in-the-ff8648
collect-and-analyze-survey-data-regulatory-information-and-data-on-5ceabf	collect-and-analyze-survey-data-regulatory-information-and-demographic-6041bd
verify-that-all-firm-and-regulatory-policies-and-procedures-have-been-9d2bdc	verify-that-all-regulatory-policies-and-procedures-have-been-documented-cce8af
devise-and-evaluate-methods-and-procedures-for-collecting-data-such-as-be7e89	devise-or-evaluate-methods-and-procedures-for-collecting-data-such-as-12d387
consult-with-customers-to-resolve-complaints-and-verify-financial-and-99bc31	consult-with-customers-to-resolve-complaints-or-verify-financial-or-d8063a
consult-with-users-management-vendors-and-technicians-to-determine-35f443	consult-with-users-management-vendors-and-technicians-to-assess-computing-93bc2d
develop-or-maintain-archived-procedures-procedural-codes-or-queries-for-d05354	write-or-maintain-archived-procedures-procedural-codes-or-queries-for-300568
modify-existing-software-to-correct-errors-adapt-it-to-new-hardware-or-56ddea	modify-existing-software-to-correct-errors-allow-it-to-adapt-to-new-4302df
incorporate-technical-considerations-into-web-site-design-plans-such-as-a44600	incorporate-technical-considerations-into-web-site-design-plans-such-as-5c7e2a
develop-and-document-style-guidelines-for-web-site-content	develop-or-document-style-guidelines-for-web-site-content
develop-testing-routines-and-procedures	develop-testing-routines-or-procedures
read-current-literature-talk-with-colleagues-continue-education-or-6d11e6	read-current-literature-talk-with-colleagues-continue-education-or-d6b938
recommend-cyber-defense-software-or-hardware-to-support-responses-to-e0b980	maintain-cyber-defense-software-or-hardware-to-support-responses-to-cyber-58afa3
initiate-review-or-approve-modifications-to-project-plans	propose-review-or-approve-modifications-to-project-plans
apply-sampling-techniques-or-use-complete-enumeration-bases-to-determine-496198	apply-sampling-techniques-to-determine-groups-to-be-surveyed-or-use-23143f
recommend-purchase-of-equipment-to-control-dust-temperature-and-humidity-6f3e68	recommend-purchase-of-equipment-to-control-dust-temperature-or-humidity-bae25c
supervise-and-train-other-technologists-technicians-and-drafters	supervise-or-train-other-technologists-technicians-or-drafters
supervise-and-train-other-drafters-technologists-and-technicians	supervise-or-train-other-technologists-technicians-or-drafters
verify-part-dimensions-or-clearances-to-ensure-conformance-to-514f40	verify-part-dimensions-or-clearances-using-precision-measuring-9f323c
align-fit-or-assemble-component-parts-using-hand-or-power-tools-fixtures-16ae82	align-fit-or-assemble-components-using-hand-tools-power-tools-fixtures-27c416
conduct-statistical-studies-to-analyze-or-compare-production-costs-for-6c30f8	conduct-statistical-studies-to-analyze-or-compare-production-costs-for-330720
specify-coordinate-or-conduct-quality-control-or-quality-assurance-cec513	specify-coordinate-or-conduct-quality-control-or-quality-assurance-24fe54
supervise-biological-technicians-and-technologists-and-other-scientists	supervise-biological-technologists-and-technicians-and-other-scientists
conduct-research-to-develop-methodologies-instrumentation-and-procedures-75704e	conduct-research-to-develop-methodologies-instrumentation-and-procedures-3ace94
conduct-feasibility-and-cost-benefit-studies-for-environmental-c8b247	conduct-feasibility-or-cost-benefit-studies-for-environmental-remediation-5fcddd
forecast-political-economic-and-social-trends	forecast-economic-political-or-social-trends
investigate-the-properties-origins-or-activities-of-glaciers-ice-snow-or-8a68ce	investigate-properties-origins-and-activities-of-glaciers-ice-snow-and-d66493
decontaminate-objects-by-cleaning-them-using-soap-or-solvents-or-by-b70aac	decontaminate-objects-by-cleaning-with-soap-or-solvents-or-by-abrading-deb047
counsel-family-members-to-assist-them-in-understanding-dealing-with-and-a09b55	counsel-family-members-to-assist-them-in-understanding-dealing-with-or-dfd71c
maintain-accurate-and-complete-student-records-as-required-by-laws-cf91ee	maintain-accurate-and-complete-student-records-as-required-by-law-69f51c
provide-students-with-disabilities-with-assistive-devices-supportive-c848f3	provide-students-with-disabilities-with-assistive-devices-supportive-735cf5
supervise-and-direct-other-workers-providing-services-to-clients-or-patients	supervise-or-direct-other-workers-providing-services-to-clients-or-patients
develop-or-advise-on-social-policy-and-assist-in-community-development	develop-or-advise-on-social-policy-or-assist-in-community-development
supervise-or-direct-other-workers-who-provide-services-to-clients-or-patients	supervise-or-direct-other-workers-providing-services-to-clients-or-patients
plan-or-conduct-programs-to-prevent-substance-abuse-combat-social-b4b9bd	plan-and-conduct-programs-to-combat-social-problems-prevent-substance-9d2abd
rule-on-exceptions-motions-and-admissibility-of-evidence	rule-on-exceptions-motions-or-admissibility-of-evidence
prepare-course-materials-such-as-syllabi-homework-assignments-and-handouts	prepare-course-materials-such-as-syllabi-homework-assignments-or-handouts
keep-abreast-of-developments-in-the-field-by-reading-current-literature-974f49	keep-abreast-of-developments-in-the-field-by-reading-current-literature-bb1b76
conduct-research-in-a-particular-field-of-knowledge-and-publish-findings-7ef3ec	conduct-research-in-a-particular-field-of-knowledge-and-publish-findings-94dfe0
select-and-obtain-materials-and-supplies-such-as-textbooks-and-laboratory-f7e521	select-and-obtain-materials-and-supplies-such-as-textbooks-or-laboratory-2794bd
conduct-research-in-a-particular-field-of-knowledge-and-publish-findings-27dbc7	conduct-research-in-a-particular-field-of-knowledge-and-publish-findings-94dfe0
supervise-students-laboratory-and-field-work	supervise-students-laboratory-or-field-work
review-papers-or-serve-on-editorial-boards-for-scientific-journals-and-f9e4bc	review-papers-or-serve-on-editorial-boards-for-scientific-journals-and-bbaddb
evaluate-and-grade-students-class-work-laboratory-and-clinic-work-38fffe	evaluate-and-grade-students-class-work-laboratory-performance-assignments-87e00f
evaluate-and-grade-students-class-work-laboratory-work-projects-95df70	evaluate-and-grade-students-class-work-laboratory-performance-assignments-87e00f
observe-and-evaluate-students-work-to-determine-progress-provide-feedback-565df0	observe-and-evaluate-students-work-to-determine-progress-and-make-78e915
serve-meals-and-snacks-in-accordance-with-nutritional-guidelines	serve-meals-or-snacks-in-accordance-with-nutritional-guidelines
attend-to-children-s-basic-needs-by-feeding-them-dressing-them-and-194fe9	attend-to-children-s-basic-needs-by-feeding-them-dressing-them-or-4eadea
organize-and-lead-activities-designed-to-promote-physical-mental-and-76e609	organize-and-lead-activities-designed-to-promote-physical-mental-and-38f003
arrange-indoor-and-outdoor-space-to-facilitate-creative-play-motor-skill-c15577	arrange-indoor-or-outdoor-space-to-facilitate-creative-play-motor-skill-eab795
plan-and-conduct-activities-for-a-balanced-program-of-instruction-6d33fd	plan-or-conduct-activities-for-a-balanced-program-of-instruction-e862b2
confer-with-other-staff-members-to-plan-and-schedule-lessons-promoting-bf371a	confer-with-other-staff-members-to-plan-or-schedule-lessons-promoting-783578
attend-professional-meetings-educational-conferences-and-teacher-training-6c723a	attend-professional-meetings-conferences-and-workshops-to-maintain-and-729b1b
administer-tests-to-help-determine-children-s-developmental-levels-needs-7c62e6	administer-tests-to-help-determine-children-s-developmental-levels-needs-961ade
establish-and-enforce-rules-for-behavior-and-policies-and-procedures-to-84853c	establish-and-enforce-rules-for-behavior-and-procedures-for-maintaining-912ee2
confer-with-parents-or-guardians-other-teachers-counselors-and-bc6e7b	confer-with-parents-guardians-teachers-counselors-or-administrators-to-532500
meet-with-parents-and-guardians-to-discuss-their-children-s-progress-and-e0a510	meet-with-parents-and-guardians-to-discuss-their-children-s-progress-and-52c932
instruct-and-monitor-students-in-the-use-and-care-of-equipment-and-fd752e	instruct-and-monitor-students-in-the-use-of-equipment-and-materials-to-ee7b0a
perform-administrative-duties-such-as-assisting-in-school-libraries-hall-39ce96	perform-administrative-duties-such-as-school-library-assistance-hall-and-b02feb
confer-with-parents-or-guardians-teachers-counselors-and-administrators-a9f79f	confer-with-parents-guardians-teachers-counselors-or-administrators-to-532500
meet-with-parents-and-guardians-to-discuss-their-children-s-progress-and-e9c536	meet-with-parents-and-guardians-to-discuss-their-children-s-progress-and-52c932
establish-clear-objectives-for-all-lessons-units-and-projects-and-5d46da	establish-and-communicate-clear-objectives-for-all-lessons-units-and-e9e661
prepare-administer-and-grade-tests-and-assignments-to-evaluate-students-progress	prepare-administer-or-grade-tests-or-assignments-to-evaluate-students-progress
plan-and-supervise-class-projects-field-trips-visits-by-guest-speakers-or-bed57c	plan-and-supervise-class-projects-field-trips-visits-by-guests-or-other-53861b
establish-clear-objectives-for-all-lessons-units-and-projects-and-2f79ef	establish-and-communicate-clear-objectives-for-all-lessons-units-and-e9e661
maintain-accurate-complete-and-correct-student-records-as-required-by-623655	maintain-accurate-and-complete-student-records-as-required-by-law-69f51c
instruct-and-monitor-students-in-the-use-and-care-of-equipment-and-ae1dae	instruct-and-monitor-students-in-the-use-of-equipment-and-materials-to-ee7b0a
plan-and-supervise-class-projects-field-trips-visits-by-guest-speakers-or-0a7513	plan-and-supervise-class-projects-field-trips-visits-by-guests-or-other-53861b
organize-and-supervise-games-and-other-recreational-activities-to-promote-2b56e2	organize-and-supervise-games-or-other-recreational-activities-to-promote-3e0e47
instruct-students-individually-and-in-groups-using-various-teaching-ce1dc9	instruct-students-individually-and-in-groups-using-teaching-methods-such-001146
guide-and-counsel-students-with-adjustments-academic-problems-or-special-a005d9	guide-and-counsel-students-with-adjustment-or-academic-problems-or-315559
select-store-order-issue-inventory-and-maintain-classroom-equipment-0c02a3	select-store-order-issue-and-inventory-classroom-equipment-materials-and-3e6a48
administer-standardized-ability-and-achievement-tests-and-interpret-2c7c24	administer-standardized-ability-and-achievement-tests-and-interpret-891bfa
select-order-store-issue-and-inventory-classroom-equipment-materials-and-49e246	select-store-order-issue-and-inventory-classroom-equipment-materials-and-3e6a48
instruct-and-monitor-students-in-the-use-and-care-of-equipment-or-ea79dd	instruct-and-monitor-students-in-the-use-of-equipment-and-materials-to-ee7b0a
maintain-accurate-and-complete-student-records-as-required-by-laws-8e4c68	maintain-accurate-and-complete-student-records-as-required-by-law-69f51c
establish-and-communicate-clear-objectives-for-all-lessons-units-and-7f4db0	establish-and-communicate-clear-objectives-for-all-lessons-units-and-e9e661
attend-professional-meetings-educational-conferences-or-teacher-training-85f045	attend-professional-meetings-conferences-and-workshops-to-maintain-and-729b1b
confer-with-parents-administrators-testing-specialists-social-workers-or-e4481b	confer-with-parents-administrators-testing-specialists-social-workers-and-f5a096
prepare-objectives-outlines-or-other-materials-for-courses-of-study-4e10ae	prepare-objectives-outlines-or-other-materials-for-courses-of-study-a168de
present-information-in-audio-visual-or-interactive-formats-using-c02e22	present-information-in-audio-visual-or-interactive-formats-using-7b8453
guide-or-counsel-students-with-adjustment-problems-academic-problems-or-d7d74b	guide-and-counsel-students-with-adjustment-or-academic-problems-or-315559
instruct-students-in-daily-living-skills-required-for-independent-b8e76e	instruct-students-in-daily-living-skills-required-for-independent-5dc696
modify-the-general-education-curriculum-for-students-with-disabilities-befaaa	modify-the-general-education-curriculum-for-students-with-disabilities-b5dab7
teach-socially-acceptable-behavior-employing-techniques-such-as-behavior-ce44f1	teach-socially-acceptable-behavior-employing-techniques-such-as-behavior-70194b
teach-students-personal-development-skills-such-as-goal-setting-020736	teach-students-personal-development-skills-such-as-goal-setting-f9b8b2
employ-special-educational-strategies-and-techniques-during-instruction-292b41	employ-special-educational-strategies-or-techniques-during-instruction-to-436d00
provide-assistive-devices-supportive-technology-and-assistance-accessing-3cb893	provide-assistive-devices-supportive-technology-or-assistance-accessing-d48b43
visit-schools-to-tutor-students-with-sensory-impairments-and-to-consult-4e6230	visit-schools-to-tutor-students-with-sensory-impairments-or-to-consult-c405a8
confer-with-parents-administrators-testing-specialists-social-workers-or-b48633	confer-with-parents-administrators-testing-specialists-social-workers-and-f5a096
adapt-teaching-methods-and-instructional-materials-to-meet-students-c8303d	adapt-teaching-methods-and-instructional-materials-to-meet-students-d089c9
maintain-accurate-and-complete-student-records-as-required-by-laws-or-ca5ad7	maintain-accurate-and-complete-student-records-as-required-by-0ae52d
confer-with-other-staff-members-to-plan-and-schedule-lessons-that-promote-82cf8e	confer-with-other-staff-members-to-plan-or-schedule-lessons-promoting-783578
plan-and-supervise-class-projects-field-trips-visits-by-guest-speakers-70bcbb	plan-and-supervise-class-projects-field-trips-visits-by-guests-or-other-53861b
prepare-students-for-further-development-by-encouraging-them-to-explore-8c88d4	prepare-students-for-further-education-by-encouraging-them-to-explore-cf6b5c
attend-professional-meetings-educational-conferences-or-teacher-training-f57ffd	attend-professional-meetings-conferences-and-workshops-to-maintain-and-729b1b
confer-with-other-professionals-on-client-s-treatment-team-to-develop-a09069	confer-with-professionals-on-client-s-treatment-team-to-develop-dd24cf
document-evaluations-treatment-plans-case-summaries-or-progress-or-other-bda8e2	write-treatment-plans-case-summaries-or-progress-or-other-reports-related-ff2ba5
plan-provide-or-evaluate-educational-programs-for-nursing-staff-2f4a5f	plan-provide-or-evaluate-educational-programs-for-nursing-staff-health-40aed2
design-patient-education-programs-that-include-information-required-to-d7d2da	teach-patient-education-programs-that-include-information-required-to-255d28
read-current-literature-talk-with-colleagues-and-participate-in-480420	read-current-literature-talk-with-colleagues-or-participate-in-0f7093
conduct-research-to-develop-or-test-medications-treatments-or-procedures-750d4c	conduct-research-to-develop-or-test-medications-treatments-or-procedures-8f455d
observe-ultrasound-display-screen-and-listen-to-signals-to-record-199af8	observe-ultrasound-display-screen-and-listen-to-signals-to-record-ac6908
evaluate-patients-vital-signs-or-laboratory-data-to-determine-emergency-41cb1f	evaluate-patients-vital-signs-or-laboratory-data-to-determine-emergency-dc38f0
prescribe-or-administer-treatment-therapy-medication-vaccination-and-753b75	prescribe-or-administer-medication-therapy-and-other-specialized-medical-9e6cd0
advise-patients-and-community-members-concerning-diet-activity-hygiene-8b3cb8	advise-patients-and-community-members-concerning-diet-activity-hygiene-or-981a26
direct-and-coordinate-activities-of-nurses-students-assistants-5d524f	direct-and-coordinate-activities-of-nurses-assistants-specialists-7feb39
prepare-government-or-organizational-reports-which-include-birth-death-e8a386	prepare-government-or-organizational-reports-on-birth-death-and-disease-722ffb
collect-record-and-maintain-patient-information-such-as-medical-histories-27ef6a	collect-record-and-maintain-patient-information-such-as-medical-history-364879
prescribe-or-administer-therapy-medication-and-other-specialized-medical-277f60	prescribe-or-administer-medication-therapy-and-other-specialized-medical-9e6cd0
consult-with-or-provide-consulting-services-to-other-physicians	provide-consulting-services-to-other-physicians
prepare-government-and-organizational-reports-on-birth-death-and-disease-2fc90e	prepare-government-or-organizational-reports-on-birth-death-and-disease-722ffb
advise-patients-parents-or-guardians-and-community-members-concerning-e79682	advise-patients-and-community-members-concerning-diet-activity-hygiene-or-981a26
participate-in-continuing-education-activities-to-improve-and-maintain-501104	participate-in-continuing-education-activities-to-maintain-or-enhance-da6b96
select-or-prepare-specimens-and-media-for-cell-cultures-using-aseptic-05cdc4	select-and-prepare-specimens-and-media-for-cell-cultures-using-aseptic-1c97ca
conduct-electrocardiogram-ekg-phonocardiogram-echocardiogram-stress-0a37bc	conduct-electrocardiogram-ekg-phonocardiogram-echocardiogram-or-other-bf197c
supervise-or-train-other-cardiology-technologists-or-students	supervise-or-train-cardiology-technologists-or-students
take-anatomical-or-functional-ocular-measurements-such-as-axial-length-4fdcac	take-anatomical-or-functional-ocular-measurements-of-the-eye-or-e1c12f
collect-specimens-for-use-in-laboratory-tests	collect-specimens-for-laboratory-tests
provide-physical-support-to-patients-to-assist-them-to-perform-daily-14fac1	provide-physical-support-to-assist-patients-to-perform-daily-living-5b2c87
evaluate-the-daily-living-skills-or-capacities-of-clients-with-physical-d09455	evaluate-the-living-skills-and-capacities-of-clients-with-physical-e3eed4
demonstrate-therapy-techniques-such-as-manual-and-creative-arts-and-games	demonstrate-therapy-techniques-such-as-manual-or-creative-arts-or-games
measure-patient-s-range-of-joint-motion-body-parts-or-vital-signs-to-abb2be	measure-patients-range-of-joint-motion-body-parts-or-vital-signs-to-60483d
call-police-or-fire-departments-in-cases-of-emergency-such-as-fire-bomb-2e09ad	call-police-or-fire-departments-in-cases-of-emergency-such-as-fire-or-f36c21
educate-the-public-about-fire-safety-and-prevention	educate-the-public-about-fire-safety-or-prevention
inspect-cards-and-equipment-to-be-used-in-games-to-ensure-that-they-are-771d9d	inspect-cards-or-equipment-to-be-used-in-games-to-ensure-they-are-in-b4498e
open-and-close-cash-floats-and-game-tables	open-or-close-cash-floats-or-game-tables
answer-questions-about-game-rules-and-casino-policies	answer-questions-about-game-rules-or-casino-policies
check-to-ensure-that-all-players-have-placed-their-bets-before-play-begins	check-to-ensure-that-all-players-have-placed-bets-before-play-begins
direct-and-supervise-employees-engaged-in-sales-inventory-taking-da3212	direct-and-supervise-employees-engaged-in-sales-inventory-taking-e50d2e
attend-sales-or-trade-meetings-or-read-related-publications-to-obtain-15ebbb	attend-sales-or-trade-meetings-or-read-related-publications-to-obtain-54af9d
perform-general-administrative-tasks-such-as-answering-telephones-b8bdcb	perform-general-administrative-tasks-such-as-scheduling-appointments-or-e6f395
register-certify-and-insure-parcels-and-letters	register-certify-and-insure-letters-and-parcels
perform-payroll-functions-such-as-maintaining-timekeeping-information-and-d7641b	oversee-payroll-functions-such-as-maintaining-timekeeping-information-and-438fe8
wet-surface-to-prepare-for-bonding-fill-holes-and-cracks-with-grout-or-1e7e59	wet-surface-to-prepare-for-bonding-fill-holes-and-cracks-with-grout-or-10988b
chip-scrape-or-grind-high-spots-ridges-or-rough-projections-to-finish-286835	chip-scrape-and-grind-high-spots-ridges-and-rough-projections-to-finish-b7d65e
mold-expansion-joints-and-edges-using-edging-tools-jointers-or-straightedges	mold-expansion-joints-and-edges-using-edging-tools-jointers-and-straightedge
control-traffic	traffic-control
measure-and-cut-insulation-for-covering-surfaces-using-tape-measures-09e546	measure-and-cut-insulation-for-covering-surfaces-using-tape-measures-e409dc
splice-wires-with-knives-or-cutting-pliers-and-solder-connections-to-8342aa	splice-wires-with-knives-or-cutting-pliers-and-solder-connections-to-d1c69b
maintain-cleanliness-of-work-area	maintain-work-area-cleanliness
list-parts-needed-estimate-costs-and-plan-work-procedures-using-parts-1ba946	list-parts-needed-estimate-costs-and-plan-work-procedures-using-parts-b09613
locate-and-repair-frayed-wiring-broken-connections-or-incorrect-wiring-4ca636	locate-and-repair-frayed-wiring-broken-connections-or-incorrect-wiring-fe411b
connect-electrical-systems-to-outside-power-sources-and-activate-switches-f68d1a	connect-electrical-systems-to-outside-power-sources-and-activate-switches-ed5d2e
refinish-wood-surfaces-on-cabinets-doors-moldings-and-floors-using-power-eb82fd	refinish-wood-surfaces-on-cabinets-doors-moldings-or-floors-using-power-66bb6d
record-production-and-operational-data-on-specified-forms	record-production-or-operational-data-on-specified-forms
install-level-and-align-machine-components-such-as-gears-chains-guides-e0c395	install-level-and-align-components-such-as-gears-chains-guides-dies-cfa77d
clean-oil-and-lubricate-machines-using-air-hoses-cleaning-solutions-rags-7364f4	clean-oil-and-lubricate-machines-using-air-hoses-cleaning-solutions-rags-bbd011
set-up-operate-and-adjust-a-variety-of-woodworking-machines-such-as-e6c9b5	set-up-operate-and-adjust-a-variety-of-woodworking-machines-such-as-5d007a
operate-valves-pumps-engines-or-generators-to-control-and-adjust-84e7aa	operate-valves-pumps-engines-or-generators-to-control-and-adjust-biofuels-d21db4
calibrate-liquid-flow-devices-and-meters-including-fuel-chemical-and-d3eddd	calibrate-liquid-flow-devices-or-meters-including-fuel-chemical-and-water-meters
tend-accessory-equipment-such-as-pumps-and-conveyors-to-move-materials-or-58c9a6	tend-accessory-equipment-such-as-pumps-or-conveyors-to-move-materials-or-ae95b1
weigh-or-measure-materials-ingredients-or-products-at-specified-intervals-8353f8	weigh-or-measure-materials-ingredients-or-products-to-ensure-conformance-0c8239
read-work-orders-to-determine-production-specifications-and-information	read-work-orders-to-determine-production-specifications-or-information
dislodge-and-clear-jammed-materials-or-other-items-from-machinery-and-77b565	dislodge-and-clear-jammed-materials-or-other-items-from-machinery-or-8cb9ab
transfer-materials-supplies-and-products-between-work-areas-using-moving-3149da	transfer-materials-supplies-or-products-between-work-areas-using-moving-0cce67
add-or-mix-chemicals-and-ingredients-for-processing-using-hand-tools-or-adf3bf	add-or-mix-chemicals-or-ingredients-for-processing-using-hand-tools-or-1cc956
record-operational-or-production-data-on-specified-forms	record-production-or-operational-data-on-specified-forms
examine-measure-and-weigh-materials-or-products-to-verify-conformance-to-d26721	examine-measure-and-weigh-materials-or-products-to-verify-conformance-to-b10308
clean-equipment-and-work-areas	clean-work-areas-and-equipment
file-instrument-flight-plans-with-air-traffic-control-to-ensure-that-ecc13c	file-instrument-flight-plans-with-air-traffic-control-so-that-flights-can-0c703d
read-maps-and-follow-written-and-verbal-geographic-directions	read-maps-and-follow-written-or-verbal-geographic-directions
repair-maintain-and-adjust-equipment-using-hand-tools	clean-adjust-and-maintain-equipment-using-hand-tools
inspect-equipment-to-ensure-safety-or-proper-functioning	inspect-safety-equipment-to-ensure-proper-functioning
design-furniture	furniture-design
clean-equipment-or-facilities	clean-facilities-or-equipment
replace-worn-damaged-or-defective-mechanical-parts	repair-worn-damaged-or-defective-mechanical-parts
microsoft-dynamics-ax	microsoft-dynamics
microsoft-dynamics-gp	microsoft-dynamics
oracle-e-business-suite	oracle-hrms
sage-50-accounting	simply-accounting
apache-hadoop	hadoop
apple-final-cut-pro	final-cut-pro
apple-macos	mac-os
autodesk-autocad	autocad
database-software	database
ibm-domino	ibm-notes
inventory-management-software	inventory-software
mozilla-firefox	firefox
oracle-database	oracle-11i
sap-business-objects	sap-businessobjects
adobe-acrobat-reader	adobe-acrobat
apple-imovie	imovie
ibm-lotus-notes	ibm-notes
elasticsearch	logstash
jupyter-notebook	jupyter
sap-businessobjects-crystal-reports	sap-crystal-reports
google-gmail	gmail
adp-enterprise-hr	adp-enterprise
microsoft-windows-xp	microsoft-windows
graphics-software	imaging-software
apache-http-server	httpd-conf
borland-paradox	corel-paradox
enterprise-javabeans	session-beans
k2-business-process-automation	business-process-automation
microsoft-net-framework	net-framework
microsoft-dynamics-crm	microsoft-dynamics
microsoft-dynamics-nav	microsoft-dynamics
microsoft-sharepoint-server	microsoft-sharepoint
microsoft-visual-foxpro	visual-foxpro
microsoft-visual-studio	visual-studio-online
node-js	io-js
oracle-fusion-middleware	oracle-weblogic
oracle-weblogic-server	oracle-weblogic
spring-framework	spring-aop
accounts-receivable-software	accounting-software
microsoft-dynamics-sl	microsoft-dynamics
microsoft-power-bi	power-bi
oracle-primavera-p6-enterprise-portfolio-project-management	oracle-primavera-enterprise-project-portfolio-management
inventory-management-systems	inventory-software
sap-erp-operations	sap-erp
spreadsheet-software	spreadsheets
jantek-electronics-jupiter-time-attendance	jantek-jupiter-time-attendance
ultimate-software-ultipro-workplace	ultimate-software-ultipro
google-earth-pro	google-earth
tibco-spotfire-s	tibco-spotfire
wallingford-software-infoworks-ws	wallingford-software-infoworks-cs
desktop-publishing-software	desktop-publishing
mapinfo-professional	mapinfo
statistical-software	statistics-software
database-management-software	database
digital-imaging-system-software	digital-imaging-software
apple-ios	ios
inventory-control-system-software	inventory-control-software
3d-graphics-software	imaging-software
computer-aided-design-and-drafting-cadd-software	computer-aided-design-and-drafting-software-cadd
online-databases	database
sap-erp-human-capital-management	sap-erp
apache-spark	pyspark
microsoft-asp-net	asp-net
microsoft-business-intelligence-bi	microsoft-business-intelligence
salary-com	brassring
adobe-analytics	adobe-target
google-tag-manager	google-tools
google-webmaster-tools	google-search-console
microsoft-bing	bing-search
blogging-software	blogs
microsoft-active-directory	active-directory
photo-editing-software	imaging-software
accounts-payable-software	accounting-software
caseware-international-idea-smartanalyzer	caseware-international-idea
digital-analysis-tests-and-statistics-datas-for-excel	digital-analysis-tests-and-statistics-datas-for-sas
intuit-turbotax	turbotax
microsoft-visual-basic-net	microsoft-visual-c
ibm-filenet-content-manager	ibm-content-manager
s-p-capital-iq	capital
thomson-reuters-westlaw-edge	thomson-reuters-westlaw
financial-industry-computer-systems-loan-originator	financial-industry-computer-systems-loan-producer
business-intelligence-system-software	business-intelligence-software
ibm-db2	db2
microsoft-visual-c-net	microsoft-visual-c
oracle-application-server	oracle-weblogic
orcad-capture	orcad
red-hat-openshift	openshift
remote-control-software	remote-access-software
sap-netweaver-bw	sap-netweaver
symantec-pcanywhere	pcanywhere
version-control-software	version-control
penetration-testing-software	penetration-testing
intel-integrated-performance-primitives	integrated-performance-primitives
jenkins-ci	jenkins-2
microsoft-visual-studio-net	visual-studio-online
ibm-websphere-mq	ibm-websphere
apache-sqoop	sqoop
ca-idms	idms
couchbase-server	n1ql
microsoft-azure-data-factory	microsoft-azure
sap-iq	sap-r3
teradata-fastload	fastexport
teradata-parallel-transporter	fastexport
adobe-postscript	postscript
decompilers	decompiler
e-pattern-language	pattern-language
hewlett-packard-hp-quicktest-professional	hewlett-packard-quicktest-professional
wind-river-systems-vxworks	wind-river-vxworks
c-for-graphics-cg	c-graphics
adobe-freehand-mx	adobe-freehand
ca-siteminder	siteminder
web-application-framework-software	web-framework-software
clarity-systems-ibm-clarity	ibm-clarity-systems-clarity
claritas-prizm-ne	claritas-prizm
filenet-p8	filenet
altera-quartus-ii	altera-quartus
finite-element-analysis-fea-software	finite-element-analysis-software
numerical-analysis-software	numerical-analysis
test-automation-software	test-automation
visual-numerics-pv-wave	visual-numerics-ts-wave
microsoft-sql-server-compact	sql-server-compact
windows-embedded-compact	microsoft-windows
autodesk-autocad-lt	autocad
energy-10	energy
pv-optics	optics
animation-software	2d-animation
autodesk-architectural-desktop	autocad-architecture
autodesk-revit-architecture	autodesk-revit
corel-paint-shop-pro	paintshop-pro
zuken-cadstar	cadstar
ptc-mathcad	mathcad
visual-modflow-pro	visual-modflow
computerized-numerical-control-cnc-programming-software	computerized-numerical-control-cnc-software
trimble-gps-pathfinder-office	trimble-pathfinder-office
microsoft-visual-j	microsoft-visual-c
image-editing-software	imaging-software
apple-iwork	iwork
gamess-us	gamess
productivity-software	office-software
hec-2	hec-1
atlas-ti	atlas
e-on-vue	vue-js
clark-labs-idrisi-andes	clark-labs-idrisi
computer-graphics-software	imaging-software
varian-medical-systems	truebeam
microsoft-activesync	activesync
microsoft-office-mobile	office-online
microsoft-office-outlook	microsoft-outlook
voice-recognition-software	deepspeech
speech-recognition-software	deepspeech
public-access-to-court-electronic-records-pacer	public-access-to-electronic-court-records-pacer
inmagic-db-textworks	inmagic-textworks
autodesk-mudbox	mudbox
elsevier-sciencedirect	sciencedirect
apple-logic-pro	logic-pro
pure-data-pd	pure-data
avid-technology-pro-tools	pro-tools
blackboard-collaborate	blackboard-software
microsoft-office-frontpage	microsoft-frontpage
smartdraw-vp	smartdraw
apache-flex	adobe-flex
xara-designer-pro-x	xara-designer-pro
character-studio	autodesk-viz
autodesk-aliasstudio	autodesk-alias
c-design-fashion	fashion-design
avid-pro-tools	pro-tools
avid-digidesign-pro-tools	pro-tools
apple-garageband	garageband
blogger	blogs
kodak-dental-systems-kodak-practiceworks-practice-management-software-pms	kodak-dental-systems-kodak-softdent-practice-management-software-pms
biometrics-video-game-software	video-game-software
nextech-emr-pm	nextech-emr
digital-image-processing-software	image-processing-software
3d-motion-analysis-software	motion-analysis-software
mi-co-software	hp-software
mi-co-mi-forms	ez-forms
microsoft-windows-xp-professional	microsoft-windows
consolidated-model-of-fire-and-smoke-transport-cfast	consolidated-fire-and-smoke-transport-model-cfast
sage-50-accounting-software	sage-accounting-software
adp-pc-payroll	adp-payroll
microsoft-system-center	microsoft-servers
blackboard-learning-system	blackboard-learn
dr-dispatch	pc-dispatch
microsoft-dynamics-erp	microsoft-dynamics
infor-xa	mapics
a1-law	law
dictation-software	deepspeech
serif-pageplus	pageplus
asr-software-topview-me	asr-software-topview-le
m-code	g-code
nc-verification-software	verification-software
open-mind-technologies-hypermill	open-mind-hypermill
kentech-kipware-t-cnc	kentech-kipware-m-cnc
kentech-kipware-x-cnc	kentech-kipware-m-cnc
open-mind-software-hypermill	open-mind-hypermill
technos-astra-s-nesting	technos-astra-r-nesting
furuno-navigational-chart-software	navigational-chart-software
net-framework-1	net-framework
net-framework-3	net-framework
net-framework-4	net-framework
10-gigabit-ethernet	gigabit-ethernet
2d-computer-graphics	imaging-software
30-hour-miosha-safety-certification	10-hour-miosha-safety-certification
30-hour-osha-construction-card	10-hour-osha-construction-card
30-hour-osha-general-industry-card	10-hour-osha-general-industry-card
35-mm-films	films
3a-pesticide-applicator-license	pesticide-applicator-license
3b-pesticide-applicator-license	pesticide-applicator-license
3d-animation	2d-animation
3d-computer-graphics	imaging-software
3d-computer-graphics-software	imaging-software
3d-graphic-design	graphic-design
3d-modeling	modeling
3d-modeling-software	modeling-software
3d-reconstruction	reconstruction
3d-rendering	rendering
3d-visualization	visualization
3m-software	hp-software
4g-welding-certification	3g-welding-certification
4sight	irix
50-ton-master-captain-s-license	25-ton-master-captain-s-license
5g-technology	technology
6g-welding-certification	3g-welding-certification
a-b-testing	qf-testing
ac-dc-power	power-bi
algol-algorithmic-language	algorithmic-language-algol
ar-system-administration	system-administration
asp-net-core-mvc	asp-net-web-api
asp-net-identity	asp-net
asp-net-mvc-framework	asp-net-web-api
ax-25-protocol	x-25-protocol
abstractions	abstraction
accredited-investment-fiduciary	certified-risk-professional
acid-hydrolysis	hydrolysis
active-directory-application-mode	active-directory
active-directory-service-interfaces	active-directory
adobe-cq	adobe-xd
adobe-campaign	adobe-target
adobe-creative-cloud	adobe-stock
adobe-experience-cloud	adobe-target
adobe-marketing-cloud	adobe-target
adobe-media-encoder	adobe-stock
adobe-photoshop-album	adobe-photoshop
adobe-photoshop-elements	adobe-photoshop
adobe-premiere-elements	adobe-premiere-pro
advanced-business-application-programming-abap-2	advanced-business-application-programming-abap
advanced-business-language	openedge-database
advanced-ground-instructor	ground-instructor
aesthetic-medicine	plastic-surgery
african-american-studies	africana-studies
agile-model-driven-development	agile-modeling
agile-software-development	agile-development
agricultural-science	farm-management
agriculture	farming
alexa-skills-kit	amazon-alexa
alternative-medicine	holistic-health
amazon-cloudsearch	amazon-cognito
amazon-connect	amazon-cognito
amazon-elastic-compute-cloud	amazon-cloudwatch
amazon-elastic-container-registry	amazon-cloudwatch
amazon-elastic-kubernetes-service	amazon-cloudwatch
amazon-lightsail	aws-opsworks
amazon-quicksight	amazon-cognito
amazon-s3	amazon-mq
amazon-web-services	amazon-cognito
amyotrophic-lateral-sclerosis	motor-neuron-disease
analytics-js	analytics
anatomical-pathology	pathological-anatomy
angular-ui	angular
atlassian-stash	bitbucket
audio-production	audio-technology
autism-spectrum-disorders	autism
autocad-civil-3d	autocad
autodesk-design-review	design-web-format
automatic-storage-management	oracle-acfs
avaya-application-server-5300	avaya-secure-router-4134
azure-cognitive-services	microsoft-azure
azure-data-factory	microsoft-azure
azure-kubernetes-service	microsoft-azure
azure-machine-learning	microsoft-azure
b-programming-language	g-programming-language
banking	banks
behavior-driven-development	specflow
behavioral-health	mental-health
behavioral-targeting	active-listening
beveling	chamfer
biochemical-engineering	bioprocess-engineering
bioelectrical-impedance-analysis	bioimpedance
biomanufacturing	bioproduction
biomedical-informatics	health-informatics
biomedical-sciences	biomedical-science
biopharmaceuticals	biotherapy
blackberry-os	blackberry
boreholes	wellbore
business-administration	business-management
business-computer-systems	information-technology
business-continuity-planning	business-continuity
business-it-alignment	business-alignment
business-information-system	information-systems
business-performance-management	performance-management
business-process-mapping	process-mapping
business-service-management	asset-management
business-statistics	statistics
business-systems-analysis	consulting
business-transaction-management	transaction-monitoring
c-compilers	compilers
c-preprocessor	preprocessor
c-fundamentals	c
c-server-pages	server-pages
c-c-standard-libraries	c-standard-libraries
ca-application-performance-management	application-performance-management
ca-service-virtualization	service-virtualization
cdl-class-b-license	cdl-class-a-license
cdl-class-c-license	cdl-class-a-license
cimspa-level-3	cimspa-level-2
cimspa-level-4	cimspa-level-2
cipd-level-5	cipd-level-3
cipd-level-7	cipd-level-3
cp-system	system-7
cambodian-language	khmer-language
capacity-development	capacity-building
capture-cis	orcad
cardiothoracic-surgery	thoracic-surgery
cascading-style-sheets-css-2	cascading-style-sheets-css
category-3-cable	category-2-cable
category-5-cabling	category-2-cabling
category-6-cabling	category-2-cabling
cell-biology	cytology
cellular-and-molecular-immunology	molecular-and-cellular-immunology
certification-in-it-project-management	project-management-certification
certified-calibration-technician	certified-quality-technician
certified-fire-inspector-i	certified-fire-inspector
certified-fire-inspector-ii	certified-fire-inspector
certified-fire-instructor-i	certified-fire-instructor
certified-fire-instructor-ii	certified-fire-instructor
certified-fire-officer-i	certified-fire-officer
certified-fire-officer-ii	certified-fire-officer
certified-fire-officer-iv	certified-fire-officer
certified-functional-safety-expert	functional-safety
certified-manufacturing-engineer	certified-engineering-manager
certified-manufacturing-technologist	certified-engineering-manager
certified-mechanical-inspector	certified-quality-technician
certified-network-defense-architect	certified-ethical-hacker
certified-novell-administrator	netware
certified-novell-engineer	netware
certified-novell-instructor	netware
certified-professional-ergonomist	ergonomics
certified-professional-in-financial-services	certified-financial-services-professional
certified-professional-logistician	logistics
certified-quality-process-analyst	certified-quality-technician
certified-registered-locksmith	certified-master-locksmith
certified-reliability-engineer	certified-quality-technician
certified-software-quality-engineer	certified-quality-technician
certified-turfgrass-professional	certified-landscape-professional
certified-wildland-firefighter-i	certified-wildland-firefighter
certified-wildland-firefighter-ii	certified-wildland-firefighter
chartered-professional-engineer	chartered-engineer
cisco-certified-design-professional	cisco-certified-design-associate
cisco-certified-entry-networking-technician	cisco-certified-entry-network-technician
cisco-certified-internetwork-professional	cisco-certified-design-associate
cisco-certified-security-professional	cisco-certified-design-associate
cisco-certified-voice-professional	cisco-certified-design-associate
cisco-spark	cisco-webex
citrix-winframe	citrix-xenapp
classroom-performance-systems	learning
clinical-chemistry	chemical-pathology
clinical-informatics	health-informatics
clinical-medicine	medical-studies
clinical-research	clinical-science
clinical-research-informatics	health-informatics
clip-studio-paint	manga-studio
cloud-applications	public-cloud
cloud-computing	public-cloud
cloud-engineering	public-cloud
cloud-foundry	cloudfoundry
cloud-hosting	public-cloud
cloud-infrastructure	public-cloud
co-branding	branding
coldfusion-components	adobe-coldfusion
combustion-analyzers	combustion-analysis
commodity-trading	commodity-market
common-language-runtime	coreclr
communications	communication
community-planning	urban-planning
comptia-a-ce	comptia-a
comptia-certification	comptia-a
comptia-cloud-ce	comptia-cloud
comptia-cybersecurity-analyst-cysa-ce	comptia-cybersecurity-analyst-cysa
comptia-linux	comptia-a
comptia-mobility-ce	comptia-mobility
comptia-network	comptia-a
comptia-network-ce	comptia-a
comptia-security-ce	comptia-security
comptia-storage-powered-by-snia-ce	comptia-storage-powered-by-snia
completely-randomized-design	experimental-design
compojure	clojure
computational-modeling	computer-simulation
computer-animation	2d-animation
computer-law	cyber-laws
computer-security	cyber-security
computer-aided-design	cad-software
condition-based-maintenance	repair
consecutive-interpretation	court-interpreting
constraint-management	theory-of-constraints
conversational-ai	chatbot
corporate-governance	company-policies
cortex-a8	cortex-a
cortex-m	cortex-a
cortex-m3	cortex-a
cost-accounting	cost-management
crowd-control	control-crowd
cubic-motion	twinmotion
customer-data-integration	data-integration
customer-information-control-system-cics-2	customer-information-control-system-cics
customer-relationship-management-crm-software-2	customer-relationship-management-crm-software
customer-support	phone-support
dawia-level-2	dawia-level-1
dawia-level-3	dawia-level-1
db2-400	db2
dc-motors	ac-motors
dom-scripting	dynamic-html
dampening	damping
darwin-information-typing-architecture-dita-2	darwin-information-typing-architecture-dita
data-discovery	web-mining
data-warehousing	data-warehouse
database-management	database
demographic-analysis	demography
dental-hygiene	oral-care
dental-public-health	dental-health
dental-surgery	dentistry
deserialization	serialization
design-and-technology	technology-design
design-research	research-design
devsecops	devops
differentiated-services-code-point	differentiated-services
digital-advertising	marketing
digital-electronics	digital-systems
digital-signal-1	digital-signal-0
digital-signal-3	digital-signal-0
direct-support-professional-ii-dsp-ii	direct-support-professional-i-dsp-i
dynamic-host-configuration-protocol-dhcp-2	dynamic-host-configuration-protocol-dhcp
dynamic-object-oriented-requirements-system-doors-2	dynamic-object-oriented-requirements-system-doors
dynamic-ui	dynamic-ip
dysmorphology	teratology
e-accounting	accounting
e-invoicing	invoicing
e-learning-development	learning-development
e-marketing	marketing
ecmascript-2016	ecmascript-2015
em-simulation-software	simulation-software
emc-invista	emc-vplex
epa-type-ii-certification	epa-type-i-certification
ez-publish	publish
ecological-restoration	habitat-restoration
educational-administration	education-administration
electromagnetic-radiation	electromagnetic-waves
electromechanical-engineering	electromechanics
electron-paramagnetic-resonance	electron-spin-resonance
electronic-design-automation	electrical-cad
electronic-design-automation-eda-software-2	electronic-design-automation-eda-software
electronic-document-management	document-management
electronic-fuel-injection	fuel-injection
electronic-intelligence	signals-intelligence
electronics-engineering-technology	electrical-engineering-technology
embossing	embosser
emergency-management	accident-prevention
emergency-preparedness	accident-prevention
energetic	energy
energy-medicine	energy-therapy
energy-technology	energy-production
engineering-change-notice	engineering-change-order
enterprise-application-integration	business-integration-software
enterprise-resource-management	resource-management
entertainment-law	media-law
environmental-control	hvac
environmental-graphic-design	graphic-design
environmental-science	environmental-biology
enzymology	enzymes
ethereum-virtual-machine	ethereum
event-management	event-planning
express-js	express-4
extensible-hypertext-markup-language-xhtml-2	extensible-hypertext-markup-language-xhtml
extensible-markup-language-xml-2	extensible-markup-language-xml
extensible-stylesheet-language-xsl-2	extensible-stylesheet-language-xsl
extensible-stylesheet-language-transformations-xslt-2	extensible-stylesheet-language-transformations-xslt
external-affairs	foreign-affairs
f-programming-language	g-programming-language
fl-studio	dx-studio
fm-broadcasting	broadcasting
fs-design-studio	design-studio
fabric-io	fabric-os
facebook-marketing	twitter-marketing
facility-operations	facility-management
family-counseling	family-therapy
family-systems-theory	family-therapy
fetal-alcohol-spectrum-disorder	fetal-alcohol-syndrome
fiber-optics	fibre-optics
financial-services	financial-products
finite-state-machine	finite-automata
firefighter-i-certification	firefighter-certification
firefighter-ii-certification	firefighter-certification
firefox-extensions	tamper-data
flash-technology	flash
flight-testing	testflight
foreclosures	foreclosure
foreign-relations	foreign-affairs
forensic-certified-public-accountant	certified-forensic-accountant
forensic-sciences	trauma-care
forest-science	forestry
framer-js	framer
frontpage-server-extensions	microsoft-frontpage
functional-medicine	holistic-health
g-723-1-standard	g-723-standard
gnu-image-manipulation-program-gimp-2	gnu-image-manipulation-program-gimp
gemstone	gems
general-data-protection-regulation-gdpr	gdpr
general-science	science
generalized-audit-software	computer-aided-audit-tools
geospatial-data-abstraction-library-gdal-2	geospatial-data-abstraction-library-gdal
geotechnical-engineering	geotechnics
global-hr-leadership	global-leadership
go-server	ci-server
gotowebinar	gotomeeting
google-cloud-dataproc	google-cloud
google-gadgets-api	google-gadgets
google-keyword-planner	google-ads
google-places	google-maps
google-play-console	google-play
google-services	google-tools
google-tv	google
graph-database	graphdb
graphpad-instat	graphpad-prism
graphics-device-interface	device-context
ground-forces	army
groundwater-modeling-system-gms-2	groundwater-modeling-system-gms
gwt-2-5	gwt-2-4
hp-basic	gw-basic
hp-certification	f5-certification
hp-storageworks-xp	hp-storageworks
hr-consulting	consulting
hr-data-warehouse	data-warehouse
hardware-description-language-hdl-2	hardware-description-language-hdl
hardware-design	design-hardware
hazardous-waste-disposal	hazardous-waste-storage
hazardous-waste-management	hazardous-waste-storage
hearing-aid-compatibility	hearing-aid
hearing-aid-dispenser	hearing-aid
hepatitis-b	hepatitis
hepatitis-c	hepatitis
hibernate-query-language	hibernate-java
high-dynamic-range-imaging	high-dynamic-range
high-speed-circuit-switched-data	circuit-switched-data
high-speed-downlink-packet-access	high-speed-uplink-packet-access
hindi-language	hindi
hispanic-marketing	marketing
hl7-v3	hl7-v2
hospitality-management	tourism-management
hot-spots	hotspot
human-factors-engineering	ergonomics
hypertext-markup-language-html-2	hypertext-markup-language-html
hyperic	vmware
i-mx-arm-architecture	arm-architecture
iam-level-ii-certification	iam-level-i-certification
iat-level-ii-certification	iat-level-i-certification
ibm-bluemix	ibm-cloud
ibm-informix-dynamic-server	ibm-informix
ibm-lotus-domino	ibm-notes
ibm-os-2-software	ibm-software
ibm-openpower	ibm-system-i
ibm-personal-computer-xt	ibm-personal-computer
ibm-rational-sqabasic	ibm-rational
ibm-rational-software	ibm-rational
ibm-rational-software-architect	unified-modeling-language
ibm-rational-unified-process	process-driven-development
ibm-resource-access-control-facility	resource-access-control-facility
ibm-system-p	ibm-system-i
ibm-system-x	ibm-system-i
ibm-system-z	ibm-system-i
ibm-system-z9	ibm-system-i
ibm-system-3	ibm-system-i
ibm-system-34	ibm-system-i
ibm-websphere-adapters	ibm-websphere
ibm-websphere-process-server	ibm-websphere
ibm-websphere-edge-components	ibm-websphere
ibm-xl-c	ibm-i
ibm-z-vm	ibm-i
ic-programming	programming
iec-60571	iec-60065
iec-60812	iec-60065
iec-61215	iec-60065
iec-61646	iec-60065
iec-61730	iec-60065
ieee-802-10	ieee-802
ieee-802-11	ieee-802
ieee-802-16	ieee-802
ieee-802-1d	ieee-802
ieee-802-1q	ieee-802
ieee-802-1x	ieee-802
ieee-802-2	ieee-802
ieee-802-20	ieee-802
ieee-802-22	ieee-802
ieee-802-3	ieee-802
ip-cameras	cameras
ip-code	g-code
ip-multicasting	multicasting
iso-11898	can-bus
iso-iec-12207	ieee-12207
it-asset-management	asset-management
it-change-management	change-management
it-governance	governance
it-portfolio-management	portfolio-management
it-risk-management	risk-analysis
it-sales	sales
it-service-management	service-management
icinga2	icinga
if-this-then-that	ifttt
imagemagick	imagick
immunodiagnostics	immunoassay
immunohistochemistry	histochemistry
improvisation	improvise
industrial-automation	automation
industrial-law	labour-law
infectious-diseases	infection
information-systems-architecture	enterprise-architecture
information-systems-security-architecture-professional	certified-information-systems-security-professional
information-systems-security-engineering-professional	certified-information-systems-security-professional
information-systems-security-management-professional	certified-information-systems-security-professional
information-technology-certified-professional	certified-information-technology-professional
information-technology-infrastructure-library	ict-infrastructure
information-technology-outsourcing	insourcing
information-visualization	data-visualization
infrastructure-management-services	ict-infrastructure
instagram-marketing	twitter-marketing
instagram-stories	instagram
integral-calculus	integrals
integrated-logistics-support	logistics-support-analysis
integrated-marketing-communications	marketing-communications
integrative-medicine	holistic-health
intensity-modulated-radiation-therapy	radiotherapy
interactive-3d	interactive-c
interactive-systems-engineering	systems-engineering
interior-decorating	interior-design
intermodal-journey-planner	route-planning-software
internal-medicine	general-medicine
international-marketing	global-marketing
international-relations	international-studies
internet-protocols	tcp-ip
internet-service-provider	internet-services
internetwork-operating-system	cisco-ios
intravenous-immunoglobulin	gammagard
intraweb	intranet
ionic-3-mobile-app-framework	ionic-2-mobile-app-framework
ionic-4-mobile-app-framework	ionic-2-mobile-app-framework
iproute2	iproute
iris-gl	iris
jboss-fuse	fuse-esb
jquery-ui	jquery
java-11	java-7
java-2d	java-7
java-3d	java-7
java-8	java-7
java-9	java-7
java-code-coverage-tools	jacoco
java-decompiler	decompiler
java-development-tools	eclipse-ide
java-enterprise-edition	javamail
java-management-extensions	managed-bean
java-runtime-environment	oracle-java
java-tv	java-7
javabeans-activation-framework	javamail
javascript-os	javascript
javascriptcore	webkit
jdk1-5	jdk1-4
jdk1-6	jdk1-4
jdk1-7	jdk1-4
job-control-language-jcl-2	job-control-language-jcl
jurisprudence	legal-studies
juvenile-justice	juvenile-court
k-12-education	education
km-programming-language	g-programming-language
kinesiotherapy	kinesitherapy
korn-shell	kornshell
less-js	less
licensed-professional-clinical-counselor	licensed-clinical-professional-counselor
liferay-6	liferay
liferay-6-2	liferay
lighting-design	design-lighting
link-16	link-4
linux-certified-engineer	certified-linux-engineer
linux-professional-institute-lpic-2	linux-professional-institute-lpic-1
linux-professional-institute-lpic-3	linux-professional-institute-lpic-1
literary-translation	translations
log4javascript	log4j
logic-express	logic-pro
logic-studio	waveburner
logistics-management	logistics
lotus-sametime	ibm-sametime
luxembourgish-language	luxembourgish
lyophilization	freeze-drying
m-programming-language	g-programming-language
ma-class-1b-hoisting-license	ma-class-1a-hoisting-license
ma-class-1c-hoisting-license	ma-class-1a-hoisting-license
ma-class-1d-hoisting-license	ma-class-1a-hoisting-license
ma-class-2a-hoisting-license	ma-class-1a-hoisting-license
ma-class-2a-1c-hoisting-license	ma-class-1a-hoisting-license
ma-class-2b-hoisting-license	ma-class-1a-hoisting-license
ma-class-2c-hoisting-license	ma-class-1a-hoisting-license
ma-class-2d-hoisting-license	ma-class-1a-hoisting-license
ma-class-3a-hoisting-license	ma-class-1a-hoisting-license
ma-class-4b-hoisting-license	ma-class-1a-hoisting-license
ma-class-4c-hoisting-license	ma-class-1a-hoisting-license
ma-class-4d-hoisting-license	ma-class-1a-hoisting-license
ma-class-4e-hoisting-license	ma-class-1a-hoisting-license
ma-class-4f-hoisting-license	ma-class-1a-hoisting-license
ma-class-4g-hoisting-license	ma-class-1a-hoisting-license
mencoder	mplayer
ml-net	r-net
mpich2	mpich
mac-os-x	mac-os
macintosh-se	macintosh-lc
management	manager
management-accounting	accounting-management
management-contract	contract-management
manufacturing-engineering	product-engineering
manufacturing-execution-system-mes-2	manufacturing-execution-system-mes
manufacturing-systems-engineering	industrial-engineering
marine-ecology	marine-biology
marine-science	oceanography
marketing-channel	channel-marketing
marketing-co-operations	marketing-operations
markov-process	markov-chain
mass-customization	configurators
materials-technology	materials-science
mcafee-firewall	mcafee
mechanical-electrical-plumbing-mep-design-software-2	mechanical-electrical-plumbing-mep-design-software
medical-jurisprudence	forensic-medicine
medical-science	medical-studies
medicare-advantage	medicare-part-b
medicare-part-c	medicare-part-b
medicare-part-d	medicare-part-b
melodic-intonation-therapy	music-therapy
mentorship	protege
metallurgical-engineering	metallurgy
micro-focus	hp-software
micrographics	microform
micropipettes	pipettes
microsoft-analysis-services	adomd-net
microsoft-certified-application-developer	microsoft-specialist
microsoft-certified-application-specialist	microsoft-specialist
microsoft-certified-architect	microsoft-specialist
microsoft-certified-database-administrator	microsoft-specialist
microsoft-certified-desktop-support-technician	microsoft-specialist
microsoft-certified-it-professional	microsoft-specialist
microsoft-certified-master	microsoft-specialist
microsoft-certified-professional	microsoft-specialist
microsoft-certified-professional-developer	microsoft-specialist
microsoft-certified-solutions-associate	microsoft-specialist
microsoft-certified-solutions-expert	microsoft-specialist
microsoft-certified-solutions-master	microsoft-specialist
microsoft-certified-systems-administrator	microsoft-specialist
microsoft-certified-systems-engineer	microsoft-specialist
microsoft-certified-technology-specialist	microsoft-specialist
microsoft-certified-trainer	microsoft-specialist
microsoft-certified-training-partner	microsoft-certified-partner
microsoft-certified-azure-ai-fundamentals	microsoft-certified-azure-fundamentals
microsoft-data-access-components	remote-data-objects
microsoft-dynamics-365	microsoft-dynamics
microsoft-dynamics-365-for-finance-and-operations	microsoft-dynamics
microsoft-office	office-online
microsoft-office-365	microsoft-365
microsoft-office-sharepoint-server	microsoft-sharepoint
microsoft-office-specialist	microsoft-specialist
microsoft-office-user-specialist	microsoft-specialist
microsoft-operations-framework	ict-infrastructure
microsoft-sharepoint-foundation	microsoft-sharepoint
microsoft-small-business-financials	small-business-financials
microsoft-terminal-server	remote-desktop-services
microsoft-windows-10	microsoft-windows
microsoft-windows-7	microsoft-windows
microsoft-windows-8	microsoft-windows
microsoft-windows-ce	microsoft-windows
microsoft-windows-me	microsoft-windows
microsoft-windows-nt	microsoft-windows
military-sciences	military-science
mind-manager	mindmanager
mobile-ux-design	mobile-ui-design
modula-2	modula
modula-3	modula
modularization	modularity
multi-level-marketing	network-marketing
museum-studies	museology
nicet-level-ii-certification	nicet-level-i-certification
nicet-level-iv-certification	nicet-level-i-certification
nist-800-37	nist-800
nist-800-53	nist-800
nist-800-82	nist-800
ns-basic	gw-basic
nt-file-replication-service	file-replication-service
nt-lan-manager	lan-manager
nx-technology	technology
negotiation-strategies	negotiation
netiq-access-manager	netiq
netiq-identity-manager	netiq
netsuite-oneworld	netsuite
netcat	socat
network-administration	network-management
network-interface-device	optical-network-unit
network-management-station	fcaps
neurobiology	neuroscience
next-generation-sequencing	dna-sequencing
node-b	io-js
nucleic-acid-amplification	polymerase-chain-reaction
number-systems	number
nursing-informatics	health-informatics
oil-transfer	transfer-oil
onedrive-for-business	microsoft-onedrive
online-advertising	internet-marketing
online-store	webshop
open-object-rexx	object-rexx
open-shortest-path-first-ospf-2	open-shortest-path-first-ospf
opends	opendj
openoffice-impress	openoffice-org
opensso	openam
opentracker	beos
operations	operation
oracle-application-express	oracle-apex
oracle-applications	oracle-hrms
oracle-discoverer	oracle-weblogic
oracle-enterprise-asset-management-eam-2	oracle-enterprise-asset-management-eam
oracle-general-ledger	oracle-hrms
oracle-goldengate	oracle-streams
oracle-vm	oracle-aq
oral-hygiene	oral-care
organizational-change-management	change-management
organizational-strategy	corporate-strategy
orthopedic-surgery	orthopedics
osteopathic-manipulative-medicine	osteopathy
outsourcing	insourcing
oxyhemoglobin	hemoglobin
pa-x-rays	x-rays
pc-design	design
pc-migration	migration
pc-performance-tuning	performance-tuning
pc-tools	e-tools
pl-sql	sql
pro-ii	pro-c
psia-aasi-level-2-certification	psia-aasi-level-1-certification
psia-aasi-level-3-certification	psia-aasi-level-1-certification
paessler-router-traffic-grapher	prtg-network-monitor
palantir-foundry	palantir-apollo
palantir-gotham	palantir-apollo
pareto-principle	pareto-analysis
pattern-mining	web-mining
people-analytics	analytics
performance-psychology	sport-psychology
pharmaceuticals	medicines
physical-therapy	physiotherapy
planned-maintenance	repair
plant-design-management-system-pdms-2	plant-design-management-system-pdms
plant-science	botany
plasma-nitriding	nitriding
plastics-engineering	polymer-engineering
platform-as-a-service-paas-2	platform-as-a-service-paas
political-sciences	political-science
porter-stemmer	stemming
power-electronics-design	design-power-electronics
power-mac-g5	power-mac-g4
practice-management-software	practice-management
predictive-analytics-software	predictive-analytics
presentations	presentation
preventive-maintenance	repair
primary-domain-controller	backup-domain-controller
private-cloud	public-cloud
probability-and-statistics	statistics-probability
process-design	design
product-lifecycle-management	product-life-cycle
production-schedule	schedule-production
production-suite	final-cut-studio
professional-diving	commercial-diving
programmable-logic-array	programmable-array-logic
programmable-logic-controllers	programmable-logic-controller
proof-strength	proof-stress
property-maintenance	facility-management
protocol-independent-multicast	pim-dense-mode
prototype-javascript-framework	prototype-js
psychological-counseling	psychotherapy
public-housing	housing-policy
public-key-cryptography	key-pair
public-speaking	orator
pulleys	sheave
q-learning	learning
q-programming-language	g-programming-language
qr-codes	g-codes
qs-1-pharmacy-management-software	pharmacy-management-software
qt-software	hp-software
rf-planning	planning
radiology-certified-coder	certified-radiology-coder
rapid-e-learning	rapid-learning
react-vr	react
react-js	react
refurbishment	refurbishing
registered-professional-reporter	certified-realtime-reporter
reinforcement	reinforce
relational-database-management-systems	relational-databases
relative-record-data-set	entry-sequenced-data-set
rendezvous-routing-daemon	tibco-rendezvous
respiratory-care-practitioner	respiratory-care
restaurant-management	restaurant-manager
restoration-ecology	habitat-restoration
rightfax	livelink
risk-management-planning	risk-analysis
routing-information-protocols-v1	routing-information-protocols
routing-information-protocols-v2	routing-information-protocols
rubymine	phpstorm
rust-programming-language-2	rust-programming-language
sap-3-x	sap-r3
sap-4-x	sap-r3
sap-aa	sap-r3
sap-basis	sap-erp
sap-business-suite	sap-scm
sap-co	sap-r3
sap-cs	sap-r3
sap-ec	sap-r3
sap-ep	sap-r3
sap-fi	sap-r3
sap-fi-co	sap-r3
sap-fiori	sap-erp
sap-is-u	sap-r3
sap-knowledge-warehouse	sap-apo
sap-r-3	sap-r3
sap-sybase-adaptive-server-enterprise	sap-adaptive-server-enterprise
sap-v3-x	sap-r3
sap-v4-x	sap-r3
sha-512	sha-256
smtp-simple-mail-transfer-protocol	simple-mail-transfer-protocol-smtp
snl-financial	capital
sparcstation-5	sparcstation
sql-server-analysis-services	adomd-net
sql-server-reporting-services	report-definition-language
sql-services	sql-azure
suse-linux	opensuse
suse-linux-distributions	opensuse
sage-50-accounting-software-2	sage-accounting-software
salesforce-certified-platform-developer-ii	salesforce-certified-platform-developer-i
salesforce-certified-sales-cloud-consultant	certified-salesforce-sales-cloud-consultant
salesforce-chatter	salesforce
salesmanship	sales
sanitary-engineering	sanitary-technology
scala-js	scala
search-engine-optimization	seo-copywriting
secure-network-communications	sap-netweaver
security-assertion-markup-language-saml-2	security-assertion-markup-language-saml
security-certified-network-professional	network-security-certified-professional
security-support-provider-interface	schannel
serial-peripheral-interface-bus	serial-peripheral-interface
service-level-management	ict-infrastructure
sharepoint-portal-server	microsoft-sharepoint
ship-construction	shipbuilding
short-codes	shortcode
short-message-service	sms
siebel-7-7-certified-consultant	siebel-certified-consultant
sign-languages	sign-language
silviculture	silvics
simultaneous-engineering	concurrent-engineering
single-sign-on-sso-2	single-sign-on-sso
sitefinity	telerik
skin-care	cosmetics
social-media-advertising	twitter-marketing
social-media-marketing	twitter-marketing
soft-tissue-therapy	manual-therapy
softlayer	ibm-cloud
software-as-a-service-saas-2	software-as-a-service-saas
software-asset-management	asset-management-software
software-business-analysis	business-analysis-software
software-configuration-management	configuration-management-software
software-deployment	deployment-software
software-design	design-software
software-development-kits	devkit
software-development-life-cycle	systems-development-life-cycle
software-maintenance	maintenance-software
software-project-management	project-management-software
software-requirements-analysis	requirements-analysis-software
software-sales	sales-software
software-security	security-software
software-stress-testing	stress-testing-software
software-testing	testing-software
software-testing-automation-framework	staf
solar-radiation	insolation
solid-waste-management	waste-disposal
sound-tools	pro-tools
source-depot	perforce
source-evaluation	source-criticism
southern-blotting	southern-blot
spectrochemical-analysis	spectroscopy
speech-synthesis	text-to-speech
speech-therapy	logopaedics
sports-massage	manual-therapy
spring-data	spring-aop
spring-mvc	spring-aop
statistical-analysis	statistics
statistical-signal-processing	signal-processing
strategic-management	corporate-strategy
structured-analysis	structured-design
sudden-cardiac-death	cardiac-arrest
sun-certified-business-component-developer	sun-certified-professional
sun-4	sun-1
support-engineering	engineering-support
sybase-iq	sap-r3
syntaxnet	parsing
system-x	system-7
t-code	g-code
tc-shell-unix	unix-shell
ti-interactive	interactive-c
talking-therapies	psychotherapy
taskbar	systray
technical-analysis-software	technical-analysis
telecommuting	homeworker
telemetry	telemeter
templating	templates
teradata-warehouse-miner	fastexport
terrestrial-ecology	soil-ecology
test-data-management	data-management
textile-engineering	textile-technology
tier-2-technical-support	tier-1-technical-support
tier-3-technical-support	tier-1-technical-support
tk-software	hp-software
trade-secret-law	trade-secrets
trademark-law	trademarks
traditional-animation	2d-animation
transaction-control-language	sql
transportation-systems-management	transportation-management-systems
travis-ci	travis
type-2-diabetes	type-1-diabetes
typoscript	typo3
u-sql	sql
u-s-regulatory-compliance	regulatory-compliance
ui-ux-design-systems	systems-design
ui-ux-planning	planning
ui-ux-research	research
ui-ux-wireframing	wireframing
ui-ux-writing	writing
ul-94-standard	v-92-standard
um-interface	s-interface
ultra-5-10	ultra-60
united-states-history	history
unity-engine	unityscript
upper-cervical-specific-chiropractic	chiropractics
upskilling	reskilling
urdu-language	urdu
user-experience-ux-design	experience-design
user-interface-ui-design	design-user-interface
userzoom-go	userzoom
v5-interface	s-interface
va-loan-processing	loan-processing
va-loans	loans
vmware-virtual-desktop-infrastructure	vmware-horizon-view
vaccinology	vaccines
vector-graphics-editor	drawing-software
vibratome	microtome
video-conferencing	videochat
watchpoint	breakpoint
water-pipes	plumbing
web-2-0	web-ui
web-3-0	web-ui
web-application-security	security-software
web-applications	web-ui
web-development	web-programming
web-maintenance	web-programming
web-tools-platform	eclipse-ide
web-ui-design	web-design
webmethods-flow	webmethods
webmethods-integration-server	webmethods
webstorm	phpstorm
webpack-2	webpack
webpack-4	webpack
welding-engineering	welding
wi-fi-security	ws-security
wi-fi-test-engineering	test-engineering
wi-fi-test-tools	test-tools
windows-embedded-ce-6-0	windows-embedded
windows-to-go	windows-rt
workday-software-2	workday-software
x-programming-language	g-programming-language
x-28-protocol	x-25-protocol
xbrl-extensible-business-reporting-language	extensible-business-reporting-language-xbrl
z-shell	c-shell
ag-grid	ng-grid
measurement-and-geometry	geometry-measurement
foundations-of-mathematics-grade-10-applied	foundations-of-mathematics-grade-9-applied
determine-through-investigation-and-describe-the-connection-between-the-8ee3bc	determine-through-investigation-and-describe-the-connection-between-the-2a77bc
solving-financial-problems-involving-exponential-functions	solving-problems-involving-exponential-functions
evaluate-with-and-without-technology-numerical-expressions-containing-d8e478	evaluate-with-or-without-technology-numerical-expressions-involving-a3e7db
collect-data-that-can-be-modelled-as-an-exponential-relation-through-5ba95c	collect-data-that-can-be-modelled-as-an-exponential-function-through-df02e5
solve-problems-using-a-tvm-solver-on-a-graphing-calculator-or-on-a-f2396d	solve-problems-using-a-tvm-solver-on-a-graphing-calculator-or-on-a-79a3da
determine-through-investigation-using-technology-e-g-a-tvm-solver-on-a-7b93ae	determine-through-investigation-using-technology-e-g-a-tvm-solver-on-a-a5daa2
verify-through-investigation-using-technology-e-g-dynamic-geometry-f8bac7	verify-through-investigation-using-technology-e-g-dynamic-geometry-87603e
derivatives-and-their-applications	applications-of-derivatives
probability-distributions	probability-distribution
understanding-probability-distributions-for-continuous-random-variables	understanding-probability-distributions-for-discrete-random-variables
solving-exponential-equations-graphically	solving-exponential-equations
solving-exponential-equations-algebraically	solving-exponential-equations
solve-problems-involving-the-areas-of-rectangles-parallelograms-dab1d9	solve-problems-involving-the-areas-of-rectangles-triangles-and-circles-4ba6c9
polynomial-functions	polynomials
determine-the-value-of-a-variable-of-degree-no-higher-than-three-using-a-20eadd	determine-the-value-of-a-variable-of-degree-no-higher-than-three-using-a-e48786
foundations-for-college-mathematics-grade-12	foundations-for-college-mathematics-grade-11
determine-through-investigation-using-a-variety-of-tools-e-g-calculator-a8ceaf	determine-through-investigation-using-a-variety-of-tools-e-g-calculator-ff09be
solve-problems-involving-oblique-triangles-including-those-that-arise-1e8255	solve-problems-involving-oblique-triangles-including-those-that-arise-67d8eb
gather-interpret-and-compare-information-about-owning-or-renting-404817	gather-interpret-and-compare-information-about-owning-or-renting-8eb418
identify-and-describe-the-factors-to-be-considered-in-determining-the-6985dc	identify-and-describe-factors-to-be-considered-in-determining-the-6b9f24
mathematics-for-work-and-everyday-life-grade-12	mathematics-for-work-and-everyday-life-grade-11
causes-of-the-american-revolution	american-revolution
physical-systems-be-able-to-answer-definitional-questions-or-questions-4a0896	human-systems-be-able-to-answer-definitional-questions-or-questions-that-a9c503
twentieth-century-developments-and-transformations-be-able-to-recognize-a944cb	twentieth-century-developments-and-transformations-be-able-to-recognize-ac5177
resources	resource
insurance-companies	types-of-insurance
earth-s-systems	earth-systems
represent-data-in-tables-and-various-graphical-displays-bar-graphs-and-0aaa88	represent-data-in-graphical-displays-bar-graphs-pictographs-and-or-pie-ce3065
use-tools-and-materials-provided-to-design-and-build-a-device-that-solves-a76d8f	use-tools-and-materials-provided-to-design-a-device-that-solves-a-604082
use-evidence-e-g-observations-patterns-to-construct-an-explanation	use-evidence-e-g-observations-patterns-to-support-an-explanation
generate-and-compare-multiple-solutions-to-a-problem-based-on-how-well-f3aebd	generate-and-compare-multiple-solutions-to-a-problem-based-on-how-well-ff7476
apply-scientific-ideas-or-principles-to-design-an-object-tool-process-or-system	apply-scientific-principles-to-design-an-object-tool-process-or-system
apply-scientific-ideas-or-principles-to-design-construct-and-test-a-1b9881	apply-scientific-principles-to-design-an-object-tool-process-or-system
construct-an-explanation-that-includes-qualitative-or-quantitative-070f05	construct-an-explanation-that-includes-qualitative-or-quantitative-5f26b8
design-evaluate-and-or-refine-a-solution-to-a-complex-real-world-problem-0bea7a	design-evaluate-and-refine-a-solution-to-a-complex-real-world-problem-4b2b3b
construct-an-explanation-based-on-valid-and-reliable-evidence-obtained-226cfc	construct-a-scientific-explanation-based-on-valid-and-reliable-evidence-a855c9
design-a-solution-to-a-complex-real-world-problem-based-on-scientific-e9dd15	refine-a-solution-to-a-complex-real-world-problem-based-on-scientific-f4ab22
evaluate-a-solution-to-a-complex-real-world-problem-based-on-scientific-ffd5c3	refine-a-solution-to-a-complex-real-world-problem-based-on-scientific-f4ab22
develop-a-model-based-on-evidence-to-illustrate-the-relationships-between-c0045d	use-a-model-based-on-evidence-to-illustrate-the-relationships-between-430bdb
construct-and-present-oral-and-written-arguments-supported-by-empirical-3fced6	construct-use-and-present-oral-and-written-arguments-supported-by-b0145d
construct-an-oral-and-written-argument-supported-by-empirical-evidence-065285	use-an-oral-and-written-argument-supported-by-empirical-evidence-and-148167
evaluate-the-claims-evidence-and-reasoning-behind-currently-accepted-fff1b2	evaluate-the-evidence-behind-currently-accepted-explanations-to-determine-ab6f6d
evaluate-the-evidence-behind-currently-accepted-explanations-or-solutions-8cc00f	evaluate-the-evidence-behind-currently-accepted-explanations-to-determine-ab6f6d
read-grade-appropriate-texts-and-or-use-media-to-obtain-scientific-acd96d	read-grade-appropriate-texts-and-use-media-to-obtain-scientific-ce3b23
communicate-technical-information-or-ideas-e-g-about-phenomena-and-or-the-8bd298	communicate-scientific-and-technical-information-e-g-about-the-process-of-59d0c4
communicate-scientific-information-e-g-about-phenomena-and-or-the-process-43d20a	communicate-scientific-and-technical-information-e-g-about-the-process-of-59d0c4
plan-and-conduct-an-investigation-collaboratively-to-produce-data-to-c76010	plan-and-conduct-investigations-collaboratively-to-produce-data-to-serve-85cbe4
make-observations-firsthand-or-from-media-to-collect-data-which-can-be-1d55bc	make-observations-firsthand-or-from-media-to-collect-data-that-can-be-eac8b3
plan-and-conduct-an-investigation-collaboratively-to-produce-data-to-302f2e	conduct-an-investigation-collaboratively-to-produce-data-to-serve-as-the-1809d6
make-observations-and-or-measurements-to-produce-data-to-serve-as-the-76ed9c	make-observations-and-measurements-to-produce-data-to-serve-as-the-basis-d46848
make-observations-to-produce-data-to-serve-as-the-basis-for-evidence-for-45d411	make-observations-and-measurements-to-produce-data-to-serve-as-the-basis-d46848
make-observations-and-or-measurements-to-produce-data-to-serve-as-the-03d921	make-observations-and-measurements-to-produce-data-to-serve-as-the-basis-d46848
science-knowledge-is-based-upon-logical-and-conceptual-connections-7e33b0	science-knowledge-is-based-upon-logical-connections-between-evidence-and-7f580c
use-mathematical-representations-to-describe-and-or-support-scientific-e7867f	use-mathematical-representations-to-support-scientific-conclusions-and-b37efa
use-mathematical-representations-of-phenomena-or-design-solutions-to-c479c1	use-mathematical-representations-of-phenomena-or-design-solutions-to-a28a32
use-mathematical-and-or-computational-representations-of-phenomena-or-c94c3c	use-mathematical-representations-of-phenomena-or-design-solutions-to-05291a
all-cells-contain-genetic-information-in-the-form-of-dna-molecules-genes-6e0349	all-cells-contain-genetic-information-in-the-form-of-dna-molecules-genes-c42365
global-climate-change	global-warming
cause-and-effect-relationships-are-routinely-identified-tested-and-used-271304	cause-and-effect-relationships-are-routinely-identified-and-used-to-7beee9
cause-and-effect-relationships-may-be-used-to-predict-phenomena-in-5b623d	cause-and-effect-relationships-may-be-used-to-predict-phenomena-in-64eeca
standard-units-are-used-to-measure-and-describe-physical-quantities-such-623240	standard-units-are-used-to-measure-and-describe-physical-quantities-such-1733c6
models-can-be-used-to-represent-systems-and-their-interactions-such-as-a2d494	models-can-be-used-to-represent-systems-and-their-interactions-such-as-a1af3e
the-transfer-of-energy-can-be-tracked-as-energy-flows-through-a-designed-a6e3c8	the-transfer-of-energy-can-be-tracked-as-energy-flows-through-a-natural-system
within-a-natural-or-designed-system-the-transfer-of-energy-drives-the-a2f121	within-a-natural-system-the-transfer-of-energy-drives-the-motion-and-or-0500cc
complex-and-microscopic-structures-and-systems-can-be-visualized-modeled-26ad1c	complex-and-microscopic-structures-and-systems-can-be-visualized-modeled-7d3589
over-time-people-s-needs-and-wants-change-as-do-their-demands-for-new-and-0665a6	people-s-needs-and-wants-change-over-time-as-do-their-demands-for-new-and-fc346d
the-uses-of-technologies-and-any-limitations-on-their-use-are-driven-by-55c122	the-uses-of-technologies-and-any-limitations-on-their-use-are-driven-by-9cdfaa
grades-9-12	grades-k-2
fluently-add-and-subtract-within-5	add-and-subtract-within-5-fluently
correctly-name-shapes-regardless-of-their-orientations-or-overall-size	name-shapes-correctly-regardless-of-their-orientations-or-overall-size
the-sun	sun-1
identify-the-effect-on-the-graph-of-replacing-f-x-by-f-x-k-k-f-x-f-kx-and-8b4166	identify-the-effect-on-the-graph-of-replacing-f-x-by-f-x-k-k-f-x-f-kx-and-f1eae4
determine-the-meaning-of-symbols-key-terms-and-other-domain-specific-7eb733	determine-the-meaning-of-symbols-key-terms-and-other-domain-specific-35230e
provide-a-concluding-statement-or-section-that-follows-from-or-supports-973ec7	provide-a-concluding-statement-or-section-that-follows-from-the-argument-09440e
using-analog-and-digital-clocks-tell-and-write-time-in-hours-and-half-hours	tell-and-write-time-in-hours-and-half-hours-using-analog-and-digital-clocks
recall-addition-facts-with-sums-to-20-and-related-subtraction-facts-with-f01763	recall-addition-facts-with-sums-to-10-and-related-subtraction-facts-with-d99924
identify-the-number-that-is-ten-more-ten-less-one-hundred-more-and-one-485c66	identify-the-number-that-is-one-more-one-less-ten-more-and-ten-less-than-21f4bd
determine-and-explain-whether-equations-involving-addition-and-75d375	determine-and-explain-if-equations-involving-addition-or-subtraction-are-d615d9
determine-the-unknown-whole-number-in-an-addition-or-subtraction-equation-0aa627	determine-the-unknown-whole-number-in-an-addition-or-subtraction-equation-eec2b6
partition-circles-and-rectangles-into-two-three-or-four-equal-sized-parts-ddad46	partition-circles-and-rectangles-into-two-and-four-equal-sized-parts-name-c60b59
read-and-write-numbers-from-0-to-10-000-using-standard-form-expanded-form-448b3a	read-and-write-numbers-from-0-to-1-000-using-standard-form-expanded-form-c14e43
plot-order-and-compare-whole-numbers-up-to-10-000	plot-order-and-compare-whole-numbers-up-to-1-000
round-whole-numbers-from-0-to-1-000-to-the-nearest-10-or-100	round-whole-numbers-from-0-to-100-to-the-nearest-10
round-whole-numbers-from-0-to-10-000-to-the-nearest-10-100-or-1-000	round-whole-numbers-from-0-to-100-to-the-nearest-10
collect-represent-and-interpret-data-and-find-the-mean-mode-median-or-cd9bb0	collect-represent-and-interpret-data-and-find-the-mode-median-and-range-edb107
add-and-subtract-fractions-with-unlike-denominators-including-mixed-6c948d	add-and-subtract-fractions-with-like-denominators-including-mixed-numbers-0af1e5
solve-mathematical-and-real-world-problems-involving-the-area-of-d57e1e	solve-mathematical-or-real-world-problems-involving-the-area-of-polygons-a972be
functions	function
rewrite-a-polynomial-expression-as-a-product-of-polynomials-over-the-real-9e3ca0	rewrite-a-polynomial-expression-as-a-product-of-polynomials-over-the-real-666e45
given-a-mathematical-or-real-world-context-write-and-solve-one-variable-90acdf	given-a-mathematical-or-real-world-context-write-and-solve-one-variable-5a5324
given-a-mathematical-or-real-world-context-solve-a-system-consisting-of-a-5059ce	given-a-mathematical-or-real-world-context-solve-a-system-consisting-of-5b9c00
graph-the-solution-set-of-a-system-of-two-variable-linear-inequalities	graph-the-solution-set-of-a-system-of-two-variable-inequalities
given-a-real-world-context-represent-constraints-as-systems-of-linear-and-742ab6	given-a-real-world-context-represent-constraints-as-systems-of-linear-301f48
develop-a-probability-distribution-for-a-discrete-random-variable-using-ca80ff	develop-a-probability-distribution-for-a-discrete-random-variable-using-a0e6ff
given-a-mathematical-or-real-world-context-combine-two-or-more-functions-262e16	given-a-mathematical-or-real-world-context-combine-two-functions-limited-00027d
analyze-various-sources-and-articulate-the-central-idea-and-any-43908f	objectively-analyze-various-sources-and-articulate-the-central-idea-and-a92c76
delineate-the-differences-between-the-effect-of-a-particular-term-towards-21f177	delineate-the-differences-between-the-effect-of-particular-terms-towards-73a3de
determine-the-effects-of-certain-words-and-phrases-on-individuals-or-groups	determine-the-effects-of-words-and-phrases-on-individuals-and-groups
provide-a-concluding-statement-or-section-related-to-the-opinion-dfb541	provide-a-concluding-statement-or-section-related-to-the-opinion-19a631
provide-a-conclusion-that-follows-from-and-reflects-on-the-narrated-9ae6f0	provide-a-conclusion-that-follows-from-the-narrated-experiences-or-events
read-and-comprehend-informational-texts-in-the-grades-ninth-through-tenth-4a4b06	read-and-comprehend-informational-texts-in-the-grades-9-10-text-a11fdf
use-appropriate-and-varied-transitions-and-syntax-to-link-the-major-4ebe41	use-appropriate-and-varied-transitions-to-link-the-major-sections-of-the-5954f2
analyze-how-an-author-s-choices-concerning-how-to-structure-a-literary-8f8e7a	analyze-how-an-author-s-choices-concerning-how-to-structure-a-text-order-73798d
language-arts-8	language-arts
write-narratives-to-develop-real-or-imagined-experiences-or-events-using-fa9465	write-narratives-to-develop-real-or-imagined-experiences-or-events-using-c8e353
provide-a-concluding-statement-or-section-that-follows-from-and-supports-a79cb0	provide-a-concluding-statement-or-section-that-follows-from-the-argument-09440e
engage-and-orient-the-reader-by-establishing-a-context-and-point-of-view-89f7d0	engage-and-orient-the-reader-by-establishing-a-context-and-introducing-a-57191d
language-arts-4	language-arts
use-narrative-techniques-such-as-dialogue-pacing-description-reflection-fd9a96	use-narrative-techniques-such-as-dialogue-pacing-and-description-to-f330b3
engage-effectively-in-a-range-of-collaborative-discussions-e-g-one-on-one-853eda	engage-effectively-in-a-range-of-collaborative-discussions-one-on-one-in-a7404f
write-narratives-to-develop-real-or-imagined-experiences-or-events-using-8ed5c7	write-narratives-to-develop-real-or-imagined-experiences-or-events-using-c8e353
develop-claim-s-and-counterclaims-fairly-and-thoroughly-supplying-the-4fa8d9	develop-claim-s-and-counterclaims-fairly-supplying-evidence-for-each-b735a4
consult-general-and-specialized-reference-materials-e-g-dictionaries-3864b7	consult-reference-materials-e-g-dictionaries-glossaries-thesauruses-both-23e1f7
determine-a-central-idea-of-an-informational-text-and-analyze-its-e3a209	determine-a-central-idea-of-a-text-and-analyze-its-development-over-the-c03192
write-opinion-argumentative-pieces-on-topics-or-texts-supporting-a-point-0e9eff	write-opinion-pieces-on-topics-or-texts-supporting-a-point-of-view-with-reasons
write-routinely-over-extended-time-frames-time-for-research-reflection-323916	write-routinely-over-extended-time-frames-time-for-research-reflection-4913c5
determine-or-clarify-the-meaning-of-unknown-and-multiple-meaning-words-7aea4f	determine-or-clarify-the-meaning-of-unknown-and-multiple-meaning-words-or-7295e4
read-and-comprehend-informational-texts-at-the-high-end-of-the-grades-2-3-71813a	read-and-comprehend-informational-texts-in-the-grades-9-10-text-a11fdf
engage-and-orient-the-reader-by-setting-out-a-problem-situation-or-2b9029	engage-and-orient-the-reader-by-setting-out-a-problem-situation-or-2d4950
determine-or-clarify-the-meaning-of-unknown-and-multiple-meaning-words-ccfc0a	determine-or-clarify-the-meaning-of-unknown-and-multiple-meaning-words-or-7295e4
use-words-phrases-and-clauses-to-create-cohesion-and-clarify-the-0fb975	use-words-phrases-and-clauses-to-create-cohesion-and-clarify-the-8e55ad
consult-general-and-specialized-reference-materials-e-g-dictionaries-2625cc	consult-reference-materials-e-g-dictionaries-glossaries-thesauruses-both-23e1f7
use-combined-knowledge-of-all-letter-sound-correspondences-syllabication-c25ad6	use-combined-knowledge-of-all-letter-sound-correspondences-syllabication-0b1109
consult-general-and-specialized-reference-materials-e-g-dictionaries-97b6cd	consult-reference-materials-e-g-dictionaries-glossaries-thesauruses-both-23e1f7
introduce-a-topic-clearly-previewing-what-is-to-follow-organize-ideas-d9eef5	introduce-a-topic-organize-ideas-concepts-and-information-using-69ab27
ask-questions-to-check-understanding-of-information-presented-stay-on-e74fc7	ask-questions-to-check-understanding-of-information-presented-stay-on-9b666a
language-arts-5	language-arts
develop-the-topic-with-well-chosen-relevant-and-sufficient-facts-extended-583afe	develop-the-topic-with-relevant-facts-definitions-concrete-details-e83ac5
read-and-comprehend-informational-texts-at-the-high-end-of-the-grades-4-5-251b4c	read-and-comprehend-informational-texts-in-the-grades-9-10-text-a11fdf
initiate-and-participate-effectively-in-a-range-of-collaborative-51e4f1	initiate-and-participate-effectively-in-a-range-of-collaborative-424b05
read-and-comprehend-literature-and-literary-nonfiction-including-stories-0de837	read-and-comprehend-literature-and-literary-nonfiction-in-the-grades-6-8-79e874
use-precise-words-and-phrases-relevant-descriptive-details-and-sensory-47e9d4	use-precise-words-and-phrases-relevant-descriptive-details-and-sensory-ca6151
read-and-comprehend-literature-and-literary-nonfiction-including-stories-187b5f	read-and-comprehend-literature-and-literary-nonfiction-in-the-grades-6-8-79e874
follow-rules-for-collegial-discussions-track-progress-toward-specific-83b9c1	follow-rules-for-collegial-discussions-set-specific-goals-and-deadlines-403ac3
read-and-comprehend-informational-texts-in-the-grades-6-8-text-complexity-5e99c1	read-and-comprehend-informational-texts-in-the-grades-4-5-text-complexity-c081d5
read-and-comprehend-informational-texts-at-the-high-end-of-the-grades-9-23486c	read-and-comprehend-informational-texts-in-the-grades-9-10-text-a11fdf
read-and-comprehend-literature-and-literary-nonfiction-including-stories-a9e7d6	read-and-comprehend-literature-and-literary-nonfiction-in-the-grades-6-8-79e874
use-glossaries-and-beginning-dictionaries-and-thesauruses-both-print-and-5d70fa	use-glossaries-and-beginning-dictionaries-and-thesauruses-both-print-and-fbdf2e
produce-a-written-reflection-on-an-informational-text-that-reflects-on-2a0bca	produce-a-written-reflection-to-informational-texts-that-reflects-on-the-5befa2
determine-the-meaning-of-words-and-phrases-as-they-are-used-in-an-07bb42	determine-the-meaning-of-words-and-phrases-as-they-are-used-in-a-text-2adfe9
read-and-comprehend-informational-texts-in-the-grades-2-3-text-complexity-f0b311	read-and-comprehend-informational-texts-in-the-grades-4-5-text-complexity-c081d5
read-and-comprehend-informational-texts-in-the-grades-6-8-text-complexity-5d99bf	read-and-comprehend-informational-texts-in-the-grades-4-5-text-complexity-c081d5
describe-characters-settings-or-events-in-a-story-or-drama-drawing-on-ba1152	describe-characters-settings-or-events-in-a-story-or-drama-drawing-on-df4f0a
determine-or-clarify-the-meaning-of-unknown-and-multiple-meaning-words-3ba863	determine-or-clarify-the-meaning-of-unknown-and-multiple-meaning-words-or-7295e4
use-appropriate-and-varied-transitions-to-create-cohesion-and-clarify-the-576a54	use-appropriate-transitions-to-create-cohesion-and-clarify-the-8c7c48
library-science-i-iv	library-science
introduce-a-topic-or-text-clearly-state-an-opinion-and-create-an-fa58f1	introduce-a-topic-or-text-clearly-state-an-opinion-and-create-an-57855a
gather-relevant-information-from-multiple-authoritative-print-and-digital-61b820	gather-relevant-information-from-multiple-authoritative-print-and-digital-9e9fe6
read-and-comprehend-literature-including-stories-and-poems-in-the-grades-d3849f	read-and-comprehend-literature-including-stories-dramas-and-poems-at-the-c60ea9
read-and-comprehend-literature-and-literary-nonfiction-including-stories-774e8d	read-and-comprehend-literature-and-literary-nonfiction-in-the-grades-6-8-79e874
analyze-a-complex-set-of-ideas-or-sequence-of-events-and-explain-how-d6268f	analyze-a-complex-set-of-ideas-or-sequence-of-events-and-explain-how-8628a4
language-arts-1	language-arts
introduce-claim-s-acknowledge-and-distinguish-the-claim-s-from-alternate-6783bb	introduce-claim-s-acknowledge-alternate-or-opposing-claims-and-organize-cd3555
consult-general-and-specialized-reference-materials-e-g-dictionaries-27f494	consult-reference-materials-e-g-dictionaries-glossaries-thesauruses-both-23e1f7
read-and-comprehend-informational-texts-at-the-high-end-of-the-grades-11-e8de68	read-and-comprehend-informational-texts-in-the-grades-9-10-text-a11fdf
come-to-discussions-prepared-having-read-or-researched-material-under-f75407	come-to-discussions-prepared-having-read-or-studied-required-material-f776e3
explain-how-an-author-uses-reasons-and-evidence-to-support-particular-0a3586	explain-and-analyze-how-an-author-uses-reasons-and-evidence-to-support-d432c1
produce-a-written-critical-analysis-of-an-informational-text-that-draws-4e8690	produce-a-written-critical-analysis-to-informational-texts-that-draws-c5d903
engage-effectively-in-a-range-of-collaborative-discussions-e-g-one-on-one-7be6f7	engage-effectively-in-a-range-of-collaborative-discussions-one-on-one-in-a7404f
engage-effectively-in-a-range-of-collaborative-discussions-e-g-one-on-one-fa10c4	engage-effectively-in-a-range-of-collaborative-discussions-e-g-one-on-one-dc5dda
read-and-comprehend-informational-texts-in-the-grades-11-ccr-text-190661	read-and-comprehend-informational-texts-in-the-grades-4-5-text-complexity-c081d5
determine-or-clarify-the-meaning-of-unknown-and-multiple-meaning-words-e9a65a	determine-or-clarify-the-meaning-of-unknown-and-multiple-meaning-words-or-7295e4
conduct-short-as-well-as-more-sustained-research-projects-to-answer-00964e	conduct-short-as-well-as-more-sustained-research-projects-to-answer-2390d5
read-and-comprehend-literature-including-stories-dramas-and-poems-in-the-1f15c1	read-and-comprehend-literature-including-stories-dramas-and-poems-at-the-c60ea9
ask-and-answer-questions-about-key-details-in-a-text-such-as-who-what-c8c838	ask-and-answer-questions-about-key-details-in-a-text-such-as-who-what-5be7be
language-arts-2	language-arts
participate-in-collaborative-conversations-with-diverse-partners-about-3dddec	participate-in-collaborative-conversations-with-diverse-partners-about-1060a4
conduct-short-research-projects-that-use-several-sources-to-build-384b3f	conduct-short-research-projects-that-build-knowledge-through-52d638
language-arts-6	language-arts
use-narrative-techniques-such-as-dialogue-pacing-description-and-beea0b	use-narrative-techniques-such-as-dialogue-pacing-and-description-to-f330b3
determine-or-clarify-the-meaning-of-unknown-and-multiple-meaning-words-55e00b	determine-or-clarify-the-meaning-of-unknown-and-multiple-meaning-words-or-7295e4
identify-reasons-an-author-gives-to-support-points-in-a-text-with-96ef18	identify-reasons-an-author-gives-to-support-points-in-a-text
determine-the-meaning-of-academic-and-domain-specific-words-and-phrases-b774cf	determine-the-meaning-of-academic-and-domain-specific-words-or-phrases-in-21593b
follow-rules-for-collegial-discussions-and-decision-making-track-progress-a73678	follow-rules-for-collegial-discussions-set-specific-goals-and-deadlines-403ac3
read-and-comprehend-literature-and-literary-nonfiction-including-stories-9fe7c6	read-and-comprehend-literature-and-literary-nonfiction-in-the-grades-6-8-79e874
language-arts-k	language-arts
engage-effectively-in-a-range-of-collaborative-discussions-e-g-one-on-one-de6f40	engage-effectively-in-a-range-of-collaborative-discussions-one-on-one-in-a7404f
read-and-comprehend-literature-including-stories-dramas-and-poems-at-the-b634b8	read-and-comprehend-literature-including-stories-dramas-and-poems-at-the-c60ea9
develop-and-strengthen-writing-as-needed-by-planning-drafting-revising-e24455	with-guidance-and-support-from-peers-and-adults-develop-and-strengthen-a8a77a
journalism-8	journalism
language-arts-7	language-arts
analyze-how-complex-characters-e-g-those-with-multiple-or-conflicting-7595a0	analyze-how-complex-characters-e-g-those-with-multiple-or-conflicting-068775
develop-the-topic-with-relevant-well-chosen-facts-definitions-concrete-af278a	develop-the-topic-with-relevant-facts-definitions-concrete-details-e83ac5
language-arts-grade-2-enrich	language-arts-grade-4-enrich
build-on-others-talk-in-conversations-by-linking-their-comments-to-the-7a13bf	build-on-others-talk-in-conversations-by-linking-comments-to-the-remarks-cc93a1
determine-the-meaning-of-words-and-phrases-as-they-are-used-in-a-literary-174529	determine-the-meaning-of-words-and-phrases-as-they-are-used-in-the-text-9f0f57
journalism-i	journalism
read-and-comprehend-informational-texts-at-the-high-end-of-the-grades-6-8-63438e	read-and-comprehend-informational-texts-in-the-grades-9-10-text-a11fdf
read-and-comprehend-literature-and-literary-nonfiction-including-stories-a0e7c8	read-and-comprehend-literature-and-literary-nonfiction-in-the-grades-6-8-79e874
language-arts-3	language-arts
write-opinion-pieces-on-topics-or-texts-supporting-a-point-of-view-with-c00008	write-opinion-pieces-on-topics-or-texts-supporting-a-point-of-view-with-reasons
demonstrate-understanding-of-word-relationships-and-nuances-in-word-a48d92	explore-word-relationships-and-nuances-in-word-meanings-with-guidance-and-b1dcf2
ask-and-answer-questions-about-key-details-in-a-text-such-as-who-what-060835	ask-and-answer-questions-about-key-details-in-a-text-such-as-who-what-616fa4
journalism-6	journalism
read-and-comprehend-informational-texts-at-the-high-end-of-the-grades-11-eaaa05	read-and-comprehend-informational-texts-in-the-grades-9-10-text-a11fdf
develop-and-strengthen-writing-as-needed-with-some-guidance-and-support-9328e0	with-guidance-and-support-from-peers-and-adults-develop-and-strengthen-a8a77a
journalism-7	journalism
determine-or-clarify-the-meaning-of-unknown-and-multiple-meaning-words-e68a98	determine-or-clarify-the-meaning-of-unknown-and-multiple-meaning-words-or-7295e4
engage-effectively-in-a-range-of-collaborative-discussions-e-g-one-on-one-fb57cf	engage-effectively-in-a-range-of-collaborative-discussions-e-g-one-on-one-dc5dda
determine-or-clarify-the-meaning-of-unknown-and-multiple-meaning-words-88f966	determine-or-clarify-the-meaning-of-unknown-and-multiple-meaning-words-or-7295e4
determine-or-clarify-the-meaning-of-unknown-and-multiple-meaning-words-9d843f	determine-or-clarify-the-meaning-of-unknown-and-multiple-meaning-words-or-7295e4
determine-or-clarify-the-meaning-of-unknown-and-multiple-meaning-words-04d01f	determine-or-clarify-the-meaning-of-unknown-and-multiple-meaning-words-or-7295e4
read-and-comprehend-literature-including-stories-dramas-and-poems-at-the-4dae3b	read-and-comprehend-literature-including-stories-dramas-and-poems-at-the-c60ea9
read-and-comprehend-literature-and-literary-nonfiction-including-stories-b54d07	read-and-comprehend-literature-and-literary-nonfiction-in-the-grades-6-8-79e874
instruction	instructing
assessment	assess
origin-of-earth	earth-history
transfer-and-conservation-of-energy	energy-conservation-and-transfer
electricity-and-magnetism	electromagnetism
foundations-for-reading	reading-foundations
regularly-engage-in-listening-to-a-series-of-conceptually-related-texts-384112	regularly-engage-in-listening-to-a-series-of-conceptually-related-texts-e4763e
the-student-will-build-knowledge-and-comprehension-skills-from-reading-aec48d	the-student-will-build-knowledge-and-comprehension-skills-from-reading-e2e11d
set-a-purpose-for-reading-by-providing-a-guiding-question-activating-c9d39f	set-a-purpose-for-reading-by-providing-guiding-questions-activating-prior-72954e
ask-and-answer-literal-who-what-when-where-and-inferential-why-how-fcfd3e	ask-and-answer-literal-who-what-when-where-or-inferential-how-why-6ec4ec
demonstrate-the-ability-to-segment-words-with-four-and-five-phonemes-7e60bd-2	demonstrate-the-ability-to-segment-words-with-four-and-five-phonemes-7e60bd
the-student-will-build-knowledge-and-comprehension-skills-from-reading-4b12b0	the-student-will-build-knowledge-and-comprehension-skills-from-reading-e2e11d
when-responding-to-text-through-discussion-and-or-writing-draw-several-836b0f	when-responding-to-texts-through-discussion-and-or-writing-draw-several-2e643d
use-vocabulary-from-across-content-areas	use-vocabulary-across-content-areas
use-phoneme-grapheme-sound-symbol-correspondence-to-encode-spell-single-ce6589	use-phoneme-grapheme-sound-symbol-correspondence-to-encode-spell-single-7a5de8
with-guidance-and-support-from-adults-edit-writing-for-conventions-e-g-68ebf0-2	with-guidance-and-support-from-adults-edit-writing-for-conventions-e-g-68ebf0
with-guidance-and-support-from-peers-and-adults-develop-and-strengthen-903d57	with-guidance-and-support-from-adults-develop-and-strengthen-writing-as-f64b4e
with-guidance-and-support-from-peers-and-adults-edit-writing-for-format-4df724	with-guidance-and-support-from-adults-edit-writing-for-conventions-e-g-68ebf0
compare-and-contrast-the-most-important-points-and-key-details-presented-cb759b	compare-and-contrast-the-most-important-points-presented-by-two-texts-on-032d60
phonics-and-word-recognition-the-student-will-apply-grade-level-phonics-f1b0c7	phonics-and-word-analysis-the-student-will-apply-grade-level-phonics-and-19fbd9
use-knowledge-of-syllabication-and-syllable-types-to-decode-and-encode-words	use-knowledge-of-syllabication-and-syllable-types-to-decode-words
use-knowledge-of-affixes-e-g-suffixes-prefixes-to-decode-and-encode-words	use-knowledge-of-affixes-e-g-suffixes-prefixes-to-decode-words
read-a-variety-of-grade-level-complex-texts-with-accuracy-automaticity-f4f948	read-a-variety-of-grade-level-text-with-accuracy-automaticity-appropriate-b55c27
the-student-will-build-knowledge-and-comprehension-skills-from-reading-701ef5	the-student-will-build-knowledge-and-comprehension-skills-from-reading-e2e11d
proficiently-read-and-comprehend-a-variety-of-literary-and-informational-2cc45b	proficiently-read-and-comprehend-texts-from-a-variety-of-literary-forms-674027
when-responding-to-texts-through-discussions-and-or-writing-draw-several-02e0d8	when-responding-to-texts-through-discussion-and-or-writing-draw-several-2e643d
identify-a-topic-and-generate-questions-that-explore-the-topic	identify-a-topic-and-generate-questions-to-explore-the-topic
self-and-peer-edit-the-writing-for-capitalization-spelling-punctuation-51e5b4	self-and-peer-edit-for-capitalization-spelling-punctuation-sentence-9876f1
use-phoneme-grapheme-sound-symbol-correspondences-to-decode-read-and-3d204f	use-phoneme-grapheme-sound-symbol-correspondences-to-encode-spell-grade-c60fa7
the-student-will-build-knowledge-and-comprehension-skills-from-reading-a-409dfc	the-student-will-build-knowledge-and-comprehension-skills-from-reading-e2e11d
proficiently-read-and-comprehend-a-variety-of-literary-and-informational-f3266f	proficiently-read-and-comprehend-texts-from-a-variety-of-literary-forms-674027
use-reading-strategies-as-needed-to-aid-and-monitor-comprehension-when-8d2c39	use-reading-strategies-as-needed-to-monitor-comprehension-when-db730d
with-guidance-and-support-from-peers-and-adults-develop-and-strengthen-ebd6a5	with-guidance-and-support-from-adults-develop-and-strengthen-writing-as-f64b4e
self-and-peer-edit-the-writing-for-capitalization-spelling-punctuation-4ca244	self-and-peer-edit-for-capitalization-spelling-punctuation-sentence-9876f1
summarize-events-procedures-ideas-or-concepts-in-historical-scientific-or-fd0344	summarize-events-procedures-ideas-or-concepts-in-historical-scientific-or-6f5e72
identify-search-terms-to-locate-information-and-gather-relevant-dff89a	identify-search-terms-to-locate-information-on-the-topic-and-gather-5e3c27
develop-notes-that-include-important-concepts-summaries-and-c751ca	develop-notes-that-include-important-concept-summaries-and-identification-86b10d
craft-and-publish-audience-specific-media-messages-that-present-claims-67c310	craft-and-publish-audience-specific-media-messages-that-present-claims-0640f3
use-medial-and-visual-literacy-skills-to-select-organize-and-create-1010e7	use-media-and-visual-literacy-skills-to-select-organize-and-create-65195b
analyze-ideas-within-and-between-selections-including-how-specific-f24de8	describe-ideas-within-and-between-selections-including-how-specific-7b15cc
construct-simple-compound-complex-and-compound-complex-sentences-to-68662e	construct-simple-compound-and-complex-sentences-to-communicate-ideas-942244
recognize-and-use-pronoun-antecedent-agreement-including-indefinite-311f32	use-pronoun-antecedent-agreement-including-indefinite-and-reflexive-b9bc28
evaluate-an-author-s-use-of-text-features-e-g-boldface-and-italics-type-c44cc0	analyze-how-an-author-uses-text-features-e-g-boldface-and-italics-type-6d211b
analyze-how-the-author-unfolds-a-perspective-or-series-of-ideas-or-events-3b46d7	analyze-how-the-author-unfolds-a-perspective-or-series-of-ideas-or-events-a9572e
read-a-variety-of-grade-level-complex-text-with-accuracy-automaticity-265bcf	read-a-variety-of-grade-level-text-with-accuracy-automaticity-appropriate-b55c27
identify-and-describe-how-dramatic-conventions-e-g-soliloquy-aside-905af2	identify-and-explain-how-dramatic-conventions-e-g-soliloquy-aside-7cafc1
cite-primary-and-secondary-sources-for-quoted-and-paraphrased-ideas-using-3332a1	cite-sources-for-quoted-and-paraphrased-ideas-using-a-standard-method-of-9fcbbf
define-the-meaning-and-legal-consequences-of-plagiarism-and-follow-76a952	define-plagiarism-s-meaning-and-legal-consequences-and-follow-ethical-and-844293
analyze-and-evaluate-how-dramatic-conventions-e-g-soliloquy-aside-0121cd	identify-and-explain-how-dramatic-conventions-e-g-soliloquy-aside-7cafc1
analyze-the-development-of-universal-themes-e-g-loss-of-innocence-coming-71c9bf	analyze-the-development-of-universal-themes-e-g-loss-of-innocence-coming-0791e8
evaluate-how-authors-use-specific-word-choices-syntax-tone-and-voice-to-8b4cee	analyze-how-authors-use-specific-word-choices-syntax-tone-and-voice-to-637c4e
evaluating-the-content-and-effectiveness-of-one-s-presentations-including-f8fb2d	evaluating-the-content-and-effectiveness-of-presentations-that-includes-6a5efe
analyze-the-argument-and-specific-claims-in-texts-examining-whether-the-ecb4b3	evaluate-the-argument-and-specific-claims-in-texts-examining-whether-the-1ac93d
proficiently-read-and-comprehend-a-variety-of-literary-and-informational-8ef7c9	proficiently-read-and-comprehend-a-variety-of-literary-and-informational-2fa6d9
evaluate-the-use-of-satire-sarcasm-irony-and-understatement-to-038f89	analyze-the-use-of-satire-sarcasm-irony-and-understatement-to-2b12c9
copy-of-engage-in-writing-as-a-process-to-compose-a-well-developed-b50567	engage-in-writing-as-a-process-to-compose-a-well-developed-paragraph-this-a527ff
the-student-will-use-textual-evidence-to-demonstrate-comprehension-and-884bcc	the-student-will-use-textual-evidence-to-demonstrate-comprehension-and-25c411
the-student-will-use-textual-evidence-to-demonstrate-comprehension-and-0c3822	the-student-will-use-textual-evidence-to-demonstrate-comprehension-and-7420d8
the-student-will-use-textual-evidence-to-demonstrate-comprehension-and-a10f45	the-student-will-use-textual-evidence-to-demonstrate-comprehension-and-25c411
the-student-will-use-textual-evidence-to-demonstrate-and-build-knowledge-eb636d	the-student-will-use-textual-evidence-to-demonstrate-comprehension-and-7420d8
the-student-will-conduct-research-and-read-or-listen-to-a-series-of-50366f	the-student-will-conduct-research-and-listen-to-a-series-of-conceptually-91f7bd
the-student-will-use-textual-evidence-to-demonstrate-comprehension-and-fe2591	the-student-will-use-textual-evidence-to-demonstrate-comprehension-and-7420d8
the-student-will-use-textual-evidence-to-demonstrate-comprehension-and-bd1dbe	the-student-will-use-textual-evidence-to-demonstrate-comprehension-and-25c411
respectfully-building-on-others-ideas-and-clearly-expressing-their-own	respectfully-building-on-others-ideas-and-expressing-their-own-clearly
using-language-formal-or-informal-and-style-as-appropriate-to-the-1bd3f5	using-language-formal-or-informal-and-style-as-appropriate-to-audience-231a54
the-student-will-use-textual-evidence-to-demonstrate-comprehension-and-3b0250	the-student-will-use-textual-evidence-to-demonstrate-comprehension-and-25c411
the-student-will-use-textual-evidence-to-demonstrate-comprehension-and-699479	the-student-will-use-textual-evidence-to-demonstrate-comprehension-and-25c411
the-student-will-use-textual-evidence-to-demonstrate-comprehension-and-969fc0	the-student-will-use-textual-evidence-to-demonstrate-comprehension-and-45556a
clearly-communicating-information-in-an-organized-and-succinct-manner	clearly-communicating-information-in-an-organized-or-succinct-manner
using-reflection-to-evaluate-one-s-own-role-and-the-process-in-paired-or-c2ec96	using-reflection-to-evaluate-one-s-own-role-in-the-process-in-pairs-or-a3cb25
develop-a-thesis-that-demonstrates-knowledgeable-judgements	develop-a-thesis-that-demonstrates-knowledgeable-judgments
the-student-will-use-textual-evidence-to-demonstrate-comprehension-and-56e8f1	the-student-will-use-textual-evidence-to-demonstrate-comprehension-and-45556a
the-student-will-use-textual-evidence-to-demonstrate-comprehension-and-4f34e1	the-student-will-use-textual-evidence-to-demonstrate-comprehension-and-45556a
the-student-will-develop-effective-oral-communication-and-collaboration-26680f	the-student-will-develop-effective-oral-communication-and-collaboration-24524a
the-student-will-use-textual-evidence-to-demonstrate-comprehension-and-cf39e1	the-student-will-use-textual-evidence-to-demonstrate-comprehension-and-45556a
understand-why-organisms-differ-from-or-are-similar-to-their-parents-716557	explain-why-organisms-differ-from-or-are-similar-to-their-parents-based-169043
understand-the-properties-of-waves-and-the-wavelike-property-of-energy-in-82bede	compare-the-properties-of-waves-to-the-wavelike-property-of-energy-in-a27b0b
k-5-mathematics	math
mathematics-grade-1	mathematics-grade-k
explain-the-relationship-between-addition-and-subtraction-and-apply-the-fcb21e	solve-real-life-addition-and-subtraction-problems-within-20-explain-the-4f8873
use-a-variety-of-strategies-to-solve-addition-and-subtraction-problems-within-20	use-a-variety-of-strategies-to-solve-addition-and-subtraction-problems-within-10
fluently-add-and-subtract-within-10-using-a-variety-of-strategies	add-and-subtract-fluently-within-10-using-a-variety-of-strategies
mathematics-grade-2	mathematics-grade-k
fluently-add-and-subtract-within-100-using-strategies-based-on-place-fd7033	add-and-subtract-fluently-within-100-using-strategies-based-on-place-6a7db6
mathematics-grade-3	mathematics-grade-k
solve-practical-relevant-problems-involving-multiplication-and-division-876da4	solve-practical-relevant-problems-involving-multiplication-and-division-ca36ad
mathematics-grade-4	mathematics-grade-k
read-and-write-multi-digit-whole-numbers-to-the-hundred-thousands-place-c544e2	read-and-write-multi-digit-whole-numbers-up-to-10-000-to-the-thousands-ae14ef
using-part-whole-strategies-solve-problems-involving-addition-and-5d2cbc	solve-problems-involving-addition-and-subtraction-through-the-hundred-ea4993
fluently-add-and-subtract-multi-digit-numbers-to-solve-practical-bdcdcd	add-and-subtract-multi-digit-numbers-fluently-to-solve-practical-6ab9e7
mathematics-grade-5	mathematics-grade-k
explain-patterns-in-the-placement-of-digits-when-multiplied-or-divided-by-d1e970	explain-patterns-in-the-placement-of-digits-when-multiplied-or-divided-by-5d25b1
6-8-mathematics	math
mathematics-grade-6	mathematics-grade-k
mathematics-grade-7	mathematics-grade-k
construct-algebraic-inequalities-to-solve-problems-leading-to-7c0bbb	construct-algebraic-inequalities-to-solve-problems-leading-to-43cf0c
develop-a-probability-model-which-may-not-be-uniform-by-observing-cde9fd	develop-a-probability-model-which-may-not-be-uniform-by-observing-cde9fd-2
mathematics-grade-8	mathematics-grade-k
use-square-root-and-cube-root-symbols-to-represent-solutions-to-equations-340ac5	use-square-root-and-cube-root-symbols-to-represent-solutions-to-equations-7c7a05
write-and-explain-the-equations-y-mx-b-slope-intercept-form-ax-by-c-550030	write-and-explain-the-equations-for-slope-intercept-form-i-e-y-mx-b-293842
create-mathematical-models-to-explain-phenomena-that-exist-in-the-natural-957f7a	create-mathematical-models-to-explain-phenomena-that-exist-in-the-natural-c9091c
use-various-mathematical-representations-and-structures-with-this-4b0003	use-various-mathematical-representations-and-structures-to-represent-and-ff5e92
advanced-algebra-concepts-and-connections	algebra-concepts-and-connections
create-mathematical-models-to-explain-phenomena-that-exist-in-the-natural-afa80a	create-mathematical-models-to-explain-phenomena-that-exist-in-the-natural-c9091c
using-abstract-and-quantitative-reasoning-make-decisions-about-efb552	using-abstract-and-quantitative-reasoning-make-decisions-about-b5aca9
use-the-relation-i-2-1-and-the-commutative-associative-and-distributive-ec2e49	use-the-relation-i-1-and-the-commutative-associative-and-distributive-44d1dd
apply-the-natural-base-e-in-the-continuous-compounding-formula-a-pe-rt	apply-the-natural-base-e-in-the-continuous-compounding-formula-a-pe-rt-2
write-and-solve-systems-of-equations-and-or-inequalities-in-context-of-10225a	write-and-solve-systems-of-equations-and-inequalities-in-context-of-ce5f87
write-graph-solve-and-interpret-systems-of-equations-containing-one-896ff2	write-graph-solve-and-interpret-systems-of-linear-equations-given-an-530c2b
apply-the-arithmetic-average-formula-to-calculate-and-interpret-a-d-day-576f84	apply-the-arithmetic-average-formula-to-calculate-and-interpret-a-d-day-97eb68
solve-contextual-mathematical-problems-involving-matrices-as-geometric-43c7d0	solve-contextual-mathematical-problems-involving-matrices-to-explain-real-16fca4
explain-mathematically-applicable-problems-using-a-mathematical-model	explain-applicable-mathematical-problems-using-a-mathematical-model
using-abstract-and-quantitative-reasoning-make-decisions-about-a50778	using-abstract-and-quantitative-reasoning-make-decisions-about-b5aca9
conduct-investigative-research-to-solve-real-life-problems-and-answer-43a023	conduct-investigative-research-to-solve-real-life-problems-and-answer-bead2a
create-a-statistical-study-using-sound-methodology-to-answer-statistical-d7c82a	create-a-statistical-study-using-sound-methodology-to-answer-statistical-d21857
represent-the-limit-of-a-function-using-both-the-informal-definition-and-a2b4fe	represent-the-limit-of-a-function-using-both-the-informal-definition-and-9eceab
graph-rational-functions-and-identify-key-characteristics	graph-rational-functions-identifying-key-characteristics
derive-and-use-the-sum-formula-of-an-infinite-geometric-series-to-solve-4c39af	derive-and-use-the-sum-formula-of-a-finite-geometric-series-to-solve-7aaef9
construct-arithmetic-and-geometric-sequences-recursively-and-explicitly-aa9d58	construct-arithmetic-and-geometric-sequences-recursively-and-explicitly-628736
compute-using-technology-and-interpret-the-correlation-coefficient-r-of-a-03e870	compute-using-technology-and-interpret-the-correlation-coefficient-of-a-110d9c
describe-the-algebraic-and-geometric-contributions-of-chinese-a2e59c	describe-the-algebraic-and-geometric-contributions-of-islamic-fdbc4e
acquire-and-use-accurately-a-range-of-general-academic-and-domain-bd6e16	acquire-and-use-accurately-a-range-of-general-academic-and-domain-e0b959
with-prompting-and-support-name-the-author-and-illustrator-of-a-story-and-c74f7c	name-the-author-and-illustrator-of-a-story-and-define-the-role-of-each-in-1f89b0
with-prompting-and-support-identify-the-reasons-an-author-gives-to-c60c46	identify-reasons-an-author-gives-to-support-points-in-a-text
with-guidance-and-support-from-adults-explore-a-variety-of-digital-tools-9b0768	with-guidance-and-support-from-adults-use-a-variety-of-digital-tools-to-30da1b
with-guidance-and-support-from-adults-recall-information-from-experiences-2ad105	recall-information-from-experiences-or-gather-information-from-provided-f5f8f6
with-guidance-and-support-from-adults-explore-word-relationships-and-236f22	explore-word-relationships-and-nuances-in-word-meanings-with-guidance-and-b1dcf2
with-guidance-and-support-from-adults-focus-on-a-topic-respond-to-b31eb6	with-guidance-and-support-from-adults-respond-to-questions-and-cb4e46
with-guidance-and-support-from-adults-demonstrate-understanding-of-word-1daa26	explore-word-relationships-and-nuances-in-word-meanings-with-guidance-and-b1dcf2
by-the-end-of-the-year-read-and-comprehend-literature-including-stories-23f8b8	by-the-end-of-the-year-read-and-comprehend-literature-including-stories-6a5da6
by-the-end-of-year-read-and-comprehend-informational-texts-including-9c5538	by-the-end-of-the-year-read-and-comprehend-informational-texts-including-f7ae6d
by-the-end-of-the-year-read-and-comprehend-literature-including-stories-8a7230	by-the-end-of-the-year-read-and-comprehend-literature-including-stories-6a5da6
determine-the-meaning-of-general-academic-and-domain-specific-words-and-30d8f3	determine-the-meaning-of-general-academic-and-domain-specific-words-or-d2453b
with-guidance-and-support-from-adults-use-technology-to-produce-and-28ffc2	use-technology-to-produce-and-publish-writing-using-keyboarding-skills-as-434e0a
use-glossaries-or-beginning-dictionaries-both-print-and-digital-to-9de3b8	use-glossaries-and-beginning-dictionaries-both-print-and-digital-to-013b4e
explain-their-own-ideas-and-understanding-in-light-of-the-discussion	explain-own-ideas-and-understanding-in-light-of-the-discussion
by-the-end-of-the-year-read-and-comprehend-literature-including-stories-0fbd5c	by-the-end-of-the-year-read-and-comprehend-literature-including-stories-6a5da6
by-the-end-of-year-read-and-comprehend-informational-texts-including-97ef94	by-the-end-of-the-year-read-and-comprehend-informational-texts-including-f7ae6d
introduce-a-topic-clearly-and-group-related-information-in-paragraphs-and-534c29-2	introduce-a-topic-clearly-and-group-related-information-in-paragraphs-and-534c29
correctly-use-frequently-confused-words-e-g-to-too-two-there-their	use-frequently-confused-words-e-g-to-too-two-there-their-correctly
by-the-end-of-the-year-read-and-comprehend-literature-including-stories-1f31a6	by-the-end-of-the-year-read-and-comprehend-literature-including-stories-6a5da6
determine-the-meaning-of-general-academic-and-domain-specific-words-and-d77e76	determine-the-meaning-of-general-academic-and-domain-specific-words-or-d2453b
explain-how-an-author-uses-reasons-and-evidence-to-support-particular-dfba19	explain-how-an-author-uses-reasons-and-evidence-to-support-particular-a83961
by-the-end-of-the-year-read-and-comprehend-informational-texts-including-1e920b	by-the-end-of-the-year-read-and-comprehend-informational-texts-including-f7ae6d
with-guidance-and-support-from-peers-and-adults-develop-and-strengthen-fcadc3	with-guidance-and-support-from-peers-and-adults-develop-and-strengthen-a8a77a
with-some-guidance-and-support-from-adults-use-technology-including-the-c2b95f	with-some-guidance-and-support-from-adults-use-technology-including-the-203bda
use-a-variety-of-transitional-words-phrases-and-clauses-to-manage-the-48ad84	use-a-variety-of-transitional-words-and-phrases-to-manage-the-sequence-of-events
by-the-end-of-the-year-read-and-comprehend-literature-including-stories-3e2a5a	by-the-end-of-the-year-read-and-comprehend-literature-including-stories-6a5da6
determine-a-theme-or-central-idea-of-a-text-and-how-it-is-conveyed-d69f7c	determine-a-central-idea-of-a-text-and-how-it-is-conveyed-through-4d8c66
by-the-end-of-the-year-read-and-comprehend-literary-nonfiction-in-the-cad90b	by-the-end-of-the-year-read-and-comprehend-literary-nonfiction-at-the-b1870d
with-some-guidance-and-support-from-peers-and-adults-develop-and-b1b3c8	with-guidance-and-support-from-peers-and-adults-develop-and-strengthen-a8a77a
acquire-and-use-accurately-grade-appropriate-general-academic-and-domain-f1f2cb	acquire-and-accurately-use-grade-appropriate-general-academic-and-domain-5d6a59
determine-the-meaning-of-words-and-phrases-as-they-are-used-in-a-text-1ffb82	determine-the-meaning-of-words-and-phrases-as-they-are-used-in-a-text-845d56
with-some-guidance-and-support-from-peers-and-adults-develop-and-121373	develop-and-strengthen-writing-as-needed-with-some-guidance-and-support-94fef6
determine-the-meaning-of-words-and-phrases-as-they-are-used-in-a-text-10ca45	determine-the-meaning-of-words-and-phrases-as-they-are-used-in-a-text-845d56
determine-a-theme-or-central-idea-of-a-text-and-analyze-its-development-ce2a19	determine-a-theme-or-central-idea-of-a-text-and-analyze-its-development-cec895
determine-the-meaning-of-words-and-phrases-as-they-are-used-in-a-text-4aafb6	determine-the-meaning-of-words-and-phrases-as-they-are-used-in-a-text-845d56
apply-grade-8-reading-standards-to-literary-nonfiction-e-g-delineate-and-ae1a8e	apply-grade-7-reading-standards-to-literary-nonfiction-e-g-trace-and-95b8fc
by-the-end-of-grade-10-read-and-comprehend-history-social-studies-texts-990914	by-the-end-of-grade-8-read-and-comprehend-history-social-studies-texts-in-8fc996
determine-the-meaning-of-symbols-key-terms-and-other-domain-specific-76b37e	determine-the-meaning-of-symbols-key-terms-and-other-domain-specific-35230e
by-the-end-of-grade-10-read-and-comprehend-science-technical-texts-in-the-5852ae	by-the-end-of-grade-8-read-and-comprehend-science-technical-texts-in-the-22ade0
analyze-the-structure-an-author-uses-to-organize-a-text-including-how-the-89edcb	analyze-the-structure-an-author-uses-to-organize-a-text-including-how-the-f3bbb7
use-varied-transitions-and-sentence-structures-to-link-the-major-sections-6ca2bd	use-varied-transitions-and-sentence-structures-to-link-the-major-sections-5c98ac
sort-and-group-up-to-10-objects-into-a-set-based-upon-characteristics-f21980	sort-and-group-up-to-5-objects-into-a-set-based-upon-characteristics-such-3f2a03
find-a-number-that-is-10-more-or-10-less-than-a-given-number-up-to-100	find-a-number-that-is-1-more-or-1-less-than-a-given-number-up-to-10
identify-pennies-nickels-dimes-and-quarters-by-name-and-value	identify-pennies-nickels-dimes-and-quarters-by-name
use-knowledge-of-number-relationships-to-locate-the-position-of-a-given-c1c054	use-knowledge-of-number-relationships-to-locate-the-position-of-a-given-6e12aa
demonstrate-fluency-with-basic-facts-of-addition-and-subtraction-with-3b0b83	demonstrate-fluency-with-basic-facts-of-addition-and-subtraction-with-410dcb
compare-and-represent-whole-numbers-up-to-100-000-with-an-emphasis-on-957b34	compare-and-represent-whole-numbers-up-to-1-000-with-an-emphasis-on-place-c8ffbb
compare-and-represent-whole-numbers-up-to-1-000-000-with-an-emphasis-on-2cb042	compare-and-represent-whole-numbers-up-to-1-000-with-an-emphasis-on-place-c8ffbb
use-place-value-to-describe-whole-numbers-between-1-000-and-1-000-000-in-a737ff	use-place-value-to-describe-whole-numbers-between-1-000-and-100-000-in-4b3dda
use-place-value-to-compare-and-order-whole-numbers-up-to-1-000-000-using-3aeac9	use-place-value-to-compare-and-order-whole-numbers-up-to-100-000-using-13a25b
represent-write-solve-and-graph-problems-leading-to-linear-inequalities-02adc0	represent-write-solve-and-graph-problems-leading-to-linear-inequalities-3d33fc
standards-for-hs-math-content	standards-for-math-content
algebra-1	algebra
understand-functions-as-descriptions-of-covariation-how-related-0c584f	understand-functions-as-descriptions-of-covariation-how-related-074c52
algebra-2	algebra
display-describe-and-compare-data-for-linear-and-nonlinear-relationships-851e8c	display-describe-and-compare-data-for-linear-relationships-make-4fb57a
make-predictions-based-upon-the-regression-equation-linear-exponential-or-a0752b	make-predictions-based-upon-the-linear-regression-and-use-the-correlation-ee7e0c
algebraically-verify-solutions-involving-functions-that-are-quadratic-f9f364	graphically-verify-solutions-involving-functions-that-are-quadratic-5ab40d
distinguish-between-the-distribution-of-a-population-a-distribution-of-497d5a	distinguish-between-a-population-distribution-a-sample-data-distribution-1abb56
investigating	investigation
c-civic-and-political-institutions	civic-and-political-institutions
c-processes-rules-and-laws	processes-rules-and-laws
e-microeconomics	microeconomics
e-macroeconomics	macroeconomics
use-place-value-reasoning-to-compare-multi-digit-numbers-up-to-10-000-534e6a-2	use-place-value-reasoning-to-compare-multi-digit-numbers-up-to-10-000-534e6a
compare-and-order-whole-numbers-up-to-100-using-concrete-models-drawings-1fc757-2	compare-and-order-whole-numbers-up-to-100-using-concrete-models-drawings-1fc757
represent-compare-and-order-whole-numbers-to-1000-with-an-emphasis-on-c6d523-2	represent-compare-and-order-whole-numbers-to-1000-with-an-emphasis-on-c6d523
use-place-value-reasoning-to-represent-compare-and-order-multi-digit-17a1b2-2	use-place-value-reasoning-to-represent-compare-and-order-multi-digit-17a1b2
compare-two-decimal-numbers-to-the-hundredths-place-by-reasoning-about-183921-2	compare-two-decimal-numbers-to-the-hundredths-place-by-reasoning-about-183921
represent-compare-and-order-decimal-numbers-to-the-thousandths-place-10e47a-2	represent-compare-and-order-decimal-numbers-to-the-thousandths-place-10e47a
recognize-and-generate-inequalities-of-the-form-x-c-x-c-x-c-or-x-c-to-1c7e6f-2	recognize-and-generate-inequalities-of-the-form-x-c-x-c-x-c-or-x-c-to-1c7e6f
co-requisite-geometry-support-for-geometry-concepts-and-connections	co-requisite-algebra-support-for-algebra-concepts-and-connections
co-requisite-advanced-algebra-support-for-advanced-algebra-concepts-and-7200c2	co-requisite-algebra-support-for-algebra-concepts-and-connections
use-a-combination-of-drawing-dictating-and-writing-to-compose-informative-7bdb1b	use-a-combination-of-drawing-dictating-and-writing-to-compose-informative-f7f5ee
family-and-consumer-sciences-aide-courses-offer-students-the-opportunity-447339	mathematics-aide-courses-offer-students-the-opportunity-to-assist-d350d4
human-services-aide-courses-offer-students-the-opportunity-to-assist-436d34	mathematics-aide-courses-offer-students-the-opportunity-to-assist-d350d4
transportation-distribution-and-logistics-aide-courses-offer-students-the-3e4d71	mathematics-aide-courses-offer-students-the-opportunity-to-assist-d350d4
engineering-and-technology-aide-courses-offer-students-the-opportunity-to-642828	mathematics-aide-courses-offer-students-the-opportunity-to-assist-d350d4
engineering-and-technology-independent-study-courses-often-conducted-with-87ba26	engineering-independent-study-courses-often-conducted-with-instructors-as-0d31d7
pre-kindergarten-courses-involve-content-that-is-not-differentiated-by-bb89b5	kindergarten-courses-involve-content-that-is-not-differentiated-by-25b194
grade-2-courses-involve-content-that-is-not-differentiated-by-subject-e07dde	grade-1-courses-involve-content-that-is-not-differentiated-by-subject-2fe74e
grade-3-courses-involve-content-that-is-not-differentiated-by-subject-a3e188	grade-1-courses-involve-content-that-is-not-differentiated-by-subject-2fe74e
grade-4-courses-involve-content-that-is-not-differentiated-by-subject-ff0557	grade-1-courses-involve-content-that-is-not-differentiated-by-subject-2fe74e
grade-5-courses-involve-content-that-is-not-differentiated-by-subject-183470	grade-1-courses-involve-content-that-is-not-differentiated-by-subject-2fe74e
grade-6-courses-involve-content-that-is-not-differentiated-by-subject-1468a0	grade-1-courses-involve-content-that-is-not-differentiated-by-subject-2fe74e
grade-7-courses-involve-content-that-is-not-differentiated-by-subject-be0e07	grade-1-courses-involve-content-that-is-not-differentiated-by-subject-2fe74e
grade-8-courses-involve-content-that-is-not-differentiated-by-subject-b272ea	grade-1-courses-involve-content-that-is-not-differentiated-by-subject-2fe74e
ib-language-b-english-courses-prepare-students-to-take-the-international-f4bc5f	ib-language-b-dutch-courses-prepare-students-to-take-the-international-043586
spanish-conversation-and-culture-courses-provide-students-with-an-89e6e6	greek-conversation-and-culture-courses-provide-students-with-an-864c15
particular-topics-in-spanish-courses-examine-particular-topics-focused-on-a43701	particular-topics-in-american-indian-language-courses-examine-particular-b33011
ib-language-b-spanish-courses-prepare-students-to-take-the-international-7c2ce8	ib-language-b-dutch-courses-prepare-students-to-take-the-international-043586
ib-language-b-spanish-middle-years-program-courses-enable-students-to-3a1b57	language-b-italian-middle-years-program-courses-enable-students-to-gain-19f7b2
french-conversation-and-culture-courses-provide-students-with-an-6c6859	greek-conversation-and-culture-courses-provide-students-with-an-864c15
particular-topics-in-french-courses-examine-particular-topics-focused-on-657602	particular-topics-in-american-indian-language-courses-examine-particular-b33011
ib-language-b-french-courses-prepare-students-to-take-the-international-b2486f	ib-language-b-dutch-courses-prepare-students-to-take-the-international-043586
international-baccalaureate-ib-language-b-french-middle-years-program-ebbfca	language-b-italian-middle-years-program-courses-enable-students-to-gain-19f7b2
italian-conversation-and-culture-courses-provide-students-with-an-d385be	greek-conversation-and-culture-courses-provide-students-with-an-864c15
particular-topics-in-italian-courses-examine-particular-topics-focused-on-e9df99	particular-topics-in-american-indian-language-courses-examine-particular-b33011
ib-language-b-italian-courses-prepare-students-to-take-the-international-0fc35f	ib-language-b-dutch-courses-prepare-students-to-take-the-international-043586
portuguese-conversation-and-culture-courses-provide-students-with-an-0e3e91	greek-conversation-and-culture-courses-provide-students-with-an-864c15
particular-topics-in-portuguese-courses-examine-particular-topics-focused-f89eb8	particular-topics-in-american-indian-language-courses-examine-particular-b33011
ib-language-b-portuguese-courses-prepare-students-to-take-the-eb8e2f	ib-language-b-dutch-courses-prepare-students-to-take-the-international-043586
international-baccalaureate-ib-language-b-portuguese-middle-years-program-ecbd74	language-b-italian-middle-years-program-courses-enable-students-to-gain-19f7b2
mathematics-proficiency-development-courses-are-designed-to-assist-e0b0d4	english-proficiency-development-courses-are-designed-to-assist-students-d771b0
german-conversation-and-culture-courses-provide-students-with-an-dd5523	greek-conversation-and-culture-courses-provide-students-with-an-864c15
particular-topics-in-german-courses-examine-particular-topics-focused-on-ece8c8	particular-topics-in-american-indian-language-courses-examine-particular-b33011
ib-language-b-german-courses-prepare-students-to-take-the-international-c93ac8	ib-language-b-dutch-courses-prepare-students-to-take-the-international-043586
international-baccalaureate-ib-language-b-german-middle-years-program-bfef4b	language-b-italian-middle-years-program-courses-enable-students-to-gain-19f7b2
ib-language-b-danish-courses-prepare-students-to-take-the-international-adeaa8	ib-language-b-dutch-courses-prepare-students-to-take-the-international-043586
ib-language-b-swedish-courses-prepare-students-to-take-the-international-e9a625	ib-language-b-dutch-courses-prepare-students-to-take-the-international-043586
particular-topics-in-greek-courses-examine-particular-topics-focused-on-5cd1d2	particular-topics-in-american-indian-language-courses-examine-particular-b33011
particular-topics-in-latin-courses-examine-particular-topics-focused-on-68b9ba	particular-topics-in-american-indian-language-courses-examine-particular-b33011
particular-topics-in-classical-greek-courses-examine-particular-topics-08e8c4	particular-topics-in-american-indian-language-courses-examine-particular-b33011
other-classical-greek-courses	other-greek-courses
particular-topics-in-classical-hebrew-courses-examine-particular-topics-68a2fa	particular-topics-in-american-indian-language-courses-examine-particular-b33011
chinese-conversation-and-culture-courses-provide-students-with-an-e29a3b	greek-conversation-and-culture-courses-provide-students-with-an-864c15
particular-topics-in-chinese-courses-examine-particular-topics-focused-on-5e4685	particular-topics-in-american-indian-language-courses-examine-particular-b33011
ib-language-b-chinese-courses-prepare-students-to-take-the-international-bb705b	ib-language-b-dutch-courses-prepare-students-to-take-the-international-043586
international-baccalaureate-ib-language-b-chinese-middle-years-program-e04aac	language-b-italian-middle-years-program-courses-enable-students-to-gain-19f7b2
japanese-conversation-and-culture-courses-provide-students-with-an-d9b9be	greek-conversation-and-culture-courses-provide-students-with-an-864c15
particular-topics-in-japanese-courses-examine-particular-topics-focused-3acfbb	particular-topics-in-american-indian-language-courses-examine-particular-b33011
ib-language-b-japanese-courses-prepare-students-to-take-the-international-acfc4e	ib-language-b-dutch-courses-prepare-students-to-take-the-international-043586
international-baccalaureate-ib-language-b-japanese-middle-years-program-45dead	language-b-italian-middle-years-program-courses-enable-students-to-gain-19f7b2
korean-conversation-and-culture-courses-provide-students-with-an-f963d3	greek-conversation-and-culture-courses-provide-students-with-an-864c15
particular-topics-in-korean-courses-examine-particular-topics-focused-on-980313	particular-topics-in-american-indian-language-courses-examine-particular-b33011
ib-language-b-korean-courses-prepare-students-to-take-the-international-845cdd	ib-language-b-dutch-courses-prepare-students-to-take-the-international-043586
international-baccalaureate-ib-language-b-korean-middle-years-program-229472	language-b-italian-middle-years-program-courses-enable-students-to-gain-19f7b2
vietnamese-conversation-and-culture-courses-provide-students-with-an-bceab2	greek-conversation-and-culture-courses-provide-students-with-an-864c15
particular-topics-in-vietnamese-courses-examine-particular-topics-focused-94ce60	particular-topics-in-american-indian-language-courses-examine-particular-b33011
international-baccalaureate-ib-language-b-vietnamese-middle-years-program-fe31a7	language-b-italian-middle-years-program-courses-enable-students-to-gain-19f7b2
filipino-conversation-and-culture-courses-provide-students-with-an-79185e	greek-conversation-and-culture-courses-provide-students-with-an-864c15
particular-topics-in-filipino-courses-examine-particular-topics-focused-f3df4d	particular-topics-in-american-indian-language-courses-examine-particular-b33011
ib-international-baccalaureate-language-b-filipino-middle-years-program-314b3f	language-b-italian-middle-years-program-courses-enable-students-to-gain-19f7b2
russian-conversation-and-culture-courses-provide-students-with-an-261341	greek-conversation-and-culture-courses-provide-students-with-an-864c15
particular-topics-in-russian-courses-examine-particular-topics-focused-on-f12117	particular-topics-in-american-indian-language-courses-examine-particular-b33011
ib-language-b-russian-courses-prepare-students-to-take-the-international-b4f4ce	ib-language-b-dutch-courses-prepare-students-to-take-the-international-043586
international-baccalaureate-ib-language-b-russian-middle-years-program-f96bac	language-b-italian-middle-years-program-courses-enable-students-to-gain-19f7b2
hebrew-conversation-and-culture-courses-provide-students-with-an-44edea	greek-conversation-and-culture-courses-provide-students-with-an-864c15
particular-topics-in-hebrew-courses-examine-particular-topics-focused-on-1d91fe	particular-topics-in-american-indian-language-courses-examine-particular-b33011
ib-language-b-hebrew-courses-prepare-students-to-take-the-international-1b7419	ib-language-b-dutch-courses-prepare-students-to-take-the-international-043586
international-baccalaureate-ib-language-b-hebrew-middle-years-program-f7bcb4	language-b-italian-middle-years-program-courses-enable-students-to-gain-19f7b2
arabic-conversation-and-culture-courses-provide-students-with-an-7c6ee7	greek-conversation-and-culture-courses-provide-students-with-an-864c15
particular-topics-in-arabic-courses-examine-particular-topics-focused-on-974a78	particular-topics-in-american-indian-language-courses-examine-particular-b33011
ib-language-b-arabic-courses-prepare-students-to-take-the-international-537b9a	ib-language-b-dutch-courses-prepare-students-to-take-the-international-043586
international-baccalaureate-ib-language-b-arabic-middle-years-program-b14563	language-b-italian-middle-years-program-courses-enable-students-to-gain-19f7b2
swahili-conversation-and-culture-courses-provide-students-with-an-04f3f2	greek-conversation-and-culture-courses-provide-students-with-an-864c15
particular-topics-in-swahili-courses-examine-particular-topics-focused-on-b9ae21	particular-topics-in-american-indian-language-courses-examine-particular-b33011
international-baccalaureate-ib-language-b-swahili-middle-years-program-c9fbd5	language-b-italian-middle-years-program-courses-enable-students-to-gain-19f7b2
international-baccalaureate-ib-language-b-american-sign-language-middle-cd702b	language-b-italian-middle-years-program-courses-enable-students-to-gain-19f7b2
international-baccalaureate-ib-language-b-american-indian-language-middle-485745	language-b-italian-middle-years-program-courses-enable-students-to-gain-19f7b2
particular-topics-in-world-language-other-language-courses-examine-3b40ac	particular-topics-in-american-indian-language-courses-examine-particular-b33011
world-language-and-literature-aide-courses-offer-students-the-opportunity-5dbcea	mathematics-aide-courses-offer-students-the-opportunity-to-assist-d350d4
biology-independent-study-courses-often-conducted-with-instructors-as-cf5c8c	earth-science-independent-study-courses-often-conducted-with-instructors-6355ef
chemistry-independent-study-courses-often-conducted-with-instructors-as-8146c8	earth-science-independent-study-courses-often-conducted-with-instructors-6355ef
physics-independent-study-courses-often-conducted-with-instructors-as-839c74	earth-science-independent-study-courses-often-conducted-with-instructors-6355ef
life-and-physical-sciences-independent-study-courses-often-conducted-with-9ccace	earth-science-independent-study-courses-often-conducted-with-instructors-6355ef
world-history-workplace-experience-courses-provide-work-experience-in-a-851979	u-s-history-workplace-experience-courses-provide-work-experience-in-a-414fe4
u-s-history	history
u-s-history-independent-study-courses-often-conducted-with-instructors-as-5f4586	education-independent-study-courses-often-conducted-with-instructors-as-34fd96
language-arts-early-childhood-education-courses-develop-students-ff3053	reading-early-childhood-education-courses-develop-students-readiness-for-76aa45
language-arts-pre-kindergarten-courses-develop-students-readiness-for-7c5d02	reading-pre-kindergarten-courses-develop-students-readiness-for-language-c94e84
social-sciences-independent-study-courses-often-conducted-with-46518d	social-sciences-and-history-independent-study-courses-often-conducted-1aaa5a
social-sciences-and-history-aide-courses-offer-students-the-opportunity-7a0bf2	mathematics-aide-courses-offer-students-the-opportunity-to-assist-d350d4
dance-pre-kindergarten-courses-provide-developmentally-appropriate-22bb4b	dance-kindergarten-courses-provide-developmentally-appropriate-activities-a99578
drama-grade-2-courses-enable-students-to-express-themselves-through-293cb2	drama-grade-1-courses-enable-students-to-express-themselves-through-e7549e
drama-grade-3-courses-enable-students-to-express-themselves-through-14cc9b	drama-grade-1-courses-enable-students-to-express-themselves-through-e7549e
music-pre-kindergarten-courses-provide-developmentally-appropriate-aebe19	music-kindergarten-courses-provide-developmentally-appropriate-activities-fb5ba2
visual-arts-independent-study-courses-often-conducted-with-instructors-or-b708b3	media-arts-independent-study-courses-often-conducted-with-instructors-or-951044
reading-grade-7-courses-build-upon-students-prior-knowledge-and-skill-in-d80425	reading-grade-6-courses-build-upon-students-prior-knowledge-and-skill-in-425d0a
british-literature-history-courses-integrate-the-study-of-british-ec4a1c	american-literature-history-courses-integrate-the-study-of-american-968ea3
new-testament-courses-emphasize-understanding-and-interpreting-the-sacred-ffeea0	old-testament-courses-emphasize-understanding-and-interpreting-the-sacred-e794fa
religious-education-and-theology-aide-courses-offer-students-the-c8b0d8	mathematics-aide-courses-offer-students-the-opportunity-to-assist-d350d4
physical-education-pre-kindergarten-courses-emphasize-fundamental-fc8416	physical-education-kindergarten-courses-emphasize-fundamental-movement-73e29d
physical-education-grade-2-courses-typically-emphasize-knowledge-and-b35ef1	physical-education-grade-1-courses-typically-emphasize-knowledge-and-a7e925
courses-in-health-education-independent-study-often-conducted-with-9f609a	health-sciences-independent-study-courses-often-conducted-with-92ae68
physical-health-and-safety-education-aide-courses-offer-students-the-9c66ef	mathematics-aide-courses-offer-students-the-opportunity-to-assist-d350d4
other-physical-health-and-safety-education-courses	other-physical-and-health-education-courses
military-science-aide-courses-offer-students-the-opportunity-to-assist-82b1ae	mathematics-aide-courses-offer-students-the-opportunity-to-assist-d350d4
computer-programming-independent-study-courses-often-conducted-with-3164c8	computer-literacy-independent-study-courses-often-conducted-with-009ad0
formerly-computer-and-information-sciences-aide-information-technology-909ef7	mathematics-aide-courses-offer-students-the-opportunity-to-assist-d350d4
printing-technology	printmaking
communication-and-audio-video-technology-aide-courses-offer-students-the-1cf0bc	mathematics-aide-courses-offer-students-the-opportunity-to-assist-d350d4
administration	administrative
business-and-marketing-aide-courses-offer-students-the-opportunity-to-2eff4c	mathematics-aide-courses-offer-students-the-opportunity-to-assist-d350d4
business-and-marketing-independent-study-courses-often-conducted-with-64f41d	marketing-independent-study-courses-often-conducted-with-instructors-as-e925c0
production-systems-independent-study-courses-often-conducted-with-3e169a	manufacturing-independent-study-courses-often-conducted-with-instructors-3b17ce
manufacturing-aide-courses-offer-interested-students-the-opportunity-to-1c62ba	mathematics-aide-courses-offer-students-the-opportunity-to-assist-d350d4
these-courses-examine-particular-topics-in-health-information-other-than-426a24	these-courses-examine-particular-topics-in-health-sciences-other-than-b927b6
english-language-and-literature-aide-courses-offer-students-the-db7e7f	mathematics-aide-courses-offer-students-the-opportunity-to-assist-d350d4
health-care-sciences-aide-courses-offer-students-the-opportunity-to-c671b1	mathematics-aide-courses-offer-students-the-opportunity-to-assist-d350d4
health-care-sciences-independent-study-courses-often-conducted-with-859b5a	health-sciences-independent-study-courses-often-conducted-with-92ae68
public-protective-and-government-service-aide-courses-offer-students-the-be91e3	mathematics-aide-courses-offer-students-the-opportunity-to-assist-d350d4
hospitality-and-tourism-aide-courses-offer-students-the-opportunity-to-5688f5	mathematics-aide-courses-offer-students-the-opportunity-to-assist-d350d4
hospitality-and-tourism-independent-study-courses-often-conducted-with-8f0fe2	travel-and-tourism-independent-study-courses-often-conducted-with-7b3005
architecture-and-construction-aide-courses-offer-students-the-opportunity-e3ad56	mathematics-aide-courses-offer-students-the-opportunity-to-assist-d350d4
integrated-mathematics-i-courses-emphasize-proficiency-in-skills-b5458c	integrated-mathematics-iv-courses-emphasize-proficiency-in-skills-2c25d2
integrated-mathematics-ii-courses-emphasize-proficiency-in-skills-6344df	integrated-mathematics-iv-courses-emphasize-proficiency-in-skills-2c25d2
integrated-mathematics-iii-courses-emphasize-proficiency-in-skills-f2020d	integrated-mathematics-iv-courses-emphasize-proficiency-in-skills-2c25d2
agriculture-food-and-natural-resources-aide-courses-offer-students-the-1db81c	mathematics-aide-courses-offer-students-the-opportunity-to-assist-d350d4
the-internet	internet-os
grades-3-5	grades-k-2
grades-6-8	grades-k-2
iv-foundations-and-professional-practice-20	foundations-and-professional-practice-25
course-b-description	course-a-description
course-c-description	course-a-description
when-provided-with-training-and-visual-reminders-of-self-regulatory-de6a99	when-provided-with-training-and-visual-reminders-of-self-regulatory-40d88f
by-date-when-given-independent-work-time-and-a-checklist-of-tasks-xx-will-83ad7a	by-date-when-given-independent-work-time-and-a-checklist-of-tasks-xx-will-c949e8
by-date-given-a-self-assessment-template-and-prompted-to-evaluate-e21162	by-date-given-a-self-assessment-template-and-prompted-to-evaluate-16cbe2
by-date-given-a-self-assessment-template-and-prompted-to-evaluate-1f7303	by-date-given-a-self-assessment-template-and-prompted-to-evaluate-16cbe2
by-date-given-a-self-assessment-template-and-prompted-to-evaluate-976cf9	by-date-given-a-self-assessment-template-and-prompted-to-evaluate-16cbe2
by-date-given-a-self-assessment-template-and-prompted-to-evaluate-b2e090	by-date-given-a-self-assessment-template-and-prompted-to-evaluate-16cbe2
by-date-given-a-self-assessment-template-and-prompted-to-evaluate-05162b	by-date-given-a-self-assessment-template-and-prompted-to-evaluate-16cbe2
given-a-predetermined-task-xx-will-create-a-picture-of-done-showcasing-00aba6	given-a-predetermined-task-xx-will-create-a-picture-of-done-showcasing-1bc895
given-a-predetermined-task-xx-will-create-a-picture-of-done-showcasing-d497cd	given-a-predetermined-task-xx-will-create-a-picture-of-done-showcasing-1bc895
when-provided-with-explicit-instructions-and-visual-reminders-xx-will-1eb9b6	when-provided-with-explicit-instructions-and-visual-reminders-xx-will-4aebf0
when-provided-with-explicit-instructions-and-visual-reminders-xx-will-df9ef5	when-provided-with-explicit-instructions-and-visual-reminders-xx-will-4aebf0
when-provided-with-explicit-instruction-and-visual-reminders-xx-will-a132eb	when-provided-with-explicit-instruction-and-visual-reminders-xx-will-8e3c6d
when-provided-with-explicit-instruction-and-visual-reminders-xx-will-3ca0e6	when-provided-with-explicit-instruction-and-visual-reminders-xx-will-8e3c6d
by-date-when-asked-to-identify-current-state-the-cause-and-intensity-xx-58c539	by-date-when-asked-to-identify-current-state-the-cause-and-intensity-xx-24745b
by-date-when-asked-to-identify-current-state-the-cause-and-intensity-xx-8067dd	by-date-when-asked-to-identify-current-state-the-cause-and-intensity-xx-24745b
by-date-when-asked-to-identify-current-state-the-cause-and-intensity-xx-a6d9f4	by-date-when-asked-to-identify-current-state-the-cause-and-intensity-xx-24745b
by-date-during-an-academic-task-xx-will-display-2-instances-of-reframing-d447f7	by-date-during-an-academic-task-xx-will-display-2-instances-of-reframing-e2b43a
by-date-during-an-academic-task-xx-will-display-2-instances-of-reframing-473bfc	by-date-during-an-academic-task-xx-will-display-2-instances-of-reframing-e2b43a
by-date-during-an-academic-task-xx-will-display-2-instances-of-reframing-cd259f	by-date-during-an-academic-task-xx-will-display-2-instances-of-reframing-e2b43a
by-date-during-an-academic-task-xx-will-display-2-instances-of-reframing-560939	by-date-during-an-academic-task-xx-will-display-2-instances-of-reframing-e2b43a
by-date-when-revisiting-an-existing-or-past-goal-xx-will-identify-their-f0b544	by-date-when-revisiting-an-existing-or-past-goal-xx-will-identify-their-43d286
by-date-when-revisiting-an-existing-or-past-goal-xx-will-identify-their-a884bc	by-date-when-revisiting-an-existing-or-past-goal-xx-will-identify-their-43d286
by-date-when-revisiting-an-existing-or-past-goal-xx-will-identify-their-2fb9f5	by-date-when-revisiting-an-existing-or-past-goal-xx-will-identify-their-43d286
by-date-when-revisiting-an-existing-or-past-goal-xx-will-identify-their-b2482a	by-date-when-revisiting-an-existing-or-past-goal-xx-will-identify-their-43d286
by-date-when-revisiting-an-existing-or-past-goal-xx-will-identify-their-db3338	by-date-when-revisiting-an-existing-or-past-goal-xx-will-identify-their-43d286
by-date-when-the-teacher-gives-a-direction-xx-will-follow-the-direction-52d044	by-date-when-the-teacher-gives-a-direction-xx-will-follow-the-direction-73c303
by-date-when-the-teacher-gives-a-direction-xx-will-follow-the-direction-ca8d3c	by-date-when-the-teacher-gives-a-direction-xx-will-follow-the-direction-73c303
when-provided-with-explicit-instruction-visual-reminders-and-fading-ce9f50	when-provided-with-explicit-instruction-visual-reminders-and-fading-e8eaf2
when-provided-with-explicit-instruction-visual-reminders-and-fading-203a50	when-provided-with-explicit-instruction-visual-reminders-and-fading-e8eaf2
when-provided-with-explicit-instruction-visual-reminders-and-fading-ccb6f6	when-provided-with-explicit-instruction-visual-reminders-and-fading-e8eaf2
by-date-when-asked-to-create-a-4-item-after-school-task-schedule-that-946d9e	by-date-when-asked-to-create-a-4-item-after-school-task-schedule-that-bd9740
by-date-when-asked-to-create-a-4-item-after-school-task-schedule-that-30bc04	by-date-when-asked-to-create-a-4-item-after-school-task-schedule-that-bd9740
by-date-when-asked-to-create-a-4-item-after-school-task-schedule-that-23532f	by-date-when-asked-to-create-a-4-item-after-school-task-schedule-that-bd9740
when-given-a-discussion-with-her-mentor-or-teachers-regarding-upcoming-61deb4	when-given-a-discussion-with-her-mentor-or-teachers-regarding-upcoming-617139
when-given-a-discussion-with-her-mentor-or-teachers-regarding-upcoming-e18418	when-given-a-discussion-with-her-mentor-or-teachers-regarding-upcoming-617139
when-given-a-discussion-with-her-mentor-or-teachers-regarding-upcoming-e18299	when-given-a-discussion-with-her-mentor-or-teachers-regarding-upcoming-617139
by-date-when-given-a-visual-aide-task-card-or-checklist-and-teacher-b2eb1c	by-date-when-given-a-visual-aide-task-card-or-checklist-and-teacher-acc196
by-date-when-given-a-visual-aide-task-card-or-checklist-and-teacher-b70c3a	by-date-when-given-a-visual-aide-task-card-or-checklist-and-teacher-acc196
by-date-xx-with-the-help-of-a-visual-schedule-will-stay-focused-on-a-non-70ca7e	by-date-xx-with-the-help-of-a-visual-schedule-will-stay-focused-on-a-non-f7f2e3
by-date-xx-with-the-help-of-a-visual-schedule-will-stay-focused-on-a-non-3578e1	by-date-xx-with-the-help-of-a-visual-schedule-will-stay-focused-on-a-non-f7f2e3
by-date-given-visual-cues-xx-will-create-a-system-for-organizing-personal-2888ea	by-date-given-visual-cues-xx-will-create-a-system-for-organizing-personal-ffef15
by-date-given-visual-cues-xx-will-create-a-system-for-organizing-personal-9f8aa2	by-date-given-visual-cues-xx-will-create-a-system-for-organizing-personal-ffef15
by-date-given-visual-cues-xx-will-create-a-system-for-organizing-personal-773a87	by-date-given-visual-cues-xx-will-create-a-system-for-organizing-personal-ffef15
by-date-given-visual-cues-xx-will-create-a-system-for-organizing-personal-645f8b	by-date-given-visual-cues-xx-will-create-a-system-for-organizing-personal-ffef15
by-date-with-verbal-reminders-from-an-educational-assistant-xx-will-2f812e	by-date-with-verbal-reminders-from-an-educational-assistant-xx-will-486a61
by-date-with-verbal-reminders-from-an-educational-assistant-xx-will-abf590	by-date-with-verbal-reminders-from-an-educational-assistant-xx-will-486a61
by-date-with-verbal-reminders-from-an-educational-assistant-xx-will-a36e29	by-date-with-verbal-reminders-from-an-educational-assistant-xx-will-486a61
by-date-with-verbal-reminders-from-an-educational-assistant-xx-will-1269ce	by-date-with-verbal-reminders-from-an-educational-assistant-xx-will-486a61
by-date-during-shared-reading-activities-with-the-class-xx-will-14ad14	by-date-during-shared-reading-activities-with-the-class-xx-will-0e6ae1
by-date-during-shared-reading-activities-with-the-class-xx-will-0ed40a	by-date-during-shared-reading-activities-with-the-class-xx-will-0e6ae1
by-date-when-presented-with-3-different-note-taking-strategies-xx-will-1936e6	by-date-when-presented-with-3-different-note-taking-strategies-xx-will-9294d6
by-date-when-presented-with-3-different-note-taking-strategies-xx-will-e08d6b	by-date-when-presented-with-3-different-note-taking-strategies-xx-will-9294d6
by-date-when-presented-with-3-different-note-taking-strategies-xx-will-403bc4	by-date-when-presented-with-3-different-note-taking-strategies-xx-will-9294d6
by-date-when-presented-with-3-different-note-taking-strategies-xx-will-f6ddcd	by-date-when-presented-with-3-different-note-taking-strategies-xx-will-9294d6
by-date-when-with-a-strategy-card-reminder-of-the-munch-acronym-xx-will-96b227	by-date-when-with-a-strategy-card-reminder-of-the-munch-acronym-xx-will-fae1e4
by-date-when-with-a-strategy-card-reminder-of-the-munch-acronym-xx-will-5b918c	by-date-when-with-a-strategy-card-reminder-of-the-munch-acronym-xx-will-fae1e4
by-date-when-with-a-strategy-card-reminder-of-the-munch-acronym-xx-will-163ee5	by-date-when-with-a-strategy-card-reminder-of-the-munch-acronym-xx-will-fae1e4
by-date-when-with-a-strategy-card-reminder-of-the-munch-acronym-xx-will-22284d	by-date-when-with-a-strategy-card-reminder-of-the-munch-acronym-xx-will-fae1e4
by-date-when-given-independent-work-time-and-a-checklist-of-tasks-xx-will-1b9b7b	by-date-when-given-independent-work-time-and-a-checklist-of-tasks-xx-will-c949e8
by-date-when-given-independent-work-time-and-a-checklist-of-tasks-xx-will-0d0137	by-date-when-given-independent-work-time-and-a-checklist-of-tasks-xx-will-c949e8
by-date-when-given-a-math-assignment-with-supports-such-as-sample-a8e01e	by-date-when-given-a-math-assignment-with-supports-such-as-sample-4be58b
by-date-when-given-a-math-assignment-with-supports-such-as-sample-3a05b2	by-date-when-given-a-math-assignment-with-supports-such-as-sample-4be58b
understand-solving-an-equation-or-inequality-as-a-process-of-answering-a-fae9fb	understand-solving-an-equation-or-inequality-as-a-process-of-answering-a-55b03d
use-proportional-relationships-to-solve-multi-step-ratio-and-percent-d4b3e3	use-proportional-relationships-to-solve-multistep-ratio-and-percent-de50d9
justify-the-steps-of-a-simple-one-solution-equation-using-algebraic-7bb55a	justify-the-steps-of-a-simple-one-solution-equation-using-algebraic-b3f862
graph-linear-functions-expressed-algebraically-in-slope-intercept-and-6d6857	graph-linear-functions-expressed-algebraically-in-slope-intercept-and-6d6857-2
interpret-the-meaning-of-given-formulas-or-expressions-in-context-of-33fb22	given-situations-which-utilize-formulas-or-expressions-with-multiple-1e302e
interpret-key-features-of-linear-quadratic-and-exponential-functions-577dce	interpret-key-features-of-exponential-functions-represented-in-graphs-194398
mathematics-2	math
represent-constraints-by-systems-of-equations-and-or-inequalities-and-286d41	represent-constraints-by-equations-or-inequalities-and-interpret-data-b338fd
describe-the-effects-of-dilations-translations-rotations-and-reflections-97b8aa	describe-the-effect-of-dilations-translations-rotations-and-reflections-62cf90
use-the-process-of-factoring-and-completing-the-square-in-a-quadratic-b721b5	compare-and-contrast-quadratic-functions-in-standard-vertex-and-intercept-d747bc
add-and-subtract-fluently-within-1-000-using-strategies-and-algorithms-62eea4	add-and-subtract-fluently-within-100-using-strategies-based-on-place-6a7db6
interpret-the-key-characteristics-of-a-function-that-models-the-4514d4	using-tables-graphs-equations-and-verbal-descriptions-interpret-the-key-334ef1
graph-quadratic-functions-expressed-algebraically-by-hand-and-by-using-eee66b	graph-quadratic-functions-expressed-algebraically-by-hand-and-by-using-eee66b-2
mathematics-4	math
exchange-equivalent-quantities-of-coins-by-making-fair-trades-involving-626417	exchange-equivalent-values-of-coins-by-making-fair-trades-involving-12beb6
understand-vector-subtraction-v-w-as-v-w-where-w-is-the-additive-inverse-bb6fac	understand-vector-subtraction-v-w-as-v-w-where-w-is-the-additive-inverse-bb6fac-2
numbers	number
find-whole-number-quotients-of-whole-numbers-with-up-to-four-digit-69346a	find-whole-number-quotients-and-remainders-with-up-to-four-digit-35371c
apply-the-general-multiplication-rule-in-a-uniform-probability-model-p-a-435de3	apply-the-general-multiplication-rule-in-a-uniform-probability-model-p-a-60926f
represent-constraints-by-equations-or-inequalities-and-by-systems-of-9ec4d5	represent-constraints-by-equations-inequalities-or-systems-of-equations-1615eb
recognize-and-analyze-the-purposes-of-and-differences-among-sample-05a40c	recognize-the-purposes-of-and-differences-among-sample-surveys-e43731
recognize-that-multiplication-is-extended-from-fractions-to-rational-edac86	recognize-that-multiplication-is-extended-from-fractions-to-rational-682845
mathematics-7	math
use-square-root-and-cube-root-symbols-to-represent-solutions-to-equations-32f0d2	use-square-root-and-cube-root-symbols-to-represent-solutions-to-equations-c75b3f
find-the-number-that-makes-10-when-added-to-the-given-number-for-any-76fde6	for-any-number-from-1-to-9-find-the-number-that-makes-10-when-added-to-5e6a8c
understand-a-fraction-1-b-as-the-quantity-formed-by-1-part-when-a-whole-8b9a8b	understand-a-fraction-1-b-as-the-quantity-formed-by-1-part-when-a-whole-8d3eae
compose-and-decompose-numbers-from-11-to-19-into-ten-ones-and-some-cb3f1f-2	compose-and-decompose-numbers-from-11-to-19-into-ten-ones-and-some-cb3f1f
apply-the-pythagorean-theorem-to-determine-unknown-side-lengths-in-right-9a27f0	apply-the-pythagorean-theorem-to-determine-unknown-side-lengths-in-right-5bfc6a
explore-various-geometric-shapes-with-given-conditions-focus-on-3fa05d	explore-various-geometric-shapes-with-given-conditions-focus-on-creating-e8f644
algebra-ii	algebra
mathematics-1	math
use-the-structure-of-an-expression-to-rewrite-it-in-different-equivalent-a952c1	use-the-structure-of-an-expression-to-rewrite-it-in-different-equivalent-f0aaac
algebra-i	algebra
understand-and-explain-that-a-two-dimensional-figure-is-congruent-to-9afb47	understand-that-a-two-dimensional-figure-is-congruent-to-another-if-the-227161
show-and-explain-using-graphs-and-tables-that-a-quantity-increasing-0bf478	show-using-graphs-and-tables-that-a-quantity-increasing-exponentially-043ed6
describe-transformations-as-functions-that-take-points-in-the-plane-as-69fd4c	describe-transformations-as-function-that-take-points-in-the-plane-as-861bad
using-tables-graphs-and-verbal-descriptions-interpret-the-key-22a43c	using-tables-graphs-equations-and-verbal-descriptions-interpret-the-key-334ef1
mathematics-3	math
mathematics-5	math
use-the-structure-of-an-expression-to-rewrite-it-in-different-equivalent-7585b8	use-the-structure-of-an-expression-to-rewrite-it-in-different-equivalent-f0aaac
interpret-parts-of-an-expression-such-as-but-not-limited-to-terms-factors-f73b7d	interpret-parts-of-an-expression-such-as-terms-factors-and-coefficients-31177e
identify-the-effect-on-the-graph-of-replacing-f-x-by-f-x-k-kf-x-f-kx-and-d3ccfc	identify-the-effect-on-the-graph-of-replacing-f-x-by-f-x-k-k-f-x-f-kx-and-f1eae4
mathematics-grade-5-enrich	mathematics-grade-2-enrich
solve-simple-rational-and-radical-equations-in-one-variable-demonstrate-9994eb	solve-simple-rational-and-radical-equations-in-one-variable-and-give-937661
rewrite-simple-rational-expressions-in-different-forms-write-a-x-b-x-in-c73d25	rewrite-simple-rational-expressions-in-different-forms-using-inspection-0a855a
solve-quadratic-equations-by-inspection-taking-square-roots-factoring-14bc9d	solve-quadratic-equations-by-inspection-taking-square-roots-factoring-b1d407
mathematics-6	math
verify-experimentally-the-congruence-properties-of-rotations-reflections-5d9ca0	verify-experimentally-the-congruence-properties-of-rotations-reflections-fc4009
pre-calculus	precalculus
mathematics-grade-k-enrich	mathematics-grade-2-enrich
mathematics-grade-1-enrich	mathematics-grade-2-enrich
algebra-ii-strategies	algebra-i-strategies
verify-experimentally-the-congruence-properties-of-rotations-reflections-cdbb89	verify-experimentally-the-congruence-properties-of-rotations-reflections-fc4009
solve-problems-involving-scale-drawings-of-geometric-figures-including-59e38c	solve-problems-involving-scale-drawings-of-geometric-figure-including-ae78aa
verify-by-composition-that-one-function-is-the-inverse-of-another	verify-by-composition-if-one-function-is-the-inverse-of-another
solve-word-problems-involving-multiplication-of-a-fraction-by-a-whole-d8c2b9	solve-word-problems-involving-multiplication-of-a-fraction-by-a-whole-f336d8
applications-of-linear-algebra-in-computer-science	linear-algebra-with-computer-science-applications
solve-addition-and-subtraction-word-problems-and-add-and-subtract-within-d11183-2	solve-addition-and-subtraction-word-problems-and-add-and-subtract-within-d11183
mathematics-grade-3-enrich	mathematics-grade-2-enrich
compare-two-fractions-with-different-numerators-and-different-dd461e	compare-two-fractions-with-different-numerators-and-different-0d5e80
mathematics-k	math
identify-and-compare-the-effects-on-the-graph-of-replacing-f-x-by-f-x-k-k-118128	identify-the-effect-on-the-graph-of-replacing-f-x-by-f-x-k-k-f-x-f-kx-and-f1eae4
mathematics-grade-4-enrich	mathematics-grade-2-enrich
sight-vocabulary	reading
elements-of-a-story	narrative
subject-verb-agreement	verb
sentence-structure	syntax
persuasive	persuasion
invented-spelling	whole-language
databases	database
testimonials	testimonial
fluently-perform-operations-with-multi-digit-decimal-numbers-using-models-d86698	perform-operations-with-multi-digit-decimal-numbers-fluently-using-models-733a57
show-and-explain-subtraction-of-rational-numbers-as-adding-the-additive-0b960f	show-and-explain-subtraction-of-rational-numbers-as-adding-the-additive-a0a3b8
explore-and-interpret-a-radian-as-the-ratio-of-the-arc-length-to-the-41d54a	use-the-concept-of-a-radian-as-the-ratio-of-the-arc-length-to-the-radius-ca4edb
apply-understanding-of-multiplication-and-division-strategies-to-critique-bf3093	apply-understanding-of-multiplication-and-division-concepts-to-critique-a265c9
solve-relevant-mathematical-problems-involving-the-four-operations-with-f676c2	solve-relevant-mathematical-problems-involving-the-four-operations-with-f60977
find-share-and-justify-how-fraction-concepts-are-used-in-everyday-life-extension	find-share-and-justify-how-fractions-are-used-in-everyday-life-extension
geometric-algebraic-reasoning	algebraic-geometric-reasoning
advanced-algebra-concepts-connections-strategies	algebra-concepts-connections-strategies
prove-statements-involving-properties-of-numbers-prove-that-the-square-of-bd76b7	prove-statements-involving-properties-of-numbers-prove-that-the-square-of-1de51a
solve-relevant-multi-step-mathematical-problems-involving-the-four-26da35	solve-relevant-mathematical-problems-involving-the-four-operations-with-f60977
given-a-table-equation-or-graph-that-represents-a-function-create-a-2fa01e	given-a-table-equation-or-graph-that-represents-a-function-create-a-c4d537
demonstrate-an-understanding-of-the-five-components-of-reading-print-5d6477	develop-an-understanding-of-the-five-components-of-reading-print-concepts-95f37c
apply-foundational-reading-skills-to-demonstrate-reading-fluency-and-30a55a	apply-foundational-reading-skills-to-build-reading-fluency-and-comprehension
students-are-expected-to-build-upon-and-continue-applying-concepts-dae030	students-are-expected-to-build-upon-and-continue-applying-concepts-6ac0fa
students-are-expected-to-build-upon-and-continue-applying-concepts-ef29c4	students-are-expected-to-build-upon-and-continue-applying-concepts-6ac0fa
read-and-comprehend-a-variety-of-literature-within-a-range-of-complexity-3c7c61	read-and-comprehend-a-variety-of-literature-within-a-range-of-complexity-409544
read-and-comprehend-a-variety-of-literature-within-a-range-of-complexity-eef10e	read-and-comprehend-a-variety-of-literature-within-a-range-of-complexity-aade26
describe-how-visual-and-multimedia-presentations-and-representations-can-70f0f7	analyze-how-visual-and-multimedia-presentations-and-representations-can-e13902
read-and-comprehend-a-variety-of-nonfiction-within-a-range-of-complexity-fdd107	read-and-comprehend-a-variety-of-nonfiction-within-a-range-of-complexity-578627
read-and-comprehend-a-variety-of-nonfiction-within-a-range-of-complexity-410ad6	read-and-comprehend-a-variety-of-nonfiction-within-a-range-of-complexity-578627
read-and-comprehend-a-variety-of-nonfiction-within-a-range-of-complexity-5e630f	read-and-comprehend-a-variety-of-nonfiction-within-a-range-of-complexity-578627
use-a-known-root-word-as-a-clue-to-the-meaning-of-an-unknown-word-with-4d4631	use-a-known-word-as-a-clue-to-the-meaning-of-an-unknown-word-with-the-197ca0
determine-how-words-and-phrases-provide-meaning-to-works-of-literature-01c451	determine-how-words-and-phrases-provide-meaning-to-works-of-literature-86c7ca
analyze-the-meanings-of-proverbs-adages-and-idioms-in-context	explain-the-meanings-of-proverbs-adages-and-idioms-in-context
write-routinely-over-a-variety-of-time-frames-and-for-a-range-of-6d112c	write-routinely-over-brief-time-frames-and-for-a-variety-of-tasks-a343a0
write-routinely-over-a-variety-of-time-frames-and-for-a-range-of-e3e6b2	write-routinely-over-brief-time-frames-and-for-a-variety-of-tasks-a343a0
nouns-pronouns-students-are-expected-to-build-upon-and-continue-applying-4aba7a	pronouns-students-are-expected-to-build-upon-and-continue-applying-129820
adjectives-adverbs-students-are-expected-to-build-upon-and-continue-f7d6d8	adjectives-and-adverbs-students-are-expected-to-build-upon-and-continue-b6ed9b
prepositions-writing-sentences-that-include-prepositional-phrases-and-545831	prepositions-writing-sentences-that-include-prepositions-explaining-their-302aab
listen-to-others-take-turns-speaking-about-the-topic-and-add-one-s-own-7efb99	listen-to-others-take-turns-speaking-and-add-one-s-own-ideas-to-small-664848
using-appropriate-language-present-information-on-a-topic-or-text-45cd1f	using-appropriate-language-report-on-a-topic-or-text-or-provide-a-37f002
recognize-the-role-of-the-media-in-informing-persuading-entertaining-and-0b280a	recognize-the-role-of-the-media-in-informing-persuading-entertaining-or-6bc5ce
read-a-variety-of-literature-within-a-range-of-complexity-appropriate-for-23e5b4	read-a-variety-of-literature-within-a-range-of-complexity-appropriate-for-9da5f7
students-are-expected-to-build-upon-and-continue-applying-concepts-3d4c8e	students-are-expected-to-build-upon-and-continue-applying-concepts-08b65c
analyze-what-a-text-says-explicitly-as-well-as-draw-inferences-from-the-8759be	analyze-what-a-text-says-explicitly-as-well-as-draw-inferences-from-the-151547
analyze-the-development-of-a-theme-or-central-idea-over-the-course-of-a-be6189	analyze-the-development-of-a-theme-or-central-idea-over-the-course-of-a-0dd1cf
students-are-expected-to-continue-to-build-upon-and-continue-applying-af823c	students-are-expected-to-build-upon-and-continue-applying-concepts-08b65c
analyze-what-a-text-says-both-explicitly-and-implicitly-as-well-as-78025c	analyze-what-a-text-says-explicitly-as-well-as-inferences-and-a50d2d
read-a-variety-of-nonfiction-within-a-range-of-complexity-appropriate-for-ca4b7b	read-a-variety-of-nonfiction-within-a-range-of-complexity-appropriate-for-126aa9
read-a-variety-of-nonfiction-within-a-range-of-complexity-appropriate-for-361ca6	read-a-variety-of-nonfiction-within-a-range-of-complexity-appropriate-for-126aa9
read-a-variety-of-nonfiction-within-a-range-of-complexity-appropriate-for-0266ba	read-a-variety-of-literature-within-a-range-of-complexity-appropriate-for-cba948
read-a-variety-of-nonfiction-within-a-range-of-complexity-appropriate-for-b9384c	read-a-variety-of-literature-within-a-range-of-complexity-appropriate-for-962fb5
analyze-what-a-text-says-explicitly-as-well-as-inferences-and-9f0ec0	analyze-what-a-text-says-explicitly-as-well-as-inferences-and-a50d2d
students-are-expected-to-continue-building-upon-and-applying-concepts-571b95	students-are-expected-to-build-upon-and-continue-applying-concepts-9cea4d
students-should-continue-to-build-upon-and-continue-applying-concepts-b11677	students-are-expected-to-build-upon-and-continue-applying-concepts-9cea4d
acquire-and-use-accurately-grade-level-appropriate-general-academic-and-2a6ef5	acquire-and-use-accurately-grade-appropriate-general-academic-and-content-7e31c5
consult-reference-materials-both-print-and-digital-e-g-dictionary-b08e0c	select-appropriate-general-and-specialized-reference-materials-to-find-e4fa49
consult-general-and-specialized-reference-materials-both-print-and-82d017	select-appropriate-general-and-specialized-reference-materials-to-find-e4fa49
select-appropriate-general-and-specialized-reference-materials-both-print-e56003	select-appropriate-general-and-specialized-reference-materials-to-find-e4fa49
select-appropriate-general-and-specialized-reference-materials-to-find-7c16fb	select-appropriate-general-and-specialized-reference-materials-to-find-e4fa49
analyze-the-meaning-of-words-and-phrases-as-they-are-used-in-works-of-a60b58	determine-the-meaning-of-words-and-phrases-as-they-are-used-in-works-of-ac8f3f
determine-the-meaning-of-words-and-phrases-as-they-are-used-in-a-492c74	determine-the-meaning-of-words-and-phrases-as-they-are-used-in-a-063752
analyze-the-meaning-of-words-and-phrases-as-they-are-used-in-works-of-23c907	determine-the-meaning-of-words-and-phrases-as-they-are-used-in-works-of-ac8f3f
determine-the-meaning-of-words-and-phrases-as-they-are-used-in-a-9a154b	determine-the-meaning-of-words-and-phrases-as-they-are-used-in-a-ec7185
students-are-expected-to-build-upon-and-continue-applying-concepts-c5c3b9	students-are-expected-to-build-upon-and-continue-applying-concepts-574911
pronouns-students-are-expected-to-build-upon-and-continue-applying-39cc7e	pronouns-students-are-expected-to-build-upon-and-continue-applying-2933dd
engage-effectively-in-a-range-of-collaborative-discussions-one-on-one-in-aca737	engage-effectively-in-a-range-of-collaborative-discussions-one-on-one-in-6bc9ad
investigate-and-reflect-on-ideas-under-discussion-by-identifying-specific-3ab718	elaborate-and-reflect-on-ideas-under-discussion-by-identifying-specific-90c3a3
follow-rules-for-considerate-discussions-track-progress-toward-specific-789b9b	follow-rules-for-considerate-discussions-set-specific-goals-and-deadlines-e82464
follow-rules-for-considerate-discussions-and-decision-making-track-91835a	follow-rules-for-considerate-discussions-set-specific-goals-and-deadlines-e82464
initiate-and-participate-effectively-in-a-range-of-collaborative-4db55a	initiate-and-engage-in-a-range-of-collaborative-discussions-on-grade-582e07
create-engaging-presentations-that-make-strategic-and-creative-use-of-058249	create-engaging-presentations-that-make-strategic-and-creative-use-of-2125bf
reading-literature	literature-reading
grades-9-10	grades-k-2
grades-11-12	grades-k-2
read-and-comprehend-history-social-studies-texts-within-a-range-of-685969	read-and-comprehend-history-social-studies-texts-within-a-range-of-9f52eb
gather-relevant-information-from-multiple-authoritative-sources-using-72c5d2	gather-relevant-information-from-multiple-authoritative-sources-using-7658a8
read-and-comprehend-science-and-technical-texts-within-a-range-of-6799ab	read-and-comprehend-science-and-technical-texts-within-a-range-of-21efc2
conduct-short-as-well-as-more-sustained-research-assignments-and-tasks-to-d85022	conduct-short-as-well-as-more-sustained-research-assignments-and-tasks-to-4f2adf
adjectives-adverbs-standard-begins-at-second-grade-3-2-w-6-1c-adjectives-5d28ab	adjectives-adverbs-standard-begins-at-second-grade-2-w-6-1c-adjectives-beb858
acquire-and-use-accurate-general-academic-and-content-specific-words-and-46af7d	acquire-and-accurately-use-academic-and-content-specific-words-and-659371
select-appropriate-general-and-specialized-reference-materials-both-print-e1d336	select-appropriate-general-and-specialized-reference-materials-to-find-e4fa49
phrases-andclauses-students-are-expected-to-build-upon-and-continue-6d7b71	phrases-and-clauses-students-are-expected-to-build-upon-and-continue-7de9c3
identify-choices-content-producers-make-while-constructing-media-evaluate-34c5f2	identify-choices-producers-make-while-constructing-media-evaluate-how-a8042c
compare-and-contrast-coverage-of-the-same-news-stories-in-a-variety-of-eb1e6a	compare-and-contrast-coverage-of-the-same-stories-in-a-variety-of-print-213b25
evaluate-the-credibility-of-sources-in-a-variety-of-print-and-digital-ee8a37	evaluate-the-credibility-of-sources-in-a-variety-of-print-and-digital-media
compare-and-contrast-the-rights-the-responsibilities-and-the-role-played-466300	evaluate-the-rights-the-responsibilities-and-the-role-of-a-free-f3d1c4
acquire-and-accurately-use-academic-and-content-specific-words-and-a229a4	acquire-and-accurately-use-academic-and-content-specific-words-and-659371
determine-the-meaning-of-words-and-phrases-as-they-are-used-in-a-d8c00c	determine-the-meaning-of-words-and-phrases-as-they-are-used-in-a-ec7185
write-routinely-over-a-variety-of-time-frames-for-a-range-of-tasks-cd929f	write-routinely-over-a-variety-of-time-frames-for-a-range-of-tasks-bd3fe7
identify-relevant-issues-and-events-of-interest-to-readers-through-a0f172	identify-relevant-issues-and-events-of-interest-to-readers-through-fcfbd8
listen-actively-and-adjust-the-use-of-spoken-language-e-g-conventions-ee8991	listen-actively-and-adjust-the-use-of-spoken-language-e-g-conventions-1566a2
initiate-and-participate-effectively-in-a-range-of-collaborative-b4c71e	initiate-and-participate-effectively-in-a-range-of-collaborative-a78a0f
integrate-multiple-sources-of-information-presented-in-multiple-formats-e-992caf	integrate-multiple-sources-of-information-presented-in-multiple-formats-e-f0b0eb
using-a-range-of-informal-and-formal-tasks-present-information-findings-10a3ca	using-a-range-of-informal-and-formal-tasks-present-information-findings-a01b8e
analyze-and-synthesize-foundational-u-s-and-world-documents-such-as-the-f88a77	analyze-and-synthesize-foundational-u-s-and-world-documents-such-as-the-cc457d
students-understand-and-apply-knowledge-of-legal-and-ethical-principles-4731a7	students-understand-and-apply-knowledge-of-legal-and-ethical-principles-c22385
civic-participation-explain-important-rights-and-how-when-and-where-2c68d5	explain-important-rights-and-how-when-and-where-members-of-american-615704
living-and-working-together-in-families-and-schools-use-historical-edc0ba	living-and-working-together-in-communities-use-historical-thinking-to-ff0a06
geography-individually-and-collaboratively-students-will-engage-in-bfcb80	geography-individually-and-collaboratively-students-will-engage-in-e1034f
arc-of-inquiry-grades-3-5	arc-of-inquiry-grades-k-2
individually-and-collaboratively-students-gather-relevant-information-6e9f80	individually-and-collaboratively-students-gather-relevant-information-e7cd35
individually-and-collaboratively-students-construct-explanations-using-7c120f	individually-and-collaboratively-students-construct-explanations-using-e5f160
individually-and-collaboratively-students-construct-compelling-questions-33d409	individually-and-collaboratively-students-construct-compelling-questions-7b0cd5
social-studies-process-and-skills-standards-3-5	social-studies-process-and-skills-standards-k-2
geography-individually-and-collaboratively-students-will-engage-in-0d5ff7	geography-individually-and-collaboratively-students-will-engage-in-de4344
use-graphic-data-and-other-sources-to-analyze-information-about-a-public-221679	use-graphic-data-and-other-sources-to-analyze-information-about-a-public-de6b10
give-examples-of-how-conflicts-over-democratic-values-lead-people-to-9d525b	give-examples-of-how-conflicts-over-democratic-values-lead-people-to-23b2b6
use-graphic-data-and-other-sources-to-analyze-information-about-a-a04d1f	use-graphic-data-and-other-sources-to-analyze-information-about-a-public-de6b10
arc-of-inquiry-grades-6-8	arc-of-inquiry-grades-k-2
express-social-science-ideas-clearly-in-written-spoken-and-graphic-forms-39aca2	express-social-science-ideas-or-information-in-written-spoken-and-graphic-a0421f
technology-patterns-and-networks-describe-how-technology-creates-patterns-ae66da	technology-patterns-and-networks-describe-how-technology-creates-patterns-d1f430
forces-of-cooperation-and-conflict-explain-how-forces-of-conflict-and-54b542	forces-of-cooperation-and-conflict-explain-how-forces-of-cooperation-and-c7e00a
identifying-and-analyzing-issues-decision-making-persuasive-communication-4a8901	identifying-and-analyzing-issues-decision-making-persuasive-communication-927536
individually-and-collaboratively-students-construct-compelling-questions-583ed9	individually-and-collaboratively-students-construct-compelling-questions-a58d9c
clearly-state-an-issue-as-a-question-of-public-policy-gather-and-4faabd	clearly-state-an-issue-as-a-question-of-public-policy-gather-and-5a7527
act-within-the-rule-of-law-and-hold-others-to-the-same-standard	act-out-of-the-rule-of-law-and-hold-others-to-the-same-standard
use-addition-and-subtraction-within-20-to-solve-word-problems-involving-463e5b-2	use-addition-and-subtraction-within-20-to-solve-word-problems-involving-463e5b
use-addition-and-subtraction-within-100-to-solve-one-and-two-step-word-a3bec6	use-addition-and-subtraction-within-20-to-solve-word-problems-involving-463e5b
explain-how-the-definition-of-the-meaning-of-rational-exponents-follows-cf98ca	explain-how-the-definition-of-the-meaning-of-rational-exponents-follows-a6c8e1
solve-word-problems-that-call-for-addition-of-three-whole-numbers-whose-a251f4-2	solve-word-problems-that-call-for-addition-of-three-whole-numbers-whose-a251f4
measure-and-estimate-liquid-volumes-and-masses-of-objects-using-standard-d17ef2-2	measure-and-estimate-liquid-volumes-and-masses-of-objects-using-standard-d17ef2
use-the-structure-of-an-expression-to-identify-ways-to-rewrite-it-em-for-7b4da7	use-the-structure-of-an-expression-to-identify-ways-to-rewrite-it-for-64dd8a
decide-if-a-specified-model-is-consistent-with-results-from-a-given-data-4519a9	decide-if-a-specified-model-is-consistent-with-results-from-a-given-data-f789fb
determine-whether-a-group-of-objects-up-to-20-has-an-odd-or-even-number-b462de-2	determine-whether-a-group-of-objects-up-to-20-has-an-odd-or-even-number-b462de
represent-constraints-by-equations-or-inequalities-and-by-systems-of-61c5ac	represent-constraints-by-equations-or-inequalities-and-by-systems-of-49d693
recognize-that-sequences-are-functions-sometimes-defined-recursively-d18596	recognize-that-sequences-are-functions-sometimes-defined-recursively-50480d
fluently-add-and-subtract-multi-digit-whole-numbers-using-the-standard-algorithm	add-and-subtract-multi-digit-whole-numbers-fluently-using-the-standard-algorithm
prove-polynomial-identities-and-use-them-to-describe-numerical-98bfa0	prove-polynomial-identities-and-use-them-to-describe-numerical-32c2f9
rearrange-formulas-to-highlight-a-quantity-of-interest-using-the-same-611057	rearrange-formulas-to-highlight-a-quantity-of-interest-using-the-same-a6da92
derive-the-formula-for-the-sum-of-a-finite-geometric-series-when-the-9f2d62	derive-the-formula-for-the-sum-of-a-finite-geometric-series-when-the-8d3159
use-coordinates-to-prove-simple-geometric-theorems-algebraically-em-for-355c78	use-coordinates-to-prove-simple-geometric-theorems-algebraically-example-c5102d
relate-the-domain-of-a-function-to-its-graph-and-where-applicable-to-the-a557b1	relate-the-domain-of-a-function-to-its-graph-and-where-applicable-to-the-d6ad67
given-a-geometric-figure-and-a-rotation-reflection-or-translation-draw-278e4d	given-a-geometric-figure-and-a-rotation-reflection-or-translation-draw-b98e6e
represent-addition-subtraction-multiplication-and-conjugation-of-complex-ea11d5	represent-addition-subtraction-multiplication-and-conjugation-of-complex-b6693b
recognize-and-explain-the-concepts-of-conditional-probability-and-0532a4	recognize-and-explain-the-concepts-of-conditional-probability-and-c2df0c
solve-real-world-problems-involving-multiplication-of-fractions-and-mixed-085637	solve-real-world-problems-involving-multiplication-of-fractions-and-mixed-b9ea64
use-matrices-to-represent-and-manipulate-data-e-g-to-represent-payoffs-or-1d0b8d-2	use-matrices-to-represent-and-manipulate-data-e-g-to-represent-payoffs-or-1d0b8d
fluently-multiply-and-divide-within-100-using-strategies-such-as-the-77f0c5	fluently-multiply-and-divide-within-100-using-strategies-such-as-the-e5cd9a
compare-two-decimals-to-hundredths-by-reasoning-about-their-size-741820-2	compare-two-decimals-to-hundredths-by-reasoning-about-their-size-741820
solve-a-simple-system-consisting-of-a-linear-equation-and-a-quadratic-9e0a4e	solve-a-simple-system-consisting-of-a-linear-equation-and-a-quadratic-2517d1
use-coordinates-to-compute-perimeters-of-polygons-and-areas-of-triangles-776834-2	use-coordinates-to-compute-perimeters-of-polygons-and-areas-of-triangles-776834
multiply-matrices-by-scalars-to-produce-new-matrices-e-g-as-when-all-of-3e8224-2	multiply-matrices-by-scalars-to-produce-new-matrices-e-g-as-when-all-of-3e8224
prove-the-pythagorean-identity-sin-cos-1-and-use-it-to-find-sin-cos-or-972ad0	prove-the-pythagorean-identity-sin-a-cos-a-1-and-use-it-to-find-sin-a-cos-bd679b
extend-polynomial-identities-to-the-complex-numbers-em-for-example-0da976	extend-polynomial-identities-to-the-complex-numbers-example-rewrite-x-4-450db6
compare-properties-of-two-functions-each-represented-in-a-different-way-f1d9d6	compare-properties-of-two-functions-each-represented-in-a-different-way-82a341
interpret-division-of-a-unit-fraction-by-a-non-zero-whole-number-and-bd312f	interpret-division-of-a-whole-number-by-a-unit-fraction-and-compute-such-1d5ea2
use-the-method-of-completing-the-square-to-transform-any-quadratic-9a3723	use-the-method-of-completing-the-square-to-transform-any-quadratic-6f6a05
determine-an-explicit-expression-a-recursive-process-or-steps-for-c62076	determine-an-explicit-expression-and-recursive-process-steps-for-bba9f6
solve-an-equation-of-the-form-f-x-c-for-a-simple-function-f-that-has-an-5eed22	solve-an-equation-of-the-form-f-x-c-for-a-simple-function-f-that-has-an-e48350
interpret-complicated-expressions-by-viewing-one-or-more-of-their-parts-e12d85	interpret-complicated-expressions-by-viewing-one-or-more-of-their-parts-765f07
combine-standard-function-types-using-arithmetic-operations-em-for-88d14e	combine-standard-function-types-using-arithmetic-operations-example-build-00e51b
evaluate-and-compare-strategies-on-the-basis-of-expected-values-em-for-a8be8c	evaluate-and-compare-strategies-on-the-basis-of-expected-values-example-8d822d
use-tiling-to-show-in-a-concrete-case-that-the-area-of-a-rectangle-with-41f329	use-tiling-to-show-in-a-concrete-case-that-the-area-of-a-rectangle-with-356a35
add-and-subtract-mixed-numbers-with-like-denominators-e-g-by-replacing-6d2b3a-2	add-and-subtract-mixed-numbers-with-like-denominators-e-g-by-replacing-6d2b3a
solve-word-problems-involving-multiplication-of-a-fraction-by-a-whole-077603	solve-word-problems-involving-multiplication-of-a-fraction-by-a-whole-f336d8
compose-functions-em-for-example-if-t-y-is-the-temperature-in-the-1d31db	compose-functions-example-if-t-y-is-the-temperature-in-the-atmosphere-as-8c6a96
recognize-area-as-additive-find-areas-of-rectilinear-figures-by-2f39f3	recognize-area-as-additive-find-areas-of-rectilinear-figures-by-ea6b54
solve-word-problems-involving-addition-and-subtraction-of-fractions-6f98d5	solve-word-problems-involving-addition-and-subtraction-of-fractions-05ba38
use-matrices-to-represent-and-manipulate-data-e-g-to-represent-payoffs-or-5745e5	use-matrices-to-represent-and-manipulate-data-e-g-to-represent-payoffs-or-1d0b8d
multiply-matrices-by-scalars-to-produce-new-matrices-e-g-as-when-all-of-27fbd1	multiply-matrices-by-scalars-to-produce-new-matrices-e-g-as-when-all-of-3e8224
understand-vector-subtraction-v-w-as-v-w-where-w-is-the-additive-inverse-148ae3	understand-vector-subtraction-v-w-as-v-w-where-w-is-the-additive-inverse-bb6fac-2
directly-compare-two-objects-with-a-measurable-attribute-in-common-to-see-fc84e7	directly-compare-two-objects-with-a-measurable-attribute-in-common-to-see-7ed4c4
compose-simple-shapes-to-form-larger-shapes-em-for-example-can-you-join-e668f6	compose-simple-shapes-to-form-larger-shapes-example-can-you-join-these-a93a1f
derive-the-formula-a-1-2-ab-sin-c-for-the-area-of-a-triangle-by-drawing-c7bf6c-2	derive-the-formula-a-1-2-ab-sin-c-for-the-area-of-a-triangle-by-drawing-c7bf6c
solve-an-equation-of-the-form-f-x-c-for-a-simple-function-f-that-has-an-3841ff	solve-an-equation-of-the-form-f-x-c-for-a-simple-function-f-that-has-an-e48350
identify-and-use-primary-and-secondary-sources	identify-and-use-primary-or-secondary-sources
by-the-end-of-grade-12-read-and-comprehend-history-social-studies-texts-924077	by-the-end-of-grade-8-read-and-comprehend-history-social-studies-texts-in-8fc996
american-indian-studies	native-american-studies
social-studies-6	social-studies
social-studies-3	social-studies
social-studies-1	social-studies
compare-how-traditional-command-and-market-economies-answer-the-economic-7657b2	compare-how-traditional-command-and-market-economies-answer-the-economic-2adb71
economics-and-personal-finance	personal-finance-economics
social-studies-k	social-studies
social-studies-8	social-studies
world-war-ii	world-war-i
social-studies-2	social-studies
define-nominal-and-real-returns-and-explain-how-inflation-affects-58050f	define-nominal-and-real-returns-and-explain-how-inflation-affects-savings-ef2030
social-studies-4	social-studies
social-studies-5	social-studies
social-studies-7	social-studies
by-the-end-of-grade-9-read-and-comprehend-literature-including-stories-40ce95	by-the-end-of-grade-9-read-and-comprehend-literature-including-stories-7513c9
by-the-end-of-grade-9-read-and-comprehend-literary-nonfiction-in-the-87f3d4	by-the-end-of-grade-9-read-and-comprehend-literary-nonfiction-in-the-327625
by-the-end-of-grade-11-read-and-comprehend-literature-including-stories-4edb52	by-the-end-of-grade-11-read-and-comprehend-literature-including-stories-fe25ae
by-the-end-of-grade-11-read-and-comprehend-literary-nonfiction-in-the-ed85fb	by-the-end-of-grade-11-read-and-comprehend-literary-nonfiction-in-the-cd475b
describe-individuals-and-groups-who-have-shaped-a-significant-historical-change	compare-individuals-and-groups-who-have-shaped-a-significant-historical-change
explain-probable-causes-and-effects-of-events-and-developments-in-e5512b	explain-probable-causes-and-effects-of-events-and-developments-in-u-s-history
participation-and-deliberation-applying-civic-virtues-and-democratic-principals	participation-and-deliberation-applying-civic-virtues-and-democratic-processes
participation-and-deliberation-applying-civic-virtues-and-democratic-principles	participation-and-deliberation-applying-civic-virtues-and-democratic-processes
b-problem-solving-b	problem-solving
b-data-probability-and-statistical-reasoning-b	data-probability-and-statistical-reasoning
b-numerical-reasoning-b	numerical-reasoning
b-represent-multi-digit-numbers-in-a-variety-of-ways-to-build-the-119b49	b-represent-multi-digit-numbers-in-a-variety-of-ways-to-build-place-value-a27c92
b-demonstrate-and-explain-the-relationship-between-numbers-and-quantities-b	b-explain-the-relationship-between-numbers-and-quantities-b
count-forward-by-ones-and-tens-to-100-and-backward-from-10-by-ones	count-forward-to-100-by-tens-and-ones-and-backward-from-20-by-ones
b-represent-multi-digit-numbers-in-a-variety-of-ways-to-build-place-value-c60094	b-represent-multi-digit-numbers-in-a-variety-of-ways-to-build-place-value-a27c92
determine-and-explain-if-an-equation-within-20-is-true-using-a-variety-of-29f95b	determine-and-explain-if-an-equation-within-10-is-true-using-a-variety-of-f3e0ea
add-and-subtract-number-combinations-flexibly-and-accurately-within-20	add-and-subtract-number-combinations-flexibly-and-accurately-within-10
read-write-and-represent-numbers-up-to-999-using-concrete-models-drawings-23dacf	read-write-and-represent-numbers-to-100-using-concrete-models-drawings-b9836d
represent-and-explain-that-whole-numbers-1-through-999-are-organized-into-b0145f	represent-and-explain-that-whole-numbers-1-through-99-are-organized-into-cb38b5
compose-and-decompose-whole-numbers-from-1-through-999-in-more-than-one-ec3581	compose-and-decompose-whole-numbers-from-1-through-99-in-more-than-one-a3fa95
b-describe-estimate-measure-and-compare-objects-in-real-world-situations-ce5ae3	b-describe-estimate-measure-and-compare-objects-in-real-world-situations-2c9892
identify-and-describe-a-given-shape-in-everyday-situations-to-include-two-f5cf02	identify-and-describe-a-given-shape-in-everyday-situations-to-include-two-e39a03
b-estimate-and-measure-using-units-of-length-liquid-volume-weight-4c6255	b-estimate-and-measure-using-units-of-length-liquid-volume-currency-and-8badc8
identify-and-apply-regularity-in-repeated-reasoning-to-make-generalizations-br	identify-and-apply-regularity-in-repeated-reasoning-to-make-generalizations
find-distances-between-ordered-pairs-on-the-coordinate-plane-limited-to-29d92a	find-distances-between-ordered-pairs-on-the-coordinate-plane-limited-to-bdfd1d
describe-the-key-features-of-given-functions-including-i-domain-range-68fd0b	describe-the-key-features-of-given-functions-including-i-domain-range-238fed
describe-the-relationship-between-the-i-radius-i-i-diameter-i-and-i-0313be	describe-the-relationship-between-the-i-radius-diameter-i-and-i-cc6bd0
identify-the-parts-of-a-circle-limit-parts-to-i-center-i-i-radius-i-i-a73b44	identify-the-parts-of-a-circle-limit-the-parts-to-i-center-radius-02047c
approximate-non-perfect-square-roots-and-cube-roots-to-the-nearest-tenth-9cec2c	approximate-non-perfect-square-roots-andcube-roots-to-the-nearest-tenth-61d30e
analyze-patterns-of-perfect-squares-and-perfect-cubes-to-evaluate-square-af8884	analyze-patterns-of-perfect-squares-andperfect-cubes-to-evaluate-square-1fafd4
describe-the-effect-of-a-series-of-transformations-including-i-dilations-f5a457	describe-the-effect-of-a-series-of-transformations-including-dilations-7a36f5
reflect-geometric-figures-with-respect-to-the-i-x-i-axis-and-or-i-y-i-axis	reflect-geometric-figures-with-respect-to-the-x-axis-and-or-y-axis
find-the-distance-between-any-two-points-in-the-coordinate-plane-using-c9a862	find-the-distance-between-any-two-points-in-the-coordinate-plane-using-69bf49
discover-and-apply-the-formulas-for-the-length-of-an-arc-and-the-area-of-2ac7ee	derive-the-formulas-for-the-length-of-an-arc-and-the-area-of-a-sector-in-53e14c
b-summarize-represent-and-interpret-data-on-two-categorical-and-43e1a5	summarize-represent-and-interpret-data-on-two-categorical-and-4e88ce
describe-categories-of-events-as-subsets-of-a-sample-space-using-i-unions-69c93a	describe-categories-of-events-as-subsets-of-a-sample-space-using-unions-2f8207
b-analyze-and-interpret-models-for-two-categorical-and-quantitative-variables-b	b-analyze-and-interpret-models-for-two-quantitative-variables-b
b-understand-independence-and-conditional-probability-and-use-them-to-abe836	understand-independence-and-conditional-probability-and-use-them-to-db6d74
b-use-the-rules-of-probability-to-compute-probabilities-of-compound-09beb6	use-the-rules-of-probability-to-compute-probabilities-of-compound-events-27c72e
apply-the-i-addition-rule-i-p-a-or-b-p-a-p-b-p-a-and-b-and-interpret-the-36078f	apply-the-addition-rule-p-a-or-b-p-a-p-b-p-a-and-b-and-interpret-the-2cb77d
apply-the-general-i-multiplication-rule-i-in-a-uniform-probability-model-3ed907	apply-the-general-multiplication-rule-in-a-uniform-probability-model-p-a-60926f
describe-events-as-subsets-of-a-sample-space-using-characteristics-or-676cd5	describe-events-as-subsets-of-a-sample-space-using-characteristics-or-a5f88f
b-explore-and-analyze-structures-and-patterns-for-exponential-and-c4eb4d	explore-and-analyze-structures-and-patterns-for-exponential-and-9a8124
b-manipulate-prove-and-apply-trigonometric-identities-and-equations-to-bd21d1	manipulate-prove-and-apply-trigonometric-identities-and-equations-to-e753dc
b-explore-and-analyze-structures-and-patterns-for-radical-functions-and-da79fa	explore-and-analyze-structures-and-patterns-for-radical-functions-and-use-d7b4a8
define-the-six-trigonometric-ratios-in-terms-of-i-x-y-i-and-i-r-i-using-0aa8a0	define-the-six-trigonometric-ratios-in-terms-of-x-y-and-r-using-the-unit-acb8ae
prove-and-apply-the-i-law-of-sines-i-and-the-i-law-of-cosines-i-to-find-c7713c	prove-and-apply-the-law-of-sines-and-the-law-of-cosines-to-find-unknown-4e5baf
b-represent-and-model-with-vector-quantities-b	represent-and-model-with-vector-quantities
b-represent-complex-numbers-and-their-operations-on-the-complex-plane-b	represent-complex-numbers-and-their-operations-on-the-complex-plane
represent-complex-numbers-on-the-complex-plane-in-rectangular-and-polar-2bdcb3-2	represent-complex-numbers-on-the-complex-plane-in-rectangular-and-polar-2bdcb3
formulate-investigative-statistical-questions-about-a-population-using-d862a6	formulate-statistical-investigative-questions-about-a-population-using-cb87d0
formulate-comparative-and-associative-investigative-statistical-questions-61d77f	formulate-comparative-and-associative-investigative-statistical-questions-0b0668
formulate-inferential-investigative-statistical-questions-regarding-2984f9	formulate-inferential-statistical-investigative-questions-regarding-2ce61a
using-simulations-taken-from-a-given-population-model-sample-to-sample-09f509	model-sample-to-sample-variability-in-sampling-distributions-of-a-dc279b
staff-are-encouraged-to-work-together-and-hold-each-other-accountable-for-f787ab	teachers-work-together-and-hold-each-other-accountable-for-meeting-equity-goals
inferential-statistics	statistical-inference
use-objects-drawings-words-or-numbers-to-compose-and-decompose-numbers-db2fa3	use-objects-drawings-words-or-numbers-to-compose-and-decompose-numbers-854091
model-and-identify-the-number-that-makes-10-when-added-to-a-given-number-d2eced	model-and-identify-the-number-that-makes-5-when-added-to-a-given-number-a3d5ae
count-backward-orally-by-ones-when-given-any-number-between-1-and-30	count-backward-orally-by-ones-when-given-any-number-between-1-and-20
recognize-and-describe-with-fluency-part-part-whole-relationships-for-f5db1a	recognize-and-describe-with-fluency-part-part-whole-relationships-for-405034
construct-a-set-of-coins-and-or-bills-to-total-a-given-amount-of-money-9cdb29	construct-a-set-of-bills-and-coins-to-total-a-given-amount-of-money-whose-606154
apply-strategies-e-g-place-value-properties-of-addition-other-number-a22502	apply-strategies-e-g-place-value-properties-of-addition-other-number-3abf9b
recall-with-automaticity-the-multiplication-facts-through-12-12-and-the-09cae4	recall-with-automaticity-the-multiplication-facts-through-10-10-and-the-68a3a1
order-the-angles-of-a-triangle-by-their-measures-when-given-information-c38c2a	order-the-sides-of-a-triangle-by-their-lengths-when-given-information-01be76
solve-for-missing-lengths-in-geometric-figures-using-properties-of-30-60-32fe62	solve-for-missing-lengths-in-geometric-figures-using-properties-of-45-45-949da9
given-a-problem-construct-a-one-sample-t-confidence-interval	given-a-problem-construct-a-one-sample-z-confidence-interval
given-a-problem-apply-the-one-sample-t-hypothesis-testing-procedures	given-a-problem-apply-the-one-sample-z-hypothesis-testing-procedures
recall-with-automaticity-addition-and-subtraction-facts-within-20	recall-with-automaticity-addition-and-subtraction-facts-within-10
the-ending-time-and-the-amount-of-elapsed-time-in-hours-and-minutes-a40359	the-starting-time-and-amount-of-elapsed-time-in-hours-and-minutes-67a06a
inquiry-k-2	inquiry
understand-cultural-practices-in-local-communities-and-around-the-world	identify-cultural-practices-in-local-communities-and-around-the-world
behavioral-sciences	behavioral-science
apply-simple-geographic-representations-tools-and-terms-to-describe-surroundings	apply-geographic-representations-tools-and-terms-to-describe-surroundings
identify-cultural-practices-and-traditions-in-local-communities-and-f87605	identify-cultural-practices-in-local-communities-and-around-the-world
explain-the-various-ways-the-physical-environment-impacts-people-in-fb082e	explain-the-various-ways-people-impact-the-physical-environment-in-ceee58
inquiry-3-5	inquiry
explain-how-traditions-social-structure-and-artistic-expression-have-0ab95c	explain-how-traditions-social-structure-and-artistic-expression-have-de6761
inquiry-6-7	inquiry
american-history	history
inquiry-9-12	inquiry
identify-issues-and-problems-in-social-studies-br-formulate-questions-167145	identify-issues-and-problems-in-social-studies-formulate-questions-based-31804e
inquiry-9-11	inquiry
identify-whether-the-number-of-objects-in-one-group-is-greater-than-less-571e4a-2	identify-whether-the-number-of-objects-in-one-group-is-greater-than-less-571e4a
find-the-number-that-makes-10-when-added-to-the-given-number-for-any-1e26ee	for-any-number-from-1-to-9-find-the-number-that-makes-10-when-added-to-5e6a8c
match-the-ordinal-numbers-first-second-third-etc-with-an-ordered-set-up-dcf9d1	match-the-ordinal-numbers-first-second-third-etc-with-an-ordered-set-up-e9acee
use-place-value-understanding-to-compare-two-three-digit-numbers-based-on-bef8ca	use-place-value-understanding-to-compare-two-two-digit-numbers-based-on-8b9b01
read-and-write-whole-numbers-up-to-10-000-use-words-models-standard-form-3bd519	read-and-write-whole-numbers-up-to-1-000-use-words-models-standard-form-15871f
recognize-and-generate-simple-equivalent-fractions-e-g-1-2-2-4-4-6-2-3-9b1f0f-2	recognize-and-generate-simple-equivalent-fractions-e-g-1-2-2-4-4-6-2-3-9b1f0f
read-and-write-whole-numbers-up-to-1-000-000-use-words-models-standard-4f30d7	read-and-write-whole-numbers-up-to-1-000-use-words-models-standard-form-15871f
interpret-a-multiplication-equation-as-a-comparison-e-g-interpret-35-5-7-56a9cc-2	interpret-a-multiplication-equation-as-a-comparison-e-g-interpret-35-5-7-56a9cc
recognize-opposite-signs-of-numbers-as-indicating-locations-on-opposite-a06bd7-2	recognize-opposite-signs-of-numbers-as-indicating-locations-on-opposite-a06bd7
multiply-multi-digit-whole-numbers-fluently-using-a-standard-algorithmic-85ab05	divide-multi-digit-whole-numbers-fluently-using-a-standard-algorithmic-approach
find-whole-number-quotients-and-remainders-with-up-to-four-digit-5f000a	find-whole-number-quotients-and-remainders-with-up-to-four-digit-42c829
solve-real-world-problems-with-rational-numbers-by-using-one-or-two-operations	solve-real-world-problems-with-rational-numbers-by-using-multiple-operations
decide-whether-two-quantities-are-in-a-proportional-relationship-e-g-by-b8ece2-2	decide-whether-two-quantities-are-in-a-proportional-relationship-e-g-by-b8ece2
understand-the-relationship-between-a-solution-of-a-system-of-two-linear-d9f305	understand-the-relationship-between-a-solution-of-a-pair-of-linear-54e4d0
quadratic-and-exponential-equations-and-functions	quadratic-equations-and-functions
represent-real-world-problems-that-can-be-modeled-with-quadratic-3e9f2e	represent-real-world-problems-that-can-be-modeled-with-quadratic-ed5ba0
exponential-and-logarithmic-equations-and-functions	exponential-and-logarithmic-functions
exponential-and-logarithmic-functions-and-equations	exponential-and-logarithmic-functions
develop-a-probability-distribution-for-a-random-variable-defined-for-a-61e69f	develop-a-probability-distribution-for-a-random-variable-defined-for-a-9e2a06
math-10	math
describe-qualitatively-the-functional-relationship-between-two-quantities-645181	describe-qualitatively-the-functional-relationship-between-two-quantities-35dfd6
represent-sample-spaces-and-find-probabilities-of-compound-events-5bfb84	represent-sample-spaces-and-find-probabilities-of-compound-events-6b3863
give-examples-of-rational-and-irrational-numbers-and-explain-the-b322ab	give-examples-of-rational-and-irrational-numbers-and-explain-the-858066
represent-real-world-problems-using-a-system-of-two-linear-inequalities-4221c8	represent-real-world-problems-using-linear-inequalities-in-two-variables-713fb1
represent-real-world-problems-using-quadratic-equations-in-one-or-two-f728b7	represent-real-world-problems-using-quadratic-equations-in-one-or-two-a49c40
researching	research
consultant	consulting
you-are-aware-of-core-company-financial-metrics-and-how-project-success-731a9b	you-understand-core-company-financial-metrics-and-how-project-success-is-f5221a
innovation-key-elements-curiosity-risk-taking-iteration-entrepreneurship-60dedd	innovation-key-elements-curiosity-risk-taking-iteration-entrepreneurship-e7ffbc
ba-leadership	leadership
accountability-key-elements-strategizes-prioritizes-impacts-projects-f6c34d	accountability-key-elements-strategizes-prioritizes-impacts-projects-8d047d
business-development-key-elements-processes-proposals-writes-proposals-f65e75	business-development-key-elements-processes-proposals-writes-proposals-e8e89d
you-prepare-core-proposal-sections-including-corporate-background-571817	you-prepare-core-proposal-sections-including-corporate-background-410331
tools-technology-key-elements-masters-tools-technologies-systems-cfdbf7	tools-technology-key-elements-masters-tools-technologies-systems-8acf50
communication-key-elements-verbalizes-writes-presents-synthesizes-your-cec3be	communication-key-elements-verbalizes-writes-presents-synthesizes-your-0e1832
collaboration-key-elements-works-in-a-team-gives-feedback-requests-d51ded	collaboration-key-elements-works-in-a-team-gives-feedback-requests-11de33
you-acknowledge-and-celebrate-your-colleague-s-unique-experiences-and-2d4a0f	you-acknowledge-and-celebrate-your-colleague-s-unique-experiences-and-324a66
business-development-key-elements-processes-proposals-writes-proposals-5e8384	business-development-key-elements-processes-proposals-writes-proposals-87e418
client-problem-solving-key-elements-listens-analyzes-proposes-solutions-1dbc82	client-problem-solving-key-elements-listens-analyzes-proposes-solutions-25b408
expertise-key-elements-demonstrates-job-field-practice-company-expertise-471622	expertise-key-elements-demonstrates-job-field-practice-company-expertise-571d77
tools-technology-key-elements-masters-tools-technologies-systems-ff3221	tools-technology-key-elements-masters-tools-technologies-systems-8acf50
you-leverage-the-data-available-from-tools-to-support-data-driven-ca7b24	you-leverage-the-data-available-from-tools-to-drive-data-driven-decision-making
innovation-key-elements-curiosity-risk-taking-iteration-entrepreneurship-02c167	innovation-key-elements-curiosity-risk-taking-iteration-entrepreneurship-e7ffbc
supervision-key-elements-supervises-others-delegates-sets-goals-achieves-24af76	supervision-key-elements-supervises-others-delegates-sets-goals-achieves-565a01
growth-development-key-elements-gives-feedback-supports-growth-develops-d1bb4a	growth-development-key-elements-gives-feedback-supports-growth-develops-91edae
accountability-key-elements-strategizes-prioritizes-impacts-projects-4d24c5	accountability-key-elements-strategizes-prioritizes-impacts-projects-8d047d
you-embed-diverse-equitable-and-inclusive-cultural-practices-into-all-4154df	you-embed-diverse-equitable-and-inclusive-cultural-practices-into-all-33e352
you-participate-in-or-lead-employee-resource-groups-committees-community-6b52f0	you-participate-in-employee-resource-groups-committees-community-service-487b27
senior-consultant-buisness-management	consultant-buisness-management
you-understand-our-competitors-and-develop-strategies-on-how-we-can-443cf8	you-understand-our-competitors-and-how-we-differentiate-our-approach-79ac9d
you-effectively-review-rfps-champion-bid-decisions-on-opportunities-and-9dd332	you-effectively-review-rfps-and-influence-bid-decisions-on-opportunities
you-understand-the-necessary-legal-and-compliance-review-processes-ba6526	you-understand-the-necessary-legal-and-compliance-review-processes-and-1587b7
senior-consultant-client-mangement	consultant-client-mangement
you-consistently-receive-positive-client-feedback-or-reviews	you-receive-positive-client-feedback-or-reviews
you-contribute-to-the-re-award-of-client-engagements-through-rebids	you-support-the-re-award-of-client-engagements-through-rebids
senior-consultant-self-management	consultant-self-management
collaboration-key-elements-works-in-a-team-gives-feedback-requests-c002dc	collaboration-key-elements-works-in-a-team-gives-feedback-requests-c0fd84
innovation-key-elements-curiosity-risk-taking-iteration-entrepreneurship-27b04e	innovation-key-elements-curiosity-risk-taking-iteration-entrepreneurship-e7ffbc
senior-consultant-people-management	consultant-people-management
accountability-key-elements-strategizes-prioritizes-impacts-projects-1d3c57	accountability-key-elements-strategizes-prioritizes-impacts-projects-8d047d
you-have-strong-and-effective-working-relationships-and-partnerships-230b7f	you-have-strong-and-effective-working-relationships-and-partnerships-c69739
associate-manager-buisness-management	manager-buisness-management
business-acumen-key-elements-assesses-competitors-researches-markets-0f4741	business-acumen-key-elements-assesses-competitors-researches-markets-7e2f79
you-oversee-the-development-of-sales-pitch-presentations-and-lead-presentations	you-lead-the-development-of-sales-pitch-presentations-and-lead-presentations
you-meet-utilization-targets-for-your-role-and-ensure-all-direct-and-5eaf9a	you-meet-utilization-targets-for-your-role-and-ensure-all-direct-reports-755faa
you-achieve-the-re-award-of-client-engagements-through-rebids	you-support-the-re-award-of-client-engagements-through-rebids
associate-manager-self-management	manager-self-management
expertise-key-elements-demonstrates-job-field-practice-company-expertise-06df4e	expertise-key-elements-demonstrates-job-field-practice-company-expertise-571d77
tools-technology-key-elements-masters-tools-technologies-systems-d075de	tools-technology-key-elements-masters-tools-technologies-systems-8acf50
communication-key-elements-verbalizes-writes-presents-synthesizes-your-879ea4	communication-key-elements-verbalizes-writes-presents-synthesizes-your-0d1e6d
associate-manager-people-management	manager-people-management
supervision-key-elements-supervises-others-delegates-sets-goals-achieves-1e09ec	supervision-key-elements-supervises-others-delegates-sets-goals-achieves-565a01
engagement-key-elements-accountable-asks-questions-acts-accordingly-065391	engagement-key-elements-accountable-asks-questions-acts-accordingly-39b96e
you-act-accordingly-and-follow-conversations-up-with-actions-that-remove-2f4fa9	you-act-accordingly-and-follow-conversations-up-with-actions-that-remove-fe5fdb
growth-development-key-elements-gives-feedback-supports-growth-develops-cfca6d	growth-development-key-elements-gives-feedback-supports-growth-develops-91edae
you-expand-career-options-by-enabling-short-term-job-assignments-outside-b1025d	you-expand-career-options-by-enabling-short-term-job-assignments-outside-108ca1
accountability-key-elements-strategizes-prioritizes-impacts-projects-20ae9d	accountability-key-elements-strategizes-prioritizes-impacts-projects-8d047d
you-effectively-address-and-consistently-resolve-conflicts-within-your-c9fdd1	you-effectively-address-and-consistently-resolve-conflicts-with-your-team-4f1d6f
you-are-a-recognized-advocate-for-continuously-improving-pcg-s-diversity-e96f65	you-are-an-advocate-for-continuously-improving-pcg-s-diversity-equity-and-dfbcb9
business-development-key-elements-processes-proposals-writes-proposals-0897d4	business-development-key-elements-processes-proposals-writes-proposals-87e418
you-your-direct-and-indirect-reports-consistently-receive-positive-client-1e169d	you-and-your-direct-reports-consistently-receive-positive-client-feedback-5050f1
you-collaborate-with-clients-and-position-your-teams-to-present-at-c1b2c6	you-collaborate-with-clients-to-present-at-conferences-strategize-new-857766
you-continuously-enhance-the-quality-and-efficiency-of-solutions-through-ec9973	you-enhance-the-quality-and-efficiency-of-solutions-through-your-network-e46f9b
you-overcome-adverse-client-management-challenges-and-effectively-lead-5a1bf9	you-overcome-adverse-client-management-challenges-and-effectively-lead-e1e52a
expertise-key-elements-demonstrates-job-field-practice-company-expertise-07ed32	expertise-key-elements-demonstrates-job-field-practice-company-expertise-571d77
tools-technology-key-elements-masters-tools-technologies-systems-bcaeac	tools-technology-key-elements-masters-tools-technologies-systems-8acf50
communication-key-elements-verbalizes-writes-presents-synthesizes-your-0e96e4	communication-key-elements-verbalizes-writes-presents-synthesizes-your-0d1e6d
innovation-key-elements-curiosity-risk-taking-iteration-entrepreneurship-afb774	innovation-key-elements-curiosity-risk-taking-iteration-entrepreneurship-e92d3d
supervision-key-elements-supervises-others-delegates-sets-goals-achieves-f319bd	supervision-key-elements-supervises-others-delegates-sets-goals-achieves-565a01
you-are-accountable-for-engaging-with-your-team-through-productive-1-1s-63007a	you-are-accountable-for-engaging-with-your-team-through-productive-1-1s-222f8b
growth-development-key-elements-gives-feedback-supports-growth-develops-331bb7	growth-development-key-elements-gives-feedback-supports-growth-develops-91edae
understand-the-function-concept-and-the-use-of-function-notation	understand-the-concept-of-a-function-and-use-function-notation
understand-how-to-use-integration-to-compute-area-volume-distance-or-29ee83	use-integration-techniques-to-compute-area-volume-distance-or-other-7c10bb
understand-that-the-determinant-of-a-square-matrix-is-nonzero-if-and-only-afcb7c	understand-the-determinant-of-a-square-matrix-is-nonzero-if-and-only-if-5809b6
know-and-apply-the-remainder-theorem-for-a-polynomial-p-x-and-a-number-a-9fb218-2	know-and-apply-the-remainder-theorem-for-a-polynomial-p-x-and-a-number-a-9fb218
partition-circles-and-rectangles-into-two-three-or-four-equal-parts-b90271	partition-circles-and-rectangles-into-two-three-or-four-equal-parts-97000b
tell-and-write-time-to-the-nearest-minute-and-measure-time-intervals-in-6b3320	tell-and-write-time-to-the-nearest-minute-and-measure-time-intervals-in-8dfa36
evaluate-functions-for-given-elements-of-the-domain-and-interpret-05dd81	evaluate-functions-for-given-elements-of-its-domain-and-interpret-db21fc
graph-each-of-the-families-of-function-with-and-without-technology-b9a0ae	graph-each-of-the-families-of-function-with-and-without-technology-e96e3c
using-the-results-of-a-simulation-decide-if-a-specified-model-is-5afa67	using-the-results-of-a-simulation-decide-if-a-specified-model-is-e3ea56
using-technology-identify-create-and-connect-algebraic-and-graphical-856556	using-technology-identify-create-and-connect-algebraic-and-graphical-fb0fb6
explore-and-use-relationships-among-inscribed-angles-radii-and-chords-fa1992	explore-and-use-relationships-among-inscribed-angles-radii-and-chords-3347fb
use-a-model-to-represent-the-relationship-between-the-needs-of-different-223965	use-a-model-to-represent-the-relationship-between-the-needs-of-different-bead56
grades-3-5-engineering	grades-k-2-engineering
use-a-model-to-describe-how-variations-in-the-flow-of-energy-into-and-out-a5083e	use-a-model-to-describe-how-variations-in-the-flow-of-energy-into-and-out-430979
construct-an-argument-based-on-evidence-about-the-simultaneous-851903	construct-an-argument-based-on-evidence-about-the-simultaneous-eb06b4
analyze-geoscience-data-and-the-results-from-global-climate-models-to-4a0b48	analyze-geoscience-data-and-the-results-from-global-climate-models-to-3b42d8
ask-questions-that-arise-from-careful-observation-of-phenomena-models-or-e4b7c8	ask-questions-that-arise-from-careful-observation-of-phenomena-or-520857
ask-questions-to-clarify-and-or-refine-a-model-an-explanation-or-an-8f563b	ask-questions-to-clarify-and-refine-a-model-an-explanation-or-an-686fd8
develop-and-or-use-a-model-to-predict-and-or-describe-phenomena	develop-and-or-use-models-to-describe-and-or-predict-phenomena
apply-scientific-ideas-or-principles-to-design-construct-and-or-test-a-74e2e7	apply-scientific-principles-to-design-an-object-tool-process-or-system
evaluate-the-claims-evidence-and-or-reasoning-behind-currently-accepted-bb9ec1	evaluate-the-evidence-behind-currently-accepted-explanations-to-determine-ab6f6d
practice-solving-problems-like-34-5-and-34-50	practice-solving-problems-like-46-9
practice-solving-problems-like-34-1-and-34-10	practice-solving-problems-like-46-9
practice-solving-problems-like-24-45	practice-solving-problems-like-46-9
practice-solving-more-word-problems-by-finding-how-many-more-or-fewer-38d4a0	practice-solving-word-problems-by-finding-how-many-more-or-fewer-objects-076f45
practice-solving-problems-like-45-24	practice-solving-problems-like-46-9
practice-solving-problems-like-67-5-and-67-50	practice-solving-problems-like-46-9
practice-solving-problems-like-243-452	practice-solving-problems-like-452-241
find-area-of-rectangles-and-squares-by-multiplying-side-lengths	find-area-of-rectangles-by-multiplying-side-lengths
practice-rounding-to-the-nearest-ten-and-rounding-to-the-nearest-hundred-e9de99	practice-rounding-to-the-nearest-ten-and-rounding-to-the-nearest-hundred
compare-two-fractions-that-have-the-same-denominator-using-greater-and-5aecfa	compare-two-fractions-that-have-the-same-numerator-using-greater-and-less-2f4b52
divide-by-1-quotients-are-less-than-or-equal-to-10	divide-by-4-quotients-are-less-than-or-equal-to-10
divide-by-6-quotients-are-less-than-or-equal-to-10	divide-by-4-quotients-are-less-than-or-equal-to-10
divide-by-10-quotients-are-less-than-or-equal-to-10	divide-by-4-quotients-are-less-than-or-equal-to-10
divide-by-2-quotients-are-less-than-or-equal-to-10	divide-by-4-quotients-are-less-than-or-equal-to-10
multiply-2-times-a-number-less-than-or-equal-to-10	multiply-3-times-a-number-less-than-or-equal-to-10
multiply-6-times-a-number-less-than-or-equal-to-10	multiply-3-times-a-number-less-than-or-equal-to-10
multiply-0-or-1-times-a-number-less-than-or-equal-to-10	multiply-3-times-a-number-less-than-or-equal-to-10
divide-by-5-quotients-are-less-than-or-equal-to-10	divide-by-4-quotients-are-less-than-or-equal-to-10
divide-by-3-quotients-are-less-than-or-equal-to-10	divide-by-4-quotients-are-less-than-or-equal-to-10
multiply-8-times-a-number-less-than-or-equal-to-10	multiply-3-times-a-number-less-than-or-equal-to-10
multiply-9-times-a-number-less-than-or-equal-to-10	multiply-3-times-a-number-less-than-or-equal-to-10
divide-by-7-quotients-are-less-than-or-equal-to-10	divide-by-4-quotients-are-less-than-or-equal-to-10
divide-by-9-quotients-are-less-than-or-equal-to-10	divide-by-4-quotients-are-less-than-or-equal-to-10
divide-by-8-quotients-are-less-than-or-equal-to-10	divide-by-4-quotients-are-less-than-or-equal-to-10
multiply-7-times-a-number-less-than-or-equal-to-10	multiply-3-times-a-number-less-than-or-equal-to-10
multiply-5-times-a-number-less-than-or-equal-to-10	multiply-3-times-a-number-less-than-or-equal-to-10
multiply-4-times-a-number-less-than-or-equal-to-10	multiply-3-times-a-number-less-than-or-equal-to-10
multiply-3-or-4-digit-numbers-by-1-digit-numbers-regrouping-carrying-needed	multiply-2-digit-numbers-by-2-digit-numbers-regrouping-carrying-needed
practice-comparing-decimals-and-fractions-decimals-and-fractions-in-these-c43ed1	practice-comparing-decimals-decimals-in-these-problems-are-limited-to-b54405
use-estimation-to-solve-multi-step-word-problems-involving-addition-a0aa6d	use-estimation-to-solve-two-step-word-problems-involving-addition-0cb118
represent-multi-step-word-problems-using-equations-with-a-letter-standing-9e5c82	represent-two-step-word-problems-using-equations-with-a-letter-standing-771955
find-the-volume-of-irregular-3d-figures-made-up-of-unit-cubes-by-dividing-c122f4	find-the-volume-of-irregular-3d-figures-by-dividing-the-figures-into-075900
for-example-estimate-12-93-6-1-to-be-19	for-example-estimate-9-72-1-9-to-be-8
use-tenths-and-hundredths-charts-and-number-lines-to-multiply-decimals	use-tenths-and-hundredths-charts-and-number-lines-to-divide-decimals
for-example-estimate-6-74-x-1-98-to-be-14	for-example-estimate-9-72-1-9-to-be-8
practice-adding-and-subtracting-mixed-numbers-with-different-denominators-e58856	practice-adding-and-subtracting-mixed-numbers-with-different-denominators-e21fa7
practice-writing-basic-algebraic-expressions-to-match-verbal-descriptions-2970fd	practice-writing-algebraic-expressions-to-match-verbal-descriptions-of-7b7e7b
practice-plugging-in-values-to-inequalities-like-2x-14-and-checking-to-d128e4	practice-plugging-in-values-to-inequalities-like-x-5-and-checking-to-see-ac0744
practice-solving-equations-in-one-step-by-multiplying-or-dividing-a-22538b	practice-solving-equations-in-one-step-by-adding-or-subtracting-a-number-62945b
practice-solving-more-challenging-problems-finding-the-opposites-of-eedf26	practice-finding-the-opposites-of-numbers-numbers-are-opposites-when-they-e03fdb
practice-putting-positive-and-negative-numbers-in-order-for-example-28-12-814d3a	practice-putting-positive-and-negative-numbers-in-order-for-example-2-1-5-and-3
practice-identifying-equivalent-expressions-involving-the-addition-and-61c86f	practice-identifying-equivalent-expressions-involving-the-addition-and-c1a894
practice-telling-whether-or-not-the-relationship-between-two-quantities-aa60ec	practice-telling-whether-or-not-the-relationship-between-two-quantities-539c21
use-your-knowledge-about-angles-to-find-missing-angle-measures-in-various-0f8a06	use-your-knowledge-about-angles-to-find-missing-angle-measures-in-various-7317b4
example-subtract-a-4a-b-2b-from-3a-5a-2b-2b	example-subtract-2x-4x-1-from-6x-3x-9
use-the-distributive-property-to-express-the-product-of-a-binomial-and-a-0545e6	use-the-distributive-property-to-express-the-product-of-two-binomials-as-edf252
example-multiply-and-simplify-a-4-a-1-x-a-1-a-2	example-multiply-and-simplify-6x-5-2-3x
example-add-and-simplify-x-2x-1-x-7-2x-2x-3-x-7	example-add-and-simplify-6-2x-7-3x-8-2x-7
solve-quadratic-equations-of-the-form-ax-2-bx-c-0-that-can-be-rewritten-7689dd	solve-quadratic-equations-of-the-form-x-2-bx-c-0-that-can-be-rewritten-851313
solve-quadratic-equations-of-the-form-ax-2-bx-c-by-completing-the-square	solve-quadratic-equations-of-the-form-x-2-bx-c-by-completing-the-square
factor-quadratics-of-the-form-ax-bx-c	factor-quadratics-of-the-form-x-bx-c
evaluate-advanced-logarithmic-expressions-by-using-the-fact-that-a-x-b-is-486a52	evaluate-basic-logarithmic-expressions-by-using-the-fact-that-a-x-b-is-13d98f
solve-equations-of-the-form-a-sin-bx-c-d-or-a-cos-bx-c-d-where-a-b-c-and-a493ac	solve-equations-of-the-form-sin-x-d-or-cos-x-d-where-d-is-any-number
use-the-fact-that-the-arc-measures-of-a-circle-must-sum-to-360-degrees-to-1fe4bf	use-the-fact-that-the-arc-measures-of-a-circle-must-sum-to-360-degrees-to-045bdc
given-a-figure-on-the-coordinate-plane-and-the-definition-of-a-rotation-7d6a6a	given-a-figure-on-the-coordinate-plane-and-the-definition-of-a-rotation-e09fad
given-two-triangles-with-some-of-their-angle-measures-determine-whether-d7fc0c	given-two-triangles-with-some-of-their-side-measures-determine-whether-be6922
practice-adding-numbers-to-make-10	practice-adding-numbers-to-make-5
ethics-and-laws	laws-and-ethics
demonstrate-responsible-use-of-computers-peripheral-devices-and-resources-d5cf54	demonstrate-responsible-use-of-computers-peripheral-devices-and-resources-03d80d
analyzing	analysis
communicating	communication
collaborating	collaboration
communication-and-collaboration	collaboration-and-communication
quarter-2	quarter-1
political-parties-in-the-u-s	political-parties
how-do-we-honor-veterans-dbq-vocabulary	how-do-we-honor-veterans-dbq-writing
quarter-3	quarter-1
how-did-martin-luther-king-jr-change-our-country-hook-activity	how-did-martin-luther-king-jr-change-our-country-writing
how-did-martin-luther-king-jr-change-our-country-background-information	how-did-martin-luther-king-jr-change-our-country-writing
how-did-martin-luther-king-jr-change-our-country-vocabulary-activity	how-did-martin-luther-king-jr-change-our-country-writing
how-did-martin-luther-king-jr-change-our-country-document-analysis	how-did-martin-luther-king-jr-change-our-country-writing
quarter-4	quarter-1
weather-and-climate-in-the-u-s	weather-and-climate
communication-communicate-effectively-in-more-than-one-language-in-order-1ecfd0	communicate-effectively-in-more-than-one-language-in-order-to-function-in-29c666
communicate-in-spontaneous-spoken-written-or-signed-conversations-on-both-2542ff	communicate-in-spontaneous-spoken-written-or-signed-conversations-on-both-8e34ea
identify-the-general-topic-and-some-basic-information-in-texts-that-are-44de1e	identify-the-general-topic-and-some-basic-information-in-texts-that-are-4ad7ac
communicate-in-spontaneous-spoken-written-or-signed-conversations-on-both-6e673d	communicate-in-spontaneous-spoken-written-or-signed-conversations-on-both-8e34ea
present-information-on-both-very-familiar-and-everyday-topics-using-a-3f8149	present-information-on-very-familiar-and-everyday-topics-using-a-variety-b4e20d
determine-or-clarify-the-meaning-of-unknown-and-multiple-meaning-words-b26cdb	determine-or-clarify-the-meaning-of-unknown-and-multiple-meaning-words-or-7295e4
determine-or-clarify-the-meaning-of-unknown-and-multiple-meaning-words-b8929e	determine-or-clarify-the-meaning-of-unknown-and-multiple-meaning-words-or-7295e4
by-the-end-of-grade-9-read-and-comprehend-literature-including-stories-2cf41d	read-and-comprehend-literature-including-stories-dramas-and-poems-at-the-c60ea9
initiate-and-participate-effectively-in-a-range-of-collaborative-5b8792	initiate-and-participate-effectively-in-a-range-of-collaborative-428cc0
write-informative-or-explanatory-texts-in-which-they-name-a-topic-supply-befa2e	write-informative-explanatory-texts-in-which-they-name-a-topic-supply-c01fe1
write-informative-or-explanatory-texts-to-examine-and-convey-complex-98e9e6	write-informative-explanatory-texts-to-examine-and-convey-complex-ideas-b1f611
write-informative-or-explanatory-texts-in-which-they-introduce-a-topic-e625a3	write-informative-explanatory-texts-in-which-they-introduce-a-topic-use-58b4d7
write-informative-or-explanatory-texts-to-examine-a-topic-and-convey-55569a	write-informative-explanatory-texts-to-examine-a-topic-and-convey-ideas-23f684
write-informative-or-explanatory-texts-to-examine-a-topic-and-convey-69608f	write-informative-explanatory-texts-to-examine-a-topic-and-convey-ideas-63142d
write-informative-or-explanatory-texts-to-examine-and-convey-complex-82a462	write-informative-explanatory-texts-to-examine-and-convey-complex-ideas-3be1c2
integrate-and-evaluate-content-presented-in-diverse-formats-and-media-bd5802	integrate-and-evaluate-content-presented-in-diverse-media-and-formats-8dd134
expand-combine-and-reduce-sentences-for-meaning-reader-or-listener-6e738d	expand-combine-and-reduce-sentences-for-meaning-reader-listener-interest-5a5b73
use-punctuation-commas-parentheses-dashes-to-set-off-nonrestrictive-or-9b4a41	use-punctuation-commas-parentheses-dashes-to-set-off-nonrestrictive-68035d
vary-sentence-patterns-for-meaning-reader-or-listener-interest-and-style	vary-sentence-patterns-for-meaning-reader-listener-interest-and-style
introduce-a-topic-organize-ideas-concepts-and-information-using-5a28ad	introduce-a-topic-organize-ideas-concepts-and-information-using-69ab27
introduce-a-topic-clearly-previewing-what-is-to-follow-organize-ideas-eb3019	introduce-a-topic-organize-ideas-concepts-and-information-using-69ab27
engage-and-orient-the-reader-by-establishing-a-context-and-point-of-view-db1bbf	engage-and-orient-the-reader-by-establishing-a-context-and-introducing-a-d1862c
by-the-end-of-grade-10-read-and-comprehend-literature-including-stories-a3ecbc	read-and-comprehend-literature-including-stories-dramas-and-poems-at-the-c60ea9
apply-grade-10-reading-standards-to-literature-e-g-analyze-how-an-author-092b89	apply-grade-9-reading-standards-to-literature-e-g-analyze-how-an-author-0d2529
apply-grade-10-reading-standards-to-literary-nonfiction-e-g-delineate-and-927367	apply-grade-9-reading-standards-to-literary-nonfiction-e-g-delineate-and-17f27e
initiate-and-participate-effectively-in-a-range-of-collaborative-2aa3ff	initiate-and-participate-effectively-in-a-range-of-collaborative-428cc0
determine-or-clarify-the-meaning-of-unknown-and-multiple-meaning-words-359692	determine-or-clarify-the-meaning-of-unknown-and-multiple-meaning-words-or-7295e4
engage-and-orient-the-reader-by-setting-out-a-problem-situation-or-cc584e	engage-and-orient-the-reader-by-setting-out-a-problem-situation-or-1bed00
conduct-short-as-well-as-more-sustained-research-projects-to-answer-a-da51f6-2	conduct-short-as-well-as-more-sustained-research-projects-to-answer-a-da51f6
initiate-and-participate-effectively-in-a-range-of-collaborative-b4cc58	initiate-and-participate-effectively-in-a-range-of-collaborative-428cc0
determine-or-clarify-the-meaning-of-unknown-and-multiple-meaning-words-b35e9a	determine-or-clarify-the-meaning-of-unknown-and-multiple-meaning-words-or-7295e4
linear-functions-equations-and-inequalities	linear-equations-inequalities-and-functions
student-can-comprehend-the-slope-intercept-form-of-linear-equations-9c6063	student-can-discover-the-slope-intercept-form-of-linear-equations-through-441d3f
student-can-explain-and-use-the-distributive-property-of-multiplication-1fbcf7	student-can-explain-and-use-the-associative-property-of-multiplication-to-09bfd7
student-can-compare-the-areas-of-rectangles-with-the-same-perimeter	student-can-compare-the-perimeter-of-rectangles-with-the-same-area
student-can-use-diagrams-to-help-solve-multi-step-multiplication-problems	student-can-use-diagrams-to-solve-multi-step-multiplication-problems
student-can-use-regrouping-to-multiply-a-two-digit-number-by-a-one-digit-number	student-can-use-regrouping-to-multiply-two-digit-numbers
student-can-use-models-to-divide-a-decimal-by-a-whole-number	student-can-use-models-to-divide-a-decimal-by-a-decimal
obtain-evaluate-and-communicate-information-to-summarize-how-instruments-8498b1	obtain-evaluate-and-communicate-information-to-explain-how-instruments-4834fc
science-1	science
chemistry-ii	chemistry
stem-exploratory-grade-k	stem-exploratory-grade-1
science-8	science
by-the-end-of-grade-12-read-and-comprehend-science-technical-texts-in-the-e06ff9	by-the-end-of-grade-8-read-and-comprehend-science-technical-texts-in-the-22ade0
stem-exploratory-grade-4	stem-exploratory-grade-1
science-5	science
science-4	science
science-grade-1-enrich	science-grade-k-enrich
science-grade-3-enrich	science-grade-k-enrich
stem-exploratory-grade-2	stem-exploratory-grade-1
science-2	science
science-k	science
science-research-ii	science-research-i
support-topic-by-using-relevant-facts-domain-specific-vocabulary-and-3f9ac2-2	support-topic-by-using-relevant-facts-domain-specific-vocabulary-and-3f9ac2
science-grade-2-enrich	science-grade-k-enrich
stem-exploratory-grade-5	stem-exploratory-grade-1
science-grade-5-enrich	science-grade-k-enrich
science-3	science
science-7	science
science-grade-4-enrich	science-grade-k-enrich
stem-exploratory-grade-3	stem-exploratory-grade-1
science-6	science
read-and-comprehend-informational-texts-at-the-high-end-of-the-grades-11-dbee12	read-and-comprehend-informational-texts-in-the-grades-9-10-text-a11fdf
analyze-a-theme-and-or-central-idea-and-how-it-is-conveyed-through-a4c2e6	analyze-a-theme-and-or-central-idea-and-how-it-is-conveyed-through-56a3f1
determine-the-meaning-of-words-and-phrases-including-figurative-and-26a506	determine-the-meaning-of-words-and-phrases-including-figurative-and-355445
cite-several-relevant-pieces-of-textual-evidence-to-support-an-in-depth-2bcc83	cite-several-relevant-pieces-of-textual-evidence-to-support-an-in-depth-768b30
analyze-how-the-responses-and-changes-of-complex-characters-contribute-to-4f23d1	analyze-how-the-responses-and-changes-of-complex-characters-contribute-to-6888bf
animal-science-i	animal-science
animal-science-ii	animal-science
horticulture-ii	horticulture
equine-science-i	equine-science
horticulture-i	horticulture
agricultural-mechanics-ii	agricultural-mechanics-i
agricultural-production-ii	agricultural-production-i
biotechnology-and-agriscience-research-ii	biotechnology-and-agriscience-research-i
network-administration-i	network-management
network-administration-ii	network-management
configure-updates-to-windows-7	configure-windows-updates
computer-programming-i	computer-programming
computer-programming-ii	computer-programming
sas-programming-ii	sas-programming-i
e-commerce-i	e-commerce
e-commerce-ii	e-commerce
acquire-a-foundational-knowledge-of-accounting-to-understand-its-nature-a25769	acquire-foundational-knowledge-of-accounting-to-understand-its-scope-and-nature
understand-financial-analysis-and-professional-development	understand-professional-development-and-financial-analysis
accounting-i	accounting
accounting-ii	accounting
statement-of-financial-position	balance-sheet
project-management-i	project-controls
culinary-arts-and-hospitality-ii	culinary-arts-and-hospitality-i
early-childhood-education-i	early-childhood-education
early-childhood-education-ii	early-childhood-education
interior-design-ii	interior-design
apparel-and-textile-production-ii	apparel-and-textile-production-i
health-science-ii	health-science-i
sports-and-entertainment-marketing-ii	sports-and-entertainment-marketing-i
entrepreneurship-i	entrepreneurship
entrepreneurship-ii	entrepreneurship
principles-of-technology-ii	principles-of-technology-i
scientific-and-technical-visualization-ii	scientific-and-technical-visualization-i
masonry-i	masonry
masonry-ii	masonry
carpentry-i	carpentry
carpentry-ii	carpentry
electrical-trades-ii	electrical-trades-i
computer-engineering-technology-ii	computer-engineering-technology-i
electronics-i	electronics
electronics-ii	electronics
electronics-iv	electronics
metals-manufacturing-technology-ii	metals-manufacturing-technology-i
emt-ii	emt-i
firefighter-technology-ii	firefighter-technology-i
automotive-service-ii	automotive-service-i
digital-media-i	digital-media
digital-media-ii	digital-media
oracle-programming-ii	oracle-programming-i
monitoring-the-network	network-monitoring
troubleshooting-the-network	network-troubleshooting
public-safety-ii	public-safety-i
disaster-medical-operations-part-ii	disaster-medical-operations-part-i
equine-science-ii	equine-science
biomedical-technology-i	biomedical-technology
advanced-manufacturing-i	advanced-manufacturing
advanced-manufacturing-ii	advanced-manufacturing
law-and-justice-ii	law-and-justice-i
emergency-management-i	accident-prevention
emergency-management-ii	accident-prevention
cisco-network-engineering-technology-ii	cisco-network-engineering-technology-i
woodworking-i	woodworking
woodworking-ii	woodworking
natural-resources-i	natural-resources
natural-resources-ii	natural-resources
food-and-nutrition-ii	food-and-nutrition-i
